gene,baseMean,log2FoldChange,lfcSE,stat,pvalue,padj_native,padj
MALAT1,73086.44629229375,0.0493808737141585,0.05060216682719455,0.9758648060031353,0.3291314646526875,0.42386537624299747,0.4238653762429974
FTH1,116413.86610458922,-0.8861456321957804,0.13637527554703974,-6.497846685487527,8.147777321533261e-11,4.96815690337394e-10,4.96815690337394e-10
FTL,58623.01510573471,-0.365818024150327,0.1682554656575507,-2.174182114801989,0.029691461012955167,0.05618062632536455,0.05618062632536455
B2M,50817.22659973717,0.5472254640360439,0.055446307994383846,9.8694662247209,5.646427290125131e-23,6.762188371407343e-22,6.762188371407343e-22
TMSB4X,36766.301840486165,-0.14750644183572217,0.05944477945416214,-2.4814027941589787,0.01308663986854594,0.027406575640933906,0.02740657564093391
ISG15,21233.255983576677,6.209752639150077,0.3555152825706637,17.46690773529771,2.5599883129778685e-68,1.31281451947583e-66,1.3128145194758298e-66
HLA-B,10627.991638830734,0.5896397885324962,0.19713132227830804,2.991101473463708,0.0027797310652901736,0.006666021739304973,0.0066660217393049725
CXCL10,11880.60814929837,6.80913958758095,0.3458920001339908,19.685738857629673,2.8573967524228957e-86,2.5976334112935413e-84,2.597633411293542e-84
TIMP1,11454.027309442885,-0.9338238396060312,0.2566509657719709,-3.6384972750724596,0.00027423352919211746,0.000786896783908515,0.000786896783908515
RPS2,9451.458231965626,-0.26113827560325387,0.11394215518564468,-2.2918495369671055,0.021914327041261353,0.042717986435207314,0.042717986435207314
RPL10,9294.341839435028,-0.4326213644784131,0.11824840184266285,-3.6585810694849292,0.00025361551787260163,0.0007372544124203535,0.0007372544124203535
ACTB,8207.35973885309,-1.028230255031786,0.15138108856723528,-6.792329641460476,1.103370735780607e-11,7.235217939544964e-11,7.235217939544964e-11
RPL13,9094.150050580605,-0.14128239759155667,0.15528764289120459,-0.9098109480001568,0.3629222198630748,0.4602486043312596,0.4602486043312596
RPS18,8560.181501228817,0.05030411735049553,0.17022370437270284,0.2955176985242622,0.7675984342707333,0.8196238857292141,0.8196238857292142
CCL2,8568.794289332942,1.7806801897134164,0.4478347417815686,3.976199306533353,7.002544356819421e-05,0.0002226564183408401,0.00022265641834084014
RPS6,7639.028777350342,-0.330078069275519,0.18006806199322037,-1.8330739256134525,0.0667915781173754,0.11291898244695757,0.11291898244695758
RPL13A,7377.4390877019305,-0.2172458893274315,0.14350313957936162,-1.5138755149484928,0.13005741527502238,0.20055114151892423,0.20055114151892425
RPLP1,7301.34641218895,0.036420941730681874,0.08561995365187436,0.4253791339197316,0.6705603145502621,0.7394384089675025,0.7394384089675023
RPS19,7298.8297683136525,0.014560689972243888,0.10522676126903717,0.13837440016818564,0.8899445280739418,0.9207910274950251,0.9207910274950252
RPS4X,7208.1573156496015,-0.28673950008326793,0.13778854293910672,-2.0810111927084356,0.03743288158381358,0.0686841863923185,0.0686841863923185
RPL3,7113.524059042816,-0.3842516697445837,0.16855060522511917,-2.279740670354582,0.022623073650839955,0.04392829835114555,0.04392829835114555
RPL21,6822.136520561724,-0.1754843859824558,0.155596592945989,-1.1278163786232152,0.2593974748190421,0.3526818148457404,0.35268181484574046
HLA-DRA,6360.41028798086,-0.34028920286758835,0.15216078316205722,-2.2363791497127545,0.02532694574360212,0.048705664891542544,0.04870566489154254
RPS14,6442.631997732758,0.007515526966722065,0.14669850187972477,0.051231109182586596,0.9591413628423419,0.9695666950224375,0.9695666950224375
HLA-A,5470.988533069931,0.4828008431176953,0.10784316355375095,4.476879453532154,7.574198757958512e-06,2.7897601318447557e-05,2.7897601318447557e-05
RPL32,6003.941419819034,0.03546491061357802,0.1411667729417838,0.251227040715902,0.8016385793562936,0.8487438637970287,0.8487438637970287
RPS3,5950.01842724175,-0.2963587612712139,0.1460309300011484,-2.0294245970280635,0.04241506190259112,0.07628608255861712,0.07628608255861712
CD74,4948.301312284546,0.13400425099474175,0.10366235897810108,1.2926992238624482,0.19611510632141094,0.2793662483210982,0.2793662483210982
CCL8,5948.022792860118,9.434546191133668,0.45601830635137375,20.688963709856225,4.354716921254317e-95,6.221024173220453e-93,6.221024173220453e-93
RPL11,5490.298963580446,-0.12172432161934833,0.1188194127763701,-1.0244480996421481,0.3056236729787334,0.400817931775388,0.40081793177538805
SAT1,4950.465851266713,1.532435059367295,0.14916647406176814,10.273320925536733,9.294881213473991e-25,1.1916514376248707e-23,1.1916514376248707e-23
HLA-C,5152.475017539559,0.6924200791359592,0.16456989187021082,4.2074529627937105,2.5826513808081673e-05,8.681181111960226e-05,8.681181111960226e-05
SOD2,5237.949529439988,0.654086890523349,0.23888926991265036,2.7380337792589646,0.006180772708056469,0.013873788345805766,0.013873788345805766
RPS27A,5293.355517996677,-0.1179488289902628,0.14648968078074823,-0.8051681754075043,0.420722638553239,0.5152415988647169,0.5152415988647169
EIF1,5220.892492569794,0.041043692958172534,0.07210217646694314,0.5692434676641132,0.5691909257112799,0.6501324108638262,0.6501324108638263
RPL15,5219.258129278558,-0.4697632488525857,0.11341084096279522,-4.142137073180623,3.4408458591208864e-05,0.00011355926927791704,0.00011355926927791704
RPL7,5201.527611432104,-0.5392530430370541,0.16821584345908033,-3.2057208878082353,0.0013472459924799287,0.003467814652457989,0.003467814652457989
ISG20,5016.336841005251,4.160470597421938,0.14049417746323378,29.61311758639037,1.0129079822753692e-192,1.0129079822753692e-189,1.0129079822753692e-189
RPS3A,5084.0177476997815,-0.3770215820124027,0.1577613639484511,-2.3898220234429224,0.01685653915782779,0.03433103698131933,0.03433103698131933
RNF213,286.7675413124573,1.9647003076754703,0.12226105468204586,16.069715027282424,4.159943228594241e-58,1.5697898975827326e-56,1.5697898975827323e-56
RPL18A,5090.741118780137,-0.11356921698182897,0.1287622287817022,-0.8820072319062541,0.3777728964533803,0.47446396043895755,0.47446396043895755
RPL34,4739.412535183913,-0.0434957721483949,0.14997610913599616,-0.2900180061942637,0.7718024623748757,0.8232559598665341,0.8232559598665341
RPL19,4738.627396943728,-0.15830623462474772,0.10554984645638721,-1.499824395198521,0.13365989635226838,0.20468590559306032,0.20468590559306032
TMSB10,4337.555293413852,1.5529971473633617,0.08540874891661841,18.183115512902532,7.022822300387055e-74,4.2562559396285184e-72,4.256255939628518e-72
C15orf48,4942.215372651759,0.206778573265623,0.20146015352279492,1.0263993630989976,0.30470337812726,0.3998731996420735,0.3998731996420735
S100A11,4451.927123450665,0.08453450335171231,0.18292432327246147,0.4621282825564983,0.6439893293042809,0.713957127831797,0.713957127831797
MBNL1,52.270741490569975,0.15472853149459367,0.12891786007865966,1.2002102067175608,0.2300577123132912,0.3199690018265524,0.31996900182655247
SRGN,4039.2393475127237,-0.21768935464781355,0.15507324900997532,-1.4037840571316742,0.16038316284455312,0.23760468569563423,0.23760468569563423
RPL8,4271.007481128745,-0.3964616770753406,0.088091508512147,-4.500566328940459,6.7772651894939084e-06,2.5194294384735718e-05,2.519429438473572e-05
PFN1,4129.583488178358,-0.9638108756958411,0.13915030003486914,-6.926401707034216,4.316795695217642e-12,2.956709380286056e-11,2.956709380286056e-11
PTMA,3469.1394853751017,-0.06623665748360291,0.11200075825770535,-0.5913947236963997,0.5542559748432294,0.6374421792331563,0.6374421792331563
STAT1,290.1314166133162,2.38241762536443,0.15839857319571182,15.040650791852755,3.9762177202453434e-51,1.2234516062293365e-49,1.2234516062293365e-49
RPS12,3838.4287536251095,0.15698345737197433,0.13230319690804707,1.18654319049509,0.23540785553478194,0.3261779616896673,0.32617796168966723
TPT1,3341.012222821085,-0.04344782352816885,0.08721489419111138,-0.49816976711526983,0.6183643896549819,0.6924573232418609,0.692457323241861
PABPC1,3076.071242720125,-0.34376064079995616,0.12793414368874886,-2.6870124807048525,0.007209425888326681,0.015932432902379407,0.015932432902379407
RPS9,3979.73944951994,-0.18272813310856434,0.07454158532642086,-2.451358289582786,0.014231821311448534,0.02952660023122103,0.029526600231221025
OAZ1,3901.52256500555,-0.5855451149229154,0.10485038758669228,-5.584577495612743,2.3426903849408346e-08,1.1597477153172449e-07,1.1597477153172448e-07
MYL6,3848.7036389192226,-0.41292729358912356,0.12175721471825345,-3.391398978242386,0.0006953679277440835,0.0018768365121297802,0.00187683651212978
APOBEC3A,3770.4034518972144,5.049944047177523,0.4007590708709854,12.600947587292987,2.0862292912869255e-36,3.6282248544120444e-35,3.6282248544120444e-35
PTPRC,661.5458464972285,0.03734052294099687,0.08195394827656932,0.45562811464536296,0.6486574224393132,0.7187339860823416,0.7187339860823415
IFIT3,2633.6748778120577,6.28554616772755,0.34045098044140754,18.462411709251366,4.1441729959321343e-76,2.6736599973755705e-74,2.6736599973755705e-74
LYZ,2604.601780312045,-0.19262262477271339,0.4746332316503722,-0.4058346780796092,0.6848640766681302,0.7497143696421787,0.7497143696421786
RPS13,3679.056174432457,-0.10120278305093722,0.13835410723359406,-0.731476535641032,0.46448813163778846,0.5529620614735576,0.5529620614735576
RPL12,3629.4733445788697,-0.0911059564569989,0.07848202028254936,-1.1608513151037791,0.24570237043463017,0.33796749715905117,0.3379674971590511
RPLP2,3513.0622356374483,0.15558827695061025,0.11809638940358375,1.317468533427397,0.18768162185612325,0.27043461362553783,0.27043461362553783
TYROBP,3516.1289165975645,0.23723714575213925,0.18328127296363678,1.2943883568465142,0.1955313103208447,0.27893196907395823,0.27893196907395823
RPL26,3416.5970694958633,-0.2292265409079586,0.1099426859933882,-2.08496398679712,0.03707256964839552,0.06808552736160793,0.06808552736160793
RPS27,3229.841490390334,-0.05581727244926013,0.1351943700028336,-0.4128668408905654,0.6797041765467222,0.7456984931944292,0.7456984931944293
ARHGAP15,56.40946297660773,0.5443525682194125,0.245902091134143,2.213696376914748,0.026849672345072698,0.05130107025033893,0.05130107025033892
ANXA1,3420.146561777411,0.5506690638409983,0.12120921489098824,4.5431287079637706,5.542538665334214e-06,2.0758571780277954e-05,2.0758571780277954e-05
RSAD2,1950.2851001263746,6.541373871418953,0.45764057089657395,14.293693101998366,2.395608434325078e-46,5.772550444156815e-45,5.772550444156814e-45
SH3BGRL3,3368.075919333599,-0.7399134714195076,0.10889658727033925,-6.794643339764622,1.085808118341406e-11,7.143474462772408e-11,7.143474462772408e-11
VIM,3019.711932331679,-0.6511165771707457,0.1802833945573625,-3.6116281189922548,0.0003042806950250649,0.0008668965670229769,0.0008668965670229769
HLA-E,2262.3553383598255,0.9525098856696411,0.06960860773666004,13.683794528302176,1.2689412452157393e-42,2.643627594199457e-41,2.643627594199457e-41
SMCHD1,256.8820305408241,1.7881286214374599,0.12222806256650227,14.629444203654694,1.8227000543260463e-48,4.7965790903317e-47,4.7965790903317e-47
MAML2,16.756964239835277,0.744231192023526,0.21679092898039953,3.4329443373104107,0.000597064660956276,0.001629098665637861,0.001629098665637861
HBB,3421.3398803307728,-0.04121402844514875,0.6790362278666321,-0.06069488895258693,0.9516022022033326,0.9647800349592329,0.9647800349592328
TNFSF10,2380.252632580138,5.144130531489527,0.3148886685144107,16.336346924640473,5.441712023607314e-60,2.134004715140123e-58,2.1340047151401228e-58
RPS15,3242.813390806078,-0.01989050790392397,0.11107297939348869,-0.1790760274239118,0.8578780050701589,0.8967309551131276,0.8967309551131276
FCER1G,3255.464753562263,-0.07723395448954358,0.21377913369431298,-0.3612792004292708,0.717890740843214,0.7775910475595502,0.7775910475595502
GAPDH,3203.529124385299,-0.963444704771609,0.15935525527568925,-6.045892261945309,1.4858536706891295e-09,8.186521601593e-09,8.186521601593e-09
MX1,1475.5045896304543,5.018970041683978,0.33947337774333924,14.784576260582648,1.8421297640365095e-49,5.1170271223236375e-48,5.1170271223236375e-48
RPL23A,3249.1791214586046,-0.02739244696503227,0.10079042470616867,-0.2717762827658347,0.7857940426516753,0.8355066907513826,0.8355066907513826
HLA-DRB1,2991.102770457004,-0.07747259062275223,0.189226685917796,-0.4094168338201935,0.6822337879880973,0.7472440175116072,0.7472440175116072
EPSTI1,638.431655410056,3.271818926897034,0.22308564942444278,14.666200785833924,1.0612299488798373e-48,2.829946530346233e-47,2.829946530346233e-47
RPL9,3037.411789919922,-0.18425833361094612,0.1425853506936951,-1.2922669314519821,0.1962647197215881,0.27938038394532116,0.27938038394532116
RPS15A,3125.217331671274,-0.06089936522435477,0.1564679451944678,-0.38921304391557876,0.6971185550774759,0.761339328933929,0.7613393289339289
EMP3,3108.895823155351,-0.0602143672820423,0.12239965573775333,-0.4919488287700273,0.6227555184842816,0.6965945396915901,0.6965945396915901
RPL27A,2968.392088053293,-0.023337412375516325,0.13618818365236038,-0.17136150692110244,0.8639395200660427,0.8999370000687945,0.8999370000687944
S100A10,3090.3843554941013,-0.2557634794590158,0.1560671094605698,-1.6388044882937631,0.10125398414254926,0.16182086288616487,0.16182086288616487
TYMP,2725.5642669905283,1.188866735888167,0.17290938697630573,6.875663355692081,6.170205525741331e-12,4.141077534054585e-11,4.141077534054585e-11
UTRN,32.91432555430406,1.3305960134011143,0.214071276907009,6.215668129915045,5.11067177446695e-10,2.9120636891549573e-09,2.9120636891549573e-09
RPL28,2790.5097961123092,0.25821715685433183,0.09002780421119616,2.868193433315117,0.004128230558421875,0.009634143660261085,0.009634143660261083
CD63,2923.166379525224,-0.2876499630291419,0.18757715591925025,-1.5335021027452396,0.12515218895259256,0.1940344014768877,0.1940344014768877
RPL31,2742.2573199374556,0.004921168317428865,0.14073225041438805,0.03496830543772602,0.9721050140058708,0.9755193316667042,0.9755193316667042
RPS8,2703.0263473219716,-0.2269526929635189,0.16029987416279645,-1.4158008179908583,0.1568338300381905,0.23321015619061786,0.23321015619061786
RPS23,2778.704439567811,-0.042263023889905535,0.12817015105150242,-0.32974154702309,0.741595257863793,0.7957030663774602,0.7957030663774602
IFIT2,1702.6272379662082,6.3923037366593745,0.3598430075564921,17.764146037090466,1.3396341924125761e-70,7.655052528071864e-69,7.655052528071864e-69
PARP14,227.88933404726743,2.402407559413217,0.1420532988927472,16.912015265672064,3.669420821618309e-64,1.5954003572253518e-62,1.5954003572253518e-62
RPL35A,2699.1439028883915,-0.02934970537891299,0.13434172540061287,-0.21847051086615787,0.8270625323053908,0.8669418577624642,0.8669418577624642
SP100,414.08955588230526,1.5760135268940927,0.08614201540347724,18.295526515281356,8.982904621540272e-75,5.6143153884626704e-73,5.6143153884626704e-73
NEAT1,659.9282843864216,-0.28037966861933217,0.1128451613289825,-2.484640593511395,0.012968228859089478,0.027301534440188374,0.027301534440188374
RPL30,2643.3326224298035,0.09468184832608735,0.11775671615203621,0.8040462694615499,0.4213702536239059,0.5154376191118115,0.5154376191118115
IFITM3,2791.569801474762,4.56446186608729,0.4179291720830289,10.921615840639335,9.086468836935998e-28,1.3264918010125546e-26,1.3264918010125543e-26
SYNE2,100.85785837673126,1.3946704652665984,0.21755248359468118,6.41073106692263,1.448234710726616e-10,8.750662904692545e-10,8.750662904692544e-10
IFI6,2244.687545328692,4.4711143463450425,0.3795594121263553,11.779748317390188,4.964107306192532e-32,8.071719197061028e-31,8.071719197061028e-31
IFIT1,2366.5966392108903,7.038308226156655,0.4693342561656666,14.996365881446033,7.755074849911861e-51,2.3149477163916e-49,2.3149477163916006e-49
FOXP1,78.54997930549064,-0.12794759855250865,0.15412510899862,-0.830154148041214,0.4064516356302439,0.5014825856017815,0.5014825856017815
SAMD9L,557.6288040155652,3.5621786507216076,0.22679745222124217,15.706431513378211,1.3665778352453791e-55,4.8806351258763543e-54,4.880635125876354e-54
RPS16,2554.747765390861,-0.20633757410277803,0.07997497803728125,-2.5800266429156307,0.00987926928211512,0.021268609864618128,0.02126860986461813
PDE3B,25.574428820996697,-0.7987505296037313,0.1841270593587087,-4.338039896936813,1.4375906274929146e-05,5.035343704003204e-05,5.035343704003204e-05
RPL18,2550.5052550815553,-0.11965682493777625,0.13881359032905663,-0.8619964706202801,0.3886894600109988,0.4852552559438187,0.48525525594381874
ANXA5,2483.677110771957,-0.0645548716438795,0.20201337297123104,-0.319557416889786,0.7493038593200054,0.8031123894105096,0.8031123894105097
CYBA,2455.109707161553,-0.22628613740530734,0.1307950865225854,-1.730081331199187,0.08361574519065001,0.13752589669514803,0.13752589669514806
ANK3,5.726340386516357,1.6758086715677485,0.410512018502262,4.082240217185053,4.460365799001513e-05,0.00014528878824109163,0.00014528878824109163
RPL14,2482.7579715789616,-0.3211435849640013,0.09792346141009099,-3.2795366946751696,0.0010397768721547695,0.00272549638834802,0.00272549638834802
RPS5,2479.310204634115,-0.1149890451172373,0.1685183485312356,-0.6823532637214492,0.4950156006427018,0.583141206108332,0.583141206108332
PSAP,1655.9926566992494,-0.47481185267516857,0.20834573009649932,-2.2789612844729303,0.022669366828190023,0.0439754933621533,0.04397549336215329
IFI44L,469.52690753792183,4.677228727701739,0.49669649446114483,9.416673521676376,4.656051868063251e-21,5.173390964514723e-20,5.173390964514724e-20
TXN,2446.387801617419,1.2719621960458942,0.15001759807059764,8.478753242318373,2.2761985196538013e-17,2.0266877340305153e-16,2.026687734030515e-16
FAU,2453.4960028711557,-0.19259429102848508,0.053410407150286554,-3.6059319017464517,0.00031103470171865927,0.0008848782410203677,0.0008848782410203678
ARPC2,2031.539604042374,-0.3401756099721637,0.08300885919302858,-4.098063908830745,4.166202648772443e-05,0.0001359283082796882,0.00013592830827968818
CTSB,1351.2352744663558,0.49533088250602986,0.24335916662588336,2.0353902808497994,0.04181161849778937,0.07547223555557647,0.07547223555557647
S100A6,2388.4619559478924,-0.6622441756258852,0.16387668931691204,-4.041112731690643,5.319817598359789e-05,0.00017105522824308002,0.00017105522824308002
ZEB2,147.819335613367,0.21256182226259288,0.16266375858210463,1.306755875527751,0.1912956352670433,0.2744866014574266,0.27448660145742654
ANXA2,2144.1590054196968,-0.11227951810801114,0.14994004535305896,-0.7488294260791384,0.45396002140622427,0.5433393433946431,0.5433393433946431
LGALS1,2422.387926766789,-0.293712087819314,0.15856641659867365,-1.8522969372681832,0.06398319528083218,0.10900033267603439,0.10900033267603439
LGALS3,2315.258218382903,-0.31470830849122916,0.27535973501312844,-1.1428987919247695,0.2530806142037151,0.34621151053859794,0.3462115105385979
SLC8A1,25.123771673497306,0.4551364955139588,0.2685795255212159,1.6946060747955496,0.0901501739092393,0.14658564863290943,0.14658564863290943
RPL6,2343.47415292628,-0.8107369380480509,0.13078537686317,-6.19898766584783,5.682748455912303e-10,3.219687510431899e-09,3.219687510431899e-09
RPS7,2373.8095680282113,-0.48010391406976133,0.15521585556294276,-3.093137053096169,0.001980526469626617,0.004896233546666544,0.0048962335466665435
ZBTB20,10.289270713648213,0.14688229115379228,0.26914762159752154,0.5457313361417602,0.5852506283610479,0.6650575322284636,0.6650575322284635
ANKRD44,20.125557811720306,-0.3308876579946822,0.18995467568910207,-1.7419295250001874,0.08152077685991821,0.1346338181006081,0.13463381810060812
LY6E,2202.203407997131,4.302357378720328,0.3095559639111026,13.898480017512652,6.470079259284365e-44,1.437795390952081e-42,1.4377953909520812e-42
MYL12A,2132.42046827607,1.3823349908878997,0.1163425669138402,11.881592675461727,1.475293160714788e-32,2.5218686507945094e-31,2.5218686507945094e-31
TSHZ2,36.080265856462205,0.7372749265902913,0.445207683580192,1.6560247133683874,0.0977168141860273,0.15659745863145402,0.15659745863145402
ETV6,45.55562259904997,0.04240859344673828,0.17755366848121115,0.23884943526934782,0.8112223355820395,0.8539182479810942,0.8539182479810942
SERF2,2174.6709434763225,-0.040931956947867575,0.06629637897048314,-0.6174086365424503,0.5369652268591962,0.622207678863495,0.622207678863495
RABGAP1L,283.70841238838295,3.5120838974074147,0.1761300306083483,19.94029005318839,1.820063595588274e-88,2.0222928839869713e-86,2.0222928839869713e-86
LINC-PINT,53.90901322478072,-0.4310258934841916,0.13726881131593827,-3.14001330201761,0.0016894016348699907,0.004234089310451104,0.004234089310451105
GBP1,1033.6388233311932,2.6771122662728564,0.19986931903531013,13.394313240242246,6.527704541996659e-41,1.3321846004074814e-39,1.3321846004074814e-39
RPL29,2249.7538612271173,-0.19030923127222102,0.10675239347700305,-1.7827162939744114,0.07463249758998855,0.12459515457427137,0.12459515457427137
XRN1,197.52841113046864,2.264698168162698,0.11207766063152079,20.206508196208485,8.58079257425927e-91,1.0095050087363846e-88,1.0095050087363847e-88
BTG1,1979.7979845321158,-0.3908035033175595,0.08267809407105221,-4.726808324605418,2.2807637010015524e-06,8.926668105681222e-06,8.926668105681222e-06
LYN,223.30752367674643,1.3375399986411627,0.16090798902630057,8.312452394284415,9.374426309838421e-17,8.116386415444521e-16,8.11638641544452e-16
CCR7,1299.2951417185222,0.777111056230142,0.24756486590958066,3.1390199630103006,0.0016951389919853481,0.004243151419237417,0.004243151419237417
RPL10A,2027.4305826353402,-0.4385557081225487,0.1866316104926833,-2.3498468826626873,0.01878113515259593,0.03744992054356118,0.03744992054356117
HLA-DPB1,1789.2433291872253,-0.0585809416069149,0.17474875217506983,-0.33522952740873546,0.7374519497448112,0.7942401181958119,0.7942401181958118
RPS20,1865.9077028909883,-0.029151394851920323,0.1239084032456037,-0.2352656808444073,0.8140025303128765,0.8559437753027092,0.8559437753027093
UBC,1877.5926886913444,0.31844114156175707,0.06347647527288044,5.016679646952722,5.2572118360386e-07,2.21823284221038e-06,2.21823284221038e-06
HLA-DPA1,1802.6642615158191,0.1428454503854208,0.17811216416421852,0.8019971631680248,0.422554599229518,0.5162548555033818,0.5162548555033818
HSP90AA1,1586.5478838431113,1.0574845515034168,0.09956200796427019,10.62136625330936,2.3706567357333385e-26,3.2253833139229096e-25,3.2253833139229096e-25
S100A4,2007.5483936034013,-0.8327260220218755,0.2179494082289306,-3.820730823674425,0.00013305681041226436,0.00040752468732699657,0.0004075246873269965
CST3,1954.1446146605738,0.6877517964596139,0.18618839986621524,3.6938487948432592,0.0002208851767803489,0.000649662284648085,0.0006496622846480849
IDO1,1557.7016805133853,4.052579611490724,0.189960282408838,21.333825998261286,5.511065970346922e-101,1.0020119946085312e-98,1.0020119946085314e-98
CXCL11,1554.5052975059843,8.479932243776332,0.3625275778416927,23.39113701159397,5.26027322919545e-121,1.1689496064878776e-118,1.1689496064878778e-118
NACA,1806.0183858584514,-0.4738428662983714,0.09585157957329578,-4.943506078958597,7.672995643571095e-07,3.177223868973538e-06,3.177223868973538e-06
RPS25,1721.5242830599868,-0.18533434676856986,0.13078831144747352,-1.4170558876203765,0.15646658826789728,0.23301055587177555,0.23301055587177552
RPS24,1783.6803986949626,-0.16752009378067267,0.08226272979585807,-2.0364032921881874,0.04170987513249838,0.07535659463866012,0.07535659463866012
PFDN5,1869.8964846722215,-0.45818729111187295,0.06605954445283321,-6.935974126176734,4.034314396767647e-12,2.782285790874239e-11,2.7822857908742394e-11
EEF1A1,1610.2115823496495,-0.6971489291713167,0.11053030926293436,-6.307310038488249,2.8392672345275097e-10,1.675083914175522e-09,1.675083914175522e-09
CD44,645.3138593997119,-0.8214302731519918,0.10386233241656866,-7.908837150483182,2.5980420031317383e-15,2.0867807254070187e-14,2.0867807254070187e-14
NFKBIA,1785.6294865827026,0.14041754312282115,0.14000582341943626,1.0029407327018922,0.3158894579556756,0.41036800214731717,0.41036800214731717
CDC42SE2,153.79903811228377,0.38983436733514104,0.16070718977433449,2.4257431660807933,0.015277077471314272,0.03146668892134763,0.03146668892134763
CLIC1,1854.535142992742,0.4840103913198256,0.1725731725188291,2.804667633186243,0.00503684884743496,0.011512797365565621,0.011512797365565621
TMBIM6,1753.0001871481354,-0.0857679186165713,0.0808597228015119,-1.060700131598369,0.2888262001620423,0.3822980809557145,0.3822980809557145
PSME2,1780.485134045452,1.3060428766922116,0.1371493269481573,9.522780065744678,1.6860692832541307e-21,1.9380106704070465e-20,1.9380106704070468e-20
DOCK8,84.6976749282052,1.2209472762659312,0.16902763295224416,7.22335901497768,5.071887897778344e-13,3.688645743838795e-12,3.688645743838795e-12
DOCK10,51.86170861558278,0.061696007738435386,0.16732254979965186,0.3687250033680981,0.7123327099610915,0.7730143352806201,0.7730143352806201
DDX60L,156.4832678882812,2.244635758272045,0.15708410138462983,14.289388540829602,2.5483710997266487e-46,6.067550237444402e-45,6.067550237444401e-45
UBB,1769.773130713716,0.08311188226801615,0.07005924831418191,1.1863085069839672,0.23550048833993975,0.3261779616896673,0.32617796168966723
UBA52,1755.8474104956435,-0.12043428488541423,0.05610970635620175,-2.1464073278313056,0.031840495206602364,0.05957061778597262,0.05957061778597261
RPLP0,1684.6659434101266,-0.28814154044508705,0.14622234814656263,-1.9705711479634767,0.048772949490857455,0.08644306056355697,0.08644306056355697
EEF1D,1666.6327077586018,-0.2830643939709407,0.09168768218831633,-3.0872674192980236,0.0020200577993612105,0.004987797035459779,0.004987797035459779
CTSS,978.8774000946988,0.8595762727359845,0.1688710329218205,5.090134511902515,3.5780960457452333e-07,1.535663538946452e-06,1.535663538946452e-06
AOAH,41.24732905207584,-0.11824763176420057,0.2276113511031939,-0.5195155302715537,0.6034012857637352,0.6795059524366388,0.6795059524366388
ACTG1,1497.799966408047,-0.7732877036161416,0.13691777423612023,-5.647825550264757,1.6248993612391487e-08,8.20656243050075e-08,8.20656243050075e-08
CFL1,1621.6039409329467,-0.27115689065802073,0.08735478242942993,-3.1040875280878457,0.0019086685614667274,0.004742033693085037,0.004742033693085037
RPL35,1683.1106270447956,0.09277252828345765,0.13225406416141855,0.701472040739913,0.4830084772300216,0.5716076653609723,0.5716076653609723
MX2,371.1442936910833,4.153595140121851,0.2728937479300381,15.220558080307175,2.5831804559298348e-52,8.469444117802736e-51,8.469444117802736e-51
HNRNPA2B1,1098.2488508671688,-0.11463095535165699,0.05308946146030265,-2.159203582002271,0.030834376295752305,0.05790493201080245,0.05790493201080245
SLFN12L,6.525552443207752,0.43144641134812,0.33256819888339645,1.2973171000616082,0.19452210305499518,0.2778887186499931,0.2778887186499931
ELMO1,21.380077636103067,0.2378928095847035,0.22917193594162868,1.0380538463719051,0.2992449870464069,0.39374340400843016,0.3937434040084301
SP110,316.62358036780216,2.5956833925557534,0.10766263938609699,24.109416296652178,1.9913403098582932e-128,7.965361239433173e-126,7.965361239433174e-126
HSPA8,1422.0348325348382,0.5317760272737592,0.0709731072472879,7.492641197473849,6.750124826091354e-14,5.133174772693045e-13,5.133174772693045e-13
RPL24,1626.5721299558131,-0.20344213048388068,0.10286259129227208,-1.9778048358301956,0.04795072775176174,0.08524573822535421,0.08524573822535421
YBX1,1525.9426542355259,-0.6523519731717586,0.05129938757117994,-12.716564545075597,4.784366726990486e-37,8.393625836825415e-36,8.393625836825415e-36
CTSL,1387.1761836352114,0.9203001240812203,0.35353770538882356,2.603117319746891,0.009238033528982195,0.020060876284434735,0.020060876284434735
ANKRD12,302.01279250603227,0.12311398308756161,0.09173960273986813,1.3419938544606194,0.1795979882916815,0.26028693955316157,0.2602869395531616
USP15,140.248859284239,1.2078490065055563,0.08485588098970293,14.234122519476594,5.626473006469035e-46,1.2934420704526517e-44,1.2934420704526517e-44
PLSCR1,1166.0512353950721,2.75079997882739,0.20064099136608693,13.710059744513106,8.838503249751069e-43,1.8805326063300147e-41,1.8805326063300147e-41
FCHSD2,8.43075155611383,0.6605362490106852,0.2798827535354622,2.360046271757837,0.018272655721344767,0.03676590688399349,0.0367659068839935
WIPF1,178.2908315622331,0.9055057349164687,0.08616924803637709,10.50845580704385,7.89760692815185e-26,1.0600814668660202e-24,1.0600814668660202e-24
IFI16,437.9688703682698,2.4547864373324044,0.09081799040618709,27.029737460092147,6.611121575451417e-161,4.407414383634278e-158,4.407414383634278e-158
CHST11,30.99560557528826,-0.6835227405482913,0.17064133450577837,-4.005610613207818,6.185747814758105e-05,0.00019794393007225935,0.00019794393007225935
PSMB9,1478.576589796435,1.738547341442492,0.15272301410301067,11.383663108363308,5.043579295798516e-30,7.759352762766948e-29,7.759352762766947e-29
XAF1,289.5153988613074,3.317257267415155,0.2870848837763216,11.554970166941123,6.967167381451902e-31,1.1147467810323043e-29,1.1147467810323043e-29
KYNU,831.2092678421538,-0.03138122759021269,0.13932417879241493,-0.22523892020902508,0.8217934132960574,0.8618703862570083,0.8618703862570082
JAK1,363.61172822798767,0.03930246524625412,0.06314011317312279,0.6224642825471562,0.5336366227681338,0.6190680078516634,0.6190680078516634
IKZF1,54.81169576154196,0.372495504250361,0.21334618263349717,1.7459675146391676,0.0808165968303178,0.13358115178564928,0.13358115178564928
ARPC1B,1426.7097224606946,-0.7484650199127428,0.1406790642041994,-5.320372467265819,1.0355502051990814e-07,4.750230299078355e-07,4.750230299078355e-07
TNRC6B,38.213393459539475,-0.12918459093976814,0.15581189749409632,-0.8291060760919294,0.40704438584549574,0.5016225314371271,0.5016225314371271
COX4I1,1505.4966469992728,-0.3969647793241664,0.07459199892995684,-5.321814470971922,1.0273732290345121e-07,4.723555076020745e-07,4.7235550760207455e-07
NPC2,1524.451926565258,0.04308283706524501,0.16870485742878544,0.25537401662208425,0.7984342373432022,0.8457989802364431,0.845798980236443
APOBEC3B,29.73110203740631,1.5318011393677466,0.733879462438942,2.087265304137314,0.03686415924591749,0.0677649986138189,0.06776499861381892
OAS1,1073.1037655941789,3.890816606561181,0.2580012350593319,15.080612329884463,2.1724478270292406e-51,6.896659768346796e-50,6.896659768346796e-50
CCL7,1615.9122152118905,2.7058333766943217,0.5308264465766727,5.097397452866906,3.443548447762689e-07,1.484288124035642e-06,1.484288124035642e-06
EIF4A1,1414.0604621212358,-0.3085931602698576,0.06865511235605197,-4.494831479838879,6.962506485360081e-06,2.5787061056889188e-05,2.5787061056889188e-05
TNFAIP8,332.6516125094661,0.41738884142695437,0.150135835267444,2.7800747282182168,0.005434639071413741,0.01235145243503123,0.01235145243503123
CCL3,1562.6426152903966,1.574644781668887,0.32903334336285894,4.785669335439856,1.7041843205730356e-06,6.816737282292142e-06,6.816737282292142e-06
FOXN3,25.075840384363204,-0.676050544779127,0.17505828982268914,-3.861859643801368,0.00011252721060219241,0.00035000687590106504,0.00035000687590106504
RPL27,1434.3678634886282,0.07114933454173214,0.11401251486399586,0.624048461930739,0.5325957590519319,0.6182191051096133,0.6182191051096133
SDCBP,1348.5452090188699,0.203709097563576,0.15567950773306005,1.3085158125812624,0.19069841481538585,0.27399880156209644,0.2739988015620965
LAPTM5,1282.030830874241,-0.22197471033234248,0.15532183114115983,-1.429127565014393,0.1529675720828915,0.22933668977944752,0.22933668977944754
RPL7A,1395.9761183185205,-0.35706180084120887,0.1268897646268387,-2.8139527399334936,0.004893642222955272,0.011262697866410293,0.011262697866410295
MACF1,19.62561576979479,-0.6858109892016703,0.20869651708330472,-3.2861640375527554,0.001015618463423466,0.0026762014846468144,0.002676201484646815
RPL36AL,1365.0349328387622,0.12590742547430872,0.05756881452656439,2.1870769184626924,0.028736909308325412,0.054581024327303725,0.054581024327303725
ARPC3,1300.9647400623078,-0.2562881649902837,0.09008048551246306,-2.845101950020296,0.004439721060414355,0.010300976938316369,0.010300976938316369
ITM2B,1120.6621554700348,0.5639397319666247,0.08904109432452506,6.333477101160198,2.396968959901518e-10,1.4183248283440935e-09,1.4183248283440937e-09
MYL12B,1341.0765919436694,0.08061361890432357,0.06882536244362454,1.1712777970527202,0.24148713303193658,0.33308570073370564,0.33308570073370564
JAK2,28.751622698214828,1.8085931407812093,0.2720721892792141,6.647475236526804,2.981631293698172e-11,1.88115539034585e-10,1.8811553903458497e-10
IQGAP2,85.24925066617051,1.2119339502263504,0.11976763726146149,10.119043657683672,4.548379612500433e-24,5.685474515625541e-23,5.685474515625541e-23
DYNLT1,1262.6507687170656,2.2141018971036983,0.14160376254511528,15.635897361119062,4.1459292452650336e-55,1.454712015882468e-53,1.454712015882468e-53
RPL5,1282.1878131702672,-0.5797970372385268,0.1894524147470685,-3.060383463639638,0.002210537678026656,0.005397146438677562,0.005397146438677562
DOCK4,18.965944287287606,-0.18935390192595086,0.3156848954048734,-0.5998193283308662,0.5486266505164505,0.631694473824353,0.631694473824353
GBP5,226.48035038147688,2.3396221138528186,0.3402219828233405,6.876751744368211,6.1232681052376795e-12,4.123412865479919e-11,4.1234128654799185e-11
SAMSN1,639.6914810691836,0.4021726987630586,0.1429811952778497,2.812766377994899,0.00491173223124673,0.011281179447612007,0.011281179447612007
CLEC2D,262.19126981846057,1.4645210990976991,0.228235060683694,6.416722718720885,1.3923919208903007e-10,8.438738914486671e-10,8.438738914486671e-10
CELF2,81.03217464411489,0.32410607356033955,0.12386388036012379,2.616631035763037,0.008880227255332211,0.01932584821617456,0.019325848216174564
GBP2,458.88890815029475,1.193679004668811,0.13007697093116768,9.176712804147828,4.444516899241018e-20,4.703192485969331e-19,4.703192485969331e-19
RGL1,67.19525257396239,1.8458285489665258,0.2820546337987238,6.544223450991846,5.980532112174818e-11,3.680327453646042e-10,3.680327453646042e-10
MYCBP2,64.9463400741133,0.9054168449922759,0.12432383208608565,7.282729544286709,3.2713264964561067e-13,2.4142630970155772e-12,2.414263097015577e-12
CSTB,1356.93384996565,0.32534293034961503,0.17575985747803116,1.851065055570387,0.06416019455992462,0.10920884180412702,0.10920884180412702
FYN,116.50564249625575,-0.411706728114907,0.11952860536845425,-3.4444200770668725,0.0005722858006869591,0.001573607131228614,0.0015736071312286138
BTF3,1322.025697205761,-0.43196124266279196,0.09398680031854154,-4.595977745798157,4.307246722492103e-06,1.63773639638483e-05,1.63773639638483e-05
CXCR4,1279.022564532519,-0.48693026978381054,0.08510185080018402,-5.721735370093239,1.0544145330802725e-08,5.463287736167215e-08,5.463287736167215e-08
RPSA,1344.3385265847755,-0.2820795562234831,0.16990163622448684,-1.6602521464288802,0.0968637381611191,0.15560439865240014,0.15560439865240017
MED13L,11.267260341916305,0.09886475595246483,0.2607494450541438,0.37915615096299005,0.704571911206257,0.76667237345621,0.7666723734562099
PARP8,25.885165622522944,1.3748538372798729,0.2218695499885359,6.196676548678772,5.766783803870187e-10,3.2580699456893717e-09,3.2580699456893713e-09
BAZ1A,412.3395201778569,0.8889591294942273,0.07499522563468133,11.853542968515727,2.062811075713056e-32,3.496289958835688e-31,3.496289958835688e-31
HSP90AB1,1025.645911739824,0.652343088120811,0.08050056040324706,8.103584432866857,5.3363162694624465e-16,4.465536627165227e-15,4.465536627165227e-15
CCL4,1391.033137849798,1.902774950915197,0.31921938114249565,5.960712485893272,2.5114050276000112e-09,1.353857157735855e-08,1.3538571577358552e-08
ATP6V1F,1343.6042721399635,-0.2882304059704121,0.1701664483094219,-1.6938145494246244,0.09030052848430242,0.1467108505025222,0.1467108505025222
CD247,102.47447825755697,0.17967691714009904,0.17725172778161588,1.013682176127903,0.31073443170210324,0.40618879961059245,0.40618879961059245
FNBP1,125.39781206331276,-0.08572883511054717,0.13115827401170788,-0.6536288751626494,0.5133509363658401,0.6004104518898714,0.6004104518898714
SAMD9,463.6744424031385,3.3130217501871417,0.15445863341039376,21.449249401194063,4.640799461696756e-102,9.281598923393513e-100,9.281598923393513e-100
RPL36,1226.1826711153476,-0.045350646724784976,0.14154459275660056,-0.3203982988086994,0.7486664149881146,0.8028594262607127,0.8028594262607127
RPL4,1190.8906454712715,-0.7126667542132342,0.14348061328348777,-4.966989880403935,6.800013510745534e-07,2.839254075467864e-06,2.8392540754678638e-06
IFIH1,272.7835233549532,3.6843686427713256,0.21297345456107522,17.299661360917376,4.7316190636322254e-67,2.2531519350629643e-65,2.2531519350629643e-65
PRRC2C,145.26425086332713,-0.10570676642295057,0.08524554756061463,-1.24002683363359,0.21496546923582627,0.30162653507962434,0.30162653507962434
PKM,1134.7109900119585,-0.8003117795594534,0.09859743647878934,-8.116963362750507,4.779929922369881e-16,4.01674783392427e-15,4.01674783392427e-15
AKAP13,126.43310918505452,-0.5147660361571524,0.13561881117196248,-3.7956831482945046,0.0001472374504729669,0.0004492363187868863,0.0004492363187868863
ARPC5,1108.3494729646413,0.00839230267894002,0.09910615154531446,0.08467993709858458,0.9325158465436553,0.9520325130614142,0.9520325130614142
CALM1,997.6501696206709,0.7330191245497231,0.14092806458255552,5.201370832140544,1.9782393712396875e-07,8.733948658894869e-07,8.733948658894867e-07
RPS28,1261.8905185261633,-0.12313163849174316,0.17480742740042451,-0.7043844779529325,0.4811933697918269,0.5701343243978992,0.5701343243978991
IRF7,1187.530362962579,3.1458164982051247,0.17952747852914697,17.52275765235788,9.605453305711988e-69,5.19213692200648e-67,5.19213692200648e-67
ZFAND3,40.20051617135569,-0.19897623185372063,0.1774138070271871,-1.121537467617891,0.2620591522853081,0.3549936484599416,0.35499364845994164
EIF2AK2,365.98554018150026,3.5930217467936947,0.1857098647500638,19.347500746012255,2.139691581962592e-83,1.7117532655700736e-81,1.7117532655700736e-81
CFLAR,378.04054878534834,1.7369992999042094,0.10894949037137823,15.943161312487709,3.1785860577961293e-57,1.155849475562229e-55,1.155849475562229e-55
UBE2D3,832.6768392004255,0.39987793007102307,0.05925219439285378,6.748744652725487,1.491297734987698e-11,9.747044019527438e-11,9.747044019527437e-11
BST2,1196.2433374742252,2.2202579527300372,0.14988482663053876,14.813093510812145,1.2056158564681917e-49,3.444616732766262e-48,3.444616732766262e-48
ARHGAP25,54.37376202370306,1.1369183879491633,0.1698963635406645,6.691834741224718,2.2038967777371422e-11,1.4127543447032964e-10,1.4127543447032961e-10
FNDC3B,141.75978344683256,-0.5074231066716333,0.2646117226380657,-1.9176138593288383,0.05515999147352677,0.09634933008476293,0.09634933008476292
IL7R,335.2173838561078,0.18551539201073008,0.2220785381671993,0.8353593892583109,0.4035153880649949,0.49847484628164906,0.498474846281649
DNAJA1,1040.47928644716,1.1611428245959747,0.12519235924104136,9.274869741533886,1.778362031160621e-20,1.9122172378071194e-19,1.9122172378071194e-19
GSTO1,1230.340890999024,0.11596733295472916,0.20364588274114087,0.5694558190608646,0.5690468452975754,0.6501324108638262,0.6501324108638263
ARHGDIB,1016.3098725315494,-0.7033623878528461,0.12318228091962609,-5.7099315145152705,1.1302164437004471e-08,5.8409118537490807e-08,5.84091185374908e-08
CTSC,709.8146825642792,2.643821135855123,0.46164453674888867,5.726962901963742,1.0224451618118977e-08,5.311403437983884e-08,5.311403437983884e-08
PDE4B,72.95484601741724,0.4918444100607465,0.1306691977846931,3.764042470599466,0.00016718846979207753,0.0005043392753908824,0.0005043392753908824
ARID1B,5.868578917667438,-0.649171110723837,0.3160961433175516,-2.053714113404025,0.04000336975421479,0.0727333995531178,0.0727333995531178
FHIT,17.137923364239025,0.42912956802944874,0.3553107378257979,1.2077585120431762,0.22714016406166548,0.31613105645325745,0.31613105645325745
LAP3,719.6472814344431,2.4606729318528773,0.26344530009177075,9.340356161205783,9.60106029812766e-21,1.0550615712228197e-19,1.0550615712228197e-19
PPP2R5C,173.53807821924255,0.3817944684977516,0.14998018626374418,2.5456327132862455,0.010907989134040421,0.023357578445482703,0.0233575784454827
S100A8,1185.4371358576827,-2.3741391091653634,0.23023101840721,-10.311986306581069,6.220222335948001e-25,8.078210825906496e-24,8.078210825906494e-24
TRIM22,220.1395191029842,3.4142758920530074,0.1350560672190158,25.28043324789099,5.243372122867498e-141,2.621686061433749e-138,2.621686061433749e-138
DOCK2,13.203837713999992,-0.9705921727214547,0.26087426369108047,-3.7205363188712286,0.00019880014867343655,0.0005907879603965425,0.0005907879603965424
CAMK4,50.438147366442244,-0.2253412140807494,0.22929954932150243,-0.9827372742228856,0.32573676048377587,0.4200345073936504,0.4200345073936504
TANK,184.38113106529897,0.9352588670928793,0.1245870490304744,7.50687069298922,6.055749011909017e-14,4.622709169396196e-13,4.622709169396196e-13
TBC1D22A,13.163698240406006,-0.2869016714236748,0.2757743901692034,-1.040349218967157,0.29817768508425646,0.3925973470497123,0.3925973470497122
GIMAP7,886.9057960305415,1.1937476238824976,0.2879824467353481,4.145209673072662,3.395029095819112e-05,0.00011223236680393758,0.00011223236680393758
RPS11,1052.902142222641,-0.15854811924557338,0.08331041024432219,-1.9031009303711697,0.057027376583094445,0.09909187937983396,0.09909187937983396
DDX5,547.7788589442629,-0.6993608583997181,0.07430685801128278,-9.41179424237702,4.8773875019298665e-21,5.3893784551711234e-20,5.3893784551711234e-20
ATP6V0E1,1045.5104393488114,-0.022984713660823615,0.08732404821133073,-0.26321172840268336,0.7923873914867908,0.8416222957905373,0.8416222957905373
BACH2,10.434318261613129,-0.19163415569569087,0.25682673638243503,-0.7461612384869957,0.45557002002010416,0.5449402153350529,0.5449402153350528
CCND3,62.238960262139685,0.6156883199663983,0.24051219622168807,2.5599047767161793,0.010470084728950039,0.022492126163157978,0.022492126163157978
JMJD1C,54.36332045968165,0.15802467801267164,0.1704397222132531,0.927158739527586,0.35384412193847214,0.44961133664354785,0.44961133664354785
UBE2L6,1019.8202110820403,2.481986728329742,0.17433816691502982,14.236622836234305,5.428787930714215e-46,1.262508821096329e-44,1.262508821096329e-44
SRP14,1113.659455464116,0.04358200215825756,0.055294806886597526,0.7881753208332672,0.43059416257912086,0.5228830146680277,0.5228830146680278
BCL2,17.63879479883617,0.111673806611477,0.22559507623991554,0.495018811903121,0.6205868415426303,0.6945571813571688,0.6945571813571687
TMEM123,570.0322143400065,1.4140040214114604,0.09771967452942991,14.470003386939338,1.8746293824337055e-47,4.686573456084264e-46,4.686573456084264e-46
NR3C1,185.12476429679032,0.15669148132993874,0.10954510906303018,1.4303831788581398,0.15260707338143054,0.2289678520351546,0.22896785203515457
CYTH1,107.97418727933405,0.23391713515695714,0.09738804938333667,2.4019080024512833,0.01630980962920727,0.03336259028303086,0.03336259028303086
JUNB,1095.830316065571,-0.23465969397332925,0.07360830879579372,-3.187951167636916,0.001432847322833888,0.0036692633107141817,0.003669263310714182
ELF1,214.07368605698423,1.1301052962561333,0.08180252284535748,13.815042090969815,2.0683330775548646e-43,4.496376255554054e-42,4.496376255554054e-42
IFI30,260.3304647810313,-0.6356818636508959,0.20875873196196923,-3.045055206441384,0.002326376029541373,0.0056465437610227496,0.00564654376102275
PRKCH,45.61373868896006,-0.11472602038072126,0.21357014039773722,-0.5371819308029858,0.5911419513069578,0.6698492366084507,0.6698492366084507
SLFN5,144.8858215224924,1.334261273542357,0.3298882395869012,4.0445857518690875,5.241572091133304e-05,0.00016881069536661206,0.00016881069536661206
TNFSF13B,780.7248722101717,3.569869685410933,0.2637511644878777,13.534991181337546,9.719411463508703e-42,2.004002363610042e-40,2.0040023636100418e-40
LPP,7.117657418594007,0.7166062033148793,0.32486517820078814,2.205857233710562,0.0273939974281611,0.05221841872758386,0.052218418727583864
RAC1,1006.7022050556494,-0.3209796332515316,0.13118264394508242,-2.44681478889772,0.014412487953753241,0.029870441354928993,0.029870441354928997
ARID5B,122.50472753082363,0.15802537959221613,0.15682846945745255,1.007631969749525,0.313631175286358,0.40837392615411194,0.40837392615411194
PITPNC1,44.56046242220772,-0.27101452866064224,0.16581271602680958,-1.6344616694947751,0.10216194834942807,0.16280788581582162,0.16280788581582162
ACTR3,496.77342115374256,-0.007378006869570782,0.0812981737232268,-0.09075243061041718,0.9276893088756027,0.9501835674720736,0.9501835674720737
STK4,197.77258728926193,-0.03770044499451792,0.11103450289162264,-0.33953810763953407,0.7342043945069003,0.7911685285634703,0.7911685285634702
EVL,228.12910223188445,0.5891083447092631,0.23941886063792883,2.460576176578531,0.013871412112094552,0.028838694619739196,0.028838694619739192
IL1RN,826.0385754466542,5.493497893516871,0.2306026925574649,23.82234930820646,1.9597235133042417e-125,6.532411711014139e-123,6.532411711014139e-123
GRB2,399.02557463459476,-0.18505606709383976,0.14210320632490167,-1.3022652470679064,0.19282572746771565,0.27625462387924876,0.27625462387924876
LRBA,12.857338837011424,0.25113598065830506,0.2499401341537873,1.004784531738236,0.3150006137512995,0.409623684982184,0.40962368498218404
UBE2E2,43.20931507848637,-0.26787666522884096,0.14027517071659945,-1.9096513221861422,0.05617812239764824,0.09770108243069259,0.09770108243069259
RUNX1,22.104882515698662,-0.6934288141043131,0.22381021847258942,-3.0982893401234,0.0019464129416132245,0.0048298087881221445,0.004829808788122145
CD47,556.5835512953179,1.3001183255139186,0.09785884771131122,13.285649237862852,2.804156329717668e-40,5.6083126594353355e-39,5.608312659435336e-39
GPBP1,290.9681469783874,0.7657002020586955,0.06888906421939366,11.114974644163267,1.0608076521529783e-28,1.5832950032134005e-27,1.5832950032134006e-27
ITPR2,13.6291239923979,-0.4759060220165939,0.23168643806199263,-2.0540952936108203,0.039966469492324665,0.07273242855746072,0.07273242855746072
ENO1,857.0012850310223,-0.4436553399060394,0.15445112530141497,-2.872464276580929,0.004072841235178399,0.009515984194342055,0.009515984194342053
N4BP2L2,148.8817272977917,0.15596568419560777,0.0935564743388892,1.6670752644082545,0.09549943995297178,0.15378331715454394,0.1537833171545439
MARCKSL1,1011.5887863511654,-1.515875670964337,0.20517493807602838,-7.388210690735646,1.4881780516032408e-13,1.1189308658670983e-12,1.1189308658670983e-12
AFF1,10.46407519917544,0.9709779933431357,0.2746222766616899,3.5356854700439824,0.0004067186288820804,0.0011440749054348253,0.0011440749054348253
PRKCB,10.091481451224565,-0.14291116877047919,0.30303870207621164,-0.4715937858476514,0.6372167630862434,0.7084121879780361,0.7084121879780361
SSH2,28.547930627671775,-0.9651044626015596,0.1813454593784826,-5.32191137241164,1.0268259897219155e-07,4.723555076020745e-07,4.7235550760207455e-07
BACH1,47.844561068490066,0.034891043085128616,0.17205720223541401,0.20278746040162623,0.8393011594565172,0.8779300831135116,0.8779300831135117
CD53,661.4939181147106,0.6434868289081362,0.08211164322928341,7.836730621883963,4.624286280110921e-15,3.6846902630365905e-14,3.68469026303659e-14
RPS10,952.2700086256064,-0.2007031222133619,0.1309925018093643,-1.5321726010352004,0.12547984783350247,0.19439170849496898,0.19439170849496895
NPM1,900.3391916589284,-0.1989370255856724,0.17723045747023566,-1.1224765112344313,0.2616598891275156,0.3547930700034109,0.354793070003411
ATM,40.890626750419976,-0.2175811070073552,0.25964428476992996,-0.837996904881435,0.4020324418100114,0.49694986626701043,0.4969498662670104
FTX,8.922660461384229,-0.6232913967405048,0.2533087448218719,-2.460599602192205,0.013870506557497032,0.028838694619739196,0.028838694619739192
KLF6,490.612247717898,1.212235246652274,0.13624986654676496,8.89714813948973,5.729999657491931e-19,5.673266987615773e-18,5.673266987615773e-18
HERC5,386.03480683029807,4.757923857780895,0.20222474179959907,23.527901756432495,2.1138777174582262e-122,5.584812794672416e-120,5.584812794672416e-120
IFI44,281.97922491185454,3.672233165792699,0.28179963347821674,13.031362462991156,8.114560706879592e-39,1.545630610834208e-37,1.545630610834208e-37
RBM47,42.806311388357145,-0.14051250138256643,0.18440686974078402,-0.7619699937430814,0.44607791317129464,0.5355076988851075,0.5355076988851076
CD38,181.12009499834522,4.926735523116518,0.30236349991054406,16.294081542825506,1.0872470190682237e-59,4.1817193041085524e-58,4.181719304108553e-58
DDX60,53.94894446533708,3.3543704884804195,0.20249384288643482,16.565296211804622,1.2416715970573121e-61,5.068047334927804e-60,5.068047334927805e-60
EXOC4,11.957171103168273,0.21047453831697516,0.29497180218594815,0.7135412156592972,0.47551091841344184,0.5644046509358359,0.564404650935836
OASL,759.2494082470758,3.6424579353310387,0.24974822821815074,14.584519623296046,3.523937112239832e-48,9.153083408415148e-47,9.15308340841515e-47
CD48,800.3189497452254,1.1558343419453876,0.114035588168497,10.135733594301692,3.834842016350584e-24,4.8542304004437777e-23,4.8542304004437777e-23
GBP4,404.688766990365,2.894887570814496,0.19478933404835858,14.861632876139966,5.848218338674883e-50,1.6951357503405456e-48,1.6951357503405456e-48
IFI27,979.7974483151256,4.538148567473292,0.9144593414447253,4.962657563652437,6.953511572989152e-07,2.8912730033218926e-06,2.8912730033218926e-06
ZC3HAV1,82.75245671679379,1.3928494020364877,0.15352691794842008,9.072346534725844,1.1648096984773682e-19,1.1946766138229418e-18,1.1946766138229418e-18
KMT2E,216.99053906407124,-0.06278829669812824,0.09011708652357406,-0.6967413075621705,0.48596470276063775,0.5747660588535042,0.5747660588535042
SUB1,805.3307728953603,0.6967333248079368,0.07044394804890382,9.89060585196401,4.5725216896727775e-23,5.50906227671419e-22,5.50906227671419e-22
ATP6V0B,987.1632120147082,-0.9246465103361025,0.1404369357398891,-6.5840692511882395,4.577437484315399e-11,2.8608984276971244e-10,2.8608984276971244e-10
CARD16,966.2262003296728,0.7434489648785139,0.1317860374966375,5.64133332332329,1.6873833713915042e-08,8.500671896178861e-08,8.500671896178862e-08
CALM2,813.4207203399408,-0.015463210015462244,0.060229818370383055,-0.2567367864264722,0.7973819716523803,0.8451319254397248,0.8451319254397248
PACS1,8.88043742708577,-0.2998720163061561,0.3488797604324644,-0.8595282682332755,0.39004913101331173,0.48664894699103145,0.4866489469910315
ATP6V1G1,925.5309736042007,0.11363198792486875,0.10508557890360541,1.0813280862172623,0.27955119819932606,0.3732325743649213,0.3732325743649213
S100A9,927.1486746591622,-1.1789088570064314,0.290658285121925,-4.055996052243631,4.992110247563243e-05,0.00016103581443752395,0.00016103581443752398
ANKRD11,33.31624416563706,-0.45659421176293213,0.14843633738673276,-3.0760272033210554,0.002097787049595574,0.005147943679989139,0.005147943679989139
GPX1,925.8071648380816,-1.2101170560678693,0.14942600773156559,-8.098436640573096,5.566994448705871e-16,4.639162040588227e-15,4.639162040588226e-15
CYTIP,625.0385615888649,-0.13592416731785195,0.10038803926970842,-1.353987669314569,0.1757403116894959,0.25636806956892183,0.2563680695689218
ARID4B,173.37519178096898,0.3105647264164625,0.09875359318804008,3.14484482428002,0.001661749472327915,0.004185766932815907,0.004185766932815907
HSPA1A,991.652471175167,2.6047625374227885,0.18174813680235322,14.33171521453013,1.3865335568431357e-46,3.381789163032038e-45,3.381789163032038e-45
BCL11B,17.046744674611723,-0.12380124841377131,0.3195651496673207,-0.3874053492461648,0.6984561442730259,0.7615618622920071,0.761561862292007
MSN,273.6343466175274,-0.03176425828408924,0.1304202903317978,-0.24355304073682768,0.8075770012091827,0.8517266353923809,0.8517266353923809
ADAR,163.16237869840938,1.70553944530459,0.10615107852442836,16.06709483325784,4.3395280216523345e-58,1.6072326006119758e-56,1.6072326006119756e-56
FGL2,478.60948723351925,1.3982975461752156,0.2853815120181908,4.899748187212931,9.59595634288598e-07,3.948953227525095e-06,3.948953227525095e-06
BIRC3,537.0590458962819,0.18456998741026082,0.1347322701931434,1.369901859039956,0.1707175393258359,0.2501355887558035,0.2501355887558035
EEF2,670.0943336620887,-0.511899186342198,0.14042524186017652,-3.645350220239632,0.00026702790295400527,0.0007706432985685578,0.0007706432985685577
ATXN1,26.527978257011277,-1.5804732762568903,0.2049529464915153,-7.711395729176888,1.2444911427279636e-14,9.760714844925204e-14,9.760714844925204e-14
RAB10,348.6466704830124,0.1661999061827262,0.14075936048106724,1.1807378608052204,0.23770687605427065,0.32877852842914335,0.32877852842914335
HIVEP2,11.773241412485223,0.4770705625046543,0.23882379186380626,1.9975839039383174,0.0457617897279847,0.08164458470648474,0.08164458470648474
PDE7A,29.793162558112506,0.8846792412928709,0.2139068324402569,4.135815725007089,3.536959443044955e-05,0.00011653902612998205,0.00011653902612998204
QKI,28.590474260295714,0.4266958420707439,0.18136413587715774,2.3527024238119227,0.018637542486009195,0.03725589802308402,0.03725589802308402
CD68,663.9654090959095,0.14033947037371244,0.22416961474834046,0.6260414487095486,0.5312877549934794,0.6174174956344908,0.6174174956344908
SAMHD1,142.70330079056743,1.1548023091313246,0.15018511705996457,7.68919272254018,1.480662862543262e-14,1.1567678613619233e-13,1.1567678613619233e-13
SETX,38.0139664925122,0.7593834433527871,0.14934699977695165,5.084691654247619,3.6822378319386346e-07,1.57555669084552e-06,1.5755566908455202e-06
N4BP1,54.80887353435726,1.4881521709054573,0.13971400997205688,10.651416928073935,1.717309594011503e-26,2.368702888291728e-25,2.368702888291728e-25
GPX4,905.9497388826919,-0.6837281394656102,0.15691199917948406,-4.357398688697647,1.3161738839235967e-05,4.6507911092706596e-05,4.6507911092706596e-05
HBA2,961.6747453316771,-0.3317655477090883,0.7174763091188482,-0.46240627529087114,0.6437900000295405,0.713957127831797,0.713957127831797
IFITM2,906.4591149331845,2.820480663087579,0.13345582541248455,21.134189192341758,3.857571731099949e-99,6.429286218499915e-97,6.429286218499916e-97
PRKCA,6.8807573252537555,-0.0342668122253569,0.4076778261381082,-0.08405365714874176,0.9330137704307856,0.9520548677865159,0.9520548677865159
SKP1,829.5662969421637,-0.13471151913826251,0.047080447043378916,-2.8613050129736917,0.004219009370341104,0.009834520676785792,0.00983452067678579
SCLT1,25.62645869681942,1.535839381878901,0.21671300588053966,7.086973740401687,1.370763800593273e-12,9.68737668263797e-12,9.68737668263797e-12
RPL37,759.5150767546206,-0.07947131317972857,0.1068021897936633,-0.7440981625307808,0.4568170908744482,0.5461053088756106,0.5461053088756106
VTI1A,15.328051678594333,-0.21739884994908634,0.20628970844007727,-1.0538521363620816,0.29195061935935407,0.3856679251774823,0.3856679251774822
DYNLL1,924.9083005777392,-0.6332291828705608,0.1416329612792279,-4.470916777784207,7.788500392899646e-06,2.842518391569214e-05,2.842518391569214e-05
CHD2,99.5627700663803,-0.2985257445585254,0.11192852024320608,-2.6671106158633013,0.007650648644921813,0.01685164899762514,0.01685164899762514
UVRAG,23.610376569789427,0.5766813570865937,0.21186348162799515,2.721947891421758,0.006489837479416851,0.014440628654532968,0.01444062865453297
PSMA7,853.7898478658824,-0.2912841098954799,0.05867327109298958,-4.964511172963786,6.887432142604479e-07,2.8697633927518665e-06,2.8697633927518665e-06
SIK3,9.460339623824222,0.34084133470578376,0.2766238507715052,1.2321473139614523,0.21789405998024391,0.30496019591356743,0.30496019591356743
ASH1L,56.42542444026519,-0.3668514498632427,0.1414604301867803,-2.593314960083626,0.009505567494851675,0.020574821417427867,0.02057482141742787
EEF1B2,853.6523952674625,-0.2543513401866866,0.1758882715596557,-1.4460960809454468,0.14815025480948532,0.22328599066991006,0.22328599066991006
NLRC5,19.287722445248804,1.1168608128040034,0.21583366162615153,5.174636821658215,2.283547217400265e-07,1.0015557971053795e-06,1.0015557971053793e-06
OAS3,160.33332198522734,4.528664672065252,0.3003740848725741,15.076748961170937,2.3033465196472687e-51,7.197957873897715e-50,7.197957873897715e-50
SKAP1,18.051017130412724,-0.2367899938327991,0.2762821235103044,-0.8570586863321529,0.3914124519648937,0.48774137316497657,0.48774137316497657
CD96,85.22511012416459,-0.27801496345478766,0.11787201828193902,-2.358617146860092,0.018343169177213733,0.03680344676607824,0.036803446766078246
PIP4K2A,10.241200313441158,0.1363642309836796,0.2705497441441069,0.5040264643940892,0.6142427800964174,0.688999192480558,0.688999192480558
PARP9,168.46292686291093,3.0416295317093556,0.15839964164690248,19.20225008140878,3.5440169769761935e-82,2.7261669053663026e-80,2.726166905366303e-80
KANSL1,12.770466467881018,-0.24963407028479043,0.2586972351651307,-0.9649661316459175,0.3345617757846153,0.4297517993379773,0.4297517993379773
SOS1,12.311104137132709,0.2738835405629607,0.25268441219978965,1.0838956711995735,0.27841105916355535,0.3729346425689066,0.3729346425689066
LRRFIP1,249.25175893853873,0.1626558285329115,0.10912113759420729,1.490598724674092,0.1360668793565155,0.2078943916829878,0.2078943916829878
NCOA2,8.442704644144595,1.419113216328465,0.3053565998934936,4.64739657444261,3.3615053705923125e-06,1.2953777921357659e-05,1.2953777921357659e-05
COTL1,699.0128096355127,-0.9274342010279496,0.14789143755618608,-6.2710473057346805,3.5862763072274303e-10,2.079000757813003e-09,2.079000757813003e-09
MT2A,812.966822754184,4.036306923238121,0.1935335303968834,20.855853324024935,1.3487092631263635e-96,2.074937327886713e-94,2.074937327886713e-94
MCL1,348.6552606260984,0.8287286798615956,0.10163033718296427,8.154343504436495,3.510816973058246e-16,2.962714745196832e-15,2.962714745196832e-15
CERS6,9.693012030697565,0.9214067767717226,0.26510359113458704,3.4756480394260127,0.000509620632601287,0.0014156128683369084,0.0014156128683369084
EML4,100.49837025503746,-0.36208913743104004,0.10122221954355494,-3.5771704973850786,0.0003473336353306197,0.000983947975440849,0.000983947975440849
RPL23,706.1844845148728,-0.6069038501580186,0.1239246922946239,-4.897360154142157,9.713271425044036e-07,3.989023172502684e-06,3.9890231725026844e-06
RHOA,619.5380807829159,-0.33596120319623907,0.10295378182048065,-3.2632235286125852,0.001101526015269199,0.0028722973018753557,0.0028722973018753552
RPL37A,713.853586034495,-0.1217582136421589,0.10024015606488676,-1.2146650446488054,0.22449386969884866,0.3128834420889877,0.3128834420889877
CHCHD2,859.7908756867603,-0.257454804972525,0.054994613508976296,-4.681454937955021,2.8484601562613747e-06,1.1083502553546204e-05,1.1083502553546204e-05
PDIA3,575.6040684126853,0.03552793590225502,0.0969770385729286,0.3663541022191282,0.7141008636664475,0.7745128673171883,0.7745128673171883
ATP10A,6.519844596391831,2.227341205148341,0.3691122511138692,6.034319366065197,1.596340814329229e-09,8.771103375435324e-09,8.771103375435324e-09
HSPB1,904.9962002884306,1.7928319556271177,0.167466176335775,10.705636175942972,9.577056166324446e-27,1.3488811501865417e-25,1.3488811501865417e-25
HNRNPU,310.419418813816,-0.26372594354087037,0.06633876036913468,-3.975442743780508,7.024844391993576e-05,0.00022301093307916113,0.00022301093307916113
CBLB,11.364903782165099,-0.30212034676191135,0.23574538556263702,-1.281553596652006,0.1999992870890046,0.2839582703290299,0.2839582703290299
RAP1B,179.0692801984836,-0.06768530378568496,0.08052891358999957,-0.8405093371840847,0.4006228685616873,0.4955137520861933,0.49551375208619325
LYST,64.40534770381306,0.020604852917401325,0.12300795782621564,0.1675082919961296,0.8669701236405549,0.9022724109713514,0.9022724109713515
SIPA1L1,37.92075291183079,-0.18247763845595766,0.14353981621920436,-1.2712684414844873,0.20363316540927434,0.2882281180598363,0.2882281180598363
BBX,136.71032572267822,1.0468399974753426,0.10572751033047408,9.901301886360693,4.108909057283678e-23,4.980495827010519e-22,4.980495827010519e-22
PSME1,758.9624824028969,0.7479078698362052,0.1371694577730367,5.452437313514123,4.968408899814523e-08,2.354696161049537e-07,2.354696161049537e-07
HMGB1,665.901274979969,-0.45221082731252815,0.07070811743503679,-6.3954584525319556,1.600663625976678e-10,9.61359535121128e-10,9.61359535121128e-10
NIPBL,49.98885121971075,-0.34639652233225765,0.14523736903176693,-2.385037161176421,0.01707739619922151,0.034674916140551286,0.03467491614055129
CTSD,412.90195773805493,0.1687977353962438,0.32927176072567943,0.5126395747519672,0.6082034648948131,0.6833746796570934,0.6833746796570934
DENND1B,68.27422687848262,2.0256827738204874,0.21137872299187013,9.583191463874998,9.40915857492056e-22,1.1004863830316443e-20,1.1004863830316443e-20
VPS13C,22.676504114322853,0.36219346537337455,0.1838209440118435,1.9703601639105857,0.04879710768812791,0.08644306056355697,0.08644306056355697
HNRNPA1,719.7437920924633,-0.7186831327243933,0.13380010180183727,-5.371319775143285,7.816246149201623e-08,3.627028375499593e-07,3.627028375499593e-07
ARHGAP26,16.610319852639485,-0.8311116751800874,0.3325373301261527,-2.4993033860733576,0.012443772843331005,0.02625268532348313,0.02625268532348313
FCN1,696.038707859549,0.8422093476194286,0.2351601113343118,3.581429447539742,0.0003417194224658215,0.0009694168013214794,0.0009694168013214794
PSMA4,816.1115819294405,1.5030317338529606,0.0973537111815747,15.43887454942166,8.965098602643863e-54,3.0914133112565048e-52,3.0914133112565044e-52
PLA2G7,569.1544483880143,0.04701303390687365,0.26716746774137107,0.17596840777180314,0.8603187620693,0.8973603517282148,0.8973603517282147
KDM4C,8.083030922827755,-0.1290471464133902,0.28931507649666455,-0.4460436281995071,0.6555657315245655,0.7251833313324839,0.725183331332484
GNLY,796.337216142673,0.3565186486682707,0.24756355684347378,1.4401095751491628,0.14983640052080296,0.22548743494477497,0.22548743494477494
GLUL,459.92115418934054,0.5146070489916758,0.25631959155431633,2.0076773916153265,0.04467758461636685,0.07985269815257703,0.07985269815257703
YWHAB,582.1737135873664,0.041162082695922496,0.047202872931971965,0.8720249454994962,0.38319476898836813,0.47899346123546016,0.47899346123546016
PLAUR,843.9195684348249,-1.4124440872956552,0.2771552577763134,-5.096219709588231,3.4650296237618955e-07,1.490335322048127e-06,1.490335322048127e-06
CAPZB,363.0260049642039,-0.525217701570302,0.06397709123212354,-8.209465160969758,2.221759177512464e-16,1.890858874478693e-15,1.890858874478693e-15
PRKCE,4.682514535361253,1.7047871099695087,0.40609046834595675,4.198047585094181,2.6922606800859547e-05,9.019298760756968e-05,9.019298760756967e-05
RAP1A,280.27901294318525,-0.42813647222709944,0.07157129228403669,-5.9819581086786,2.2047098157220443e-09,1.1949646697680458e-08,1.1949646697680458e-08
EPB41,33.272252430704555,-0.23624114254819223,0.17028273931600463,-1.3873463834157866,0.16533616580617572,0.2438586516315276,0.24385865163152762
HERC6,84.35868858582363,4.069428071018441,0.21552392923879057,18.88156032321452,1.6173670202790303e-79,1.1980496446511335e-77,1.1980496446511335e-77
SPI1,685.6186839522048,-0.47797957907573196,0.1398538683759354,-3.4177072441850154,0.00063150994706746,0.0017160596387702717,0.0017160596387702717
HNRNPC,239.7653381540006,-0.3581033901710457,0.07561663949498273,-4.735774990302317,2.1821959281368683e-06,8.591322551719954e-06,8.591322551719954e-06
CREM,703.8811092320635,0.534440809487949,0.13472671985015203,3.966850897003754,7.2828521647736e-05,0.00023083525086445641,0.00023083525086445641
CAST,253.84964095642118,1.0542918101359755,0.11838002638343251,8.905994045998332,5.290976861055863e-19,5.264653593090411e-18,5.264653593090411e-18
PSMA1,356.84318704372686,-0.14627030157162982,0.08625641727460089,-1.6957613844077506,0.08993107824388238,0.14634837793959707,0.14634837793959704
TNIK,15.61594299362384,-0.1777963901259201,0.24706636134954155,-0.7196300991958169,0.47175277474164823,0.5608219074142688,0.5608219074142688
IRF1,284.09145883231747,1.0057876482674832,0.1493220381355784,6.735694615648553,1.6314862838895928e-11,1.0628575139345882e-10,1.0628575139345882e-10
TAOK3,99.63383639393194,-0.5359908905224526,0.09869021694730816,-5.4310437964547615,5.602538128488492e-08,2.648954197866899e-07,2.648954197866899e-07
NT5C3A,376.68085789430285,4.110093746299208,0.12609010263778378,32.59648188332579,4.600092536712828e-233,9.200185073425656e-230,9.200185073425656e-230
LIMS1,495.53402944318515,-1.056318763599476,0.19218516705704092,-5.496359473392443,3.877117828987904e-08,1.8775389002362732e-07,1.8775389002362732e-07
ST6GAL1,16.918676424656574,0.6253897992064559,0.2223460799148139,2.8126864186049856,0.0049129536494350295,0.011281179447612007,0.011281179447612007
OAS2,185.0730688653676,4.155197149900635,0.28058700376131185,14.808943729394374,1.2823966299079436e-49,3.612384872980123e-48,3.612384872980123e-48
ATG7,29.82306715703841,-0.08462641306645592,0.21954918318332345,-0.3854553765102961,0.6999000614624413,0.7624183676061452,0.7624183676061452
PRDX1,786.477785582309,-0.4060776096185659,0.12135802087064373,-3.3461126566278345,0.0008195309173305648,0.0021912591372474995,0.002191259137247499
ETS1,26.691413188865322,-0.1801843443296739,0.28427219741206616,-0.6338444138048719,0.5261823648590591,0.6125522291723622,0.6125522291723622
RAB7A,313.63660637698626,-0.1652863974446616,0.10328975191277422,-1.6002206838897444,0.10954963515919079,0.1727197624389245,0.1727197624389245
AKT3,10.71796826541101,-0.1226052014268083,0.2624581170855696,-0.46714196835769856,0.6403983093942245,0.7111123677712963,0.7111123677712964
SCAF11,170.84910679343463,0.058179139092432,0.08568954251879696,0.6789526164137212,0.4971678854403473,0.5845595360850644,0.5845595360850644
MLLT3,16.35281746468536,0.04606113235096534,0.2197109306658395,0.20964424578866384,0.8339453437840664,0.8732411976796507,0.8732411976796507
TPM3,420.7815718006843,0.47715527231685073,0.08740822325192041,5.458928857776175,4.790156347441529e-08,2.2756087161242416e-07,2.2756087161242416e-07
SAP18,804.1725334350399,0.6350278542711617,0.06662824668317859,9.530910475413801,1.5590976471220005e-21,1.802425025574567e-20,1.8024250255745668e-20
NCOA3,20.890955239365745,0.4202809674576579,0.18828956231267008,2.2320991259183414,0.02560841219985398,0.04919963919280304,0.049199639192803034
LEF1,92.98271719061651,0.11527270931594993,0.38553684353007767,0.2989927195037507,0.7649456006082992,0.8176863715748788,0.8176863715748789
PHACTR2,25.113360365828775,0.9936418867292914,0.1954273555862702,5.08445649151024,3.686802656578517e-07,1.57555669084552e-06,1.5755566908455202e-06
LCP1,217.42779652455607,-0.3107895643676787,0.11418171813505462,-2.721885512355625,0.0064910625802125695,0.014440628654532968,0.01444062865453297
KMT2C,23.29831201904107,-0.7915121636798726,0.1858599261136989,-4.258648866543017,2.05666234839987e-05,6.971736774236847e-05,6.971736774236847e-05
ARAP2,32.06049920449815,0.8439484933876602,0.16383244440608963,5.151290371373418,2.587002810953084e-07,1.1272343402845682e-06,1.1272343402845682e-06
ARHGEF3,33.616849978965774,1.6410730155695652,0.2079835325597038,7.890398799234157,3.012223975530852e-15,2.4097791804246816e-14,2.4097791804246816e-14
CD83,352.0412137485221,0.28129358045465075,0.12944873254493025,2.173011468899603,0.029779454102372253,0.05629386408766022,0.05629386408766021
SELL,490.9550030067995,1.6750683097819399,0.3513607859497934,4.767374097407937,1.8664255635791619e-06,7.4211752030980594e-06,7.4211752030980594e-06
MS4A7,775.6480487712963,0.7956635280199456,0.19117534130479336,4.161956885179082,3.1553193487182806e-05,0.00010520077439098428,0.00010520077439098428
FCGR3A,717.7307813743007,-0.0143924390196611,0.33930125866424693,-0.04241787689300332,0.9661655774748078,0.9724867412932138,0.9724867412932138
SP140,92.0910273612316,2.397519494551203,0.1840475895845722,13.026628058334403,8.633964764344434e-39,1.6290499555366857e-37,1.6290499555366857e-37
ADK,57.05296294436082,0.0077862743728798825,0.19318191154604414,0.040305400803656785,0.9678496480609146,0.9732022604936295,0.9732022604936295
DDX17,108.4625635337297,-0.589674283087061,0.1254913276227648,-4.698924573175771,2.6153501501067403e-06,1.0216211523854454e-05,1.0216211523854454e-05
SPATS2L,189.3970841849664,3.362169054502871,0.17348964344182516,19.37965280117876,1.146176029890198e-83,9.551466915751649e-82,9.551466915751649e-82
STK17A,310.7206455661418,-0.12408140227647078,0.14982411191177275,-0.8281804623646886,0.40756830679266576,0.5016225314371271,0.5016225314371271
KAT6A,26.21359904478551,-0.5757220625970396,0.18326939776714102,-3.1413976889286355,0.0016814354435013888,0.00422471216960148,0.004224712169601479
ZCCHC7,9.703881203613037,-0.7777325488625426,0.24512943546355254,-3.172742381557767,0.0015100645249457483,0.0038424033713632274,0.0038424033713632274
SNX3,692.7625075977487,0.5774071420413491,0.10304749672253327,5.603310710167773,2.1029575541556623e-08,1.0488566354891085e-07,1.0488566354891085e-07
TRANK1,23.28958021270501,2.2292540813294672,0.23475698714022664,9.496007375481753,2.1809233019459816e-21,2.4643201151931998e-20,2.4643201151931995e-20
MEF2A,49.69899824738814,0.8996882379734618,0.17146593200372137,5.247037866122208,1.545641401302965e-07,6.915621482339888e-07,6.915621482339888e-07
SMAP2,71.95846891572226,0.4706431674593543,0.20270497588101058,2.3218135885111453,0.02024297525317373,0.03992697288594424,0.03992697288594424
CASP4,593.0442762475095,1.1151575013484945,0.13033521639956838,8.556072043719624,1.1677833546849572e-17,1.071360875857759e-16,1.0713608758577588e-16
PLEK,488.2662123918991,1.4322283640232771,0.20181492756803937,7.096741461507694,1.2773268591437918e-12,9.059055738608451e-12,9.059055738608453e-12
PICALM,48.94637742257839,-0.4105534060078202,0.197935939010009,-2.074173129251984,0.038063234826598624,0.06971288429779968,0.06971288429779968
ZFP36,715.4579855987656,0.1935708431649666,0.10470323283519659,1.8487570815473107,0.06449289718611441,0.10968179793556872,0.10968179793556872
CMIP,20.433527790338122,-0.889087729155152,0.215296555300061,-4.129595700758061,3.634017136834435e-05,0.00011934374833610623,0.00011934374833610623
CYBB,247.68320742839077,-0.47766604855610895,0.17229174244340498,-2.772425664642718,0.00556402258062413,0.012602542651470282,0.012602542651470282
RERE,14.987548884528985,1.1480993540095987,0.23722580017437758,4.8396900892131685,1.3004175593605361e-06,5.295812468210999e-06,5.2958124682109985e-06
RAPGEF1,26.37730550942417,-0.762638455758137,0.24499102873113168,-3.1129240107608336,0.0018524370691856622,0.004619543813430579,0.004619543813430579
FXYD5,720.1077544697218,-0.3365439371526057,0.08887882954217886,-3.78654780768567,0.00015275471740802888,0.0004642698428826602,0.00046426984288266016
RBMS1,89.31907444955147,0.5860421292587933,0.11106138955565507,5.27674047302565,1.315019149375888e-07,5.92350968187337e-07,5.92350968187337e-07
TALDO1,726.2418487064342,-0.7581408212691926,0.12052178484618402,-6.290487833687247,3.164698537331989e-10,1.8453052695813347e-09,1.8453052695813349e-09
NUB1,217.69730715976738,2.0980707275172596,0.12352143162591053,16.98547936095291,1.0519069102128024e-64,4.781395046421829e-63,4.781395046421829e-63
ITGA4,47.98446364150641,0.3715380673420752,0.18989604953348485,1.9565339471507064,0.05040228748572672,0.08904997788997653,0.08904997788997653
NINJ1,714.650362862287,0.9561180853894423,0.15453415205901544,6.187098920530576,6.128151289862441e-10,3.4524795999225018e-09,3.4524795999225018e-09
TCF12,8.86568063858075,0.2549569906590015,0.26996037421964086,0.9444237562493801,0.3449531464423212,0.4402720439595676,0.4402720439595676
BIRC6,20.568834665676675,-0.7222591907882989,0.2243573904816465,-3.219235119635531,0.0012853304817699858,0.0033212673947544853,0.0033212673947544853
RORA,56.701014197014885,-0.026368626277841135,0.15755272227312295,-0.16736382524784454,0.8670837869434688,0.9022724109713514,0.9022724109713515
PCGF5,135.69754410507647,1.576642077111754,0.13826663998707367,11.402910183245588,4.043716967913534e-30,6.318307762364896e-29,6.318307762364896e-29
GNG5,746.4473623389625,0.7530654539323431,0.09934380909565474,7.580396411086294,3.445007320115062e-14,2.6500056308577403e-13,2.65000563085774e-13
CAMK1D,27.181958063637644,-0.011873637587780567,0.1907803469737536,-0.062237215604886535,0.9503739261540437,0.9643571041644279,0.9643571041644279
HINT1,723.3225967569168,-0.23891102587645957,0.11761994653313035,-2.031211821790489,0.04223351167874909,0.07609641743918756,0.07609641743918756
PCBP1,681.9115186102451,0.09963820384887337,0.08602125571707754,1.1582974814571614,0.2467426588211773,0.33916516676450487,0.33916516676450487
SERINC5,16.64307928269498,-0.47455841170951235,0.22539525172644267,-2.105449906662069,0.035252163450879774,0.06516111543600697,0.06516111543600699
SRRM2,99.50975644063786,-0.5648161860785259,0.11361700562230241,-4.971229289004035,6.652971139322649e-07,2.783669932770983e-06,2.783669932770983e-06
STAG1,15.585814169503454,-0.5095140320239536,0.22870257282658152,-2.227845650036929,0.025890809515115017,0.04959925194466478,0.04959925194466478
SON,224.35878539276015,-0.1529618477112218,0.08230105901318885,-1.8585647565811936,0.06308885654015071,0.1076601647442845,0.1076601647442845
CCDC91,40.93036912113082,0.18149267618124684,0.14494769624790735,1.2521252898758446,0.21052421375014108,0.296095940576851,0.296095940576851
PGK1,562.0029660201187,-0.562962560095822,0.07693010824807586,-7.317844377398268,2.519858400133418e-13,1.873500669244177e-12,1.873500669244177e-12
MBP,112.86962227386346,-0.3900614594607272,0.1584729850276995,-2.4613751005734406,0.013840557876079672,0.028834495575165986,0.028834495575165982
SERP1,705.0865872439449,-0.38686851530378513,0.09857066428525534,-3.9247834851170293,8.680777906391754e-05,0.00027255189659000797,0.00027255189659000797
DRAP1,698.0836678247879,1.5143934238375543,0.0802455525301188,18.871991980728808,1.938516652725318e-79,1.3846547519466557e-77,1.3846547519466557e-77
NFKB1,98.29035570053885,-0.17823792659290028,0.10740107548584639,-1.659554392603722,0.09700412975335254,0.15570486316750007,0.15570486316750007
TAP1,541.4610268374947,1.7363988348266148,0.12667327654887403,13.707696541319546,9.131089401748247e-43,1.922334610894368e-41,1.9223346108943677e-41
HSPA5,630.5983113246709,-0.20633030607184827,0.1901985347926874,-1.0848154340239486,0.2780034083297396,0.3726587243026,0.37265872430259994
TMEM131,9.26243846380201,-0.3650142216954441,0.2511819391147449,-1.453186574567761,0.14617195869583718,0.22122687970820754,0.22122687970820754
CCSER2,98.93730756439436,0.5012745094869776,0.13048997742689195,3.841479011426917,0.0001222951947245348,0.0003762929068447225,0.0003762929068447225
NFE2L2,302.5904014458714,0.1483287757483936,0.09518955071244758,1.5582464108531315,0.11917484700880734,0.18635628930227888,0.18635628930227888
PIAS1,48.8996913321332,-0.15765010560677217,0.13986814449002957,-1.127133745725855,0.25968593754386626,0.35283415427155745,0.3528341542715574
USP34,29.21196371890721,-0.4499764634942882,0.171756284544819,-2.619854433197575,0.008796730743200485,0.019185890388659727,0.019185890388659727
CMPK2,324.6359504662249,5.97794124993966,0.3232661309869351,18.492321579402514,2.3808039607008454e-76,1.5872026404672303e-74,1.5872026404672303e-74
SH3KBP1,79.70360229207759,-0.7214964004254837,0.1613022186961539,-4.4729477762768495,7.714862417273894e-06,2.8259569294043566e-05,2.8259569294043566e-05
IL4I1,521.5237677231274,2.412138842620399,0.22694069875674175,10.628938995230538,2.1858502084474534e-26,2.9943153540376073e-25,2.9943153540376078e-25
RTN4,428.1150134043085,-0.1909029150955978,0.1621068458910051,-1.1776363548764262,0.23894160993199032,0.3302579266509887,0.3302579266509887
PSMB8,701.2070374425208,1.1256570272706845,0.10060262702847503,11.189141481882709,4.608742871982448e-29,6.9304404089961625e-28,6.930440408996162e-28
HNRNPK,525.8865218513793,-0.1441506039457566,0.0739188374857551,-1.9501200079551555,0.05116181703919542,0.0902324815506092,0.09023248155060921
SQSTM1,548.4962332025871,-0.1492784341480215,0.11246927025229514,-1.3272819661153195,0.18441542707933967,0.2661477300609566,0.2661477300609566
IGSF6,673.7641092929912,1.0960558494704733,0.20428105998781226,5.365430596139778,8.075632882216198e-08,3.738718926951944e-07,3.7387189269519433e-07
TBC1D1,34.88176333506873,1.360064509640144,0.15383970936969757,8.840789645355644,9.504445393617134e-19,9.272629652309399e-18,9.272629652309399e-18
FAM172A,16.589500826529815,-0.9256761625086657,0.25574037780724296,-3.619593317432133,0.00029506638913412545,0.0008418441915381611,0.0008418441915381611
RPL36A,630.623574173756,-0.07612493087590166,0.09968599001284721,-0.7636472373509149,0.4450774912395834,0.5349489077398839,0.5349489077398839
FNDC3A,27.981897429468297,-0.26621370808228223,0.20951675088349261,-1.2706082304145576,0.20386805747608128,0.2883565169392946,0.2883565169392946
TTC39C,51.81948507568107,-0.009398389827450723,0.18414055336306606,-0.051039217900687606,0.9592942698914939,0.9695666950224375,0.9695666950224375
CCNI,481.40895937961056,-0.07738360964530544,0.06964887257976282,-1.1110532989128388,0.26654540810259963,0.3595282546659543,0.3595282546659543
RHOH,175.41198801092776,0.1487058140072998,0.17573341719477387,0.846201117471482,0.3974405586606117,0.49279672493566234,0.4927967249356623
IQGAP1,69.84321812691915,-0.1664192462006936,0.1195599772792393,-1.3919310624491985,0.16394327448725554,0.24198269297011887,0.24198269297011887
DMXL2,31.850204709586798,-0.3291780820168022,0.24001553776626833,-1.3714865507472356,0.17022333324465044,0.24959433027074845,0.24959433027074843
SAMD4A,42.80614451330541,4.719980302651338,0.34147954980532397,13.822146319866532,1.8739784652085396e-43,4.118633989469318e-42,4.118633989469318e-42
TMEM50A,641.8448709709479,0.9459653904706092,0.099579878731919,9.49956359172983,2.107717462686916e-21,2.395133480326041e-20,2.395133480326041e-20
TTC17,23.117703961545356,-0.22197946558085932,0.19845544368493837,-1.1185355335138447,0.2633383391881037,0.3556223351628679,0.35562233516286795
SBF2,6.323056879265076,0.5304445817130494,0.3051473325209498,1.7383228531962736,0.08215394173707645,0.13556756062223838,0.13556756062223838
SLC38A1,63.35334613678706,-0.009296225706845334,0.21396208335164968,-0.04344800518495072,0.9653444112023433,0.9724867412932138,0.9724867412932138
DYRK1A,6.447376541078536,-0.30257937380268707,0.33036233147701427,-0.9159015570869941,0.35971853005108934,0.4567854349855102,0.4567854349855102
PARP12,125.60950791690321,2.8570972156283,0.1702358091815737,16.783174053473775,3.240435683440888e-63,1.3789088014642077e-61,1.3789088014642077e-61
AAK1,18.061047692915846,-0.4054115782639069,0.22451189133844188,-1.8057465724733779,0.07095793435073143,0.11915690067293272,0.11915690067293272
FAM107B,80.03978024888633,-0.37888335948825363,0.12575857736988685,-3.012783441195145,0.0025886357140083296,0.006230170190152418,0.006230170190152418
LDHA,629.1728579916945,-0.5157152876409205,0.0873283442846401,-5.905474240528203,3.516337299939662e-09,1.8753798933011528e-08,1.875379893301153e-08
VOPP1,57.033488541376954,0.15888081795636436,0.12631943837618376,1.2577701420996794,0.20847489679561282,0.2940407571165202,0.29404075711652017
IFI35,600.5476656092901,3.357313159546832,0.1931968842223006,17.377677559663766,1.2178661252276354e-67,6.089330626138177e-66,6.089330626138176e-66
TC2N,23.982474746042527,-0.16009547804068786,0.2225589329555222,-0.7193397088791872,0.4719316350891072,0.5608219074142688,0.5608219074142688
UBAC2,68.06511093779623,-0.2888214954601832,0.11295266514393358,-2.557013551580594,0.01055751045128367,0.02265560182678899,0.02265560182678899
CD164,440.1762415971317,1.367037417566072,0.06942659201606668,19.690400722099575,2.6061975740190932e-86,2.4820929276372317e-84,2.4820929276372317e-84
MOB1A,454.7586544598672,0.7451697394747949,0.14290666080783038,5.214380738185748,1.8443231370497352e-07,8.178816572282639e-07,8.178816572282639e-07
ZFP36L2,454.64767362203406,-0.18515456289980192,0.11526343348815371,-1.6063599469196044,0.10819484591445241,0.17119437644691837,0.17119437644691837
ZEB1,11.743973411545902,0.06773266251014798,0.2982997952376103,0.22706238351989355,0.8203752337091483,0.8608344530001557,0.8608344530001557
TXNIP,210.17077527093468,0.5040142082087308,0.10609694857697978,4.750506164114964,2.029081088950536e-06,8.020083355535715e-06,8.020083355535715e-06
ANKRD17,13.949961910378693,-0.1838399595996093,0.23690962518299608,-0.7759919397855018,0.4377537449917184,0.5293273820939763,0.5293273820939762
GSTP1,672.49918471931,-0.7216159190119074,0.08229084660454233,-8.769090959529334,1.801144959117482e-18,1.7235836929353895e-17,1.7235836929353892e-17
LCP2,50.42254294375895,0.5166778120189031,0.2381942308616951,2.1691449459114165,0.03007168130730072,0.05671549556403778,0.05671549556403778
SCML4,24.12246169297674,1.5987621320564676,0.4859625994902662,3.289887192416524,0.001002275558713748,0.0026445265401418153,0.0026445265401418153
AHNAK,39.15004657830056,-0.07959869714282829,0.17011362570887603,-0.46791488225081707,0.6398454604192376,0.7109394004658196,0.7109394004658196
SUPT3H,12.504129719211079,0.9331714186083838,0.27232945775514555,3.4266268008634184,0.0006111283556169762,0.0016629343009985748,0.0016629343009985746
ABI1,90.95438690845882,0.38522422366485765,0.11936441725494122,3.227295307294862,0.001249664160430758,0.003245880936183787,0.003245880936183787
CCNY,10.256046639497075,-1.092518583244069,0.2897024276909846,-3.7711751052684312,0.0001624806044280713,0.0004908779589971943,0.0004908779589971943
RFTN1,39.67780312107759,-0.27306168230387096,0.18882216487512385,-1.4461315094255927,0.14814031942958675,0.22328599066991006,0.22328599066991006
MYH9,57.5225794441874,-0.9283698259354044,0.1635989127044497,-5.674669902070527,1.3895634258718104e-08,7.071569597312013e-08,7.071569597312012e-08
LNPEP,30.178285661300876,0.7952712583833693,0.1861200255645824,4.272894633293587,1.9295164793545598e-05,6.574161769521498e-05,6.574161769521498e-05
SRSF7,560.1201453036587,0.06011633492218325,0.07220043874944367,0.8326311579740431,0.4050527808927402,0.5000651615959756,0.5000651615959756
CD14,652.572404416886,-2.879110715849367,0.2435561588913183,-11.821136977012799,3.035482076678171e-32,4.976200125701919e-31,4.97620012570192e-31
KDM6A,11.271641199342934,0.9874092784639498,0.25541957058782655,3.8658325052834077,0.00011071090153940766,0.00034489377426606747,0.00034489377426606747
TMEM59,592.2135879519029,0.0695477249302299,0.060392362661379734,1.1515980144738553,0.2494862976801181,0.3419962956547198,0.3419962956547198
NCOR1,183.95370140553587,-0.2650502735961173,0.07201640024341266,-3.680415470646375,0.0002328542422292969,0.0006788753417763758,0.0006788753417763758
RPS29,438.96657134530216,-0.008640241470399825,0.12795418966218586,-0.06752605360724086,0.9461629215775811,0.9610593413687973,0.9610593413687974
DIP2B,9.686362161093205,0.43770181784769996,0.25186405716229077,1.7378494683966081,0.08223734150300537,0.13559330833141858,0.13559330833141858
PAG1,13.60682096887203,0.16820695271438796,0.28252469431318955,0.5953707980227881,0.5515956409132189,0.634747572972634,0.6347475729726338
NELL2,30.85872736450759,-1.5794009543321317,0.4219641746624385,-3.7429740465422583,0.00018185501834321288,0.000545292408825226,0.000545292408825226
GIMAP4,338.14440696703866,1.5544425977552239,0.23332410034321127,6.662160468930108,2.6983116739440575e-11,1.7077921986987706e-10,1.7077921986987704e-10
PRR13,617.3920477495848,-0.1437825253069867,0.1100354700677177,-1.3066925166812164,0.19131716121582631,0.2744866014574266,0.27448660145742654
SLCO3A1,21.8178983944075,-0.2198626942017285,0.190259256958347,-1.155595253112244,0.24784675056702443,0.3402151689320857,0.3402151689320857
STAT2,79.18481856670974,2.722565526987453,0.19489365769410016,13.969492692577605,2.393253011416478e-44,5.3780966548684906e-43,5.3780966548684906e-43
APOL6,89.21612236168264,2.194698697664269,0.17006194340030684,12.905290000703996,4.2023047098307844e-38,7.782045758945897e-37,7.782045758945897e-37
NMI,476.4357549488378,2.3106741247091387,0.11280808479582279,20.48323157769541,3.038179196862312e-93,4.0509055958164166e-91,4.050905595816416e-91
CAP1,380.4833281942849,-0.23872160832388892,0.11045491337631355,-2.1612583906573546,0.030675385176647897,0.05766049845234567,0.05766049845234567
RAN,614.062245092982,0.008126515921844227,0.07853421901228236,0.10347738888920867,0.9175840942007286,0.9440165578196796,0.9440165578196796
CEBPB,647.9628577409524,-1.1735770327197035,0.2113394702369583,-5.553042370191731,2.807399924782286e-08,1.3829556279715696e-07,1.3829556279715696e-07
TAB2,15.14455671141181,0.32672206061243736,0.24617273667036907,1.327206517795371,0.1844403769322429,0.2661477300609566,0.2661477300609566
HERC1,11.977470800178613,-0.37365796571658866,0.2649079896047643,-1.4105198045331757,0.15838625281952456,0.23520733488440695,0.23520733488440695
STAG2,68.67943725117141,0.03232228433739718,0.1060181957077578,0.3048748766343325,0.7604614509465413,0.8133277550230389,0.8133277550230388
FBXO11,16.893929006823676,0.08487490550071228,0.20635243554702443,0.4113104130596541,0.6808449350431223,0.7461314356636956,0.7461314356636957
PNISR,192.6484913483531,-0.30507643415202,0.08417658055447486,-3.6242436095938806,0.000289808349756127,0.0008280238564460772,0.0008280238564460771
MAFB,494.3029702850412,0.25586948311358704,0.20325446259283475,1.2588628060095892,0.20807989020509898,0.29369074129160055,0.29369074129160055
RBM39,276.0716532245152,-0.25103053228941347,0.06774968235262938,-3.7052650812859635,0.00021116976933125502,0.0006266165262055045,0.0006266165262055045
ZSWIM6,9.059358104218713,-0.32831778384926896,0.3014781345936309,-1.089026851953346,0.2761420446370678,0.37066046260009106,0.37066046260009106
GPR183,582.7637214165948,-0.2633054071574447,0.14910897349261218,-1.7658588949409575,0.07741952482212025,0.12881784496193055,0.12881784496193052
SND1,25.12391173036624,-0.3334376274017621,0.17727030266080623,-1.8809559322509346,0.05997791367471663,0.10296637540723885,0.10296637540723885
ATRX,69.4306965516385,-0.2541225868860361,0.11480044196176116,-2.2136028620053723,0.026856110276052426,0.05130107025033893,0.05130107025033892
AP3B1,30.12973849878414,0.2789823726353949,0.17753226825980206,1.5714459989162646,0.11607908846262106,0.18194214492573835,0.18194214492573835
PPM1K,206.9365127249872,3.031879538867813,0.14928611962830654,20.30918578643885,1.0665778294475354e-91,1.3332222868094192e-89,1.3332222868094192e-89
RALA,390.49671951904037,-0.13613317917971918,0.18169236770908664,-0.7492509503629029,0.45370596522440365,0.5433393433946431,0.5433393433946431
RICTOR,25.483873439511218,0.7652035522030259,0.1729360985998162,4.424776309853906,9.654226552448662e-06,3.472743364190166e-05,3.472743364190166e-05
KDM2A,20.653503926863927,-0.38811019708637384,0.20085927323821284,-1.932249334717483,0.053328738590802796,0.09364133202950446,0.09364133202950446
TBL1X,11.740735316818466,-0.49159616667150846,0.24498035625683595,-2.0066758583538102,0.044784188201014145,0.07997176464466813,0.07997176464466811
ITFG1,42.8822179996928,-0.11278773265506366,0.13779056282529073,-0.8185446836302643,0.4130462382595045,0.5067017517403297,0.5067017517403297
CNBP,489.7906557699668,-0.24805770049050166,0.056329138286474074,-4.403719070385034,1.0641072341281503e-05,3.793608677818717e-05,3.793608677818717e-05
FRYL,17.046813765105384,0.27393211487411984,0.2118155985872572,1.2932575159769162,0.1959220089741739,0.2792901054514239,0.2792901054514239
SLAMF7,285.62197194637366,2.392231256569309,0.15744907460495708,15.19368254511159,3.894141357460708e-52,1.256174631438938e-50,1.256174631438938e-50
ZNFX1,82.79199802738607,2.005149304442247,0.15014246022804104,13.35497834121516,1.107903635427206e-40,2.238189162479204e-39,2.238189162479204e-39
HIF1A,141.413613861778,-0.22213142288133533,0.18793751779219095,-1.181942943010207,0.23722834114579472,0.32834372476926604,0.32834372476926604
INPP5D,8.690924201172379,0.5136398246469007,0.2604337631889464,1.972247447325989,0.04858136564345635,0.08622698765917235,0.08622698765917235
EIF5,545.9757341849381,-0.1764673420501995,0.06563163213698295,-2.688754435999489,0.007171915639961763,0.015867069999915405,0.015867069999915405
NAP1L1,343.631859335516,-0.404905733214403,0.09737171210042608,-4.15835076204469,3.2055354792906884e-05,0.00010667339365360028,0.00010667339365360026
STAT3,142.56961957786092,0.6672019240566721,0.11350130281696279,5.878363573787619,4.143420847828629e-09,2.1865017666641842e-08,2.1865017666641842e-08
NCOA1,10.724301197373679,-0.232657930261475,0.24503437274327614,-0.9494909944950131,0.34237095006467433,0.43725536406727245,0.43725536406727245
LTB,570.1649381515617,0.029869713747862212,0.3091437427590076,0.09662079355475453,0.9230275428852783,0.9471806494461552,0.9471806494461553
ABR,13.549327839052573,-1.1006574056173644,0.2836587615939723,-3.880216494750265,0.0001043635288814414,0.00032562723519950515,0.00032562723519950515
ACTR2,181.48143017721375,-0.42733286527236336,0.10069973788437617,-4.243634335603025,2.1992861595738212e-05,7.442592756594996e-05,7.442592756594996e-05
YWHAZ,146.04784103584836,-0.11346802027209661,0.10821044126147848,-1.0485866146494476,0.2943684190610377,0.38860517367793757,0.3886051736779376
PPP1R12A,117.72346650168507,-0.2346438344150791,0.09355571941796959,-2.508065096125061,0.012139430107818552,0.025691915572102753,0.025691915572102757
ARF1,488.51237350228564,-0.026129793958044625,0.0875605216855458,-0.29841980672390217,0.7653827737874461,0.8177166386618014,0.8177166386618014
SLC3A2,583.334746789268,-0.4053186483243868,0.1380423260262176,-2.936191094370627,0.003322695667470748,0.00790177328768311,0.00790177328768311
PDE4D,14.432619721018039,-0.34260233297219406,0.2488088040575339,-1.376970297614435,0.16852143118891294,0.24790120878940217,0.24790120878940217
TFEC,93.50348615551175,1.5694965123529196,0.19623552482598366,7.998024382917958,1.2643133968728207e-15,1.0448871048535707e-14,1.0448871048535709e-14
SSB,544.795364795169,2.0680990634532304,0.11784656807680334,17.549081803599083,6.044938067822099e-69,3.358298926567833e-67,3.358298926567833e-67
FBXW7,10.493031874040927,-0.44415054026680373,0.24279937780140953,-1.829290273676415,0.06735613494820542,0.1136812404189121,0.11368124041891209
EIF4A2,488.376442715958,0.020441868449085476,0.14219846977217898,0.1437558961206551,0.8856932308298209,0.9182926187971187,0.9182926187971187
GNB1,79.9133083825212,0.17299265441383407,0.2154903235784353,0.8027861833474267,0.4220983294136925,0.5160126276451009,0.5160126276451009
VRK2,148.1060549391575,-0.1614426549426196,0.1727861901068662,-0.934349295176711,0.3501237438921113,0.445733601390339,0.445733601390339
TGFBR2,26.83847567122916,-0.5105596504220548,0.24405468874954891,-2.0919886974431194,0.03643952677661441,0.06704604742707343,0.06704604742707344
LDHB,510.2266641688684,-0.036929619971861595,0.2744992654980919,-0.13453449467287665,0.8929799362102545,0.9229766782534929,0.922976678253493
TAX1BP1,288.9152642951018,0.040843530272764744,0.09605094602627548,0.42522777715892235,0.6706706369335247,0.7394384089675025,0.7394384089675023
FLI1,10.882549331414776,0.025010482096919466,0.2492837238299309,0.10032938257125201,0.9200828312557695,0.9456144206123016,0.9456144206123016
VMP1,123.88072168023655,-0.16930853232294946,0.15762328382457647,-1.0741340252203972,0.2827626165889843,0.3757642745368562,0.3757642745368562
PNRC1,332.2131492481887,-0.21531187614339767,0.12215972372844744,-1.7625439021294855,0.07797744564700367,0.12953064060964065,0.12953064060964065
PRKAG2,66.42852829722047,0.4635751446563933,0.15269444080810712,3.0359660915158893,0.0023976632687338095,0.005798460142040652,0.005798460142040652
JARID2,39.43355650402424,-1.5109930724663,0.19332217367087223,-7.815932563632046,5.45575796278739e-15,4.3299666371328496e-14,4.3299666371328496e-14
CALR,242.22062796631718,-0.7387310725425639,0.136694473717178,-5.404249729005173,6.508022090225555e-08,3.0554094320307774e-07,3.055409432030777e-07
PTPN1,82.28188491430215,0.3874177495937104,0.11844500239802203,3.2708661551783638,0.0010721864250767402,0.0027994423631246485,0.0027994423631246485
PLAC8,446.69350068600346,1.6061705978289509,0.2200596525622412,7.298796390558987,2.9035331013431753e-13,2.150765260254204e-12,2.150765260254204e-12
TAPBP,228.07803035362866,1.041319411474205,0.09022839562098306,11.540927934132979,8.203543006214168e-31,1.3021496835260585e-29,1.3021496835260585e-29
ST8SIA4,68.10327378186928,0.7123529052651556,0.1611570482907518,4.420240459976425,9.859113300367577e-06,3.533732365723146e-05,3.533732365723146e-05
TRIP12,26.91336547082917,-0.0433564931813844,0.18955723188625137,-0.22872508081043072,0.8190825998099746,0.8599292386456425,0.8599292386456426
NKTR,68.25093559534228,-0.09086556838387656,0.11856156951541925,-0.766399844024157,0.4434384255936007,0.533620247405055,0.533620247405055
CSDE1,224.6328935626648,-0.16134828215121105,0.11807317928743181,-1.3665108632201082,0.1717786735642105,0.25150611063574013,0.25150611063574013
EIF4G2,283.13315137925736,-0.4177545123965428,0.07318935368272808,-5.707859017412372,1.1440612016896737e-08,5.89722268912203e-08,5.897222689122029e-08
COX6A1,606.4490638603878,0.07178516632330971,0.061008258267485016,1.1766467091811463,0.23933654626331813,0.3305753401427046,0.3305753401427046
RPS6KA5,15.330577690961265,1.3500025771138808,0.2290865637609944,5.892980168502314,3.792919429795751e-09,2.012158848698011e-08,2.012158848698011e-08
JAZF1,16.345409934135013,0.2174170167155735,0.19590730453365435,1.1097953556817177,0.2670872210786972,0.35995582355619565,0.3599558235561957
RASSF3,23.715749142113594,0.28140881754062724,0.19793887054127826,1.421695580918969,0.15511464355424273,0.23160597411567882,0.2316059741156788
CCL5,508.28512316358325,0.08049124478049552,0.31120663597068676,0.25864244356305166,0.7959111319851235,0.8440202884253696,0.8440202884253697
GLRX,563.635675912287,1.0879120889065361,0.19129780101842328,5.68700781250362,1.2928454440907939e-08,6.59615022495303e-08,6.59615022495303e-08
GPR141,20.440182701874306,3.3291914908660907,0.37805651685070524,8.8060682529665,1.2961213933521146e-18,1.2462705705308793e-17,1.2462705705308793e-17
GOLGA4,65.56659663403539,1.1008360463939144,0.15870802420596433,6.936234332835607,4.026894391010813e-12,2.782285790874239e-11,2.7822857908742394e-11
DNAJB6,384.20070287960425,0.08617909344933451,0.08574877341886647,1.0050183811769062,0.3148879990057174,0.409623684982184,0.40962368498218404
PTK2B,26.037764623121284,0.39427478032044605,0.17683159955547179,2.229662465937049,0.02576985947001055,0.04941487913712474,0.04941487913712474
HLA-DQA1,494.78526414055045,-0.5242041157592003,0.24767482994731613,-2.1165013654019904,0.034302189201208276,0.06369951569398008,0.0636995156939801
HERC4,39.104955758737134,0.18532394234711658,0.1444790179725558,1.2827048864792214,0.1995954873059559,0.2839196120995105,0.2839196120995105
PIK3R5,32.48780723147755,-0.9446514954222599,0.15147221311073664,-6.236467243874324,4.475629775946189e-10,2.5722010206587293e-09,2.5722010206587293e-09
SLC7A11,170.91121292886828,-1.4558223392583343,0.15431401070496223,-9.43415528251525,3.941572852997943e-21,4.403992014522842e-20,4.403992014522842e-20
TPM4,376.38801196585246,-0.22812776945323218,0.2216204884815375,-1.0293622715854485,0.3033094711721971,0.39830528059382414,0.3983052805938242
RBM6,40.276010956250985,-0.20626964832845146,0.17301557798283135,-1.1922027526846164,0.2331817543549607,0.3234308629762416,0.3234308629762416
SMAD3,9.465018547163883,-0.421859461952888,0.27085887098958067,-1.5574880763979702,0.11935464932953292,0.1864916395773952,0.18649163957739517
DIAPH2,10.23218436673487,0.6122052417448824,0.24460569800840126,2.502824941240149,0.012320646825352435,0.02604787912336667,0.02604787912336667
SESN3,50.38655533401812,-0.61444736280031,0.21222609039752724,-2.8952489378161266,0.003788579540720195,0.008945878490484522,0.008945878490484522
ASAP1,16.586959776067086,-0.21037561313773667,0.24806370734719507,-0.8480709064115156,0.39639848310273085,0.49271737262101273,0.49271737262101273
IGF2R,19.728109403640033,0.2041235386423522,0.29722034901621164,0.6867751125318087,0.49222445526247616,0.5811386720926519,0.5811386720926519
PSMB3,583.9549970582249,0.07781345442053392,0.07821032847539286,0.9949255544300161,0.31977247312398505,0.41475028939557074,0.41475028939557074
PILRA,379.5231819929859,0.7438163222060649,0.22174016740451585,3.354450079624666,0.000795229003828755,0.0021319812435087264,0.0021319812435087264
PDCD4,182.0650737440642,0.36568651223983867,0.2207744429823603,1.656380635819594,0.09764476003886291,0.15659745863145402,0.15659745863145402
CASP1,515.5937853510707,0.8506075209216915,0.12347265470688382,6.889035656850331,5.617185988352124e-12,3.7953959380757595e-11,3.7953959380757595e-11
RNF13,192.00542805998842,0.2080321462824517,0.13001719971859169,1.600035585543413,0.1095906892674976,0.1727197624389245,0.1727197624389245
ITSN2,81.37757260767131,-0.07285124950679607,0.11824215391415259,-0.6161191004663895,0.5378159166775767,0.6224721257842323,0.6224721257842322
ERC1,12.514367296940218,-0.7251851743319546,0.23436469874992877,-3.0942594093735076,0.001973048881495264,0.004889836137534731,0.004889836137534732
GLS,21.105335112503717,0.7011441918319851,0.19266319877809374,3.639222208905351,0.0002734627557591129,0.0007858125165491748,0.000785812516549175
LITAF,325.7590835385812,-0.05233700316640934,0.10162514263944457,-0.5150005383224463,0.6065526438295533,0.6822864385034346,0.6822864385034345
SOD1,554.761975743485,-0.037254993093479676,0.09625833755134286,-0.38703133714114246,0.6987330086529164,0.7615618622920071,0.761561862292007
NSMCE2,46.325418883806336,-0.06435926564729649,0.15483869034251058,-0.4156536425419946,0.6776634677801203,0.7442761864691052,0.7442761864691052
CAMK2D,7.964502597709908,0.7203831281509342,0.3120866785116849,2.308279006288832,0.0209836233257295,0.041104061362839374,0.041104061362839374
LEPROTL1,330.3687604765164,0.09272561587899437,0.15909174716381475,0.582843658027817,0.5599985520111453,0.6429374879576869,0.6429374879576869
SETD2,54.24560026445314,-0.6092435460705624,0.1436633070291105,-4.240773504866565,2.2275082468416454e-05,7.525365698789343e-05,7.525365698789343e-05
LSP1,347.88910739119905,-0.6134200050095853,0.1783887382946968,-3.438670012880635,0.0005845793383976619,0.0016037841931348749,0.0016037841931348749
ROCK1,88.53872716655619,-0.2971409789624338,0.12035251905211315,-2.4689219744023014,0.013552076441088301,0.02832199883195047,0.028321998831950475
STK38,26.86849124325358,-0.1794585555090929,0.18863303237361262,-0.9513633601226933,0.3414199532858003,0.4363194291192336,0.43631942911923366
RB1,26.399376661538174,0.4134646322010563,0.18479219843329975,2.2374571854574006,0.025256474600648685,0.048616890472855986,0.048616890472855986
HLA-DQB1,505.109359684531,-0.6006839420515633,0.21001270621839496,-2.8602266637472122,0.004233383140965489,0.009856538162899858,0.009856538162899858
USP3,76.11722788411294,-0.24395178746767515,0.14293956702371097,-1.706677811800061,0.08788195350200143,0.1437153777628805,0.1437153777628805
ACAP2,45.341887865481524,0.03667213323229875,0.17636114488215535,0.20793771358653346,0.8352776015270889,0.8741785468624687,0.8741785468624688
ZNF706,513.2604773441391,0.0788406859327536,0.09985630222105045,0.7895414128016188,0.4297956352272293,0.522260707164033,0.522260707164033
C11orf58,438.05048886287466,0.03693646786678658,0.05260282971505545,0.7021764431090102,0.4825691345312785,0.5714258549807916,0.5714258549807916
SERPINB1,481.10613856575253,1.0223036798068277,0.17268172697660691,5.920161314725086,3.2162598914043342e-09,1.7199250756172912e-08,1.719925075617291e-08
UBE2D2,318.4138742603701,-0.2117820803433531,0.06658553878960188,-3.180601737151151,0.0014696952386470126,0.0037492225475689095,0.0037492225475689095
GPR155,30.465417154704713,1.879169063124021,0.3121412340049577,6.020252560077258,1.7414513162322722e-09,9.516127411105313e-09,9.516127411105313e-09
XRCC5,216.5098993069173,-0.3900749315134095,0.08763477212519247,-4.451143331053111,8.541430562529716e-06,3.105974750010806e-05,3.105974750010806e-05
RPS26,489.9161474057046,-0.7094665032407265,0.35196058746239256,-2.015755537732002,0.0438255449783573,0.07847008948676329,0.07847008948676329
RPL38,482.77020847807216,-0.010131235431525375,0.11798880651135779,-0.08586607264774838,0.931572881973475,0.9515555484918028,0.9515555484918028
ITK,27.242031333066947,0.3357347800132517,0.3151068508129253,1.0654632837944007,0.2866663322091939,0.37969050623734296,0.3796905062373429
PAPOLA,284.0415120215833,-0.13733267460995005,0.08074968649549802,-1.7007208395491005,0.08899541998280837,0.14529864486989122,0.14529864486989122
RASA3,15.724145606603685,-0.15933336586881447,0.25512069762032413,-0.6245411185960994,0.5322722752113397,0.618202410233844,0.6182024102338439
LRRC8C,16.91695289929178,-0.7523046918705012,0.2692663269228526,-2.793905574706502,0.005207568203441441,0.011866717508445358,0.01186671750844536
DOCK11,12.84944727759095,-0.20366317174359735,0.24051413265525226,-0.8467825549175678,0.3971163336273552,0.49271737262101273,0.49271737262101273
SEC61B,559.4809646121494,0.053770474222970634,0.09233970326438576,0.5823115336315924,0.5603568580941161,0.6429797568492439,0.6429797568492439
PPP4C,559.7354728852775,-0.29728978379456067,0.10135565889282776,-2.933134538732675,0.003355584482775275,0.007970509460273813,0.007970509460273813
BPTF,31.96997486799733,-0.3777895588726258,0.1795385799121737,-2.104224947403684,0.0353588293411809,0.06529793045462769,0.0652979304546277
WNK1,33.68227986544891,-0.7351834125138341,0.1717695586993572,-4.280056478462533,1.8684589134357576e-05,6.376992878620333e-05,6.376992878620333e-05
HNRNPM,349.78822005378385,-0.6690944161488057,0.09011778626790691,-7.424665472359547,1.130653114447503e-13,8.533231052433985e-13,8.533231052433985e-13
COX7A2,553.9918409431846,-0.0465091418945806,0.05267936596172292,-0.8828720893940591,0.3773053851613606,0.47446396043895755,0.47446396043895755
RAB1A,192.35121743070405,0.14633816193621393,0.16362884645066206,0.8943298514320231,0.3711454326902983,0.4689140021355633,0.4689140021355633
HERPUD1,527.7522487935954,0.06353308414142776,0.09397988757203267,0.6760285182585649,0.49902253883678227,0.5860511319281061,0.586051131928106
ZNRF2,9.519120924109224,1.2229247008516069,0.28095066321988965,4.352809446455975,1.3440396546759114e-05,4.732533995337716e-05,4.732533995337716e-05
LDLRAD4,32.32815767423354,-0.10470590475944914,0.18759355065234568,-0.5581530089672083,0.5767399057564524,0.657628170759923,0.6576281707599229
PRMT2,184.2798716825629,0.2525605615315633,0.1519758439422505,1.6618467447203922,0.09654350693001344,0.15521464136658109,0.15521464136658109
RAB2A,179.95355927577077,-0.15189597743705086,0.10189487724622925,-1.4907126004970181,0.1360369664489636,0.2078943916829878,0.2078943916829878
EIF3H,354.1532164435613,-0.4035350228427942,0.08108967765664288,-4.976404327952543,6.477626951302682e-07,2.71598614310385e-06,2.7159861431038498e-06
RNF149,159.5464704099906,0.24949455668433965,0.11121331432408889,2.2433874774856783,0.02487183870458055,0.04795903491079288,0.04795903491079288
PPDPF,530.3420399971283,-0.15520545709476732,0.08527932129698709,-1.819965904210951,0.06876419738288049,0.11569065801744077,0.11569065801744079
ALDOA,512.5377352339582,-0.8703610628604209,0.13711086639682651,-6.347863489837636,2.1832567567109698e-10,1.295701339294344e-09,1.2957013392943442e-09
GIMAP5,262.3865869240953,1.0213435968401372,0.2770639952904107,3.686309351634064,0.00022752974930187082,0.0006652916646253533,0.0006652916646253533
COMMD10,24.516269045274225,-0.05027868800888552,0.1704314668668437,-0.2950082454442977,0.7679875809282737,0.8196238857292141,0.8196238857292142
WASF2,172.09697229119072,0.11220367690516703,0.10099802340750393,1.1109492356345516,0.2665902008348051,0.3595282546659543,0.3595282546659543
KPNB1,129.74760212275856,1.2271102541206877,0.09616398674857811,12.760600882001514,2.720940443054642e-37,4.902595392891247e-36,4.902595392891247e-36
PPP6R3,18.357535067128588,-0.5536325059486498,0.2373573278851376,-2.3324854171621134,0.019675169197838197,0.03900611253589928,0.03900611253589928
PSMB1,510.7299397505861,-0.24958445450058975,0.07321652215211535,-3.408854274477155,0.0006523631780287016,0.0017703207002135728,0.0017703207002135728
ATP1B3,463.1411786999455,-0.7178365616226483,0.1504117044660754,-4.772478073902504,1.8197292452318115e-06,7.25301073422267e-06,7.25301073422267e-06
C4orf3,537.2794476544695,0.8328894930323218,0.09821117792677408,8.48059773454017,2.2403994786304723e-17,2.0093268866641006e-16,2.0093268866641008e-16
ITPR1,7.394890512174539,-0.5088914906357247,0.35452229323382856,-1.435428745520611,0.1511649595360256,0.22718175046388242,0.2271817504638824
EZR,240.16323168449037,-0.09598221921004782,0.11581296216825893,-0.8287692276672796,0.40723500412300395,0.5016225314371271,0.5016225314371271
ATP8A1,9.108214693787156,-0.23518776865086943,0.3707465868033346,-0.6343625997442469,0.5258442116255975,0.6125150979913773,0.6125150979913774
IRF2,175.24813709190528,2.065504503869664,0.12530277262507936,16.484108536447923,4.77282551963851e-61,1.909130207855404e-59,1.9091302078554041e-59
CNOT6L,33.35858288318575,-0.2059437590039993,0.18249636895205218,-1.1284814058854373,0.2591166652564262,0.352539680620988,0.352539680620988
PPP2R2A,96.33873575911439,1.0468677799420467,0.09981697887325637,10.48787282243152,9.821461204508452e-26,1.309528160601127e-24,1.3095281606011271e-24
IER2,525.2867190973427,0.3009332280536656,0.08127888932458474,3.702477119881622,0.00021350462045351479,0.0006326062828252289,0.000632606282825229
PAFAH1B1,133.26178672247846,-0.03328821223311463,0.09276878360229694,-0.358829888034561,0.7197223522367721,0.7789202946285412,0.7789202946285412
SRPK2,38.83347402628663,-0.2845892117366942,0.15420679494242462,-1.8455037071677014,0.0649642997227264,0.11020237442362409,0.11020237442362409
RAB8B,106.57728072903436,0.8044708727728737,0.15559157452258524,5.17040125881687,2.335918749378086e-07,1.0200518556236184e-06,1.0200518556236184e-06
FAF1,9.153249702957186,0.182507492308174,0.2759642601819382,0.6613446690084076,0.5083913011724851,0.5953059732698889,0.5953059732698889
ODF2L,94.60421892528427,1.8489980961721253,0.17429737611725737,10.608295645989669,2.7267753357056176e-26,3.6848315347373214e-25,3.6848315347373214e-25
PCED1B,16.231855098278587,0.22305223452020764,0.326439831643769,0.6832874327775533,0.4944252337249737,0.5830486246756765,0.5830486246756765
SORL1,40.3237125416987,-2.108969996165559,0.22602077102800136,-9.330868072759039,1.050073126525321e-20,1.1476209033063616e-19,1.1476209033063618e-19
GRN,448.6528963453262,-0.09451617200010286,0.2166856121604797,-0.43619034534744816,0.662698632177085,0.7314554439040674,0.7314554439040674
IL2RG,451.95602544647613,0.11496516749470947,0.10254148468174658,1.1211576256333884,0.26222077324273463,0.3549936484599416,0.35499364845994164
PARP4,18.967126137272814,0.9783929519320306,0.216959109118309,4.5095730523050195,6.4958223684278825e-06,2.4193006958763064e-05,2.4193006958763064e-05
STK10,22.840639737936428,-0.1766302609275323,0.17289510340433978,-1.0216036050162585,0.30696855074886753,0.40205442141305503,0.40205442141305503
POMP,493.5462005067327,0.6239167700011283,0.1281725433103479,4.867788013618647,1.1285429031111745e-06,4.615717395137728e-06,4.615717395137729e-06
PCBP2,304.2003551659875,-0.30640677890740503,0.08149208244340245,-3.759957651348638,0.00016994212259281163,0.0005118738632313603,0.0005118738632313603
SH3BGRL,188.14543197539484,0.1424016091620708,0.0897113705570448,1.5873306614073168,0.1124377743706368,0.1765114197341237,0.1765114197341237
SLC9A9,8.142613281566728,0.6831404585800263,0.3525727007504771,1.9375875021688043,0.052673568448321016,0.09268464486965644,0.09268464486965644
NDUFV2,395.6779915320191,0.1256831303948816,0.095966756350156,1.3096527920178818,0.19031332051572736,0.2738321158499674,0.2738321158499674
MYO9B,35.23265796052441,-0.7147516151457094,0.22471992254326906,-3.180633061174567,0.0014695363528428747,0.0037492225475689095,0.0037492225475689095
SYNE1,12.25664541422361,0.17641073125135187,0.25563838793241456,0.6900791883337615,0.49014439007113997,0.5790246781702776,0.5790246781702776
APBB1IP,89.96785169413286,-0.2600521127966677,0.11185459720283365,-2.324912156494536,0.020076657816568033,0.039677189360806386,0.03967718936080639
TPI1,506.1474339742556,-0.8797535972337307,0.08474008397339425,-10.381788121781257,3.0010087129387693e-25,3.948695674919433e-24,3.948695674919433e-24
SPPL2A,235.69136229602304,0.5440696117907504,0.14369857896432714,3.7861864446538087,0.00015297691322983654,0.0004642698428826602,0.00046426984288266016
SNX6,230.77790011574757,1.086244628686707,0.07605326454202015,14.282682475602957,2.805894489837541e-46,6.602104681970685e-45,6.602104681970685e-45
NOP10,548.9887097998894,-0.30424728189673494,0.10780582616010098,-2.8221784734055224,0.004769862435021903,0.011015848579727257,0.011015848579727257
RCSD1,27.543342716273088,0.3431330038844607,0.24340760505564416,1.4097053533147368,0.1586267033723583,0.23535119194711912,0.23535119194711912
RNF130,189.65550661464673,-1.2642757280116594,0.20771302280060167,-6.086646426715992,1.1530020876538129e-09,6.405567153632294e-09,6.405567153632294e-09
CREBBP,22.68734001006188,-0.02949498623751643,0.20253178640164277,-0.14563139328176683,0.8842123839276336,0.9175159105204882,0.9175159105204881
ATF7IP,21.799942389397025,0.015102946477392838,0.2286922395565123,0.06604048526824076,0.947345593207194,0.961772175844867,0.9617721758448671
TCF7,41.54577715779161,-0.29653007551178295,0.3359931876468146,-0.8825478801775173,0.3774805993613234,0.47446396043895755,0.47446396043895755
PPP3CA,13.204190793723455,-0.43775251326661,0.23470284954516704,-1.8651350595654672,0.062162475379560336,0.10626064167446211,0.10626064167446211
STAT4,33.95717882862503,0.17317434687570651,0.17541634968006933,0.9872189632924646,0.32353530731182145,0.4180042730126892,0.4180042730126892
VMO1,538.446835224828,-0.8250522963194226,0.44701152766476987,-1.8457069790337919,0.06493476332171878,0.11020237442362409,0.11020237442362409
SUCLG2,21.357372424597397,0.20445748646578676,0.23843498674536182,0.8574978414729817,0.391169807229103,0.48774137316497657,0.48774137316497657
C3AR1,524.358610059905,0.7994261344776387,0.22015583735978297,3.6311830022985077,0.00028212503798454264,0.0008072247152633552,0.0008072247152633552
VAV3,20.186423459919595,0.3923079889807461,0.20780434899769937,1.8878718894621853,0.05904315116427804,0.1018681821294465,0.1018681821294465
CDC42,308.3833088406492,-0.18007520464923812,0.13104639831084394,-1.3741331846610323,0.16940033889964146,0.24893510492232396,0.24893510492232399
ARHGAP10,27.623276648920466,-0.25899446093103395,0.30554254784973295,-0.8476543209897186,0.3966305126388441,0.49271737262101273,0.49271737262101273
ANKHD1,15.630021729654093,-0.7992398063140861,0.2136116468532679,-3.741555379061763,0.00018288486556571586,0.0005475594777416642,0.0005475594777416642
OST4,528.7953260945021,-0.06461937712040428,0.05604864743628319,-1.1529159056668477,0.2489449028775902,0.3414882069651443,0.34148820696514426
MSI2,13.916246202027565,-0.14893880446191546,0.2531088445148993,-0.5884377716921233,0.5562384910109099,0.6389873532577943,0.6389873532577943
PHIP,43.78064390836079,-0.011463559459549017,0.1418095029044203,-0.0808377381258819,0.935570995579598,0.9536911269924546,0.9536911269924547
HSP90B1,259.647048899923,-0.29526313653062236,0.18198235443672978,-1.62248223155766,0.10470013460366567,0.16632269198358327,0.1663226919835833
MATR3,146.32062399400075,-0.19474665560295268,0.10184739049464887,-1.9121418296248327,0.05585800486110456,0.09722890315248835,0.09722890315248836
ELF2,38.07564954988625,0.005128429449097003,0.15951039770333256,0.0321510667827133,0.9743515790342311,0.976793562941585,0.976793562941585
COPE,488.2436942132679,-0.0787035421016546,0.05816230373518491,-1.3531709895810642,0.17600101087192666,0.2565612403380855,0.25656124033808553
KMT2A,23.749921001846005,-0.38276636567904665,0.18712440657682503,-2.045518127117745,0.0408038039477657,0.07398695185451623,0.07398695185451623
EPC1,90.01745324639664,-0.06740725867120077,0.10985916561411174,-0.6135788333580982,0.5394936741943497,0.623692108895202,0.6236921088952019
CYLD,136.0050344505512,0.5063704072351207,0.12709038676556028,3.9843328840379297,6.76699586689412e-05,0.00021550942251255162,0.00021550942251255162
OSBPL8,134.210668245235,-0.7088477084940805,0.08517451245456406,-8.322298397331151,8.627378294134787e-17,7.502068081856336e-16,7.502068081856337e-16
COX7C,505.4036727855016,0.0027377274006244413,0.06706144930712354,0.04082416095850211,0.9674360777525232,0.9732022604936295,0.9732022604936295
CEP350,29.149185809892813,-0.19047140373239904,0.16213682582960812,-1.174757201257709,0.24009186730274534,0.331389740928565,0.33138974092856505
CUX1,28.750570818765098,-0.19593005496620441,0.22089157389702394,-0.8869965092355393,0.37508077987169197,0.4726915940411997,0.4726915940411997
GCH1,140.45623709548897,2.7426790616772405,0.1866487512115906,14.694333842973627,7.008431032728651e-49,1.9201180911585346e-47,1.9201180911585348e-47
WAC,50.05739221220997,0.07392247000954731,0.15151807295565137,0.4878788950225368,0.6256356243368979,0.6983501892021627,0.6983501892021627
ZNF148,48.559927610736665,-0.08037202239815841,0.1449888936877152,-0.5543322688651445,0.5793514701818545,0.6594780537072903,0.6594780537072903
FKBP5,36.87635871365846,0.9073931340733209,0.19133278432895395,4.742486434072172,2.1111096999819455e-06,8.327848915116156e-06,8.327848915116156e-06
BID,477.6360944562476,-0.006224886220622888,0.12454741118541135,-0.049980053068754825,0.9601382837978997,0.9698366503009088,0.9698366503009088
CUL1,70.71551705181534,1.0330652412814885,0.16774246082676061,6.158638881233579,7.337282269846069e-10,4.122068690924758e-09,4.122068690924758e-09
TRPS1,13.1700014491431,-0.9453913136964353,0.2658766653241969,-3.5557513576592803,0.0003769004045664305,0.0010616912804688181,0.0010616912804688183
RBM25,69.02260813136562,-0.374610960393968,0.10260532800091006,-3.650989355939152,0.00026123206744810024,0.0007550059752835268,0.0007550059752835267
TNS3,7.174087207955267,-1.018099123667622,0.3162114920514845,-3.219677808236831,0.001283347453008412,0.0033204332548729936,0.003320433254872994
COG5,7.435850025387097,-0.5273406525812453,0.3083583357734875,-1.7101553335941497,0.08723715284368,0.14277766422860882,0.14277766422860882
CEP85L,9.672030580680662,-0.17079371236685648,0.25973651664560565,-0.6575652687292095,0.5108175180987544,0.5977969784654821,0.5977969784654821
GMFG,459.51442501361004,-0.42906687985108627,0.10254629675894421,-4.184128470867111,2.8626219708946206e-05,9.573986524731173e-05,9.573986524731172e-05
DEK,267.8923734987931,0.9992625649944842,0.11523444432386762,8.671561448988692,4.262344971657507e-18,4.0054201434678816e-17,4.0054201434678816e-17
WTAP,317.6093241489512,0.3503390482002806,0.20409049138500102,1.7165868229470473,0.0860546918026439,0.14111491791847297,0.14111491791847294
EDF1,480.71633098878357,-0.36140997312869083,0.055109721119751834,-6.55800765791134,5.453140956916932e-11,3.3661363931586e-10,3.3661363931586003e-10
ADAM19,12.798052223613972,3.1534429489787548,0.3738996450664789,8.433928704099403,3.342503884456633e-17,2.944937343133597e-16,2.9449373431335974e-16
ZNF207,137.6405499307072,0.15139078070250617,0.10060808416698237,1.5047576142215189,0.13238640463530543,0.20354885894575495,0.20354885894575497
CDK17,26.310923527946997,0.6605421837592431,0.16891361331369473,3.910532554487066,9.209284643986926e-05,0.0002882405209385579,0.0002882405209385579
ASCC3,17.534234073737995,0.23753835327999787,0.21744489609359674,1.0924071226659287,0.27465419368731414,0.3689109384651634,0.3689109384651634
CELF1,47.00887962004013,0.03169899015792467,0.12699654005509683,0.24960514785814017,0.8028927171661142,0.8495456547416289,0.8495456547416289
NT5C2,47.85359985781734,1.4495619397675146,0.1822666926060381,7.952972202665039,1.820892126168591e-15,1.48644255197436e-14,1.48644255197436e-14
ATXN7,13.97171646507912,0.13571800258996625,0.20894693971081993,0.6495333350074346,0.5159937071112591,0.6027963868122186,0.6027963868122186
MGAT4A,53.9743359175511,-0.39878848016384855,0.17134073250465834,-2.327458709522013,0.019940864163772467,0.03944780250004445,0.03944780250004445
APOL3,150.59247989677675,1.956285615911423,0.15857606700652327,12.336575454547932,5.755209068529415e-35,9.922774256085199e-34,9.922774256085197e-34
PHF3,37.673136230216016,0.08159908318996126,0.1481776221586978,0.5506842531362048,0.5818501410974657,0.6615692337663055,0.6615692337663055
ZNF638,37.557990263486246,-0.47579812023090434,0.13464910522825035,-3.5336151653169576,0.0004099174596321559,0.0011514535382925728,0.0011514535382925726
RSF1,92.44437530769434,0.08014687648091211,0.10562793272099069,0.7587659288250473,0.44799259036122896,0.5374836117111325,0.5374836117111326
PHF21A,6.346403070885184,-0.6571923373588575,0.3272580564830576,-2.0081777188971386,0.04462440981671787,0.07982899788321622,0.07982899788321624
AIF1,448.84120019687134,-0.36821120049097955,0.2573950773010132,-1.4305293028598653,0.15256516182042312,0.2289678520351546,0.22896785203515457
LIMD2,411.60052690566647,-0.16538444714135325,0.19522290663844338,-0.8471569755266908,0.3969076311795312,0.49271737262101273,0.49271737262101273
MAP4,29.101813951078412,0.2723462843260425,0.15490687603984735,1.758129085606153,0.07872554786265404,0.13055646411717087,0.13055646411717087
ANKIB1,16.48930968599592,1.0857079512136496,0.20515614028260526,5.2921055627098115,1.2091605899651387e-07,5.49618449984154e-07,5.496184499841539e-07
GCC2,136.96767794138165,-0.1031764782531949,0.12182005046483199,-0.8469580981086585,0.39701847742406615,0.49271737262101273,0.49271737262101273
SCAPER,14.298512944018716,0.561396804359596,0.20502419114469492,2.7381978742371564,0.006177689363478347,0.013873788345805766,0.013873788345805766
STK17B,58.541828752121766,0.1897358594918385,0.13022371514300093,1.456999282223566,0.14511657835298453,0.22013459575925606,0.22013459575925604
ADD3,42.94576525794757,0.026348929048319335,0.26676610153200403,0.0987716538833111,0.9213195753371021,0.9463991528886513,0.9463991528886513
ANTXR2,40.52122084193843,0.2523093591572102,0.16157245619768595,1.5615864553578769,0.11838544233404288,0.185266732917125,0.185266732917125
GAS7,7.910007016156975,0.1773283660049175,0.3391352076843538,0.5228839766172666,0.601054995840429,0.6772450657356947,0.6772450657356947
SMG1,21.707330176447083,0.039307062541710354,0.17006063807136795,0.23113557015595038,0.8172094821966289,0.8584133216351144,0.8584133216351144
TRAF3,38.57495279708865,-0.6812868548842413,0.14829627817807214,-4.594092739577466,4.346360660079564e-06,1.6469346894526502e-05,1.64693468945265e-05
BRK1,496.6064048817451,-0.9129063603112355,0.05921415423707036,-15.41702945981994,1.257572523270396e-53,4.262957706001342e-52,4.262957706001342e-52
PSMA5,400.2555599181818,0.692318622273107,0.07195591937173487,9.621426955807307,6.492415395894062e-22,7.638135759875367e-21,7.638135759875366e-21
ZNF292,17.30930510918241,-0.5219298737441398,0.23959019441844717,-2.178427522925179,0.02937422267150266,0.055685730182943434,0.055685730182943434
GMDS,10.895999582156238,1.500985719131386,0.2645508920385399,5.673712560805585,1.3973552279451455e-08,7.093173745914444e-08,7.093173745914444e-08
EIF3K,475.10201525965874,-0.3504169907211603,0.08051273799107435,-4.352317402992897,1.3470605156557643e-05,4.7348348529200856e-05,4.7348348529200856e-05
GNAS,228.0382582409161,-0.11889239530574759,0.08322179421586236,-1.4286209090537285,0.1531132211474055,0.22938310284255506,0.2293831028425551
SRSF5,376.1618825850492,-0.604729246258523,0.06926096273025216,-8.731170090917407,2.520512885710307e-18,2.4004884625812446e-17,2.4004884625812446e-17
THEMIS,9.592886816448491,0.03301842166082959,0.37287011114841817,0.08855207396252486,0.9294378978178651,0.950831609020834,0.950831609020834
AKNA,23.50761923051065,0.1973620827594082,0.18237526956627828,1.0821756876838142,0.2791744693724142,0.3732279002305003,0.3732279002305003
UBE2B,404.07058953667956,0.24496977485931642,0.07132228165261528,3.434687858872414,0.0005932367249754461,0.0016208653687853718,0.0016208653687853718
HCLS1,255.10768600426098,-0.6817739218731176,0.09283750742019231,-7.343733592365176,2.0771637900908121e-13,1.550122231411054e-12,1.5501222314110538e-12
GSK3B,25.288147466421663,-0.018100864124254157,0.2018416024046943,-0.08967855936835935,0.9285426544241937,0.9504018980800345,0.9504018980800345
TMA7,481.982646994749,-0.0516289354604729,0.09556303405165428,-0.5402605303695792,0.5890173739487723,0.668198949459753,0.668198949459753
TRIM14,56.687175723140015,2.1306320763780424,0.1465228583044355,14.541294792046411,6.63261312844302e-48,1.7006700329341078e-46,1.7006700329341078e-46
PARP11,40.82428837800583,2.4978719477613573,0.1783069830134396,14.008828513312258,1.3765695465407316e-44,3.1285671512289355e-43,3.128567151228936e-43
IFITM1,122.94417398982559,3.4961787560936033,0.20125055563588484,17.3722688369572,1.3382809625536202e-67,6.528199817334732e-66,6.528199817334732e-66
GDI2,253.85807504254268,0.07871958191733748,0.08807853117836795,0.8937431274588623,0.3714593446295602,0.46901432402722243,0.46901432402722243
HBA1,517.8482685515713,-0.3979657245025863,0.747487662935552,-0.5324044050970493,0.5944459348668358,0.672070022461092,0.6720700224610919
NDUFA12,477.23448867985604,-0.046289997314407264,0.30455110316253214,-0.15199418696475162,0.879191520513222,0.9134457355981527,0.9134457355981528
CLTA,378.8032781779275,-0.2464674978504202,0.13657030551532787,-1.8046931719191188,0.07112270890329861,0.11933340420016546,0.11933340420016546
NFATC3,15.073090127620809,-0.23474238391722851,0.2061512135114104,-1.1386902842763793,0.25483235649511704,0.34800493678433286,0.3480049367843328
CAMKMT,6.700796946332055,0.17546550297314162,0.35083286196225605,0.5001398728492511,0.6169765921354364,0.6916777938738076,0.6916777938738077
FUS,135.1145114497385,-0.07205852199220036,0.08699837010332724,-0.8282743907341833,0.40751512262364187,0.5016225314371271,0.5016225314371271
SGMS1,12.303020522117126,0.05950688977137529,0.23884043465118363,0.2491491436878458,0.8032454165582101,0.8495456547416289,0.8495456547416289
DYM,11.200806783364847,-0.33708478480638915,0.24304974808820032,-1.3868962525485296,0.165473400730912,0.2438812096255151,0.24388120962551507
MGAT1,186.6476534294792,0.31026363067348595,0.1314015914783784,2.3611862473107,0.018216579243835844,0.036689988406517306,0.03668998840651731
THRAP3,166.7939413421218,0.1321594655861016,0.0879073982459207,1.5033941195300293,0.13273744209742455,0.20389776051831726,0.2038977605183173
RPS21,420.84585811174463,0.046901899968699395,0.1309537711302678,0.35815616124596505,0.7202264522448341,0.7790442966412483,0.7790442966412483
PLXDC2,47.62454047498608,-2.497589643351686,0.2910488047274758,-8.58134306955945,9.377175287688256e-18,8.722953755989076e-17,8.722953755989076e-17
MARCKS,94.7811579712509,1.9956048186395594,0.18522521724203675,10.773936985220919,4.570306595394234e-27,6.575980712797459e-26,6.575980712797459e-26
RGCC,482.9836481089456,-1.4705203025868616,0.1844640104303229,-7.9718547762048,1.5631042498918165e-15,1.2865055554665156e-14,1.2865055554665156e-14
SEMA4D,28.99605881754235,-0.26873182760952596,0.19188040446366905,-1.400517308480075,0.16135846398114884,0.23887263357683025,0.23887263357683028
LILRB4,335.95303989345973,1.0097905154101636,0.2329378876862557,4.335020487393839,1.4574654776047844e-05,5.096033138478268e-05,5.096033138478267e-05
TOP1,110.83525820943765,0.41982540469451923,0.10323311109456322,4.066770828111073,4.766907932816595e-05,0.00015426886513969564,0.00015426886513969564
NRIP1,11.386517904360007,0.4882864207004894,0.27255180034239507,1.7915362147198304,0.07320728852129396,0.1223179423914686,0.1223179423914686
PREX1,13.593342211445012,-1.4723184921712102,0.2618970919277515,-5.6217443322256235,1.8903889296402477e-08,9.47563373253257e-08,9.47563373253257e-08
MYO1F,81.58889408672903,-1.100060010497743,0.21207693207681688,-5.1870799889697,2.1361699481309046e-07,9.410440300136143e-07,9.410440300136144e-07
ALPK1,8.842148880224002,1.6241660512755003,0.3403253523740624,4.772392182790801,1.8205056942898901e-06,7.25301073422267e-06,7.25301073422267e-06
RASA2,11.798754027029588,0.12609330080838427,0.2866116209046374,0.4399448299074327,0.6599770658361275,0.7292535302748899,0.7292535302748899
MAP4K4,18.42785794920765,-0.5513507953659569,0.21289579710150808,-2.589768341472117,0.009604053799959033,0.020743096760170696,0.020743096760170696
CCNH,79.80306804604676,-0.7148037627193216,0.1530384670923664,-4.670745704005919,3.001082749470461e-06,1.1632103680118066e-05,1.1632103680118066e-05
LMNA,451.4315336110575,-0.4506247593688892,0.17535458946064902,-2.569791647626155,0.010175969631909533,0.0218838056600205,0.0218838056600205
SEC62,351.8186047680889,-0.6660293670629149,0.08962950150157409,-7.430916784148554,1.0784754839897086e-13,8.170268818103853e-13,8.170268818103853e-13
IL10RA,148.6028790979126,0.3843408831420277,0.15312242191974484,2.5100235375291415,0.012072311451988284,0.02557693104234806,0.02557693104234806
SNX2,286.37980400825234,1.054806974743135,0.12776862458856045,8.25560248566357,1.511378711532375e-16,1.297320782431223e-15,1.2973207824312232e-15
PUM2,12.096677582552832,-0.2476464594328798,0.22937889968360747,-1.0796392334886495,0.28030286332730303,0.3738891595268804,0.37388915952688045
PHF11,181.48900557217215,2.095632195559059,0.08907895745779894,23.52555817182596,2.2339251178689664e-122,5.584812794672416e-120,5.584812794672416e-120
RNF19A,36.465788396466934,0.6615183649500557,0.14742388294138187,4.487185873493009,7.217010745700419e-06,2.6680261536785283e-05,2.6680261536785283e-05
HNRNPF,330.66708308613823,0.26797865231953205,0.09005511472313127,2.975718293662891,0.0029230323430155898,0.00699290034214256,0.006992900342142559
MED13,20.438379825050752,0.3715801116041111,0.199330892952924,1.8641370943532931,0.06230245450654851,0.10640897439205552,0.10640897439205553
CXCL16,478.16785335541294,-0.4889110260914418,0.2062011343903656,-2.3710394588124313,0.017738137261605308,0.03583462073051578,0.03583462073051577
PIK3AP1,27.512421732609923,1.6014983415275938,0.21093192123140816,7.592489236233855,3.1381755942762885e-14,2.4326942591289054e-13,2.432694259128906e-13
HNRNPA3,281.0043503310337,-0.46999365439235585,0.07875059739440528,-5.9681281151239345,2.3999090211079836e-09,1.297248119517829e-08,1.297248119517829e-08
EPS15,20.356514485437092,-0.020956097909327297,0.21861382811896887,-0.095858976944144,0.9236325761405263,0.947315462708232,0.9473154627082322
ARL6IP5,328.6501440849236,-0.5744105384314324,0.0800221527022957,-7.178144039293677,7.066409233173556e-13,5.0474351665525406e-12,5.0474351665525406e-12
HIVEP3,7.004597496169388,-0.6700243122683236,0.29444927015890693,-2.2755169741352326,0.02287493560567249,0.04428835548048885,0.04428835548048885
PRDM2,29.688850356557214,-0.4330800193029106,0.1525286949192408,-2.839334720147006,0.004520770803439339,0.010464747230183655,0.010464747230183655
FPR3,128.73757616175897,0.4367183069666186,0.3079344668468739,1.4182183353440094,0.15612703040034723,0.23271570109766743,0.2327157010976674
NEK7,21.49971099236057,0.3960942518697403,0.1756254281668357,2.2553354374941073,0.024112281875950003,0.04659378140280194,0.04659378140280194
IFNAR2,41.751598830721704,-0.502489644568658,0.19873937993405916,-2.5283848864547216,0.011458865630590998,0.02443254931895735,0.02443254931895735
EXT1,7.328148394232119,3.2581454469978492,0.4860959515319239,6.702679659704743,2.046317420640903e-11,1.324477294913206e-10,1.324477294913206e-10
PHC3,10.677603395368585,0.1348676391527472,0.27002640533945843,0.49946092858289537,0.6174547053021454,0.6918260003385382,0.6918260003385382
MGLL,43.61160711604678,0.7529841742233562,0.23761815988957424,3.1688831130300916,0.0015302592305412367,0.0038789841078358347,0.0038789841078358343
PGAP1,20.06784068820759,2.2652751458069,0.22964890851145406,9.864079740200097,5.95782492777273e-23,7.092648723538965e-22,7.092648723538966e-22
SNX29,7.1722361042003895,-1.1157855165479795,0.3159582835513087,-3.5314330233940083,0.00041331451807430055,0.0011593675121298753,0.0011593675121298753
IGLL5,62.93734781258067,0.5928548948711561,0.639052980871128,0.9277085196645247,0.3535587879098514,0.4495343775077577,0.44953437750775765
CXCL3,479.6070528332012,-1.9371340242739639,0.4094648655810611,-4.730891920421613,2.2353551590861347e-06,8.783320860849251e-06,8.783320860849251e-06
XPO6,13.414803956787802,0.6317344824357701,0.2240759849104806,2.819286871318008,0.004813048188036375,0.01110276398624308,0.01110276398624308
WDFY1,29.232737203385206,1.406888582365043,0.23025885845067365,6.110030214826365,9.961227939523782e-10,5.564931809789823e-09,5.564931809789823e-09
BRAF,21.17370873062164,-0.42977396979284554,0.19592906077412964,-2.193518246322307,0.028270061435857627,0.053796501305152476,0.053796501305152476
PPP1CA,448.29093603910144,-0.5871209861342326,0.08577998046987416,-6.844498948567946,7.674400118090614e-12,5.116266745393743e-11,5.1162667453937426e-11
SENP6,30.171598998455856,-0.24933349402844956,0.1659312047839877,-1.5026317343566358,0.13293403530417153,0.20389778095434619,0.20389778095434619
KHDRBS1,251.92157546015153,0.30357847937936155,0.08998282134070036,3.3737381742002475,0.0007415486414372604,0.0019960932474758016,0.001996093247475802
LPIN2,44.01883727739026,1.5795124139822039,0.18809796156468914,8.397286184512907,4.569155034321336e-17,4.008030731860821e-16,4.008030731860821e-16
RPL17,368.96330967745155,-0.6740400792800116,0.1487251721802763,-4.532118332080182,5.8395120857263725e-06,2.178922420047154e-05,2.178922420047154e-05
GLG1,26.418874126916364,-0.7742445349818324,0.2315781317959348,-3.3433404483290836,0.0008277627902032316,0.002207367440541951,0.002207367440541951
LAPTM4A,440.72405304179006,-0.09368340334888492,0.11374314536137196,-0.8236399921177185,0.41014414528162424,0.5038625863410617,0.5038625863410617
NCL,145.8562021231011,0.036629479668231504,0.10999506377098492,0.3330102134809964,0.7391265735191141,0.795187276513302,0.7951872765133019
GATAD2B,13.883440107626079,-0.6241982713270131,0.2248114239110718,-2.776541603036712,0.005494060332273899,0.012472327655559362,0.01247232765555936
PTGES3,312.78051013377535,0.016693688248857447,0.07666461298729808,0.21774959265265298,0.8276242213107251,0.8670761878582768,0.8670761878582768
ATG3,362.0560862869786,1.0108332448118251,0.11162991910804224,9.055217928031274,1.3629535033246092e-19,1.3837091404310753e-18,1.3837091404310755e-18
PIK3CD,11.918879907029497,-0.31112910261037785,0.24280156022716193,-1.2814131108518807,0.2000486014468016,0.2839582703290299,0.2839582703290299
CCM2,62.2660993843401,-0.3344534248365694,0.12460141430122604,-2.684186425268196,0.007270655179163074,0.01605001143303107,0.01605001143303107
PPP1R16B,6.895485141016909,-0.15075919773632032,0.31238548192416454,-0.4826062876152452,0.6293753138119791,0.7012538315453807,0.7012538315453807
KDM7A,28.093794605164483,-0.11988208976315719,0.16723844779544067,-0.716833308030891,0.4734769569345697,0.5623241768819117,0.5623241768819118
TLE4,56.075241688803914,0.35433510484461156,0.12398627320245269,2.8578575328740676,0.004265118386566791,0.009907359782965832,0.00990735978296583
NDUFA4,437.7187572449658,-0.4533257916321664,0.06912302258434912,-6.558246076102707,5.4444315671494156e-11,3.3661363931586e-10,3.3661363931586003e-10
ADA,439.98472869631,-0.09676144183734169,0.17931412340510952,-0.5396197466204967,0.5894592957710372,0.6683211970193165,0.6683211970193166
FARS2,12.976760420843844,0.06214492557990174,0.2551428001735177,0.24356919159638515,0.8075644913019335,0.8517266353923809,0.8517266353923809
GPATCH8,41.016110043693715,-0.11351615417166483,0.13857946413365985,-0.8191412405966481,0.4127058348263798,0.5066983852994227,0.5066983852994227
MAP3K1,8.150741205633594,-0.6826823447230107,0.30890299159693385,-2.2100217974379337,0.02710364954615047,0.0517245220346383,0.051724522034638294
GRAP2,37.775129242461645,0.18558022862872484,0.27100554044982494,0.6847838915790871,0.49348030169290147,0.5822776421155179,0.582277642115518
GUK1,439.1910431534203,-0.17036421087038048,0.05838774224067245,-2.9178078194588264,0.00352501531224298,0.008353116853656351,0.008353116853656351
SMARCA2,9.403309069547278,-0.08289281337324435,0.3182679715797376,-0.260449749190288,0.7945168723249799,0.8431861728322294,0.8431861728322293
CAPG,437.20209700916723,-0.16230499558175068,0.2937604382650277,-0.5525080114270553,0.5806003470555762,0.660523716786776,0.6605237167867761
IPCEF1,14.39575642120986,1.3340316201201143,0.31227118544420596,4.27202919226266,1.937022107909513e-05,6.588510571120792e-05,6.588510571120792e-05
CD2,264.1885560403857,-0.053124885271129726,0.21407825674606096,-0.24815638018832673,0.8040134144429071,0.8495639549641752,0.849563954964175
R3HDM2,6.792807111853017,0.26899494569532295,0.31767641752774023,0.8467576781075784,0.39713020233253626,0.49271737262101273,0.49271737262101273
CD37,396.28309063730836,-0.07064205343813491,0.10468198438842491,-0.6748253183280893,0.499786752756029,0.5866041699014426,0.5866041699014426
NCK2,8.358070580970452,-0.29711831187784177,0.3517170515433191,-0.8447651615811618,0.3982419695494126,0.4932758313323904,0.49327583133239034
EIF3E,325.90233714720387,-0.30062190244554926,0.17689774208815168,-1.6994106250137628,0.08924184141415371,0.1455821230247206,0.14558212302472057
RNF38,7.326069238552371,0.34881808626789607,0.2830588252702971,1.232316589792968,0.21783084505830352,0.30496019591356743,0.30496019591356743
IKZF3,6.3624838403625645,0.35229303858977373,0.32570284551479944,1.0816394251420995,0.2794127789386268,0.3732325743649213,0.3732325743649213
BMPR2,13.726641512368545,0.5500095982415563,0.3025282605967101,1.8180436999727272,0.06905745387184659,0.11606294768377577,0.11606294768377579
PPP3CC,37.51369654482562,0.5616392461631414,0.183537855172729,3.06007306032087,0.0022128300398578005,0.005397146438677562,0.005397146438677562
MTDH,206.53875553618005,-0.38516956860286294,0.07694844037749583,-5.005553936028946,5.570161271724992e-07,2.34040389568277e-06,2.34040389568277e-06
TRAM1,293.93899576438616,0.7142824025050357,0.07957020081549536,8.976757569850667,2.7886345183563224e-19,2.802647757142033e-18,2.8026477571420325e-18
CASP8,76.28926915316234,1.1564799752647257,0.12256269477884382,9.435823660303132,3.879342403884337e-21,4.358811689757682e-20,4.3588116897576816e-20
ARID2,9.129821842926317,-0.06107426511517006,0.24764933446854676,-0.2466159065043921,0.8052054931056147,0.8502697920861824,0.8502697920861825
PARK7,425.29485953587994,-0.6803200462760393,0.12391466556908319,-5.49023025766677,4.014100937424102e-08,1.937491105992029e-07,1.9374911059920288e-07
GHITM,408.6564940063141,-0.17308291164258338,0.07288254780802308,-2.374819718137378,0.01755752331179267,0.0355056083150509,0.0355056083150509
HELB,17.384499549614922,2.192576120216942,0.27254101811182296,8.044939933838998,8.628773545163871e-16,7.160807921297819e-15,7.160807921297819e-15
PCM1,34.33985867940985,-0.5461188616746552,0.14944737850878864,-3.6542552109238855,0.00025792961212067365,0.0007476220641178947,0.0007476220641178947
CHD1,109.55523385648803,-0.18772914439506938,0.1178612096076295,-1.5927983856608674,0.11120542741527538,0.1747831778671365,0.1747831778671365
ISCU,428.5448819180526,-0.5406925642370447,0.09359869603062045,-5.776710436865052,7.617521418421189e-09,3.967459072094369e-08,3.9674590720943693e-08
HLA-F,255.57112432552088,0.6558603677225328,0.1436719014811411,4.564987036164642,4.995252081567213e-06,1.881450878179741e-05,1.881450878179741e-05
CSNK1A1,144.64010093456773,-0.11869029237517799,0.10485514887686867,-1.1319452944991373,0.25765743436191735,0.3510319269235931,0.35103192692359314
CIB1,455.60254110992094,-0.5027099281874394,0.11265830518289971,-4.462253602797366,8.110216053965864e-06,2.9545413675649778e-05,2.954541367564978e-05
ZNF609,7.993619824410516,-0.48251958270197665,0.2963115549210561,-1.6284197314901556,0.10343591657641955,0.1647068735293305,0.1647068735293305
REL,119.94760081682008,-0.42528466607185605,0.12255892175794207,-3.4700424903525775,0.0005203760363618166,0.00144148486526819,0.00144148486526819
ZNF644,28.646208747171972,0.07930972841733258,0.16532658115837695,0.479715529478933,0.6314296838876718,0.7031510956432871,0.7031510956432871
RAB31,136.67095707194045,0.9549194535095115,0.17265837962799654,5.530686987604923,3.1897907068379844e-08,1.5597998566444912e-07,1.5597998566444912e-07
XIST,52.92655332180519,-0.10728244439178786,0.12137033340494642,-0.8839264207493359,0.3767359336858864,0.4741799039469936,0.4741799039469936
RBM8A,408.1709807272344,-0.21154338221107016,0.06586202680639477,-3.211917283276358,0.0013185233259997463,0.003402640841289668,0.0034026408412896683
U2AF1,463.01113901133255,-0.24292020185377408,0.07053062291375697,-3.444180581685924,0.0005727929957672155,0.001573607131228614,0.0015736071312286138
BANK1,20.839025549553963,0.7504481946984145,0.24953312365917296,3.007409131476352,0.0026348488433183457,0.006333771257976792,0.006333771257976793
UBR5,15.431568947133176,-0.24402644785621647,0.2269114699917363,-1.0754257943201526,0.28218413849214297,0.37524486501614757,0.37524486501614757
LCOR,16.49607466613447,0.012797372705231262,0.28018351885979426,0.04567496602694591,0.9635693171958161,0.9718298711001676,0.9718298711001675
NAMPT,186.3301029018914,0.05398262304323525,0.12982950223746503,0.4157962721331102,0.6775590869515334,0.7442761864691052,0.7442761864691052
RPS6KA3,15.72881384255916,-0.521683611089255,0.209197386171375,-2.4937386677570172,0.012640557186668719,0.02663974117316906,0.02663974117316906
CDK13,9.453934915748947,-0.22503771581608065,0.25521635567636297,-0.8817527200390263,0.3779105444896297,0.47446396043895755,0.47446396043895755
TRIM38,115.36611917719094,1.3800606560974134,0.12813792191659182,10.770118911369027,4.76385527201278e-27,6.805507531446829e-26,6.805507531446828e-26
PFKFB3,66.72106214822351,0.33682884899568755,0.20478837701077537,1.6447654594086878,0.10001818775073383,0.16002910040117413,0.16002910040117413
TOMM7,419.8894794591459,0.17559469512031164,0.1585029147715387,1.1078325933211293,0.267934121055731,0.3608540350918936,0.3608540350918936
LUC7L3,87.82739801212259,-0.2756275787107794,0.11716258379448209,-2.352522194237922,0.01864657696055355,0.03725589802308402,0.03725589802308402
MKLN1,17.438009311652845,-0.32421143938218017,0.22082673118613125,-1.4681711658762346,0.14205773444582406,0.21589321344350162,0.2158932134435016
ZFP36L1,228.65316435421965,-1.0379218800509702,0.12219408431643204,-8.494043601678642,1.995693845892228e-17,1.797922383686692e-16,1.797922383686692e-16
RHOG,405.8188844190563,-0.18839079209129378,0.11497168002162944,-1.6385843196850922,0.10129986016673921,0.16182086288616487,0.16182086288616487
THBS1,125.61611831790472,-2.2038348512992476,0.2997047110385686,-7.353354051934269,1.9329404425785526e-13,1.4478954626056573e-12,1.4478954626056573e-12
ZCCHC2,11.251903287998406,2.154145482462074,0.3341322107261282,6.446985394735623,1.1409677792306212e-10,6.935974341827485e-10,6.935974341827485e-10
ECE1,16.618094551000265,0.9036000279921175,0.2618593473181744,3.450707554442159,0.000559119064514234,0.0015445278025255083,0.0015445278025255083
TBL1XR1,9.536559394291604,-0.04726026921315645,0.26905865252411143,-0.17565043446770875,0.8605685773073579,0.8973603517282148,0.8973603517282147
HIVEP1,16.241312834644233,0.2422737669227362,0.2395717994107925,1.0112783203974298,0.3118832392958336,0.4067567038958322,0.4067567038958322
RAPGEF2,13.596974619964254,1.9171856130166514,0.34807550568904283,5.507958996486787,3.630179318339786e-08,1.762222970067857e-07,1.7622229700678573e-07
CCDC88C,18.623845790192306,-0.15377445245756757,0.20717251244471652,-0.7422531620771936,0.4579339641631116,0.5464794709534276,0.5464794709534276
DHRSX,11.22828536602943,0.9357253811496555,0.2562159037310507,3.6520971864880196,0.00026010740373568663,0.0007528434261524938,0.0007528434261524939
ARIH1,9.153240873833859,-0.1389550413051609,0.2904139771181509,-0.47847229215358655,0.6323140906655891,0.7037441187151798,0.7037441187151798
CD55,206.14971036205597,-0.31702001378165073,0.13040237888089135,-2.4310907247421816,0.015053444661969244,0.03103803023086442,0.031038030230864423
CD52,386.7489730471119,-0.07213013749083473,0.25177328955760514,-0.28648844211225005,0.7745040445295375,0.8256972756178438,0.8256972756178438
RALY,149.60369591485932,-0.003225523378652892,0.09772952362770451,-0.033004595325158384,0.9736709230997146,0.9766007252755412,0.9766007252755412
CHMP5,382.6791380397015,1.2774880427233442,0.09989036196128326,12.788901928481236,1.891272158687189e-37,3.438676652158525e-36,3.438676652158525e-36
PTBP3,35.936601492093494,0.25379626269100536,0.16376590800226445,1.549750285556967,0.12120146356585597,0.18878732642656693,0.18878732642656693
UBXN4,241.03098980607143,-0.04988823878193762,0.07067180727780717,-0.705914291760356,0.48024143923908136,0.5693437335377373,0.5693437335377372
TLN1,97.08013238740281,-0.5545082085295336,0.12329669837100352,-4.497348395015425,6.880619020104463e-06,2.5531053877938637e-05,2.5531053877938637e-05
CD86,311.2281942885937,0.6422104895060019,0.234655765781745,2.7368195593511495,0.006203630995937824,0.013909486537977184,0.013909486537977184
INPP4A,19.050711357679948,-0.44472068708814255,0.19390004461577914,-2.293556393807824,0.0218159925765084,0.04256779039318712,0.04256779039318712
SNX10,226.9755652111651,1.8148417366362752,0.20437447917890741,8.879982197031463,6.687106405566293e-19,6.588282172971717e-18,6.588282172971717e-18
TET2,19.477767611069105,0.31985320869843836,0.2179423524238262,1.4676046447201279,0.1422116456187158,0.21596301536631102,0.21596301536631102
SRSF3,358.9012764935882,-0.4121357015448163,0.07949314514352568,-5.184543910052888,2.1654412507732247e-07,9.518423080321868e-07,9.518423080321867e-07
PSMA3,360.8430191070602,0.4172392204307797,0.09151990118852107,4.558999900702604,5.139779562678269e-06,1.932247955894086e-05,1.9322479558940863e-05
AKAP9,53.73002181427758,-0.24282842023583395,0.12415131212503774,-1.9559069983188881,0.05047611078233828,0.08910169599706669,0.08910169599706669
ATXN7L1,12.401556155493017,0.8480649945563553,0.32578545452610896,2.6031395287121084,0.009237435092030297,0.020060876284434735,0.020060876284434735
PIK3R1,71.36072172265312,-0.05723153402774664,0.1732561582425221,-0.3303290030685926,0.7411513804540133,0.7956536558819253,0.7956536558819252
CAB39,17.59541515680279,-0.5775451688760312,0.18955786476558745,-3.0468014059466206,0.0023129046544614236,0.005620667447050848,0.005620667447050848
NAGK,313.9673522396942,1.7514993062111306,0.2065798614631832,8.478557850728755,2.2800237007843294e-17,2.0266877340305153e-16,2.026687734030515e-16
LST1,423.2180722002814,-0.3851369910416223,0.25596083269902037,-1.5046715818997893,0.1324085327442136,0.20354885894575495,0.20354885894575497
ALCAM,41.06890050906417,-1.1164517942085737,0.17884503257959114,-6.242565298601295,4.304519793440832e-10,2.4881617303126195e-09,2.4881617303126195e-09
SRGAP2,17.378468763263044,2.728076755937831,0.31460372632168937,8.671469940404684,4.2657724527932935e-18,4.0054201434678816e-17,4.0054201434678816e-17
DTX3L,72.75948095277523,2.7230434315758636,0.18868067977907954,14.432020463166618,3.25406981890192e-47,8.034740293584987e-46,8.034740293584987e-46
PAIP2,346.61370698004066,-0.14296894240928804,0.060827344700384874,-2.350405777426339,0.018752954856327435,0.03743104761742003,0.03743104761742003
ZFAS1,360.52659625277397,0.0929167034395961,0.08227590584896569,1.1293306646804204,0.25875836970784394,0.35229185800931784,0.35229185800931784
SRSF11,157.0992693791647,-0.11664162411576481,0.0751733997274036,-1.551634282056349,0.12074975546681997,0.18823032808545592,0.18823032808545592
KIF2A,46.54435937284366,-0.13855269600608308,0.20761950642399207,-0.6673394922880532,0.5045553059144201,0.5915068064647364,0.5915068064647363
UBR2,20.866388251541796,-0.09250766022026387,0.20335126479316115,-0.4549155881295259,0.6491699679599963,0.7189036190033181,0.7189036190033181
SETD5,21.29342652851534,-0.25324016005316025,0.18143866759849064,-1.3957342357339209,0.16279454069923283,0.24054687016111298,0.24054687016111298
PHKB,22.74268617389195,-0.4256521528268563,0.1907432500410982,-2.231545036247122,0.025645047795724244,0.04922274049083348,0.049222740490833486
CAPN2,201.51443551888534,0.5720714541065426,0.10577458236678113,5.4084019176066604,6.35895957479841e-08,2.992451564611017e-07,2.992451564611017e-07
NDUFB2,419.4832250655768,0.06928519418212127,0.06181338930243531,1.1208768029710934,0.26234030621189686,0.3549936484599416,0.35499364845994164
MORC3,61.67031291052319,0.6816886953967358,0.11623118541741015,5.86493799360861,4.493005687417991e-09,2.358533169248289e-08,2.3585331692482894e-08
DAPK1,19.71956735980411,-1.1146667495275258,0.3233987998961157,-3.4467250647979726,0.0005674257128265417,0.001563156233681933,0.0015631562336819332
RNASET2,283.1899124647171,0.3993339816627937,0.14668255463360527,2.722436779617591,0.006480243104502014,0.014440628654532968,0.01444062865453297
PYHIN1,22.242879187029484,0.9311119789608502,0.23952448950759156,3.8873351984801503,0.00010135075292362298,0.0003167211028863218,0.0003167211028863218
TRIM44,29.18508092847359,0.9596168014704478,0.1637340711747765,5.860825389519039,4.6057208064615035e-09,2.4113721499798448e-08,2.4113721499798448e-08
ST3GAL1,32.083185971731396,-0.8990730458153466,0.22742123835326852,-3.9533380977319132,7.706841766554125e-05,0.00024350210952777646,0.00024350210952777646
VPS29,387.80780253998694,0.37439431942157575,0.1012984026708402,3.6959548181439295,0.00021906193144886405,0.0006452486935165363,0.0006452486935165363
CFP,432.24252809983716,-0.4895546954349089,0.14083043095383263,-3.4761996545717873,0.0005085735203942145,0.0014146690414303601,0.0014146690414303601
XPO1,51.052438135908126,0.34597276030553964,0.13390977348122735,2.5836259095311003,0.009776777396458571,0.021070640940643474,0.021070640940643474
FOXN2,28.764733593642656,1.1257941226259562,0.20513917655788358,5.487952820695339,4.0661862707603005e-08,1.9502092425708877e-07,1.9502092425708874e-07
WDR33,82.7747824971625,-0.29796361341770816,0.13088793489026518,-2.276478834107339,0.02281736601666577,0.0442197015826856,0.04421970158268561
CD3D,394.28245848065706,-0.10101901711535649,0.28373533641343385,-0.35603255622754226,0.7218161841958977,0.7799202422430012,0.7799202422430013
NDFIP1,269.52211260428487,0.2734066685817498,0.0691078646897248,3.956230883550955,7.614157473256479e-05,0.00024095435041950882,0.00024095435041950882
ARFGEF1,14.827403756431718,-0.5917494781930983,0.21341346106079517,-2.772784224817601,0.005557896004245859,0.012602542651470282,0.012602542651470282
SERBP1,261.1095649301417,-0.15528006487880816,0.14516330051145393,-1.06969230054504,0.28475783315106606,0.37741263505774164,0.37741263505774164
VAMP5,413.2828442080404,2.947150061745155,0.2831053562446684,10.410082312953968,2.230287304676965e-25,2.9540229201019402e-24,2.95402292010194e-24
SRSF4,101.84226565038665,0.35901764016545656,0.1005401683580481,3.5708875967554286,0.0003557735587437829,0.0010035925493477656,0.0010035925493477656
LACTB,331.68380066100883,0.5824359524091085,0.16297175243522669,3.57384604206547,0.0003517758164840025,0.0009937169957175212,0.0009937169957175212
CNTRL,40.39719428557146,0.791790867623951,0.1875782981850268,4.2211219276706,2.4308939833389927e-05,8.184828226730616e-05,8.184828226730616e-05
RAB5C,349.0303554732286,-0.2986194909117983,0.15488759885487524,-1.9279754681431616,0.05385817761330098,0.09432255273783009,0.09432255273783009
SUMO2,398.95121313262496,-0.1150794982828127,0.06110649203640901,-1.883261408857262,0.05966495054373553,0.10251709715418475,0.10251709715418476
DIAPH1,42.39083215786432,-0.5218905146112583,0.21363502024643227,-2.4429071320294176,0.01456948585902959,0.030133373027982607,0.030133373027982607
HMGN1,400.260910775555,-0.4637612929320971,0.08889708444977824,-5.216833553119457,1.8200767350459333e-07,8.089229933537481e-07,8.089229933537481e-07
PTPRE,150.4105521449858,0.2092361820808857,0.14407385248102197,1.4522842172797954,0.1464225940643349,0.22134934854774738,0.22134934854774735
GPSM3,361.76371953702596,-0.23767269959965848,0.08785410196993888,-2.7053113545111773,0.00682403952704162,0.01514770150286708,0.01514770150286708
ERP44,196.15749074502003,0.20021453409699208,0.10593533454454099,1.8899693379720341,0.05876206100614646,0.10148887911251547,0.10148887911251547
RAB3GAP1,30.645245559075516,0.6200052659186936,0.14946706829525097,4.148106154687943,3.3523695694545826e-05,0.00011118970379617189,0.00011118970379617188
PDIA6,332.47820078085493,0.3531891303893887,0.11478610236034231,3.076932861442055,0.002091424010383403,0.005144954515088322,0.005144954515088322
ABLIM1,33.22316125883634,-0.19332373987090556,0.23979852758274423,-0.8061923558066795,0.4201319456571524,0.5148675804621966,0.5148675804621966
RUNX2,7.942797508530554,0.46308131630063754,0.26522655687078683,1.745983968438883,0.08081373760866442,0.13358115178564928,0.13358115178564928
PTPRA,52.835314384955026,0.42498769862778174,0.13871152083302687,3.0638240866766795,0.0021852736677703995,0.005342967402861613,0.005342967402861613
USP9X,20.37987249494155,-0.36769008422771,0.19441626654569438,-1.8912516465863232,0.0585907600230645,0.10136809692571713,0.10136809692571712
PAK2,99.34130078704061,-0.27112775894571883,0.12502650070483393,-2.1685623241252254,0.03011592814450406,0.05671549556403778,0.05671549556403778
EHMT1,24.305668225585993,-0.2588359925388626,0.16371620917103005,-1.5810040670344583,0.11387710781940391,0.17863075736377085,0.17863075736377085
DNAJC1,134.3020406467504,0.4780223536806761,0.1274680581461844,3.750134430795713,0.00017673979485651877,0.0005315482552075752,0.0005315482552075753
MAPKAP1,35.37830110250859,-0.42736265887529856,0.15222648834582284,-2.807413240095449,0.00499411305642299,0.011428176330487393,0.011428176330487393
IL1B,397.22579246883924,-4.180069410613314,0.38930060051662047,-10.737382385401311,6.794350109803953e-27,9.637376042275111e-26,9.637376042275111e-26
SH3GLB1,262.9955958555422,0.8209483870951853,0.1391518590230065,5.899658063206003,3.6425567199913954e-09,1.937530170208189e-08,1.9375301702081893e-08
LARP4B,11.276534517465622,0.21692489498270023,0.2733689717350433,0.7935242013967474,0.42747247474800865,0.5206729290475136,0.5206729290475136
RBX1,364.2153216954231,0.4163523794724453,0.08662103868213494,4.806596478256217,1.535214140113009e-06,6.1655186349920045e-06,6.165518634992004e-06
LAMP3,46.607345398562195,2.699953519568739,0.2614206143455766,10.328005411232114,5.264384245680172e-25,6.881548033568852e-24,6.881548033568853e-24
PTPN2,94.88638347468608,0.3762917327429577,0.11864957538578079,3.171454524969613,0.0015167761394310837,0.0038496856330738167,0.0038496856330738163
GABARAPL2,392.5790000518374,-0.4117243700767476,0.0701421767829528,-5.869854472164203,4.361778325462416e-09,2.295672802874956e-08,2.2956728028749557e-08
BRWD1,30.866745440861493,-0.4615837186225384,0.18239890776131246,-2.530627646227836,0.01138586476991865,0.024302806339207363,0.024302806339207367
STK3,17.653378083198756,0.773511591240203,0.24214485356896404,3.1944168122487193,0.0014011365960112064,0.0036018935630108134,0.003601893563010813
SPG11,15.954515694595003,0.005378041698058888,0.20343237998423802,0.026436507789347884,0.9789091753126447,0.9798890643770217,0.9798890643770216
SPCS2,374.6728435474088,-0.15396886647983898,0.06528117117801784,-2.3585493902977803,0.018346518212890003,0.03680344676607824,0.036803446766078246
WDR70,9.711705693990076,-0.2886972793019431,0.31110842518972187,-0.9279635520185227,0.3534264763811653,0.4495343775077577,0.44953437750775765
MNDA,276.18748514393894,3.2803010883325547,0.3269517860767076,10.032981093924805,1.0916979731271989e-23,1.3477752754656777e-22,1.3477752754656774e-22
KTN1,159.52328123351003,-0.163859143102532,0.08632954714026145,-1.8980655931891615,0.05768744190985706,0.10006494693817357,0.10006494693817355
ANKRD22,122.11043740954777,3.4597022918837537,0.3361154510813035,10.29319622395723,7.562358889360887e-25,9.757882437885016e-24,9.757882437885016e-24
MAX,168.58537453058446,0.8500414970259359,0.09759510374351878,8.709878512551779,3.0420064896918586e-18,2.883418473641572e-17,2.883418473641572e-17
ADAM10,33.14090727732827,-0.5068953866607878,0.15057405408938598,-3.3664191996841444,0.0007615088773547246,0.002047066874609475,0.002047066874609475
NAPA,283.08868711632397,1.7308360647763288,0.11800261712079062,14.667776927393051,1.0368682051101489e-48,2.8023465002977e-47,2.8023465002977e-47
SSR4,422.2610606861574,0.2203900297243894,0.08497320359605656,2.5936415292999175,0.009496544413482261,0.020574821417427867,0.02057482141742787
SEC11A,296.96497342378893,-0.34687028787659413,0.0899956131883968,-3.854302177490095,0.00011606018033928593,0.00035987652818383236,0.00035987652818383236
CMTM6,280.59258908217265,0.09848629399504484,0.11200251721021244,0.8793221478245921,0.3792266305347569,0.47522134152225176,0.47522134152225176
ARF6,318.0146997570573,-0.014812366643748902,0.171254392407549,-0.08649335316608185,0.9310742396770507,0.9515555484918028,0.9515555484918028
COMMD6,411.09813561411875,-0.1853140343569864,0.13087126605289975,-1.4160024575759833,0.15677478492412875,0.23321015619061786,0.23321015619061786
RIN2,23.00551029880895,2.808050311463564,0.30702863002212194,9.145890763546184,5.914043616238208e-20,6.22530906972443e-19,6.22530906972443e-19
PUM1,27.497687331699158,0.11614099958232504,0.18550003206012133,0.6260969245799551,0.5312513693061234,0.6174174956344908,0.6174174956344908
DMXL1,16.13829036317268,0.5894065847001989,0.21407272884841297,2.7533006556737245,0.005899768756306687,0.01330274804127776,0.013302748041277762
RREB1,9.101705134286984,-0.3557207711064024,0.2583670184674468,-1.3768041030021088,0.16857282197679346,0.24790120878940217,0.24790120878940217
RGS10,339.2535785673804,-0.40832924576718405,0.13278944505998044,-3.0750128188482404,0.0021049350640361853,0.005159154568716141,0.005159154568716141
ARID1A,15.544341880904671,-0.9111563019788839,0.2870601237529789,-3.1740956914062797,0.0015030412912005052,0.003829404563568166,0.003829404563568166
MORF4L1,261.4249536140065,-0.5628843014044809,0.07294737429291424,-7.716306540990287,1.1974911082748588e-14,9.429063844683927e-14,9.429063844683927e-14
SIDT1,7.096118522697644,0.6180794600547347,0.29251262055521954,2.1130010010561437,0.034600682199833525,0.0641347214084032,0.0641347214084032
PRKCQ,7.487130595912937,0.31543160981407004,0.2741398310566713,1.150623054658784,0.24988734410110747,0.34231143027548966,0.34231143027548966
HSPD1,337.3069501428028,0.2742956450759017,0.12671105527485257,2.1647333334957963,0.030408112804997577,0.05721187733771886,0.05721187733771886
CLEC2B,308.4126400940138,1.1152159539481448,0.12061777544060968,9.245867368008787,2.3334040546296256e-20,2.4956193097643053e-19,2.4956193097643053e-19
OSTF1,250.16503982798184,-0.2663433750249155,0.17229473873958,-1.5458590144617712,0.12213862078076898,0.18995119872592375,0.18995119872592375
JTB,391.96946331116067,-0.5249607727571465,0.057825261140354606,-9.078398651463958,1.1018393587809795e-19,1.1359168647226594e-18,1.1359168647226594e-18
FKBP1A,368.8446435202811,-0.3691923318065847,0.10022136432914984,-3.6837687680450326,0.0002298107281890285,0.0006709802282891343,0.0006709802282891343
SSR2,375.82368227910735,-0.4438193066340959,0.07416474333792565,-5.9842357252133835,2.174082656745387e-09,1.1815666612746669e-08,1.1815666612746669e-08
RBPJ,81.40737853400202,-0.6928615671721907,0.14651796903120254,-4.728850473109128,2.257945923548248e-06,8.854689896267639e-06,8.854689896267639e-06
SNRPD2,399.4731321169553,-0.07434544749125435,0.1220476140592735,-0.6091511748451537,0.5424242397993381,0.6256334945782447,0.6256334945782447
SPTLC2,96.99640983445346,2.7711568951203414,0.28720660405316584,9.648653115954684,4.980556243585962e-22,5.894149400693446e-21,5.894149400693446e-21
UBL5,395.74040903674666,-0.15517845136245445,0.07271988470221782,-2.133920481280986,0.03284929061326111,0.0613432130966594,0.0613432130966594
MAP1LC3B,365.2626026696173,-0.11466606420752484,0.11812929958016913,-0.9706826724195216,0.33170632310549575,0.4269064647432378,0.4269064647432378
TLK1,36.03751699511691,-0.13666523241609638,0.17310379907051546,-0.7894987467052904,0.42982056199599905,0.522260707164033,0.522260707164033
HCK,142.96319641169015,-0.544195260441697,0.2266557712475156,-2.400976853342145,0.016351370760100594,0.033404230357713165,0.033404230357713165
STK24,50.89059166985014,-1.7592518699551132,0.26285837799467454,-6.69277457837298,2.1897833482953413e-11,1.4082208027622773e-10,1.4082208027622773e-10
TAF15,78.66686171757887,-0.14076267768963466,0.1423404674625058,-0.9889153815425908,0.3227045442154727,0.4174703029954368,0.4174703029954368
ZFAND6,154.3509988938162,-0.04359485600940061,0.10533359163602216,-0.413874200359954,0.6789662392787417,0.7452977379569063,0.7452977379569063
MYO5A,7.069138192201509,-1.058723955886819,0.34834721110780853,-3.039277830070409,0.0023714604394671525,0.005748995004768854,0.005748995004768854
CIRBP,340.0811769295384,-0.32317170307752846,0.07114505300514469,-4.542433934994174,5.560842642792008e-06,2.078819679548414e-05,2.0788196795484143e-05
NFAT5,14.12512915829184,-0.3661436325196218,0.22902907542709205,-1.5986775121754273,0.10989227683547466,0.17298679010415813,0.17298679010415816
EPC2,13.191873677112667,0.3377702459490405,0.2199262353897075,1.5358342552925275,0.1245790359480249,0.19329563374402622,0.19329563374402622
DECR1,176.09515696787614,1.259726011833529,0.1092497191239066,11.530702522033936,9.238672050699414e-31,1.4549089843621124e-29,1.4549089843621127e-29
DRAM1,169.28940409532203,1.613237591877093,0.22268537765355997,7.244470242616771,4.341327113409243e-13,3.1688519075979876e-12,3.1688519075979876e-12
RSRC1,38.339880256686925,-0.5128190770079536,0.1397851215187616,-3.668624181430671,0.00024385923911007787,0.0007099250046872719,0.0007099250046872719
SLC25A3,358.6938211803301,-0.7109014148794254,0.09353749315235492,-7.600176046213908,2.957281703425059e-14,2.3013865396303963e-13,2.301386539630396e-13
RBCK1,300.4056290407833,2.290271738014362,0.11789690814930119,19.426054287310304,4.647438112771213e-84,4.041250532844533e-82,4.0412505328445324e-82
SCARB2,176.21532908053982,1.980920130382725,0.25432730844329404,7.788861300454488,6.761578020979778e-15,5.3451209652014054e-14,5.3451209652014054e-14
UBXN1,384.35963204212703,-0.3353132170040506,0.0872037384200529,-3.8451702080577745,0.00012046878815714943,0.0003712443394673326,0.0003712443394673326
EWSR1,193.98755754222992,0.26133021036632315,0.09094979892306523,2.8733456638797334,0.004061494676018951,0.009503976709908426,0.009503976709908426
BAZ2B,31.392251314544584,-0.4514002145996232,0.21250136302720882,-2.1242226787120684,0.03365152770898414,0.06266578716756824,0.06266578716756824
EFR3A,56.35451360158671,0.5103335997979143,0.1325847255818211,3.8491130675756127,0.00011854628185407449,0.00036644909383021484,0.00036644909383021484
TRA2A,44.45522430075867,-0.06447444349714697,0.19502311547566845,-0.3305989822790569,0.7409474150528792,0.7956536558819253,0.7956536558819252
NEDD8,375.28331149092924,-0.009369377085298605,0.06690974328244338,-0.14003008568943442,0.8886362196302814,0.9203896630039164,0.9203896630039166
SFPQ,141.822136783122,-0.44722522635613016,0.09835173331294801,-4.547202284001363,5.436374210601351e-06,2.039915276023021e-05,2.039915276023021e-05
KDM5A,51.70447271285285,0.22281564606061435,0.1313865884994252,1.6958781608184397,0.08990895635900342,0.14634837793959707,0.14634837793959704
NSD1,67.15215204020564,-0.4595495156258517,0.10394327324799527,-4.421156860525508,9.817387076430278e-06,3.525094102847497e-05,3.525094102847496e-05
EIF3F,365.3782112772746,-0.6109661221339945,0.12041753893481745,-5.073730351396014,3.9009173748333253e-07,1.6599648403546065e-06,1.6599648403546067e-06
EMB,54.12228838061336,0.18162538147998047,0.1515625808587836,1.1983523931227293,0.23077985769681697,0.32075032341461707,0.32075032341461707
LSM14A,115.96633090862326,-0.2725147712389246,0.1097894309024842,-2.4821585192565054,0.0130589166898709,0.02737718383620734,0.02737718383620734
C1GALT1,61.289214077654634,1.3858757764849383,0.12680271111785585,10.929386006556642,8.34108798174295e-28,1.2266305855504337e-26,1.2266305855504338e-26
HUWE1,12.923535301474526,-0.45402198707269503,0.22143113385863195,-2.0503981493521857,0.04032559364298119,0.07325266783466156,0.07325266783466156
ZMYM2,18.370883468269046,-0.007231764915222774,0.18569407061802515,-0.03894451175072035,0.9689346282232816,0.9733145436697958,0.9733145436697956
TMOD3,103.18928037187509,0.38407282912422375,0.10741903621465507,3.575463369050644,0.000349608126980508,0.0009889904582192587,0.0009889904582192587
MDFIC,21.136806209503902,-0.4440251957207827,0.180520436038111,-2.4596948991805077,0.013905517242409047,0.028879578904276317,0.028879578904276317
CYSTM1,364.4564462229356,0.4539694001381993,0.14160054294936966,3.205986295550572,0.0013460039870657478,0.003467814652457989,0.003467814652457989
CUL3,11.925505492361001,-0.662486658636082,0.2827507251731626,-2.3430060461573032,0.01912907310135655,0.03806780716687871,0.03806780716687871
ANAPC16,276.83593361293765,-0.36341879586346565,0.11391321235986702,-3.190312943817063,0.0014211880900712067,0.0036487499103240225,0.003648749910324022
CD2AP,27.12032912915101,2.0416743080783832,0.23953565184571832,8.523467351713464,1.5484644421410825e-17,1.4141227782110344e-16,1.4141227782110341e-16
CYFIP2,17.775263988431846,-0.4494034303325957,0.2334286988940215,-1.9252278424283575,0.05420086032237127,0.09483965060782375,0.09483965060782375
TRPC4AP,40.760503598992884,0.5774733774544822,0.1464279850172408,3.9437364202374914,8.022182812807824e-05,0.00025306570387406387,0.0002530657038740638
ZNF267,87.52910533429525,0.4112132171856598,0.12292254831908385,3.3453033866351967,0.0008219261022539849,0.002194729245003965,0.002194729245003965
TDRD7,37.7668086009464,2.3561065797450462,0.18489823925426066,12.74272047829008,3.42248835462222e-37,6.057501512605699e-36,6.057501512605699e-36
APOBEC3G,339.97833362312423,1.261396659220307,0.19363789104035306,6.514203663566232,7.307629241269457e-11,4.469498006892634e-10,4.469498006892634e-10
NIN,18.647838992539,-0.39658753248331474,0.21018904682917533,-1.8868135065364708,0.05918541381720841,0.1018681821294465,0.1018681821294465
PNPT1,101.9254316496322,3.3142501427950455,0.19359099570697233,17.1198568956773,1.0553445631239312e-65,4.9085793633671215e-64,4.908579363367122e-64
HIPK2,17.710967106242656,-2.2113262337847197,0.31513337566247135,-7.017112132715502,2.2650083086387755e-12,1.5894795148342285e-11,1.5894795148342285e-11
COX6B1,383.6268847164839,-0.21884229317713094,0.07815350231659822,-2.8001597713510695,0.005107731901753878,0.011661488360168672,0.011661488360168672
USP47,45.50065150769649,-0.29657628954963444,0.17772074630119594,-1.6687769758011572,0.09516158731547707,0.1533627515156762,0.15336275151567616
SYK,41.623476838983386,-0.6641792817246762,0.23384628992663378,-2.840238696680002,0.004507978828528305,0.010447227876079502,0.010447227876079502
ATP2B1,126.27259423893474,-1.2919337794580878,0.12090683305700657,-10.685366135170804,1.1917786171827957e-26,1.666823240815099e-25,1.6668232408150989e-25
EXOC2,14.712407688470972,1.3783213504675713,0.24652243165156354,5.5910585549298,2.2568944937255287e-08,1.1200468951491457e-07,1.1200468951491458e-07
FNBP4,40.61880033433296,-0.0563785120473778,0.17912782476589448,-0.3147389978137676,0.7529598319465565,0.8061668436258635,0.8061668436258635
IL6ST,23.991422502920415,0.5277333515841823,0.2280530163342449,2.3140818747633327,0.02066323144837926,0.040622552127211456,0.040622552127211456
ATF5,247.8275070327356,1.5659391022514628,0.19046026277363534,8.221867803010452,2.0035797145984276e-16,1.7124612945285706e-15,1.7124612945285706e-15
CPQ,20.43707929702967,-0.30422613689314454,0.19572076697320154,-1.5543886405002683,0.12009174119620064,0.18749686369430232,0.18749686369430232
BRD4,36.650019922057886,-0.49849185658768974,0.20377008139661548,-2.4463446899127037,0.014431295830567617,0.029878459276537508,0.029878459276537508
RPL22,359.226797312254,-0.4829934364701728,0.15532106858246697,-3.109645335807935,0.0018731210808420147,0.00466530779786305,0.00466530779786305
UQCRB,332.75501547327497,-0.6339902663289548,0.06798913665871739,-9.32487596527917,1.1111347857111386e-20,1.2077552018599334e-19,1.2077552018599334e-19
SENP7,16.18417097363482,0.19863859859910307,0.21205464724192116,0.9367330600045163,0.3488958860385273,0.44473662974955674,0.4447366297495568
HM13,138.94307808200392,0.6441441844155281,0.13155874932307876,4.896247400723265,9.768407232483866e-07,4.003445587083551e-06,4.003445587083551e-06
NCF2,220.37965535938463,-0.5302531881641609,0.21087105008864232,-2.514585041148428,0.011917255749922705,0.025302029193041836,0.02530202919304184
SUMF1,6.893134683610189,-1.0120645006117344,0.2981488589013364,-3.394493959631914,0.0006875555673571215,0.0018607728480571624,0.0018607728480571624
FGD3,23.702589990438,-0.23709462290164077,0.18862859039162264,-1.2569389529413064,0.20877574199098148,0.2942575644693185,0.2942575644693185
TRIM56,25.718114847652664,1.2599120681957985,0.20806659139465433,6.055330938766791,1.4012927610338038e-09,7.741948955987866e-09,7.741948955987866e-09
SLC25A5,372.9351226463593,-0.5892626344279827,0.08453006461964253,-6.971042043791999,3.146019255587303e-12,2.184735594157849e-11,2.184735594157849e-11
SYF2,341.18818277186597,-0.02600551628433504,0.06951502626053976,-0.3740992082325815,0.7083305077409401,0.7698197123168783,0.7698197123168782
ST13,334.911863988592,-0.19554204189095603,0.06339275563045567,-3.0846117974561134,0.0020381799256793,0.0050201476001953205,0.00502014760019532
CD58,194.1571412141348,-0.5797402460374964,0.15102097319763944,-3.838806185408413,0.0001236339720807734,0.0003798278712158937,0.00037982787121589376
NF1,16.713459889302996,-0.12230635504960347,0.20351175775997749,-0.6009793065315274,0.5478537692524073,0.6311679369267365,0.6311679369267365
PRPF40A,147.49124999825654,-0.08994057890398237,0.12132130107779121,-0.7413420240713745,0.45848608734187457,0.5467931870505361,0.5467931870505361
STX11,292.6648644193372,1.2100374553473452,0.17464221337632752,6.928665366487872,4.248293754559876e-12,2.919789522034279e-11,2.9197895220342795e-11
TESPA1,38.09279437158756,0.6530758575928356,0.27237479243342705,2.3977103452128676,0.016497905532044416,0.03366919496335595,0.03366919496335595
TBCA,180.52569445636777,-0.12926952656371712,0.08719835658734798,-1.482476638584648,0.13821351513398378,0.21069133404570697,0.21069133404570697
ATP9B,7.364425582114082,-0.5200893007155228,0.3088560241551792,-1.6839215040021793,0.09219683986898822,0.1495488075733791,0.1495488075733791
ABHD12,68.35183313844077,0.11598572982958975,0.20820725491470593,0.5570686279741041,0.5774805410265742,0.6580974826513666,0.6580974826513666
WDR1,192.48580924455803,-0.5210246462127793,0.11716096202799349,-4.447084055935712,8.704378410003224e-06,3.159483996371406e-05,3.1594839963714065e-05
PTP4A2,125.61399101000029,-0.48130943982293944,0.11368541104691769,-4.233695734488784,2.298819192326925e-05,7.753184459787268e-05,7.753184459787268e-05
CTSZ,155.95256108305318,1.0597793285342363,0.14744012902744943,7.187862188705313,6.581363933153914e-13,4.7178236079956375e-12,4.7178236079956375e-12
PI4K2B,33.197963957262004,2.654625722945163,0.20452588421697251,12.97941203436621,1.6010490273188172e-38,2.992615004334238e-37,2.992615004334238e-37
NAP1L4,60.846345721311515,-0.09154150445605742,0.16220953037199515,-0.5643410978758479,0.5725220169186966,0.6531911202723293,0.6531911202723293
DDX3X,145.38597302445254,0.2548788825405729,0.12923704107309608,1.9721813531494747,0.04858890754594362,0.08622698765917235,0.08622698765917235
TPR,103.00341381258846,-0.1603110967420636,0.14140123771959331,-1.133731920083823,0.25690701589903864,0.3502481471016205,0.3502481471016205
RPS6KC1,7.874595031818946,0.2638322230879401,0.32783553795973,0.8047700524778012,0.42095238627247367,0.5152415988647169,0.5152415988647169
LINC00861,21.67651961172394,0.6688121798499064,0.48730032798449385,1.3724845674045767,0.1699126398788594,0.24944220632215064,0.2494422063221506
STX8,37.096597373183315,-0.22218524114989896,0.1547959489910147,-1.4353427373141137,0.15118945493371375,0.22718175046388242,0.2271817504638824
PPIA,342.2881457352131,-0.2811634894451717,0.061499439089336944,-4.57180575316696,4.835390836405417e-06,1.824675787322799e-05,1.8246757873227985e-05
CALM3,310.45959034048064,0.04842126292937618,0.0893669570271944,0.5418251279904447,0.5879389792089786,0.667354119419953,0.667354119419953
KIF5B,161.33270987220595,-0.2529672394644172,0.10955124630729969,-2.3091224243567674,0.020936788735234666,0.04105252693183268,0.04105252693183268
TRIM25,47.44792385999181,1.1297953629582373,0.18557506524241402,6.08807741213725,1.1427461860683289e-09,6.3662740170937546e-09,6.366274017093754e-09
ATP6V1B2,281.51154387211346,0.35095319019724674,0.18784781596366582,1.8682846451892172,0.061722405728177096,0.10568905090441283,0.10568905090441283
RHEB,287.93571763536113,-0.006638321856592253,0.12670986163204054,-0.05238993848694766,0.9582179910329394,0.9695666950224375,0.9695666950224375
VAPA,246.11363008982528,-0.5022945912628296,0.08957361964745109,-5.607617435130891,2.051308240216154e-08,1.0256541201080771e-07,1.0256541201080771e-07
ASAH1,258.24931923318877,-0.08257762330132569,0.27028915230625805,-0.30551586179736506,0.7599732911348615,0.8132405469607935,0.8132405469607935
TNRC6A,14.549130323147718,-0.26974249035230935,0.21043427389030944,-1.281837247163049,0.19989974505993569,0.2839582703290299,0.2839582703290299
LYSMD2,343.99507909617205,0.8550942008161986,0.09381701008454676,9.114490006083097,7.904134330612986e-20,8.190812777837291e-19,8.19081277783729e-19
COX5B,372.7914813234289,-0.10227557477900952,0.0635120052160005,-1.6103345254361983,0.10732484586921198,0.1699522499908345,0.1699522499908345
FLNA,164.31825641168052,-0.8205461524830491,0.15653243690297192,-5.242019920712486,1.5882821789919084e-07,7.090545441928163e-07,7.090545441928162e-07
DYNC1H1,46.88514832013658,0.0009842792688179685,0.17019094020029618,0.0057833822861521255,0.9953855542882931,0.9953855542882931,0.9953855542882931
LGALS9,220.20610253686908,2.8793426004410656,0.2555079773581873,11.269090813570257,1.8648556248348976e-29,2.8255388255074208e-28,2.8255388255074208e-28
AP1S2,327.82282518333926,-0.7022008327199396,0.14557869340448967,-4.823513773192607,1.4105102221001747e-06,5.699031200404747e-06,5.699031200404746e-06
HNRNPR,176.04660973276674,-0.1426365950470402,0.10648136301232529,-1.3395451655754063,0.18039326126512945,0.2610611595732698,0.2610611595732698
CDC73,83.16130985932787,0.6620889105191736,0.13907786181907497,4.7605629095770725,1.930537446045781e-06,7.660862881134052e-06,7.660862881134052e-06
HSH2D,78.42178187592157,3.252058743245732,0.1633140930213123,19.912909431651695,3.145086418431898e-88,3.310617282559893e-86,3.310617282559893e-86
SF3B1,127.16526844348192,-0.33811004150749263,0.09133494361992803,-3.7018694938321683,0.00021401670009734967,0.0006331855032465967,0.0006331855032465966
EPB41L3,52.60919513048998,-1.7100911447725493,0.2682663756185924,-6.374601143468948,1.8343972222950485e-10,1.098441450476077e-09,1.098441450476077e-09
ACOT9,194.43389801625688,1.5883523892812232,0.17042311951817532,9.320052313159472,1.1628295404863731e-20,1.257113016742025e-19,1.257113016742025e-19
DUSP1,375.93341021627015,-0.8854123407932245,0.20562921897514047,-4.30586832555283,1.6633197931620128e-05,5.725713573707445e-05,5.725713573707445e-05
TNFRSF1B,112.38251181955371,-0.9420152162033508,0.2038025836061035,-4.6221946725857865,3.7970143318671545e-06,1.454794763167492e-05,1.454794763167492e-05
HSBP1,380.92504808000706,0.012923150870827196,0.13682920727935227,0.09444731229380819,0.9247538339683574,0.9479793274919093,0.9479793274919092
ATF6,27.796373228074366,-0.44770675752151906,0.16831612161984952,-2.659916074662696,0.007816012457559425,0.01717804935727346,0.01717804935727346
DLG1,6.575619342905791,-0.13588669354365202,0.3247295962246597,-0.4184610676805716,0.6756100457183911,0.743245374827713,0.743245374827713
CNOT4,48.287192927473264,0.23462945925135964,0.12510708301838896,1.8754290611737183,0.06073372022880619,0.10408521033214427,0.10408521033214428
PRRC2B,16.42481182970753,-0.3510968350963191,0.22845945314313668,-1.536801521083684,0.12434192084432047,0.19307751683900695,0.19307751683900695
SF1,135.40453957958164,-0.449248841362924,0.11858822166165273,-3.788309117617836,0.00015167606091021044,0.00046172316867643966,0.00046172316867643966
RNF216,21.533449008401693,-0.38994823875509654,0.18487809319502366,-2.1092181989552925,0.03492575174588674,0.0646773180479384,0.06467731804793841
TRPM7,10.45373075980373,-0.2010786616687187,0.27348303894793247,-0.7352509407612711,0.4621866802248794,0.5505499466645377,0.5505499466645377
UBE2E1,101.7538271488219,-0.0077263471920063186,0.12770315229125254,-0.06050239992811486,0.9517555044872832,0.9647800349592329,0.9647800349592328
TUBA1B,306.7641050156808,0.2545176422043483,0.13269628144985668,1.9180465301925245,0.055105111436989755,0.09633760740732475,0.09633760740732474
PKN2,34.87256930091131,0.7907860120077387,0.18557371430646355,4.261304005058628,2.0323754666875945e-05,6.901105150042765e-05,6.901105150042765e-05
RUNX3,51.265758782528266,0.2024754257711072,0.1394960724491023,1.451477609485988,0.14664691261190305,0.22152101603006505,0.22152101603006502
CCR1,200.7019702473612,1.5300520030160487,0.25681030265493643,5.957907401682032,2.5548820186560396e-09,1.3735924831484083e-08,1.3735924831484085e-08
SPATA13,14.486808447118355,0.39305288690996154,0.26282462909482196,1.4954948790897211,0.1347853353799991,0.2062514695944898,0.2062514695944898
UBE3A,57.77238570368971,0.18233470945124589,0.15033257812080128,1.2128755571844778,0.22517740210277737,0.3136175516751774,0.3136175516751774
RBM33,26.859425815796666,-0.22673456754865642,0.16410260944371036,-1.3816633892493326,0.16707508058241316,0.24606050159412837,0.24606050159412837
GRK5,20.59614047638801,-0.012377038240601289,0.25974328621565607,-0.04765104199969601,0.9619943525681995,0.9708224433572509,0.9708224433572509
CAPZA2,190.1394299320915,0.286559682501678,0.11908090665750387,2.406428457299796,0.01610935896023485,0.033078765832104416,0.033078765832104416
UQCR10,371.5501081467642,-0.2157593675993832,0.07489089420120389,-2.880982660184538,0.003964374496330842,0.009306043418617002,0.009306043418617
MON2,5.525570494198914,-0.8786961913965595,0.3468894784157786,-2.533072480057646,0.011306757082193907,0.024159737355115184,0.024159737355115184
GSAP,28.205997283140306,-0.5155068879729835,0.1781927620705487,-2.892973216100034,0.0038161383790594585,0.008989725274580584,0.008989725274580586
FNIP1,8.079341698127841,0.1028212677674548,0.30733502003980334,0.3345576034717368,0.7379588310812059,0.7943582681175521,0.7943582681175521
PBRM1,37.85181496056762,-0.2907660536450403,0.15379235324171114,-1.890640513108291,0.05867234829640852,0.1014215182306111,0.1014215182306111
DDHD1,24.08803468883681,0.5269648177436828,0.2292689631793958,2.298456844903814,0.02153580136628355,0.042103228477582695,0.0421032284775827
HNRNPD,54.84175129489345,-0.1247144916725092,0.1295104203525096,-0.9629687814544456,0.33556319018872494,0.43048517022286714,0.43048517022286714
GZMB,366.60965666604756,0.9224118902107508,0.2090709139248085,4.411957038378339,1.024404431642093e-05,3.6651321346765405e-05,3.6651321346765405e-05
PBX3,7.042043418348136,-0.179234250133511,0.3408269684319019,-0.5258804811078864,0.5989712514674108,0.6752776228493921,0.6752776228493922
PPIG,160.36622668173203,-0.459989113509983,0.08065191890331344,-5.703387095617947,1.174498436861599e-08,6.02306890698256e-08,6.023068906982559e-08
OPTN,142.5599619393615,2.3478839525379285,0.17898680191573466,13.117637319668358,2.6094403313818764e-39,5.167208576993814e-38,5.167208576993814e-38
CCDC88A,44.851714417552,-0.5421221326765702,0.1652634737367428,-3.2803505845468677,0.0010367816486903858,0.0027212116763527185,0.0027212116763527185
MIER1,57.72755304436977,0.7816312970592958,0.14726959665394387,5.307485827478592,1.1114764470169313e-07,5.086848727766276e-07,5.086848727766276e-07
DAPP1,99.74165120813143,1.1691393267459609,0.14732584094690226,7.935738355414041,2.092467164712176e-15,1.6874735199291743e-14,1.6874735199291743e-14
SYNRG,28.966815864070483,0.16312218042961657,0.1547167709031133,1.0543277207599355,0.29173290145268205,0.3856679251774823,0.3856679251774822
UBE2K,59.559245722393,-0.15523477512705064,0.1171700623119644,-1.3248672234528578,0.1852151936661336,0.2670730982929107,0.2670730982929107
CCNL1,170.13019535368997,0.1458506567192773,0.08738825648603389,1.6689960709147078,0.09511815848657562,0.1533627515156762,0.15336275151567616
PSPC1,39.85890598881809,-0.25295274955060265,0.15112816176396512,-1.6737631596794589,0.09417715531305125,0.15239021895315738,0.15239021895315735
ARID5A,241.28616682799014,0.5670700643870251,0.1017434294984544,5.573530076412842,2.4962853211737854e-08,1.2327334919376717e-07,1.2327334919376717e-07
MARK3,39.967589738671734,-0.37434814900606367,0.14091366273194816,-2.656578090076079,0.007893816638929364,0.017330003598088617,0.017330003598088613
MAP3K2,22.561947297339643,-0.9105860143345816,0.2273822542959644,-4.004648547240403,6.210975221123137e-05,0.00019843371313492451,0.00019843371313492451
IFNGR2,261.322478054424,-0.5050576205430083,0.17259928902409932,-2.9261859848825287,0.0034314572722590492,0.008141061144149583,0.008141061144149583
WDFY2,15.091399820076699,0.32482364378845996,0.20920974720881869,1.552621941004706,0.12051348071948548,0.1880085502644079,0.1880085502644079
PDS5A,14.671836670374795,-0.44507102719354363,0.25952607001921935,-1.7149376444554632,0.08635665990950048,0.14145235038411216,0.14145235038411216
PLEKHA2,23.09030119473629,0.37338912049147854,0.1781544128445615,2.09587354323498,0.03609341022382402,0.06653163174898437,0.06653163174898437
PLP2,366.3771694729493,-0.4958404708834186,0.18215026033701115,-2.7221507669877796,0.006485854519666178,0.014440628654532968,0.01444062865453297
MPHOSPH8,118.96065853100457,-0.4058050443971119,0.09430070445481192,-4.303308726517204,1.682661201896208e-05,5.7724226480144356e-05,5.7724226480144356e-05
ATP6V1H,90.84552002770062,0.7672141568491967,0.1291189775826995,5.941916294665541,2.817092684670216e-09,1.5105054609491775e-08,1.5105054609491775e-08
CFD,378.0461260051187,0.41003673085319486,0.3355049097639561,1.2221482277015725,0.22165157802103652,0.30935321426522894,0.30935321426522894
SSBP1,293.25451247561466,-0.03931524166608811,0.0706434597147168,-0.5565305241965344,0.5778482336003703,0.6581414961279843,0.6581414961279844
CD300E,270.9767418439478,0.2952935819555196,0.28012176325036836,1.0541615136542992,0.29180897704076547,0.3856679251774823,0.3856679251774822
ANXA4,100.77379557643296,0.9237692154803133,0.2246368607682385,4.112277977537182,3.9177417336485887e-05,0.00012824031861370175,0.00012824031861370175
GAB2,6.76087881125937,-0.32247295109536195,0.3665081775526601,-0.8798519947048901,0.37893949337893695,0.47515923934662946,0.4751592393466294
UBE2I,299.4432530054553,-0.33554157196460876,0.05892146999547155,-5.694725063553184,1.2357088330497755e-08,6.320761294372253e-08,6.320761294372253e-08
CIR1,203.83070023715484,1.0715273695740157,0.13490950807988222,7.942563758660702,1.980444959226739e-15,1.6035991572686145e-14,1.6035991572686145e-14
ITGAL,7.979399350909528,-0.8600721356969385,0.35809375285042794,-2.4018071492472584,0.01631430664840209,0.03336259028303086,0.03336259028303086
RSU1,43.26537678274655,-0.03778214240604795,0.21142514007828864,-0.1787022224133686,0.8581715240432631,0.8967309551131276,0.8967309551131276
STX7,96.13964677328434,0.07731203116111408,0.2166141463868648,0.3569112749591048,0.721158228652643,0.7796305174623168,0.7796305174623168
HNRNPDL,213.657722925617,-0.6292181089110798,0.09225982578534465,-6.820066085698485,9.099863990296049e-12,6.046421256010664e-11,6.046421256010663e-11
LGMN,181.69884126612905,-0.4763071521047063,0.3837414167863496,-1.2412190377925594,0.21452484380459846,0.3012989379278069,0.3012989379278068
SMAD2,28.30157342769679,-0.22256530214262707,0.15317913402866065,-1.4529740199535526,0.1462309674871252,0.22122687970820754,0.22122687970820754
TSPO,362.55961358257196,-0.20411350278082435,0.22412049205034415,-0.910731102334785,0.3624370721620924,0.45994552304834063,0.45994552304834063
YWHAE,141.25659460146431,-0.47946262105110027,0.11408978845280453,-4.202502498717836,2.639803336693195e-05,8.858400458701996e-05,8.858400458701996e-05
NABP1,45.44152949943607,0.6924284501348994,0.1590706166770198,4.352962631312483,1.3431005085359797e-05,4.732533995337716e-05,4.732533995337716e-05
TCF4,38.73254163904665,1.0425443361531104,0.1639590133675921,6.358566782880984,2.0364484595081424e-10,1.2157901250794882e-09,1.215790125079488e-09
ALOX5AP,336.30731803097046,-0.10824668082747495,0.16579036951204074,-0.6529129595770241,0.5138123936321197,0.600598940540175,0.600598940540175
WWP1,9.384606044997984,-1.0064822845470178,0.26152932755193053,-3.8484490208738285,0.00011886802672267793,0.00036687662568727757,0.00036687662568727757
CACYBP,345.3022277400734,0.07471890897504536,0.08551137598092341,0.8737891083838282,0.3822331129406238,0.47838937789815245,0.47838937789815245
PPIB,304.75364578191704,-0.06401006686644346,0.07578518890711503,-0.8446250222440752,0.3983202338009052,0.4932758313323904,0.49327583133239034
SLC23A2,10.402749500686792,-0.46101398254907827,0.4049326172134594,-1.1384955495102922,0.2549136161945238,0.34800493678433286,0.3480049367843328
HNRNPH1,27.42676206088496,-0.6719495277531209,0.18214048004258046,-3.689182808764058,0.0002249755250327209,0.0006597522728232284,0.0006597522728232284
RTCB,243.03300355409039,2.188966696750785,0.1456481529117144,15.029141482334087,4.7309744578301356e-51,1.4336286235848896e-49,1.4336286235848896e-49
EIF6,366.0027151382116,-0.2012428221552177,0.07990003448240357,-2.5186825444929877,0.011779480644945856,0.025062724776480545,0.025062724776480545
TRMT112,354.165465727635,-0.0019102545192075798,0.10369530419281127,-0.018421803514416125,0.9853023587039651,0.9857952563321313,0.9857952563321312
LMAN2,283.0871889486368,-0.3734207779748716,0.0841476665016898,-4.437684293567105,9.093185771676827e-06,3.2886747817999375e-05,3.2886747817999375e-05
MYO1E,6.42907344274035,-0.12504606432771975,0.29695411910279135,-0.4210955709438561,0.6736852956209907,0.7419441581728972,0.7419441581728973
PPP1R2,215.88695857778157,-0.42659565553147716,0.09520761750828015,-4.480688275750376,7.440271301285166e-06,2.7454875650498768e-05,2.7454875650498768e-05
ANKFY1,19.06889928872313,1.3303480796917553,0.20278583686238932,6.560359935760853,5.3678052923414245e-11,3.334040554249332e-10,3.334040554249332e-10
PRELID1,351.952243169879,-0.3743671223077694,0.12272121941585047,-3.050549237448473,0.0022842322375125927,0.005557742670346941,0.00555774267034694
FAM177A1,309.72084715744296,0.5835895513455897,0.10654803198343635,5.477243835309063,4.320017393359283e-08,2.0620608082860536e-07,2.062060808286054e-07
DAD1,352.69340033749455,-0.14584573979871163,0.08554850427227934,-1.7048309732514013,0.0882259530896115,0.14416005406799265,0.14416005406799265
ARHGAP30,78.83529933984175,-0.09923561352403151,0.12821339714929839,-0.7739878650003821,0.4389379674508147,0.5304386313605011,0.5304386313605012
XRCC6,231.45810276516247,-0.43073902023253025,0.08206239751931582,-5.248920739016223,1.5299287911509876e-07,6.860667224892321e-07,6.860667224892321e-07
GPCPD1,81.66177961500473,-0.9834420900112147,0.24540208797087623,-4.007472381929885,6.137203559467455e-05,0.00019670524229062358,0.00019670524229062358
ITPKB,7.502239541255447,-0.9533922446476563,0.36864261067361886,-2.586223667702242,0.009703394104936128,0.02093504661259143,0.02093504661259143
STXBP2,324.819609671077,-0.50541452548621,0.22092405938176557,-2.287729670098238,0.022153268734877236,0.04305785954300726,0.04305785954300726
RBL2,38.605361067574954,-0.5097810048154002,0.26654246630812106,-1.9125695498971536,0.05580318097712223,0.09721808532599692,0.09721808532599692
CSGALNACT1,13.244428275577333,-0.5598563270406983,0.34962192556352706,-1.6013192712050643,0.10930622282835988,0.17256356062640613,0.17256356062640615
LILRB2,188.43676892624876,0.7106649381321885,0.16422206017688934,4.327463297968046,1.5083646955439432e-05,5.255626116877851e-05,5.255626116877851e-05
MXD1,157.02689911392616,0.7680339256290006,0.23848029272785068,3.220534144955394,0.0012795194956085284,0.0033148173461360836,0.003314817346136084
RASGRP1,12.954901266153847,0.17089516008849753,0.3228506785503659,0.5293318906927348,0.596575236640575,0.6737156822592603,0.6737156822592603
SPEN,27.091087879798323,-0.8748155360495656,0.1780908630256946,-4.912186516403983,9.006631268445046e-07,3.7140747498742455e-06,3.714074749874246e-06
FOXO3,16.808353861839038,-0.6757606134349569,0.21381691129757238,-3.160463825494561,0.001575181635984571,0.003987801610087521,0.003987801610087521
UBR4,24.234746552769707,-0.2927625000615204,0.20107705354101324,-1.455971702916396,0.1454004422335963,0.2203037003539338,0.2203037003539338
SOCS1,356.50043615630346,2.370092249651384,0.1193228595446961,19.862851583468736,8.532567438881253e-88,8.532567438881254e-86,8.532567438881254e-86
ST3GAL5,41.029320796636114,1.5955888193830596,0.23309104682713008,6.845345804150144,7.629135536636436e-12,5.103100693402298e-11,5.103100693402298e-11
SERPINB9,136.61992516189218,0.9639815138222217,0.21995998307400808,4.3825313147886495,1.1730829802214115e-05,4.167257478584055e-05,4.167257478584056e-05
CAPZA1,55.0374785858651,0.20983418225565242,0.16613745351483689,1.2630155200790603,0.20658360216985328,0.2917847488274764,0.29178474882747635
EIF4G3,7.8700657842391815,0.12575345905038268,0.32373523459192144,0.38844538874150947,0.6976864606657065,0.761339328933929,0.7613393289339289
MS4A6A,244.22881764852215,2.204380842126131,0.3291082982756634,6.698040899229245,2.1123215482635775e-11,1.3627880956539209e-10,1.362788095653921e-10
MCTP1,9.378131068137327,0.5792781679660797,0.29988031189775716,1.9316978974050885,0.05339680445449895,0.0936786043061385,0.0936786043061385
ATXN10,66.66608139299036,-0.12386573672641882,0.16106887476525603,-0.7690234187514032,0.44187940820664884,0.5320643084968679,0.532064308496868
GPR137B,118.4472042249826,0.08357082319789844,0.162525625331769,0.5142009023334168,0.6071115369669832,0.6825312388611391,0.6825312388611391
DNAJB14,50.10991545167554,-0.046171577292641215,0.13170276667269326,-0.3505740878427138,0.7259078991116901,0.7834947642867676,0.7834947642867675
MKRN1,160.18689757142965,0.805648506736228,0.11174118186071143,7.209951544458264,5.597179086527649e-13,4.041284539009132e-12,4.041284539009132e-12
ATAD2B,7.1869962129510565,-0.0997736382782617,0.30199936133180755,-0.33037698436931506,0.7411151299435204,0.7956536558819253,0.7956536558819252
ZFC3H1,36.66446420827635,-0.19423034928240307,0.14999354553396496,-1.294924715533316,0.1953462014744105,0.27886681152663884,0.27886681152663884
FUBP1,90.15486400534151,0.1840389772254576,0.10231537479860145,1.79874214982569,0.07205947812899247,0.12070264343214819,0.12070264343214819
SP3,33.88837808701019,-0.219959980929334,0.1447285840535577,-1.5198102183321056,0.12855868020660885,0.19871539720131368,0.19871539720131365
SHOC2,71.08383559535721,0.10815921853443304,0.13218381956871153,0.81824854878104,0.4132152785442389,0.5067017517403297,0.5067017517403297
LPXN,179.55712791251727,-0.5794880905403353,0.080434799324212,-7.204445033853665,5.828072633018879e-13,4.1928580093661e-12,4.192858009366101e-12
GSN,41.93243789771131,-0.936619216285441,0.2726815319864026,-3.4348465386066036,0.0005928894770513782,0.0016208653687853718,0.0016208653687853718
CNOT2,48.868559094738366,0.08497020925745373,0.1585430539356434,0.5359440678614988,0.5919972069425603,0.6704385129587319,0.6704385129587319
HNRNPA0,327.9885907042043,-0.4596100723582164,0.06742087925725244,-6.81702875165005,9.294266922009357e-12,6.155143656959839e-11,6.155143656959839e-11
TAOK1,19.04257334347546,-0.24384253492188157,0.20453630231994036,-1.19217240243474,0.23319365220587018,0.3234308629762416,0.3234308629762416
FOXJ3,7.298015477139801,-0.2656623067360812,0.29212746445090737,-0.9094054447616867,0.3631361488173638,0.4602486043312596,0.4602486043312596
B4GALT5,24.89000633880002,1.358276125770698,0.2658905605609218,5.108402956860459,3.248931954221268e-07,1.4034263301171783e-06,1.4034263301171785e-06
CTNNB1,39.77646272333483,0.03337448213810445,0.2215056551308632,0.1506710161344962,0.8802352379497141,0.9140552834368786,0.9140552834368787
RAB8A,253.88910452916159,1.2752212351193588,0.13971355815397668,9.127397884419723,7.016544572345525e-20,7.347167091461282e-19,7.347167091461283e-19
CD163,34.037570314644775,1.501301337981764,0.2839993418865116,5.286284566749791,1.24825664395227e-07,5.661027863729116e-07,5.661027863729116e-07
XRN2,110.91337596072098,-0.37447460895189544,0.11047162369855561,-3.3897809809849986,0.0006994848423053002,0.0018854038876153641,0.0018854038876153644
ZFR,71.47061943423904,0.02761421290825826,0.10612341889890922,0.26020847419703785,0.7947029678943761,0.8431861728322294,0.8431861728322293
GNG2,39.30029366378946,0.20325274774504506,0.161947062513861,1.255056711681008,0.20945817335790817,0.29501151177170165,0.29501151177170165
DCK,167.8378985942533,1.370615396432129,0.11652485723287663,11.762429313197389,6.095481923306623e-32,9.831422456946166e-31,9.831422456946166e-31
TRAF3IP3,79.58118578909026,-0.24490744914878604,0.2603000121056778,-0.9408660689933328,0.3467734978425904,0.44231313500330405,0.44231313500330405
THOC2,59.322371580062764,0.12593837284848414,0.12652062723642526,0.9953979489300738,0.31954275577563507,0.4147212923759053,0.4147212923759053
EP300,14.655585806008132,-0.43670117231059136,0.22404727755340495,-1.9491474169173835,0.05127782242677027,0.09035739634673176,0.09035739634673176
EIF3A,78.07423016149981,-0.6332845082068327,0.12774607965943965,-4.957369415132864,7.145403643153741e-07,2.9648977772422163e-06,2.964897777242216e-06
CORO1A,315.09008239192593,-0.8760452533331028,0.16222922510087,-5.400045847401417,6.662386803611455e-08,3.120555879911688e-07,3.120555879911688e-07
ITCH,10.099848511453779,-0.18598653151177044,0.23534867907491905,-0.7902595087545188,0.42937622878893067,0.522260707164033,0.522260707164033
CHD9,36.53527386385013,-0.14686489666825733,0.2308666175616726,-0.6361460925766999,0.5246812053923555,0.6115165564013468,0.6115165564013468
ACYP2,22.095887732411644,-0.04119482444115465,0.24710543559937395,-0.1667095033390638,0.8675986276020751,0.9023386662528082,0.9023386662528082
FMNL1,97.53858104823689,-0.43802956793208925,0.11597315595966472,-3.776991014062213,0.00015873445617727694,0.00048028579781324337,0.00048028579781324337
SLTM,86.60823350862793,-0.3197729134235654,0.11726820940474832,-2.7268508238228244,0.00639419396344802,0.014304684481986622,0.014304684481986622
PPP2R5E,36.97865368571609,-0.4314749833431392,0.1455664105738054,-2.9641108937310223,0.0030355887285563542,0.007244841834263375,0.007244841834263375
METTL9,259.06702687480697,-0.5000302665536143,0.14971258883268415,-3.339934673846555,0.0008379809898888233,0.0022316404524336175,0.0022316404524336175
POU2F1,9.20164893123029,0.3009919300930976,0.3057156149641117,0.9845487615293428,0.324845768569341,0.4191558304120529,0.4191558304120529
SPOCK2,139.89242528269358,0.05378661867707785,0.19248264832362494,0.27943619409602743,0.7799100979950204,0.8301331537999154,0.8301331537999154
NAA25,15.436432636105188,1.008752311326546,0.2657762602437516,3.795494414743394,0.0001473495125620987,0.0004492363187868863,0.0004492363187868863
SCAF8,8.231525275426836,-0.47031637739253995,0.29422469590676154,-1.5984938855764204,0.1099331051111925,0.17298679010415813,0.17298679010415816
CD69,303.16987729342924,1.7698725301146068,0.2056082317844471,8.607984781319859,7.435612594638859e-18,6.949170649195194e-17,6.949170649195196e-17
HPSE,341.73516235787065,1.190957092988438,0.42288966804322836,2.8162359664618166,0.004858996409020332,0.011195844260415512,0.011195844260415512
RBM26,14.05583976939566,0.031535886939823225,0.22762589274784512,0.1385426172705116,0.8898115906278076,0.9207910274950251,0.9207910274950252
BMP2K,9.53789978276886,-0.8631870141389271,0.313391847736766,-2.7543378054427325,0.005881103191199582,0.013275627971105151,0.013275627971105151
CRTC3,38.97864756756241,-0.5433569052990375,0.14552525010638337,-3.7337637619713906,0.0001886394430700023,0.0005631028151343353,0.0005631028151343353
NOTCH2,27.90479429453479,-0.046423233875609406,0.19295611888590702,-0.2405895917872342,0.8098732178218621,0.8529470435196019,0.852947043519602
CARD8,39.7196402458423,-0.256291049308494,0.15975298749579434,-1.6042958152206144,0.10864886310259703,0.17177685866023246,0.17177685866023246
ERH,324.2351278595996,0.011559652077813728,0.09674943401274096,0.11948030699891676,0.9048948410052806,0.9324006604897275,0.9324006604897276
SSBP3,13.507594357422523,-0.27458290654289746,0.3319459197508946,-0.8271916905891037,0.40812842063677257,0.501694432251718,0.501694432251718
PCMTD1,58.10902387906934,0.5525867467042803,0.14320071239775262,3.858826799474446,0.00011393264335008792,0.00035382808493816126,0.00035382808493816126
DDX6,57.83961251570494,-0.31030983910940474,0.14719380762162723,-2.1081718322490817,0.03501612882023689,0.06478469716972599,0.06478469716972599
DBI,331.1028050999495,-0.34895904007627193,0.07095618543365335,-4.917950957250393,8.745481472115221e-07,3.613835319055876e-06,3.6138353190558766e-06
PML,67.3177447705265,3.179975222546467,0.26893064370078823,11.824517945543244,2.91571661458935e-32,4.819366305106363e-31,4.819366305106364e-31
RPS27L,294.1479370046966,0.07013534764414592,0.10286805387727703,0.6817991106142469,0.4953659867441007,0.583141206108332,0.583141206108332
TAF3,24.70309341063306,-0.29064519191406535,0.1815101371930919,-1.6012614854941944,0.10931901565682829,0.17256356062640613,0.17256356062640615
JPX,34.83835204187811,0.19289882997947425,0.1790903588729572,1.0771033750416037,0.2814340854509787,0.37474578621967874,0.37474578621967874
CD6,81.06789945078489,-0.03465344479135594,0.2012636261781452,-0.17217937214687273,0.8632965143327228,0.8997358148334788,0.8997358148334788
SPPL3,10.270686211659516,-0.36680884572285,0.28227128155224085,-1.2994904890987413,0.19377565534177088,0.2770510652468242,0.2770510652468242
DAZAP2,264.91708847280375,-0.243038959597476,0.10420032138110197,-2.3324204414743215,0.019678583774361186,0.03900611253589928,0.03900611253589928
CNOT1,21.90968766745917,-0.007172679612515114,0.18416875283642992,-0.0389462354609392,0.9689332539441196,0.9733145436697958,0.9733145436697956
TMEM165,166.9936238660545,-0.3228544084822124,0.11674851836364203,-2.765383347106837,0.005685593638813108,0.012848799183758437,0.012848799183758437
BASP1,67.13169392961638,0.32007820865204767,0.19083404014522068,1.6772595099305916,0.09349174656731592,0.1515263315515655,0.1515263315515655
FNIP2,29.833791509507186,1.2877776073411802,0.2879400014312578,4.472381749461863,7.735317688131269e-06,2.8282697214373927e-05,2.8282697214373927e-05
CAMTA1,129.44994588079862,0.056756825874830025,0.10047729214365152,0.5648721682674855,0.5721607153821251,0.6531515015777684,0.6531515015777684
DENND5A,41.067855834494566,0.4337869919253642,0.17791327412592664,2.4381935190419277,0.014760869551006965,0.03046619102375019,0.030466191023750186
KAT6B,11.722988783089207,-1.1328392113738563,0.262862819206379,-4.309621325655954,1.6353432274121687e-05,5.63911457728334e-05,5.639114577283341e-05
SUMO1,310.1211443340484,-0.3021379844244517,0.0655962414931094,-4.606025856773973,4.10437377291796e-06,1.5635709611116038e-05,1.5635709611116038e-05
MAPK1,54.07143571185703,-0.8489416730956854,0.13463422311433684,-6.305541440044777,2.871881481642646e-10,1.689342048025086e-09,1.689342048025086e-09
DSE,61.38533644514199,-0.5750917363213824,0.2888977430164302,-1.990641153221733,0.0465203525116635,0.0829239795216818,0.08292397952168182
OGT,12.6445325554663,-0.61804032018651,0.24621292961209343,-2.5101862894049787,0.012066748537709499,0.02557693104234806,0.02557693104234806
COX6C,300.345411428763,0.003756202337803538,0.07901597606579529,0.047537251639792576,0.9620850413670357,0.9708224433572509,0.9708224433572509
ZNF516,9.250553292122175,-0.1114295655510313,0.2773874970814079,-0.40171084394019696,0.6878968429883932,0.7526223665080888,0.7526223665080888
ARL6IP1,254.5517643954923,-0.07965911453951575,0.07237905353464227,-1.1005824288844712,0.27107843637946405,0.3648431176035855,0.3648431176035855
CANX,118.54506139116874,-0.2403508962923872,0.09744712295045327,-2.4664750381044396,0.013645023864028709,0.028486479883149708,0.028486479883149705
RSL1D1,247.28305495898883,-0.21352990402443553,0.1631865578777891,-1.308501795744406,0.19070316588721914,0.27399880156209644,0.2739988015620965
ARHGAP24,19.392444824135467,-0.7766116092615999,0.3210231570714624,-2.4191762873004197,0.015555699397131483,0.03200761192825408,0.03200761192825408
COX5A,307.9559018025626,0.29911387274104473,0.13021385605841398,2.2970971123600097,0.021613230472228673,0.042213340766071625,0.042213340766071625
SP140L,53.5523289619541,1.4251879950697361,0.13371493851236985,10.658405193357607,1.5930568777709098e-26,2.2125789969040414e-25,2.2125789969040414e-25
PCNP,228.97321663404614,0.10802246421593546,0.09019078540573837,1.1977106500401153,0.2310296817623425,0.3208745580032535,0.3208745580032535
PCMT1,262.13403468301516,0.6485199152086889,0.12337996068450263,5.256282394732093,1.4699651979479442e-07,6.606585159316604e-07,6.606585159316603e-07
DTNBP1,63.12449803988298,0.1719244485153556,0.10795191943945662,1.5926020529146507,0.1112494927124324,0.1747831778671365,0.1747831778671365
ATP11B,11.78084886689803,-0.8061650459416482,0.23374031779132642,-3.4489772819653584,0.0005627140423582212,0.0015523145996088861,0.0015523145996088861
ERP29,291.66589846668455,0.19045217639574352,0.11291702549482611,1.6866559808951935,0.09166952092064154,0.1488141573387038,0.14881415733870382
RABAC1,340.00410827103997,0.19337612596000978,0.07845749205324488,2.4647247942717287,0.013711852268880704,0.028596146546153712,0.028596146546153712
CHD6,16.49207965010393,0.0355635826360522,0.2143571930170269,0.16590804411787247,0.8682293169409343,0.9025252774853787,0.9025252774853787
KIAA0319L,12.5510191669845,0.6217281909497038,0.23077684225060702,2.694066635483953,0.007058605133307157,0.01563367692869802,0.015633676928698024
PRKX,60.5252676189844,0.7106793006260077,0.12947247413881735,5.489037769248419,4.0412921144996024e-08,1.9429289012017317e-07,1.942928901201732e-07
CMTM7,138.81569026478354,-0.1291158522203256,0.1310850466736015,-0.9849777338968406,0.3246350081941487,0.4191543036722385,0.4191543036722385
NDUFC2,329.36879145129666,-0.07111259602354478,0.07437079327740831,-0.9561898278843116,0.33897633815962225,0.4334735782092356,0.4334735782092356
MICU2,34.56240072206025,-0.22101266034280684,0.16351473277639014,-1.351637596136651,0.1764912770865974,0.2567898975893966,0.2567898975893966
SMAP1,71.20960781345434,0.3432112327555713,0.1498434351459361,2.290465594447362,0.0219943408392263,0.04283221195565005,0.04283221195565005
SMARCC1,33.29122531213465,-0.6273886431885197,0.18856791683231322,-3.3271229471471244,0.000877476492999244,0.002333714077125649,0.002333714077125649
KIAA2026,13.466159963404753,-0.11565391508719661,0.23650053419858083,-0.489021792187946,0.624826268694756,0.6981299091561519,0.6981299091561519
LAMTOR5,327.94554632415065,-0.23999605255483183,0.07904007920928013,-3.0363842617031915,0.0023943401046976663,0.005797433667548829,0.005797433667548829
NUDT3,63.82087185777362,-0.1865205488895277,0.17221155594803378,-1.0830896211506955,0.2787686453202577,0.3729346425689066,0.3729346425689066
IL15,58.10460051830768,1.5289553428994067,0.219116091189509,6.977832319841105,2.997691278215575e-12,2.0889834691397732e-11,2.0889834691397732e-11
HERPUD2,54.65576862328632,0.8805366544441489,0.13357091004520144,6.592278619245525,4.3312676235727653e-11,2.715528290641232e-10,2.7155282906412325e-10
SLC16A3,299.993387759108,-0.9940242066907053,0.2256960659405909,-4.4042602273464455,1.061454672002149e-05,3.7909095428648184e-05,3.7909095428648184e-05
CLIP1,41.91210990909647,-0.5099081695860295,0.16482918139578898,-3.093555190094856,0.00197773763803803,0.004895390193163441,0.004895390193163441
SRRM1,164.5167263090848,-0.37529713318320757,0.0813259141171297,-4.6147299696218065,3.936067301935982e-06,1.505188260778578e-05,1.5051882607785782e-05
MVP,153.96004703985625,0.8490377532300035,0.11715757241642837,7.246972907667961,4.261891729612512e-13,3.12226500337913e-12,3.12226500337913e-12
PTEN,9.72669939469844,-0.524720718739718,0.27825194400937703,-1.8857755715159892,0.05932520415029967,0.10202098736079049,0.10202098736079049
INSIG1,285.5785739495088,-2.2739298017427574,0.17365675046105924,-13.094393369134607,3.544952631700479e-39,6.950887513138195e-38,6.950887513138194e-38
HELZ,16.546202283457482,-0.29170093678195935,0.19413036207719644,-1.5026033726036305,0.1329413531822337,0.20389778095434619,0.20389778095434619
ARHGEF1,78.83750556775183,-0.5266918454052311,0.14121476070789946,-3.7297223233956758,0.0001916909036858619,0.0005713588783483216,0.0005713588783483216
REEP5,254.97808340044338,-0.044218833053482155,0.11561958669322876,-0.38245105624540193,0.7021268259547041,0.7644276820410496,0.7644276820410497
GK,97.34209498678044,-0.6069631118791371,0.21476189797110742,-2.8262141358091077,0.004710176480231561,0.0108905814571828,0.0108905814571828
DNM2,25.075302285068865,-0.24995737713247523,0.16503814139440492,-1.514543093012251,0.12988815288812194,0.20044468038290422,0.20044468038290422
LAMTOR4,296.32807802458376,-0.5163548933834664,0.09414382913506328,-5.484744970832647,4.140663293130165e-08,1.981178609153189e-07,1.981178609153189e-07
NLRP1,7.927800012684848,-1.034620144009102,0.33014112315704697,-3.1338723698378437,0.0017251587470215831,0.004312896867553958,0.0043128968675539585
GTF3A,279.02921459609126,0.035477038809609084,0.2855492910466289,0.12424138291352245,0.9011241572242087,0.9289939765198026,0.9289939765198028
CCT4,260.90139501132376,-0.03509332509880849,0.10099592394068316,-0.3474726873078509,0.7282362341301014,0.7855838555880275,0.7855838555880273
ZNF33A,29.387291037857707,-0.2745608620507027,0.1869480812242499,-1.4686476601027991,0.14192838066172947,0.2158606549988281,0.2158606549988281
ENY2,305.71074962597606,0.25558257347959507,0.0970506411265633,2.633497012619329,0.00845105791636092,0.01851272270834813,0.018512722708348125
YWHAQ,216.72522509533314,0.4902709779088418,0.10130966213418227,4.83933089481129,1.3027698671799057e-06,5.295812468210999e-06,5.2958124682109985e-06
RBMX,156.21949632903716,-0.631169531005372,0.09860263286616104,-6.401142775387086,1.5421827390263646e-10,9.290257464014245e-10,9.290257464014244e-10
CHMP4B,203.5525606534089,-0.2082246280794094,0.1134530523001077,-1.8353373828022759,0.0664557153607531,0.11254143160161408,0.11254143160161406
COA1,31.76242288290167,-0.3781166899218208,0.18621993347977972,-2.030484507518513,0.042307314374038625,0.07616078195146467,0.07616078195146467
GLIPR1,263.48890340802666,-1.6713486225325818,0.1300105888785395,-12.855480749295081,8.012615707335551e-38,1.470204716942303e-36,1.470204716942303e-36
APLP2,204.56399290295667,-1.1651178629653314,0.23253746172652792,-5.010452312993552,5.430225346158744e-07,2.2864106720668394e-06,2.28641067206684e-06
GABARAP,264.3595025974925,-0.6875359834488535,0.16568048383986983,-4.149770495077482,3.3280879356435e-05,0.00011056770550310631,0.00011056770550310631
RNF144B,11.628348553669817,0.4642018360756024,0.3326301731160464,1.3955493926693592,0.16285023109907348,0.24054687016111298,0.24054687016111298
LCK,147.06386034684016,-0.4627535798982924,0.31930534749930073,-1.449250955307931,0.14726751212577488,0.2222905843407923,0.22229058434079227
NFATC2,10.811506863957868,0.27501083766893464,0.24454406802319809,1.1245860097610152,0.260764504853622,0.3538188668298806,0.3538188668298807
SIGLEC1,23.80418606901475,4.420501402173155,0.4365585167280321,10.125793525469224,4.24521154453947e-24,5.339888735269774e-23,5.339888735269774e-23
CHMP4A,254.91820234905856,-0.009188247088883593,0.06324262977995962,-0.1452856581209906,0.8844853377417505,0.9175159105204882,0.9175159105204881
PPA1,238.14357837352992,0.9451335819261554,0.1784667364079786,5.2958528908466205,1.1846217989109583e-07,5.396910245608011e-07,5.396910245608011e-07
TAGLN2,289.2408731724977,-0.28638314420402966,0.10591370115682233,-2.7039291524709648,0.006852489777954576,0.015193990638480214,0.015193990638480214
PSMB7,246.21573707317424,-0.1354687841247233,0.07892391365064841,-1.7164478781978185,0.08608009993026851,0.14111491791847297,0.14111491791847294
CBFA2T2,16.25045100144805,0.19813071238139351,0.19596120247790544,1.0110711195688478,0.3119823918881033,0.4067567038958322,0.4067567038958322
WSB1,121.57494894658349,0.07269489293481136,0.12711698628784024,0.5718739490110554,0.5674073740633171,0.649678558691471,0.649678558691471
MTSS1,55.46026842618028,-1.4776617739160944,0.16525431817452985,-8.941743793681042,3.830768979929122e-19,3.830768979929122e-18,3.830768979929122e-18
CDC42SE1,130.77040400797017,0.03744860552400011,0.10034617699407195,0.3731941429738019,0.7090039550438448,0.7698197123168783,0.7698197123168782
ATP1A1,192.278133675623,-0.7468686291685623,0.10341578622861414,-7.22199826936974,5.122912515182838e-13,3.712255445784665e-12,3.712255445784665e-12
PSMB6,319.76988158204404,-0.33652175397902956,0.09564561058353832,-3.518423395761652,0.000434119130732632,0.001216019974040986,0.001216019974040986
NDUFS5,313.82044416447127,-0.3684333084282132,0.09374100656525737,-3.930332326565429,8.482853291552834e-05,0.00026717648162371134,0.0002671764816237113
SAMD3,16.627772349913563,0.3828770521968359,0.3983877451191001,0.9610663402368785,0.3365188126635241,0.43143437520964634,0.4314343752096463
CREB1,43.73681170278334,-0.003595012426425632,0.13403093682969994,-0.026822258438687657,0.9786014999364692,0.9798890643770217,0.9798890643770216
VPS8,12.343434048769927,-0.8094108044913301,0.2571602223897298,-3.1474961289489674,0.0016467528642799731,0.004153222860731332,0.004153222860731332
ABCC1,4.841591430524108,-0.016210907918609428,0.3611904147225455,-0.04488188849380765,0.9642014531838856,0.9719772713547234,0.9719772713547234
CHIC2,129.88635332827522,-0.006353498198788994,0.10729356005507945,-0.05921602559862314,0.9527800454591036,0.9653293267062854,0.9653293267062852
MECP2,52.740745527825055,0.059775644541697294,0.1494944814319944,0.3998518471659401,0.6892656405422906,0.7537076441140411,0.7537076441140411
RC3H1,7.773223349794319,-0.10802541035084809,0.26215872931005724,-0.41206108465335733,0.6802946511501667,0.745937117489218,0.7459371174892179
LCORL,15.607015868035418,0.0916555697387665,0.23602138408739823,0.38833587089221816,0.6977674949679459,0.761339328933929,0.7613393289339289
RUFY3,8.109986039079317,0.5719193924198495,0.27813771134062126,2.0562454104594563,0.03975886720934754,0.07242052314999552,0.07242052314999552
AGTPBP1,5.77524787911541,-0.5141551964469816,0.3108419661546925,-1.6540726556565049,0.09811275121524612,0.1571060868138449,0.15710608681384486
CREBRF,30.661732169019185,0.6427312817251394,0.184378935009186,3.4859257739671703,0.000490437066780989,0.0013661199631782423,0.0013661199631782423
EHD4,77.91045550499095,1.6354936883739424,0.205771846922258,7.948092573576613,1.8940509937789722e-15,1.5398788567308717e-14,1.5398788567308717e-14
SERPINA1,274.6496419339844,-0.11214298068154385,0.1761803269054968,-0.6365238540038434,0.5244350383360958,0.6115165564013468,0.6115165564013468
CHST12,132.47400207040442,2.078135277567191,0.14343674688694436,14.488165150630195,1.4393658231265127e-47,3.6439641091810444e-46,3.6439641091810444e-46
RIF1,32.570656834560516,0.48194850479727197,0.2220657789824857,2.1702961483105563,0.029984418227167013,0.05662779646301608,0.05662779646301608
BRI3,216.90902131511976,-0.09731084556644978,0.15730661674308571,-0.6186061818707762,0.5361758283990695,0.6216531343757328,0.6216531343757328
UBE2F,171.90054354692825,1.1473837440774715,0.16138292507584476,7.109697283886993,1.1629775146922412e-12,8.277420033396735e-12,8.277420033396735e-12
ARHGAP17,15.902796802831686,0.5816988952904945,0.19964241235521699,2.9137039992058265,0.003571683897133613,0.008453689697357665,0.008453689697357663
MAN1A2,18.556096333378367,-0.549477100655798,0.22124418661802417,-2.4835775757781358,0.013007000031023615,0.027346160544494038,0.027346160544494038
CMKLR1,18.21610830709561,2.9299550325761423,0.32469726082179073,9.023651832357897,1.8192149893297455e-19,1.837590898312874e-18,1.837590898312874e-18
KLF13,34.3168676887079,-0.1904245983805879,0.15670629920097143,-1.2151687542335083,0.22430173493953076,0.31283366100352966,0.31283366100352966
SLC31A2,260.45536035484145,1.814126495058227,0.21744134961688735,8.34306123584387,7.239165498554129e-17,6.322415282580026e-16,6.322415282580026e-16
CCT5,274.0784430399257,-0.5378056012971845,0.0979616974323383,-5.489957967180431,4.02029404493346e-08,1.937491105992029e-07,1.9374911059920288e-07
ARHGDIA,249.04710890779504,-0.011706944695882193,0.10254015084618504,-0.11416937267278991,0.9091035301925725,0.9362549229583651,0.9362549229583651
PACSIN2,35.98513499631734,-0.42286764140682925,0.15051359612856316,-2.809497960872793,0.004961883347319258,0.011367430348955916,0.011367430348955918
UGP2,165.80020634842944,0.056855149712536614,0.08575523680132531,0.6629933265096872,0.5073348281593417,0.5944169046975298,0.5944169046975298
CYP1B1,206.67060258773148,-1.1749637793619159,0.3418895923620326,-3.4366760662246985,0.000588899460532594,0.0016134231795413533,0.0016134231795413535
ANO6,14.246118920486508,-0.08820648693155508,0.24829874705041263,-0.35524338313977205,0.7224072664082154,0.7801374367259345,0.7801374367259345
ACSL1,92.87269264690343,1.0573438475702752,0.2557769816551306,4.133850672285726,3.5673530712234246e-05,0.00011734714050077054,0.00011734714050077055
PPM1B,53.524835259262794,-0.23618483928252118,0.12465689424225977,-1.894679317322928,0.0581348994609157,0.1006664925730142,0.10066649257301419
AGPAT3,18.51939773356824,0.1675513948589985,0.2747397232736829,0.6098550033556364,0.541957861847898,0.6254562744926693,0.6254562744926693
LRCH1,5.246326994370847,0.36015733391539756,0.34733868508051624,1.0369053301157913,0.29977997962755276,0.39418800739980636,0.39418800739980636
TRAF1,65.88223683633166,0.1333177380281589,0.2172263993783386,0.6137271455480982,0.5393956471802206,0.623692108895202,0.6236921088952019
CLTC,30.097393098276505,-0.8304649405790654,0.1921320596952816,-4.322365262185652,1.5436535383071456e-05,5.3692296984596366e-05,5.3692296984596366e-05
YPEL5,259.16618843611997,-0.1282204561828528,0.09451383819858868,-1.356631564506365,0.17489830717789634,0.25532599588014065,0.2553259958801406
BCLAF1,76.42109551699754,-0.06566122206219861,0.10748537512345366,-0.6108851737902259,0.5412756008120603,0.6250295621386377,0.6250295621386377
TTC3,48.49864581030192,-0.8938344377634241,0.17158070133162032,-5.209411261444126,1.8944078492171478e-07,8.382335616005078e-07,8.382335616005079e-07
ADPGK,116.21630246095994,0.27997752306938556,0.13054125212216497,2.1447436616233237,0.031973347902691227,0.05976326710783407,0.05976326710783407
DBNL,222.28074442525883,-0.3035967342862532,0.1276823943656728,-2.3777493819294695,0.017418660132537348,0.03529617048133202,0.03529617048133201
ARL8B,69.74200258857893,0.9857378988070291,0.13091056989059635,7.529857211918205,5.079583928876473e-14,3.892401478066263e-13,3.892401478066263e-13
TRAFD1,54.502141809358676,2.4997277614024007,0.16740351315627036,14.93234947267156,2.0298610531721433e-50,5.970179568153362e-49,5.970179568153363e-49
GNA13,27.012646775900482,0.36234516027596086,0.20971634180152096,1.7277869581517418,0.0840264264334343,0.13808780021928396,0.138087800219284
TNFAIP3,85.56014934442373,-0.04217994124263019,0.17006080075197588,-0.24802859363309282,0.8041122833735918,0.8495639549641752,0.849563954964175
TRIM33,15.903150257675915,-0.15750647199455056,0.20662285075605652,-0.762289705220001,0.44588711681796855,0.5355076988851075,0.5355076988851076
TNRC6C,6.882365320098952,-0.3645883891412873,0.32593969806652096,-1.1185762007636104,0.2633209812812698,0.3556223351628679,0.35562233516286795
MEMO1,5.189471257646775,0.34098198986814987,0.35535953933171127,0.9595408371740919,0.33728635731873235,0.4321413931053586,0.4321413931053586
PPP3R1,20.30804568810896,0.02761857249212777,0.19339700903410245,0.14280765059431544,0.8864420947163869,0.9185928442656859,0.9185928442656859
GPBP1L1,38.31805223750102,-0.17413539470996536,0.16250890736047935,-1.071543692824763,0.28392503571426864,0.37700433488536417,0.37700433488536417
IQSEC1,9.933302338203216,-0.22209578665315097,0.28738261797791886,-0.7728226161201432,0.4396273668384659,0.530950926133413,0.530950926133413
ARRB2,211.5706971635894,-0.7794628268300386,0.16127730825819842,-4.83305950011362,1.3445058089578336e-06,5.4543846205185954e-06,5.454384620518595e-06
RBBP6,54.235054601338675,0.5043286753062204,0.13548817903722615,3.72230757612923,0.00019741034213008408,0.0005875307801490598,0.0005875307801490598
TM9SF2,97.73491834767013,0.032616201972321554,0.12336980266557472,0.26437751595287934,0.7914890350255599,0.8411148087412963,0.8411148087412964
PDCD6,259.1057682296141,-0.5863445975624395,0.0660644655035768,-8.875340065086792,6.972005605501113e-19,6.8352996132363865e-18,6.835299613236386e-18
TNKS,7.088843570411789,0.02132974251105552,0.3841832367021972,0.055519711620289784,0.9557244265666881,0.9678222041181652,0.9678222041181651
SFT2D1,272.65311012798475,0.17161477788831908,0.16433571612126602,1.0442938512628728,0.29634945678688196,0.3907046233182359,0.3907046233182359
TMED9,277.6403758091859,-0.24488050466742406,0.0895336132191626,-2.7350678238350494,0.0062367424025529155,0.013968068090823998,0.013968068090824
PPP1R15A,250.5072691319596,-0.12463782602184116,0.15762381123100383,-0.7907296813117884,0.4291017517633413,0.522260707164033,0.522260707164033
PIBF1,6.997826061177321,-0.3348478362041598,0.3383702141492485,-0.989590165452521,0.3223744788776728,0.4173132412655958,0.4173132412655959
SUPT4H1,300.4111696364702,-0.00290363492656971,0.09772226162075781,-0.029713136785947347,0.9762958349081191,0.9782523395872936,0.9782523395872937
SPCS1,292.926953739598,-0.25745255646017146,0.10711449346035354,-2.4035268070932228,0.016237776439177468,0.03330574413876099,0.03330574413876099
RNASEH2B,85.96729225493385,0.6079987985130167,0.11026561172469423,5.5139475399731905,3.508732246956443e-08,1.7074122856235734e-07,1.707412285623573e-07
PPHLN1,76.64532761741529,-0.305693304932262,0.10941900008528958,-2.7937863140220722,0.005209488986207512,0.011866717508445358,0.01186671750844536
ZC3H13,50.42083034983501,-0.514536982430131,0.1280179722352191,-4.019255839209243,5.8382248421617415e-05,0.00018742294838400454,0.00018742294838400454
EIF2S2,254.20173393508807,0.08320148772494095,0.08898829656212609,0.9349711247349795,0.34980318057171267,0.44560914722511163,0.4456091472251117
STT3B,36.002320312029525,-0.09585957167132335,0.18159000836322148,-0.5278901220136645,0.5975756011031625,0.6744645610645176,0.6744645610645175
LAMTOR1,279.2381215802701,-0.53581676670622,0.07636425818363964,-7.016591000173088,2.273468539711461e-12,1.5898381396583645e-11,1.589838139658364e-11
VASP,246.04920746000286,-0.8103500831569169,0.1885329183529648,-4.29818882684353,1.721994366500658e-05,5.897240981166636e-05,5.897240981166636e-05
DDX24,166.04291707708458,-0.2682200471949594,0.07818539878250516,-3.4305644195930936,0.0006023269353482991,0.0016412178074885532,0.0016412178074885534
PSMB2,263.8696666668381,0.0796880438363598,0.08971458249970614,0.8882395884372624,0.3744118879192172,0.47214613861187543,0.4721461386118754
EIF5B,121.36792598504093,-0.03581396165546182,0.14727092917126033,-0.24318419023359333,0.8078627136696733,0.8517266353923809,0.8517266353923809
GLIPR2,182.3113686884375,0.962774329796544,0.22295074388038671,4.318327506065973,1.5721602282603043e-05,5.449428867453395e-05,5.449428867453395e-05
STAT5B,10.962774017034217,-0.37231152375248466,0.22885449124555995,-1.6268482288730612,0.10376933564131181,0.16497509640908078,0.16497509640908078
SSBP2,14.381867930602317,-0.4265874388049981,0.2309327233068436,-1.8472368605733944,0.06471281930052014,0.10996230977148706,0.10996230977148706
RBM5,41.2661881378253,-0.2673003769913791,0.13653826546889727,-1.9576957131645176,0.050265728571249974,0.08888723001105212,0.08888723001105212
UQCRFS1,309.79289481812623,0.08166446067539021,0.09106180433119046,0.8968025757361205,0.3698242733021937,0.46783589285540006,0.4678358928554
OGDH,19.92792892512022,0.09972399392901296,0.18937897884226276,0.5265842837397223,0.5984823082628574,0.6751069467150111,0.6751069467150111
LRCH3,11.806632437574823,0.012795371206338385,0.2512650774896507,0.05092379464020586,0.9593862447247019,0.9695666950224375,0.9695666950224375
TTC39B,20.26591034715279,2.12902181865608,0.4757825194634067,4.474779403533398,7.649024301622806e-06,2.8121412873613255e-05,2.812141287361326e-05
TNKS2,17.516580172029066,0.405154800912212,0.2781178079885447,1.456774033430106,0.14517876590322937,0.22013459575925606,0.22013459575925604
UPF2,62.778669892559066,0.08627474010992389,0.11195354696651548,0.7706298053756891,0.4409263893403711,0.5312366136630977,0.5312366136630977
UQCRH,289.28318800722144,-0.37795904407873593,0.08642934053023217,-4.373040934479066,1.2252773844730055e-05,4.344955264088672e-05,4.344955264088672e-05
PLEKHO1,74.94528567754313,0.4594381478440492,0.141135725013884,3.2552930719621327,0.0011327540870796416,0.002949880435103233,0.002949880435103233
RNF145,88.09497358963898,-0.4425670532140645,0.1409123865444396,-3.1407249856952206,0.0016853020603438745,0.00422911432959567,0.00422911432959567
XBP1,276.966292024022,0.4118790588048835,0.13174775224167748,3.1262701017421106,0.0017703886653123236,0.004420446105648748,0.004420446105648748
MAPK8,21.51967280216473,-0.0127106825082495,0.17581104375320275,-0.0722974065616282,0.942365228561526,0.9591503598590596,0.9591503598590595
PRKACB,9.525817023291898,-0.6569105389061013,0.31028658917488033,-2.117109027022307,0.034250595749319206,0.06366281737791674,0.06366281737791674
BLOC1S1,296.8598008980016,0.1820366276816476,0.12598844799422243,1.4448676095287358,0.1484950759186097,0.22363716252802665,0.22363716252802665
BIN2,77.52742993918034,0.29687961036891014,0.1248507431834129,2.377876196802265,0.017412671038539152,0.03529617048133202,0.03529617048133201
SRP9,250.0439275949123,0.004954062488779066,0.06821156118009465,0.07262790065307506,0.9421022238343008,0.9591503598590596,0.9591503598590595
EIF3M,225.84416295872535,-0.27972785939418454,0.12761105500039924,-2.19203469004554,0.02837700187661248,0.05394867276922525,0.05394867276922524
VPS53,9.292018133688408,-0.021277590501615554,0.27555237962971385,-0.07721795228264147,0.9384501604294833,0.9561387268767023,0.9561387268767023
MICU1,24.455152355427764,0.465440602831716,0.21645014456758874,2.150336299204353,0.031528623102271426,0.05904236536005885,0.05904236536005885
TNIP1,124.12235174285433,-0.28337800536104735,0.188767327098684,-1.5012026165571688,0.1333031634131832,0.20429603588227313,0.2042960358822731
ANXA7,219.20438460205594,-0.4240294799371077,0.07431795116973673,-5.705613156216533,1.1592501290153794e-08,5.9601549049633906e-08,5.9601549049633906e-08
GATAD2A,16.011696326953754,-0.4870396566248404,0.23198296383129094,-2.099463032031261,0.03577610332994173,0.0660075707194497,0.0660075707194497
RSBN1L,79.01656580760462,0.3390749315367309,0.13674652211609215,2.4795872413403703,0.013153454819494951,0.027517687906893202,0.027517687906893205
RNH1,282.12540727268964,-0.08199335305636157,0.08363321585290888,-0.9803922068543743,0.3268925551141849,0.4212532926729187,0.4212532926729187
NCKAP1L,49.84506290561373,-1.1460426218054227,0.18427588787919957,-6.2191675481531306,4.997993882393896e-10,2.864179875297362e-09,2.8641798752973622e-09
DUSP16,9.123530206409574,-0.5068867457754194,0.35629749238828046,-1.4226503318272923,0.1548375455624114,0.23160597411567882,0.2316059741156788
CHMP2A,290.73433098531876,-0.2736169792622384,0.09107770673115327,-3.004214632565482,0.0026626741257628145,0.006392975091867502,0.006392975091867502
STAU1,58.18265812897115,0.35441284975991344,0.11546892519749795,3.0693353138407238,0.0021453565061524153,0.005251790712735411,0.005251790712735411
PIM3,284.84954643498014,0.5231820838118031,0.09289389275857646,5.6320396128894075,1.780907628590528e-08,8.949284565781549e-08,8.949284565781546e-08
AP2M1,272.24149460157014,-0.5139163164092365,0.07645154789717679,-6.72211787131408,1.7910197073939416e-11,1.162999809996066e-10,1.1629998099960661e-10
NUMB,56.36204724013662,-1.3578115002546522,0.15843563714647962,-8.570114178284934,1.033824863169348e-17,9.572452436753223e-17,9.572452436753223e-17
BTN3A2,78.40203258377844,0.34603499891364825,0.3207104464782374,1.0789639150002848,0.28060381422492375,0.3738891595268804,0.37388915952688045
CTNNBL1,108.44066562875156,0.5530179325187775,0.11912618887922005,4.642286786153066,3.4457413756836604e-06,1.3252851444937155e-05,1.3252851444937155e-05
ANP32B,189.12533643590646,-0.416827992175946,0.1564908603504009,-2.663593204373856,0.007731099139207622,0.017010119118168587,0.017010119118168583
KDELR2,248.18265038742783,-0.4567316244548079,0.09877766970098925,-4.623834778015965,3.7670996485722507e-06,1.4461035119279273e-05,1.4461035119279275e-05
DNAJC8,243.13101802706487,-0.22714716993302705,0.06504508657927349,-3.4921495516220458,0.00047914989188716525,0.001336540842084143,0.001336540842084143
BRD2,68.58653514149648,-0.11604407197631955,0.13431187698944683,-0.8639896528691755,0.3875935746621407,0.4841893499839359,0.4841893499839359
PHF14,49.39336863150976,-0.2895154416084783,0.16302891034485367,-1.7758533808271721,0.07575708659509912,0.12615668042481118,0.1261566804248112
RAP1GDS1,13.135924265205638,-0.5027563016081632,0.23577918770238596,-2.132318405654918,0.03298067996697098,0.06153111934136377,0.06153111934136377
NUP98,31.528743255484613,-0.2995406137411261,0.14425530890793517,-2.0764616290988305,0.0378512764221466,0.06938822442190026,0.06938822442190026
ETNK1,50.162419273629126,0.7276755285812497,0.1564688212579219,4.650610407435456,3.309540098522384e-06,1.2778147098542023e-05,1.2778147098542023e-05
RER1,266.1381772218456,-0.08614055230175155,0.07450830466286736,-1.1561201491768924,0.24763201541677515,0.3401538673307351,0.3401538673307351
GPD2,10.072267614444847,2.0801481560232973,0.33033629630720135,6.297062052451031,3.033398725970309e-10,1.7739173836083677e-09,1.7739173836083677e-09
RSRC2,124.9842951255885,-0.1512141415177603,0.11101446816511847,-1.362112020325589,0.1731625353888907,0.25334679647240776,0.25334679647240776
ACIN1,38.4651894272363,0.18626553272153562,0.13997101135323373,1.3307436369911774,0.18327337935418808,0.2648459239222371,0.2648459239222371
GNAI2,80.16334988470499,-0.4960978216867265,0.17209140619965255,-2.882757673042526,0.003942105738020086,0.009264643332597145,0.009264643332597145
G3BP1,97.30426514403891,0.048618023394863354,0.1104107887028341,0.4403376152462481,0.659692600972076,0.7292535302748899,0.7292535302748899
FAM13B,12.303708852292747,-0.16756177100169706,0.2458267420272551,-0.6816254798801316,0.49547579916507767,0.583141206108332,0.583141206108332
CBL,16.423789392994664,-0.7731596507713915,0.24867593908904814,-3.109105181641765,0.001876549009176768,0.004668032361136238,0.004668032361136239
BTN3A1,19.604886807624176,0.8625648110828035,0.21139172594817732,4.08040952035304,4.495642638136139e-05,0.00014619976058979315,0.00014619976058979315
SPCS3,209.81531939313072,-0.10117515123280005,0.1582062607918746,-0.6395142058625555,0.5224884751593402,0.6096714996024973,0.6096714996024972
ERICH1,47.983090897276384,0.5240188928271967,0.15379588682773995,3.4072360687651377,0.000656243418344706,0.0017784374480886342,0.0017784374480886342
CD274,30.18288277021723,3.2754249197440135,0.2879668970959123,11.374310564082222,5.6144754720120876e-30,8.57171827788105e-29,8.57171827788105e-29
ASXL2,11.838050536820013,-0.5790962285887297,0.2504822601785216,-2.31192511667693,0.020781810328261926,0.04078863656184872,0.04078863656184872
YEATS2,5.082513387790016,2.0977155380481136,0.40947048839620437,5.122995667561664,3.007192616648039e-07,1.3018149855619217e-06,1.3018149855619217e-06
USP6NL,21.476156174751857,0.2076751298229633,0.21444171896843656,0.9684455563123461,0.33282189695210584,0.4280667484914545,0.42806674849145443
GIGYF2,22.661040618013583,-0.33890840538668293,0.17714790402078764,-1.9131381049075993,0.055730374722010846,0.09721808532599692,0.09721808532599692
SMG7,11.052243153105318,0.49512253328943484,0.23022429815431802,2.1506093720722608,0.03150704496529253,0.05904236536005885,0.05904236536005885
HP1BP3,103.28313492055872,-0.6277166751559417,0.10061649056811027,-6.238705719228219,4.4120611578244687e-10,2.5429747307345642e-09,2.542974730734564e-09
AVL9,10.897286339714354,-0.20416072047809006,0.2838114143781128,-0.7193534513946409,0.47192316980784554,0.5608219074142688,0.5608219074142688
LILRB1,77.47727389515231,1.0117465590530907,0.18285208540558254,5.533142030122025,3.145445623666187e-08,1.5440101417614718e-07,1.5440101417614718e-07
ELOVL5,44.42308775957764,0.1536338063651845,0.13464896367286763,1.1409950895607404,0.25387196643490595,0.3470566868556472,0.3470566868556472
EIF3L,221.52113583969356,-1.2953070604772006,0.12964277636554028,-9.991355452192398,1.662920855445226e-23,2.0403936876628542e-22,2.040393687662854e-22
RASGEF1B,44.61148623542958,0.9873633766352744,0.20377986863955258,4.84524493624898,1.2645557419198246e-06,5.161452007836019e-06,5.1614520078360195e-06
CD7,297.1953760639081,0.14448698921658337,0.2533479590607111,0.5703104526765073,0.5684671526240292,0.6501324108638262,0.6501324108638263
CLDND1,191.19335756745176,0.46319332930077256,0.1208047493862602,3.8342311180147535,0.00012595766951340874,0.0003863732193662845,0.00038637321936628455
ATR,6.937049399580344,0.647499762012205,0.30069802917026417,2.1533222675216517,0.031293359938999954,0.058711744726078714,0.058711744726078714
HLA-DMA,305.3283255694704,-0.39699868773126357,0.17080074859211655,-2.324338101581291,0.020107380239355974,0.039698677669014755,0.039698677669014755
TRA2B,121.16789944390155,-0.2150662129550468,0.11242778989182833,-1.9129275169597424,0.05575733230835726,0.09721808532599692,0.09721808532599692
BOD1L1,25.005980041314125,-0.5122275340308078,0.16888642511427,-3.032970433735158,0.002421593247407616,0.005848948677464465,0.005848948677464465
CRLF3,59.5196243248846,0.43185170034681825,0.1373520388780561,3.144122969519403,0.0016658542160384508,0.004190828216448932,0.004190828216448933
ATP2B4,9.770029685801799,0.5438238817205638,0.3015303999797702,1.803545784295876,0.07130254182925484,0.11953485637762756,0.11953485637762758
MED28,232.33230594424015,0.04046573945658915,0.08927577441367965,0.453266742544085,0.650356677710422,0.7198192337691446,0.7198192337691446
KLC1,15.890363259766719,-0.5176267802918425,0.23060934367584082,-2.244604542214264,0.02479353091131536,0.04786395928825359,0.04786395928825359
TRAPPC10,21.006364767724236,-0.27028238918000125,0.21912375270228573,-1.2334691508648203,0.2174007793420475,0.3046962569615242,0.30469625696152414
ATP6AP2,243.20793643742152,-0.5515895978772613,0.08878214777549573,-6.212843591845415,5.203423746734717e-10,2.95649076519018e-09,2.9564907651901804e-09
LARP1,21.347178274504437,0.18511504847793786,0.1914577769215605,0.9668713982497497,0.333608326405322,0.42880247609938565,0.42880247609938565
RASSF5,129.6421336316754,-0.5488845724463308,0.11801672320880256,-4.6509050372057015,3.304814898668728e-06,1.2778147098542023e-05,1.2778147098542023e-05
NCOR2,15.551263718250075,-1.2498507664806235,0.3758400046085982,-3.3254862472190125,0.0008826445453109432,0.002344341421808614,0.0023443414218086143
HSPE1,285.9269805532133,0.20173000835850208,0.09894355664436362,2.0388392655379013,0.04146607204593194,0.07498385541759844,0.07498385541759844
FBXW11,10.860768206991228,-0.12160311632678912,0.23472914811469953,-0.5180571620673552,0.6044183874396717,0.6802683032523036,0.6802683032523036
KCMF1,21.392964181125198,-0.1667226849620574,0.21822480046767584,-0.7639951307310412,0.4448701443266182,0.5349489077398839,0.5349489077398839
RALGAPA2,6.343748751403611,-0.3115067337500592,0.3075116028209692,-1.0129918054877949,0.31106407505867073,0.4063541150341878,0.4063541150341877
TXK,8.520116060315459,0.2964968444776814,0.3779291605558515,0.7845302120683121,0.4327290615047289,0.5251566280397195,0.5251566280397195
SLC43A2,147.93047012422733,-1.259361420799505,0.27305846858889493,-4.612057730007801,3.987022193446379e-06,1.5217641959719006e-05,1.5217641959719006e-05
ACSL4,21.382498449705558,-0.7480506211012807,0.2000608281405103,-3.739115888173253,0.0001846685857716748,0.0005520735000647976,0.0005520735000647977
DNMT1,46.702467204508125,0.0670835694768548,0.1380605950025112,0.48589946664821065,0.6270384465707519,0.6992237702232269,0.6992237702232269
PDS5B,14.21879859765708,-0.3195339523739871,0.23643334442376018,-1.3514758383711116,0.17654305459271014,0.2567898975893966,0.2567898975893966
BLOC1S2,270.83598705892473,0.2890733844475232,0.14313946827396412,2.0195225533061674,0.04343293560913576,0.07790661095809105,0.07790661095809105
EIF4E2,227.99101281882747,-0.48725674947611247,0.11165498736513266,-4.363949707707117,1.2773495502458396e-05,4.521591328303857e-05,4.521591328303857e-05
GOLGB1,33.22734612316512,-0.17061303640453548,0.16920930181234795,-1.008295847670031,0.31331245581844935,0.4082246981347874,0.4082246981347874
LMBR1,9.246629027399905,0.5205656366186135,0.27442623538187894,1.896923724855309,0.057838005705749325,0.10023917799956555,0.10023917799956555
PPP2CA,159.99053878315175,-0.1524358934830961,0.08638570323781085,-1.7645963136221274,0.07763163548018076,0.12906340063205446,0.12906340063205446
CHURC1,127.70977870076258,0.2565982168391365,0.14563399585822207,1.7619389987001424,0.07807960460776808,0.12959270474318355,0.12959270474318355
NCK1,73.21526796908341,0.17708655019406727,0.16175441308829114,1.094786515020195,0.2736101755792072,0.36775561233764403,0.36775561233764403
PHYKPL,66.27872923695504,-0.05320387899662663,0.1257294950848802,-0.4231614782252056,0.672177450217234,0.740691405198054,0.740691405198054
LHFPL2,88.04981923620971,0.34329426312291156,0.27902590277088724,1.2303311617803314,0.2185731196778974,0.30569667087817814,0.30569667087817814
PSMD8,265.99452862967456,-0.3571122698476011,0.06962384915915072,-5.129165855672396,2.9102885260657077e-07,1.2625980590306758e-06,1.2625980590306758e-06
PSMF1,102.07997788546245,0.3057634532238712,0.09343142277325141,3.2725976352295105,0.0010656406035896558,0.002785988506116747,0.002785988506116747
CYB5R4,120.91519243836494,0.3173131969951093,0.16433009839147733,1.9309499604825051,0.053489240896796644,0.0937585291793105,0.0937585291793105
ARGLU1,101.82195777731248,-0.1512464921367361,0.12199540416706359,-1.2397720485405772,0.21505971951177216,0.30162653507962434,0.30162653507962434
CTNNA1,68.40563735502344,0.3467755021219641,0.1631606430347467,2.1253624383431413,0.033556381971162445,0.06254684430785172,0.06254684430785172
GIT2,30.060176348066488,-0.4406981737659362,0.19003089872130594,-2.319086931290326,0.020390323229884308,0.04017797680765381,0.04017797680765381
SNRK,22.179145600587596,-0.21189355735450063,0.2032049685032859,-1.042757757919065,0.29706050005712936,0.39138405804628373,0.3913840580462838
GADD45B,268.77834710772777,0.8780174558862537,0.14287507671463182,6.145350722295262,7.978701948559916e-10,4.469861035607796e-09,4.469861035607796e-09
MLLT10,17.829154330029752,-0.5625334628015758,0.24425111110219747,-2.303094795610593,0.021273510071668788,0.04163113516960624,0.04163113516960624
SNRPB,258.68540051952306,-0.18037430015630537,0.06959819560303648,-2.591651961569473,0.009551634715349724,0.020652183168323728,0.020652183168323728
HECTD1,41.77177822236164,-0.647211179866767,0.16487870012443293,-3.925377743628017,8.659374190237234e-05,0.00027230736447286905,0.000272307364472869
CMSS1,49.656464078420356,-0.16620053813399943,0.17359717512306005,-0.9573919507398824,0.33836945968862175,0.4329743566073215,0.43297435660732153
ZNF710,10.623772304918882,-1.0572694595796133,0.32213501086307916,-3.2820693930378058,0.001030482421572297,0.002708232382581595,0.0027082323825815954
COMMD1,69.0414002561916,-0.04800402771429985,0.13297804605861893,-0.3609921271751796,0.7181053324212446,0.7775910475595502,0.7775910475595502
SRSF2,243.33457378046356,-0.21878725272963492,0.09556282796408687,-2.2894597971907715,0.022052651214920678,0.042903990690507154,0.04290399069050716
RABEP1,36.946265362201366,-0.34859211858245415,0.19154732365033583,-1.8198746499783995,0.06877809619136854,0.11569065801744077,0.11569065801744079
PTPN4,19.679398917301107,0.48091030087694014,0.23478544987900593,2.0482968647536373,0.040530920017507285,0.07355883850727275,0.07355883850727275
CREG1,186.41591309427034,0.9156846688153429,0.22340245103071066,4.09881209713973,4.152759939925239e-05,0.00013571110914788363,0.00013571110914788363
PRKAR1A,155.54080952656116,-0.1945739808666102,0.09166111669406765,-2.122753768274821,0.03377449077709035,0.06283626191086576,0.06283626191086576
YY1,87.9754000743766,-0.23751335034635956,0.11523336798251176,-2.061150815121584,0.039288654200286474,0.07162926928037644,0.07162926928037643
CLASP2,6.14094964699124,-0.38660854853555043,0.3053226229662543,-1.2662296189505755,0.20543088626638262,0.2903616767016009,0.2903616767016009
CTSH,169.55488374389716,-1.084429059789226,0.17893683081105116,-6.06040162259458,1.3578207860870537e-09,7.522552831507224e-09,7.522552831507224e-09
SREBF2,6.863571788762673,-0.4452294665237125,0.30176165538523064,-1.4754341997339921,0.14009584645471196,0.21323568714568028,0.2132356871456803
FLOT1,190.16745282683058,0.03889163874779461,0.2203003466633859,0.1765391627241521,0.859870384395977,0.8973603517282148,0.8973603517282147
NPL,99.26196318056661,-0.3635227420019974,0.2725351788235971,-1.3338562147138204,0.18225098360535352,0.2635589061538012,0.2635589061538012
BAX,275.76116475214246,-0.3316836146985371,0.0831516689206475,-3.9888990684608654,6.638065622443087e-05,0.00021174053022147008,0.00021174053022147008
PRPF38B,90.83824527837119,-0.4767863724861471,0.10770359642403679,-4.426837991639619,9.562449703100587e-06,3.4459278209371485e-05,3.4459278209371485e-05
RIN3,37.13506565427558,-1.9271889259408457,0.2124571737315514,-9.07095247523122,1.1798110397757454e-19,1.2038888160976993e-18,1.2038888160976993e-18
LRRFIP2,73.17162778569596,0.5536000776270226,0.15000420948607915,3.6905636150057397,0.00022375771970104794,0.0006571445512512422,0.000657144551251242
NKG7,285.7508388934665,-0.031488876396270606,0.30837458510700916,-0.10211242403566961,0.9186674396094574,0.944645182117694,0.944645182117694
NUFIP2,13.576694524362726,0.0792154016780596,0.2776604308274916,0.285295969043841,0.7754174008280067,0.8262305815961711,0.8262305815961712
PRKDC,23.90016115605841,-0.4022361034642995,0.21983599808944454,-1.8297099062940636,0.06729332879915156,0.11367116351208034,0.11367116351208036
LRRC8D,13.0492418408686,-0.7223800225273159,0.2909927504435351,-2.482467420326638,0.013047599861071499,0.02737718383620734,0.02737718383620734
PSMD4,255.47968229020236,-0.3879845516068052,0.06241728611326124,-6.2159791904886035,5.100556362216007e-10,2.9120636891549573e-09,2.9120636891549573e-09
MYOF,42.22077998152439,0.9901243280295002,0.24326082653977024,4.070216903039367,4.6969386364689554e-05,0.0001524980076775635,0.0001524980076775635
RGS1,226.4642952975596,0.3989585856764646,0.2191802274827285,1.820230730930794,0.0687238750518227,0.11569065801744077,0.11569065801744079
DNAJC15,159.06900370386472,0.7619514272962898,0.31851295042891153,2.3922149045124894,0.0167470332486877,0.03414277930415433,0.03414277930415433
RNF115,64.19886770540577,0.1224424825311759,0.12322857885545645,0.9936208278016204,0.3204075003508432,0.4153046018805486,0.4153046018805485
MCPH1,9.243715916459598,-0.5086100076817334,0.28555034823037206,-1.7811570212879044,0.07488680263390614,0.1248113377231769,0.1248113377231769
TSG101,169.66435264873255,-0.06893898166011872,0.08930869434761665,-0.7719179209113415,0.4401630424732341,0.5309566254200653,0.5309566254200653
ANXA11,130.89419277857328,-0.33583454396294526,0.10426243914058018,-3.2210501378174112,0.001277218019566685,0.0033131466136619584,0.0033131466136619584
N4BP2L1,64.44575406324975,0.5666807576383196,0.1361589528421919,4.161905962181584,3.156023231729528e-05,0.00010520077439098428,0.00010520077439098428
SNX9,88.88323708549323,-0.2614720072137729,0.12364997861394972,-2.114614253433236,0.03446283784139819,0.06393847465936585,0.06393847465936585
VCAN,149.42885884580016,-4.8857047906577575,0.27906694410427924,-17.507285953696154,1.2606288804954104e-68,6.634888844712686e-67,6.634888844712686e-67
TPP2,29.620806102931596,-0.6369960536811032,0.1748243707611955,-3.643634185025722,0.0002688154069795251,0.000774684169969813,0.000774684169969813
NBAS,8.945111372791331,-0.6332203596836613,0.2711023148720221,-2.3357246506086917,0.019505596890531524,0.038778522645191896,0.038778522645191896
RNF114,207.1686737060395,1.2188017041755295,0.12212636106630503,9.979841317910191,1.867652240105936e-23,2.27762468305602e-22,2.27762468305602e-22
SRBD1,10.585492182015638,0.7328571441963838,0.2789005681378366,2.6276645798519693,0.008597324204531121,0.018812525611665472,0.018812525611665472
OCIAD2,258.10134611606435,0.02045003735468285,0.24706968464936277,0.08277032199925784,0.9340341677438053,0.9526100639916424,0.9526100639916424
SMARCA5,96.27906234796811,0.36824818958551264,0.0973889684814214,3.781210493627543,0.00015606764266157217,0.00047293225048961263,0.00047293225048961263
ZZZ3,8.022732456314875,0.03199209807981391,0.3533287360597875,0.0905448519035838,0.9278542536364799,0.9501835674720736,0.9501835674720737
IRF8,152.83208169338775,1.9690451956160182,0.14309996340434541,13.759928016558986,4.4396870754986176e-43,9.547714140857242e-42,9.547714140857242e-42
RSL24D1,256.08962433936125,-0.12308517535796679,0.15360331096121638,-0.8013185040591008,0.42294728116203983,0.5164191467179974,0.5164191467179974
STAT6,37.95702314198524,-0.05394851810825251,0.16986688958819834,-0.3175929001763545,0.7507937603646491,0.8042782649862337,0.8042782649862336
SCFD1,63.45235432184536,0.1468067178793875,0.13530695575220278,1.084990177062627,0.27792600590223027,0.3726587243026,0.37265872430259994
G3BP2,124.68567404020467,0.1288136226731209,0.0957151709238605,1.3458015216374586,0.178366534583127,0.2592536839871032,0.25925368398710325
CDYL,7.074222336565386,-0.7311210255405145,0.31312143095325307,-2.3349440608862895,0.01954634319600066,0.03882093981330816,0.03882093981330816
AFTPH,45.385985691734504,-0.010599281669106817,0.15590330294518104,-0.06798625474172125,0.9457965760937185,0.9610593413687973,0.9610593413687974
OXNAD1,25.69347004455564,-0.5038781082050917,0.35447320355462103,-1.421484341135673,0.1551760026575048,0.23160597411567882,0.2316059741156788
HMGA1,262.26043638729607,-0.40363145072308343,0.1474126344313734,-2.738106216472173,0.006179411442049661,0.013873788345805766,0.013873788345805766
TRAPPC1,279.3987145757791,-0.31023651977836303,0.07006863516553725,-4.427609001451631,9.528342399516994e-06,3.439834801269673e-05,3.439834801269673e-05
SRI,259.07082215473366,0.26958729703135165,0.10720746467826915,2.5146317734533343,0.01191567639481157,0.025302029193041836,0.02530202919304184
SLMAP,12.616233104885985,-0.18858759063844074,0.24119566162266218,-0.7818863298357166,0.4342813795339996,0.526720896948453,0.5267208969484531
ENSA,150.71135761630154,-0.1579730624303669,0.11678563520468212,-1.3526754566475443,0.17615933460001443,0.2566050030590159,0.2566050030590159
BDP1,41.39010499066538,-0.07746925623934077,0.13490471307338642,-0.5742516660422272,0.5657975115253724,0.6484785232382491,0.6484785232382492
ANKH,36.84178605724297,-0.909828039396967,0.2072547942941039,-4.389901051484869,1.1340225021890159e-05,4.0356672675765694e-05,4.035667267576569e-05
TRAT1,200.67698621560976,0.24352994021251462,0.14558696379335304,1.6727455114606442,0.09437740564939552,0.15259079328924094,0.15259079328924094
TAF7,191.01904953253432,-0.054092396635752694,0.07283972024217425,-0.7426222458832723,0.4577104163080682,0.5464794709534276,0.5464794709534276
COX8A,274.6555839228178,-0.4203113694726718,0.08952511458944568,-4.694898983376708,2.6673850546050876e-06,1.039916200625765e-05,1.0399162006257652e-05
IFNGR1,186.5143820191277,-0.8848769032123405,0.18942295964094025,-4.6714342595515586,2.9910383067352298e-06,1.1615682744602834e-05,1.1615682744602834e-05
USP18,7.483998678263768,4.818363621446375,0.7204109665460229,6.688354071770724,2.2569454492107816e-11,1.4421376672273366e-10,1.4421376672273366e-10
UBE3C,6.681050211642039,-0.6987681598997916,0.29260547269774667,-2.388089851694605,0.016936200565297193,0.03445819036683051,0.0344581903668305
CUL5,27.312786761337478,-0.14055180684176538,0.1767095558239054,-0.7953831709125457,0.42639064634551693,0.5199885931042889,0.5199885931042889
SLC6A6,57.727851037054215,0.12469592069361125,0.1691946677857897,0.7369967524714404,0.461124324269394,0.549611828688193,0.549611828688193
PID1,111.06766465757767,-3.258079346175261,0.2749278594450446,-11.85067003668473,2.1347702090846385e-32,3.587849090898552e-31,3.587849090898552e-31
EIF5A,220.15331515085376,0.1819099944577975,0.43590318183609167,0.4173174274424069,0.6764462429733118,0.743756176990997,0.7437561769909969
ATP2C1,30.806007759380748,-0.40082094609656876,0.16802156977844235,-2.3855326826496253,0.017054406935660477,0.034663428731017236,0.03466342873101723
SKAP2,48.545834119347134,-0.9327432531076606,0.17224712005944956,-5.415145709174891,6.123881567773531e-08,2.8886233810252504e-07,2.88862338102525e-07
TMEM245,14.919343467769716,-0.6833845844342259,0.23234773278020454,-2.941214774325737,0.0032692776971756676,0.007783994517084922,0.007783994517084923
STIM2,15.761496909756893,-0.45848132156219645,0.27036258741163033,-1.695801649006092,0.08992345010571237,0.14634837793959707,0.14634837793959704
CCT8,227.74518198155178,-0.24203418549199732,0.10654589198931405,-2.271642584927366,0.023108106597195387,0.044696531135774445,0.044696531135774445
VAMP8,254.0981864423619,-0.24401737016049135,0.10003321230206534,-2.4393635328199217,0.014713158674826256,0.030399088171128626,0.030399088171128626
ATOX1,209.09739960607308,0.5713191346632018,0.16288171260707834,3.507570773407831,0.0004522180470772056,0.0012631789024502948,0.0012631789024502948
HIGD2A,283.527632731887,-0.335192911271112,0.11289005540152118,-2.9691978631679836,0.002985782726762972,0.007134486802301009,0.007134486802301008
CHCHD3,40.22246889961196,-0.3123028950517179,0.14399154298205474,-2.168897482337829,0.03009046793899673,0.05671549556403778,0.05671549556403778
PDCD10,146.92909195758983,0.09527290773221497,0.10899055385215646,0.8741391282537274,0.3820424910320127,0.47838937789815245,0.47838937789815245
MTPN,105.66087902301652,0.05825611881443622,0.10927024463679438,0.5331379920313617,0.5939380614857392,0.6718756351648634,0.6718756351648634
PTPN12,27.20158719214323,-0.4601015874790277,0.1962363200489386,-2.344630124353559,0.019045963253347096,0.03794016584332091,0.03794016584332091
HMOX1,270.6543091642976,0.19350013029955349,0.24849572812903817,0.7786859426375059,0.43616473885498397,0.5277250318874579,0.5277250318874579
ADRM1,263.5583616054188,-0.2644495943367127,0.07953373205172772,-3.324999186065079,0.0008841879315707191,0.002345326078436921,0.002345326078436921
SNX14,22.746911657161494,-0.026807938254661566,0.2053798332450562,-0.13052858126861328,0.8961482429911979,0.9252950366455323,0.9252950366455321
DGUOK,201.54685859293954,-0.23572427515776617,0.1012579460022021,-2.3279582932942344,0.019914318389982845,0.039434293841550186,0.03943429384155019
PSMD7,227.77697549713804,-0.28648372490577806,0.08246258613098299,-3.474105510718877,0.0005125594398777122,0.001421801497580339,0.0014218014975803388
NSRP1,87.51953834090091,0.2663793236097029,0.12203316346830785,2.182843712634573,0.02904732133678415,0.05511825680604203,0.05511825680604203
PIK3IP1,153.37749536855722,-0.4287827259037194,0.25591546222413264,-1.6754858115145395,0.09383895260838558,0.1519659151552803,0.1519659151552803
MED4,162.4219517565356,-0.16238917336474767,0.08399790904523097,-1.9332525679574333,0.05320509181166899,0.09350631249853952,0.09350631249853954
DHX36,81.63490558364884,0.1719390438742272,0.1206926026298798,1.4246030007448058,0.15427199214057707,0.23094609601882796,0.23094609601882796
USP32,8.315563131046424,-0.3361073770903267,0.30559891245253806,-1.099831718617542,0.27140544961008417,0.3650375919436236,0.3650375919436237
GTF2B,167.3310119177568,0.9623146358915233,0.11390475415744981,8.448415020160809,2.952840708304169e-17,2.61313337018068e-16,2.6131333701806805e-16
ZNF277,73.33977909474402,0.8603124114051817,0.17864115363144698,4.815869098002383,1.46560582544845e-06,5.9097009090663305e-06,5.909700909066331e-06
SWAP70,70.29798661996082,-0.7844387156497963,0.14782515546218572,-5.3065306320645735,1.1173139189687307e-07,5.101890040953108e-07,5.101890040953108e-07
ATF7IP2,11.932807769763713,-0.2496885491032437,0.2805450814594029,-0.8900122140953508,0.37345932769282186,0.47124205387106854,0.4712420538710686
NDUFB11,275.6604900952965,-0.2599045759827993,0.07761220320972333,-3.348759154285137,0.0008117432570855744,0.002173342053776638,0.002173342053776638
PIK3CA,5.710631876782166,-0.28913063142088924,0.32825807249112304,-0.8808028062393137,0.3784245606135147,0.47481124292787297,0.4748112429278729
EVI2A,236.78725943321945,-0.28267910483781383,0.11307040660809772,-2.500027313225999,0.01241837317537694,0.02622676488991962,0.02622676488991962
ERAP2,40.517659679224494,1.390281742563195,0.4210656166063807,3.3018173123901833,0.0009606061326669652,0.0025412860652565218,0.0025412860652565218
CNDP2,140.71258027986278,1.2724059448679046,0.14403971635470295,8.833715985211741,1.0125454366745062e-18,9.830538220140837e-18,9.830538220140837e-18
MALT1,29.44781223164752,-0.5042323618716726,0.15257558188791487,-3.304803793847511,0.0009504291025754127,0.002517692986954736,0.0025176929869547356
AATF,68.0879233995029,-0.40624621231794245,0.11180069775797015,-3.633664372984484,0.0002794242941346707,0.0008006426766036409,0.0008006426766036409
MLLT6,22.641730413904234,0.3937037795835499,0.21095951306390226,1.8662527888196827,0.06200600662764943,0.10608384367433606,0.10608384367433606
NDUFA13,247.20691037293795,-0.4977484841987696,0.07196008857978249,-6.917007663865136,4.612831423710011e-12,3.1379805603469464e-11,3.1379805603469464e-11
YWHAH,243.52382970984462,-0.485353975066775,0.22005907618382356,-2.2055621766826863,0.027414669831981528,0.05221841872758386,0.052218418727583864
SDS,282.21627017079214,2.6728383012472117,0.48308084963596887,5.532900555386038,3.1497806891934024e-08,1.5440101417614718e-07,1.5440101417614718e-07
ME2,64.46044622685058,0.36006858213399906,0.14895013536716767,2.4173766693559324,0.015632830638710397,0.032133259277924764,0.032133259277924764
HDAC8,20.04983136368498,-0.3647172746260289,0.22301923025997603,-1.63536244924204,0.10197308933957605,0.16263650612372577,0.16263650612372577
NUDC,232.02320871302683,-0.065910921148309,0.09544867011739759,-0.6905378678114793,0.4898560047889997,0.5790246781702776,0.5790246781702776
SERPING1,107.9390530045813,4.445168801489329,0.467277971706949,9.512900394707872,1.8541926141267893e-21,2.1190772732877593e-20,2.1190772732877593e-20
PHACTR4,20.452214549186582,1.283629345090851,0.20455438274752738,6.275247334471338,3.4907892717637585e-10,2.029528646374278e-09,2.029528646374278e-09
MPEG1,76.74276562465451,0.29347841429621035,0.21570323039343794,1.3605656890762006,0.17365098067538087,0.2538757027417849,0.2538757027417849
ZBP1,51.206584548747536,4.086860828823111,0.2660113074292262,15.363485365788232,2.876835778969084e-53,9.589452596563615e-52,9.589452596563613e-52
SDCCAG8,37.24392185943212,-0.39466635419892526,0.14036982542143933,-2.8116181879830564,0.00492929775998924,0.01130572880731477,0.01130572880731477
NEMF,40.44666323895849,-0.37480682719078023,0.1428134079925356,-2.6244512504762167,0.008678871565242028,0.018949501234152902,0.0189495012341529
NEDD9,9.552695544381478,-1.4227529379368604,0.2801390082114163,-5.078739112487797,3.7994802385782085e-07,1.6202474364939056e-06,1.6202474364939054e-06
AGO3,21.951872981314708,-0.752508527190279,0.2619031110031477,-2.8732324878005553,0.004062950043485852,0.009503976709908426,0.009503976709908426
RNGTT,9.74261687391827,0.25774464188540464,0.2690541609054421,0.9579656416314923,0.33808008422042557,0.4328810297316588,0.4328810297316589
TNK2,9.05235066385073,2.016625091397583,0.3036856749066684,6.640501209078604,3.1261827048151436e-11,1.9661526445378262e-10,1.966152644537826e-10
CYCS,257.71875466909876,0.09801273417614852,0.08371043031797885,1.1708545016892344,0.2416572660995001,0.3330906493445901,0.3330906493445901
SLC44A1,42.63531566426035,-0.9001973258648204,0.17935592952603532,-5.019055284336989,5.192620595483988e-07,2.1956112454477753e-06,2.195611245447775e-06
URI1,17.63449161007656,-0.0966893277792873,0.1990858974911502,-0.4856663831931408,0.6272037218902345,0.6992237702232269,0.6992237702232269
CGGBP1,140.54449386586998,0.3790800173308973,0.09144255679130806,4.145553565349676,3.389937389577959e-05,0.00011223236680393758,0.00011223236680393758
MBD2,22.84966885645924,0.5548148764030365,0.27276243088146374,2.034058996358433,0.04194564750388144,0.07564589270312252,0.07564589270312252
GNB2,226.67427747750247,0.07216425687868061,0.14265455922224687,0.5058671610085256,0.6129499069395297,0.688022225821422,0.688022225821422
TSC22D1,42.81300364531935,-0.5917048222565828,0.29896758146667846,-1.979160480724334,0.047797940779551254,0.08504971668959298,0.08504971668959298
KRAS,154.354003526851,-0.18466498830810724,0.09838454319808637,-1.8769715476170352,0.06052199357517586,0.10381130973443543,0.10381130973443545
LBH,102.97109267872628,0.10067833797441239,0.29608355678982357,0.3400335333241063,0.7338312749865358,0.7911685285634703,0.7911685285634702
MANBA,22.323560005766787,-0.8670271309404757,0.24183053660582526,-3.585267365773982,0.00033673305149652225,0.0009566279872060291,0.0009566279872060292
GSTK1,140.01036247004586,0.4902622191653014,0.13097550071837966,3.743159724347619,0.00018172063425457146,0.000545292408825226,0.000545292408825226
ZNF438,11.074798809471252,0.24080747040656986,0.3534433539804184,0.6813184282421425,0.49567002519208214,0.583141206108332,0.583141206108332
UBE2R2,37.89582418576878,-0.39754522350071536,0.1899044052865795,-2.093396532327888,0.03631377172290246,0.06687619101823658,0.06687619101823657
CSNK1G1,7.798234047881738,0.2082811874995445,0.29437372494593084,0.707540007308059,0.47923095969307317,0.5684827517118305,0.5684827517118305
CDK12,36.619808141586304,-0.10258818982456115,0.17364337591757112,-0.5907981763338901,0.5546556570587549,0.6375352379985688,0.6375352379985688
PELI1,40.64630724860481,1.066300164290166,0.16330742106768717,6.529404220082619,6.60318216332687e-11,4.0510320020410244e-10,4.051032002041024e-10
SNX1,78.2870100490169,0.16792098962742572,0.11365998539978403,1.477397599839431,0.13956908917151944,0.21259571846385295,0.21259571846385292
MTMR3,10.69940297642849,-1.3105658802661655,0.3023603443236029,-4.334450283809456,1.4612480605888937e-05,5.100342270816383e-05,5.100342270816383e-05
KDM2B,29.758841200893784,-0.633338166640885,0.17171655032627983,-3.688276787749781,0.00022577796985518992,0.0006611360757106587,0.0006611360757106587
SPAG9,43.50883861569979,-0.43978505015519603,0.2178677987542686,-2.0185867423722685,0.04353019012203088,0.0780110934086575,0.07801109340865749
HIPK3,15.436030298656707,-0.2953300085971458,0.2196627142456458,-1.3444703604403356,0.17879633470940903,0.25950121147954863,0.25950121147954863
CHMP3,97.56001313288326,0.27765651036418815,0.15093529117085322,1.8395731588703872,0.06583092802506357,0.11157784411027724,0.11157784411027724
CBX3,166.80673065534887,0.016145690920428744,0.11914362168076228,0.13551452182383789,0.8922050834105133,0.9226526198660945,0.9226526198660945
SLA,36.84860688177753,0.08872295541044417,0.16633999463379645,0.533383180670235,0.5937683579363058,0.6718756351648634,0.6718756351648634
KIAA0040,57.61917633194207,3.942559109096543,0.3091334144039388,12.75358445704894,2.9773397381570888e-37,5.316678103851944e-36,5.316678103851944e-36
HERC3,7.070119253329043,-0.194450660338856,0.3364621715046923,-0.5779272584173528,0.5633132311078568,0.6460014118209367,0.6460014118209367
MAP2K1,94.29440821488546,-0.656904409253326,0.10339356137500132,-6.3534363312119515,2.1055736067588772e-10,1.2533176230707603e-09,1.2533176230707603e-09
POLR2A,19.74709112716038,-0.1384170781516132,0.20664784405783618,-0.6698210609585324,0.5029718660641829,0.5899963238289535,0.5899963238289535
AP2S1,254.48601921348506,-0.7666749465133735,0.08310173665089976,-9.225739165164278,2.8161179424538355e-20,2.9958701515466334e-19,2.9958701515466334e-19
PSEN1,51.51591033476592,0.25149936214725527,0.1535457664102114,1.6379439695872304,0.10143338253642899,0.16190484044122744,0.16190484044122744
MDM4,17.382894467073797,-0.13162293287541876,0.21882516504069965,-0.6014981542499372,0.547508240775757,0.6311334187616795,0.6311334187616796
UBE2N,170.74642369026196,0.09098235700331528,0.08399780859335171,1.0831515551051696,0.2787411586241417,0.3729346425689066,0.3729346425689066
ITGB1,52.832685112258496,-1.310882354342721,0.22667200594548134,-5.78316827821258,7.330666546891547e-09,3.828024306470782e-08,3.828024306470782e-08
STAU2,11.423125024629389,0.29159752747402734,0.22780441276562063,1.2800345872757128,0.2005329720110367,0.2844439319305485,0.2844439319305485
USP33,27.046227044462015,0.7125532484501098,0.17258097927648766,4.128805221973773,3.646531409974465e-05,0.00011955840688440869,0.00011955840688440869
TSPAN5,11.413729852600325,0.711050406033658,0.3073041035070066,2.3138330986115383,0.02067687903275063,0.040622552127211456,0.040622552127211456
TMEM87A,53.59901594741789,0.25950006229244366,0.13661602214630017,1.899484835055062,0.05750075866181735,0.09982770601009956,0.09982770601009956
UPP1,225.61214113209564,-0.2247760489981804,0.12292047342732808,-1.8286298671886456,0.0674550752599214,0.11375223483966508,0.11375223483966507
CSF2RA,7.671917900482611,-1.1784898273331073,0.31861445435921393,-3.6987958682014104,0.0002166247317986366,0.0006399548945306843,0.0006399548945306842
HELZ2,82.2722924781668,3.506990695131115,0.20653726691335333,16.97994142917738,1.1560136554120763e-64,5.137838468498116e-63,5.137838468498118e-63
LMBRD1,36.964047998465205,-0.3153752672179336,0.17556378555351954,-1.7963571827960694,0.0724377288859565,0.12113332589624833,0.12113332589624831
EIF3G,240.16188192976261,-0.4392769939303304,0.09591918832148089,-4.5796571219729065,4.657388049663421e-06,1.7608272399483634e-05,1.760827239948363e-05
BAZ2A,23.300288717147563,0.15655448132570995,0.20081774813218484,0.7795848862056787,0.43563525488122135,0.5276482183540345,0.5276482183540345
ATP6V0D1,201.08468170251322,-0.697333274521938,0.13862575292256016,-5.03032993380015,4.896365287260404e-07,2.0747310539239e-06,2.0747310539239e-06
HMBOX1,12.10199956543613,-0.5273133968355919,0.2582291892144866,-2.0420363725713533,0.04114792350748628,0.07447587965155887,0.07447587965155887
CDC37,210.7170987287857,-0.2931476488922461,0.10821566769112465,-2.7089205763528152,0.006750249681425038,0.015000554847611196,0.015000554847611194
RNPS1,210.52591203307963,-0.08642470176802822,0.11075436089813895,-0.7803277547464991,0.43519798009179567,0.5275127031415705,0.5275127031415705
APOL2,45.527356357212355,1.7442700543195748,0.3119672638405421,5.591195796784419,2.25511108362318e-08,1.1200468951491457e-07,1.1200468951491458e-07
ELP4,10.403476915102924,-0.324934347117761,0.2500595982587981,-1.2994276139781349,0.19379722014015355,0.2770510652468242,0.2770510652468242
RPRD2,8.537150792331282,-0.8269920220506312,0.2688221375026751,-3.076353866289757,0.002095489912642758,0.005147943679989139,0.005147943679989139
RCAN3,43.71432359651021,0.298532667234226,0.21755447308724638,1.37222031336724,0.16999486360854565,0.24944220632215064,0.2494422063221506
SECISBP2,46.766469458737525,-0.10491529686337589,0.1321744238859697,-0.7937639807977452,0.42733284524425386,0.5206729290475136,0.5206729290475136
TCF25,91.69775609606245,-0.41026139622302765,0.11098944800400133,-3.696400005595461,0.00021867833321696935,0.0006450688295485821,0.0006450688295485822
RNF19B,46.49701631520943,1.1082264574850755,0.21207543199842818,5.225623953901881,1.7356879675919678e-07,7.731349521567785e-07,7.731349521567786e-07
HAVCR2,174.78186454840238,1.403133447805608,0.23270844499104448,6.0295768288925045,1.643895531109036e-09,9.007646745802936e-09,9.007646745802938e-09
U2SURP,94.34309656739869,-0.06318530144745757,0.1288068223539326,-0.4905431272408721,0.6237496197173455,0.6973165117018956,0.6973165117018956
NDUFB4,250.58147747848867,0.11391453115668576,0.07445601784059347,1.5299573420723487,0.12602728820077666,0.19508868142535088,0.19508868142535088
VCP,154.59401593277644,-0.3307550965052972,0.12041389152756786,-2.746818430243767,0.006017643852090497,0.01355325191912274,0.01355325191912274
TFCP2,8.534592391876682,-0.8292110716321299,0.2781831482170004,-2.980809861944955,0.0028748722919048654,0.006885921657257162,0.0068859216572571625
UBE2A,228.1650008700401,0.18160501721505914,0.12805931993524455,1.4181319821695986,0.15615223543653484,0.23271570109766743,0.2327157010976674
TFG,134.39883861195833,0.635495766080122,0.0917638011781157,6.925342650601513,4.34921511416388e-12,2.9687475182006004e-11,2.9687475182006004e-11
RIPK1,16.78152418816946,1.0728998735873254,0.1991511706165589,5.387364132812768,7.149848652837054e-08,3.341050772353763e-07,3.341050772353764e-07
RB1CC1,46.84521883614076,-0.614790711059554,0.13853451478884246,-4.437816178853568,9.087617510307865e-06,3.2886747817999375e-05,3.2886747817999375e-05
WDR83OS,264.53723220178824,-0.24353284230866015,0.08030437917800952,-3.032622190737874,0.002424389226809021,0.005848948677464465,0.005848948677464465
PPP6R2,14.618650275698162,-0.01492382333139862,0.21091848633393467,-0.0707563551720669,0.9435916682447479,0.9599101406355524,0.9599101406355522
UBR1,10.747997596111354,0.11368529684236588,0.23873230411180552,0.47620407830992,0.6339289942890917,0.7051490481524935,0.7051490481524935
TLK2,10.569064288309928,0.526367532935959,0.25762856903830245,2.0431256319934854,0.04104000314790661,0.07434783178968589,0.07434783178968589
C19orf53,257.9484005773123,-0.464928061096059,0.08809795352608499,-5.277399105058644,1.310303051520325e-07,5.915589397382958e-07,5.915589397382958e-07
PPP4R2,79.7571550768462,-0.11879147092293615,0.11846614629834569,-1.0027461400134614,0.3159833616534342,0.41036800214731717,0.41036800214731717
SSR3,210.99744720985663,0.21754957035330363,0.10736453561415642,2.0262703052628757,0.04273709250019203,0.07679621293835046,0.07679621293835047
BCAP31,244.4488466357144,0.04123736892143199,0.08835887420247836,0.4667031952776435,0.640712243361938,0.7111123677712963,0.7111123677712964
IER3,238.6811399111054,-2.6212776742710977,0.30592872752966016,-8.568262599716013,1.0505800740541036e-17,9.682765659484826e-17,9.682765659484827e-17
CDK19,14.941845016357888,-0.39159055437700196,0.2342987512706267,-1.6713300956721509,0.09465649506020876,0.1528811853503229,0.1528811853503229
NRP2,20.765963820882334,0.3439664033688665,0.19599089057324715,1.7550121965506191,0.07925722156982995,0.1312205655129635,0.1312205655129635
DIDO1,19.503541975162193,-0.245580253114151,0.19710479241877268,-1.2459375041089127,0.21278733996179644,0.29906864365677643,0.29906864365677643
RNF111,12.745681810368737,0.05825604929382528,0.2512764021769533,0.23184051024735838,0.8166618915055079,0.858288903316351,0.858288903316351
E2F3,13.352397648552468,-0.24285219364802674,0.23237946644676746,-1.0450673519540865,0.29599184198541306,0.3904905567089882,0.39049055670898825
TMED2,218.28637526461216,-0.1449835003358672,0.06667033990014098,-2.1746326860343577,0.029657652890247625,0.0561697971406205,0.0561697971406205
PDE4DIP,151.22126407047045,0.2861611648992185,0.2452538238972243,1.1667959355411999,0.243292788801301,0.3351140341615716,0.33511403416157165
HNRNPH3,129.18069361405372,-0.6000213855633684,0.09517766420395539,-6.304224742031784,2.8963996419024684e-10,1.69876811841787e-09,1.69876811841787e-09
DNAJC7,126.80124870994668,-0.015609479937913067,0.11955046300354151,-0.1305681261765641,0.8961169584480252,0.9252950366455323,0.9252950366455321
NECAP2,182.86091953851258,0.4035305145034839,0.08405469608871113,4.800808679120066,1.58026188343364e-06,6.333714963661884e-06,6.333714963661884e-06
ABHD3,82.36624757702641,0.1521254537025352,0.14748899378095157,1.0314359722900381,0.30233641914346343,0.39728833001769176,0.39728833001769176
SMURF2,8.684645579952871,-0.7052929296575142,0.2717215753617756,-2.5956456667766368,0.009441337346658252,0.020480124396221804,0.020480124396221804
YME1L1,56.89281743172161,0.3099957032496916,0.16000249352215032,1.9374429512048612,0.05269122060839969,0.09268464486965644,0.09268464486965644
C1orf43,200.61636471310885,-0.32291855664777597,0.09952501269692893,-3.2445969902171172,0.0011761695487543594,0.003058958514315629,0.003058958514315629
TMEM140,88.0128803506751,2.53962098723633,0.15218225409196012,16.68802320211197,1.6018749921469363e-62,6.674479133945568e-61,6.674479133945568e-61
COX7A2L,232.25604799995992,-0.44702296274037945,0.0929540465189585,-4.80907480073185,1.516304629414707e-06,6.101829494626588e-06,6.101829494626588e-06
EIF4E3,10.746252852845684,1.5189988381964137,0.26805039187976565,5.666840580027066,1.4545455610527343e-08,7.364787650899921e-08,7.36478765089992e-08
RALGAPA1,14.395398698744184,-0.6791220130771968,0.2346601502216891,-2.894066216337175,0.0038028795649722846,0.008969055577764822,0.008969055577764822
RAB18,151.09946395210548,0.163028065117024,0.09797981316124539,1.663894427403415,0.0961335288491463,0.1546798533373231,0.1546798533373231
YTHDC1,53.48983796498623,-0.12963109757952032,0.11570078011307544,-1.120399512024298,0.26254355280090935,0.35502846896674695,0.35502846896674695
GCNT1,14.688764099291163,1.954586514891993,0.29312059264299395,6.668199246146382,2.5896106810828948e-11,1.6441972578304094e-10,1.6441972578304094e-10
SF3B2,137.61726446535755,-0.11833388294732478,0.10433577990616877,-1.1341639757113502,0.2567257719293159,0.35023979799360966,0.35023979799360966
GNAI3,105.43825343918189,0.437607846129252,0.10167839226289496,4.303843091832071,1.6786056939086457e-05,5.7684044464214624e-05,5.7684044464214624e-05
AFF4,23.38153367962501,-0.137157807908012,0.18479225776031738,-0.742227026014861,0.4579497966589724,0.5464794709534276,0.5464794709534276
PRKD2,26.58300860683201,2.049510558700348,0.22481932740173888,9.116256072761901,7.776436955210742e-20,8.100455161677856e-19,8.100455161677856e-19
CD36,89.56500352857489,-0.37625472046901487,0.2475735077704815,-1.5197697195365107,0.12856886198924994,0.19871539720131368,0.19871539720131365
FBXO7,150.89329860637872,0.894802367943852,0.10521108139015801,8.504830062772802,1.818617835762515e-17,1.645807996165172e-16,1.645807996165172e-16
FAR2,6.506610741079953,2.7581975970867787,0.4056189441844229,6.79997233026845,1.0463924631935449e-11,6.906880945171914e-11,6.906880945171914e-11
ABCA1,11.611745022324943,-0.4031818829616019,0.3745438285375459,-1.0764611568581357,0.2817210637849602,0.374878328389834,0.374878328389834
NCOA4,141.1356690322918,-0.09783740725802473,0.11638051997779922,-0.8406682430761455,0.4005338160652758,0.4955137520861933,0.49551375208619325
LAMP2,131.19272846067267,0.5275220022882131,0.15551317329308637,3.392137084708727,0.0006934973417012487,0.0018743171397331046,0.0018743171397331048
R3HDM1,10.440992175861066,-0.4218341997791286,0.24549552945930728,-1.7182968696342424,0.08574248006972753,0.14079224970398607,0.14079224970398607
SYNCRIP,69.25244679085439,-0.18396065120497845,0.12207205087707249,-1.5069841940333113,0.13181470868783518,0.20294797334539674,0.20294797334539674
THEMIS2,123.14392105342067,0.46986967360883064,0.19921775253419102,2.3585733080097295,0.018345335959702332,0.03680344676607824,0.036803446766078246
TTC14,48.88125366964372,-0.1702970046793427,0.1484159272916778,-1.1474307898549365,0.2512036220053565,0.34387901711890007,0.3438790171189001
DHX9,45.78179759163223,-0.6154443491673507,0.12743508890077979,-4.829473220256722,1.3689472298317773e-06,5.54229647705173e-06,5.542296477051729e-06
MANF,247.67978699832992,-0.008397044680376352,0.1968907831452801,-0.04264823648032529,0.9659819432949098,0.9724867412932138,0.9724867412932138
CDR2,4.814408347973729,-0.5837782879364146,0.36027938319427494,-1.6203488602666487,0.10515735865817115,0.1667460246128435,0.1667460246128435
TSPAN14,31.857548987834925,-0.021747309339112356,0.17046156196582773,-0.1275789631886162,0.8984821800125999,0.9267479938242392,0.9267479938242392
TXNRD1,139.9731157316082,-0.48107564210602083,0.1682199518047911,-2.859801331201661,0.0042390647813531504,0.009858290189193373,0.009858290189193373
GADD45GIP1,244.38187598531252,-0.5925551432336219,0.11009664994164177,-5.382136000938392,7.360711657078921e-08,3.431567206097399e-07,3.431567206097399e-07
PHTF2,5.856891469806994,-0.07370516307296798,0.3122206564243378,-0.2360675424780211,0.8133802595473042,0.855739357756238,0.8557393577562379
HBP1,138.6588467360844,0.5914515341617723,0.11007758623489713,5.373042363952822,7.741913045395008e-08,3.6008897885558183e-07,3.6008897885558183e-07
BUB3,183.16963216051704,-0.16541804290119158,0.08904068721755928,-1.8577803931029218,0.06320020656138928,0.10775823795633295,0.10775823795633296
DCAF7,47.513190200661406,-0.13898706489361579,0.15419527956319054,-0.9013704264316191,0.36739139997140613,0.4650524050270964,0.4650524050270964
RASA1,7.4274470774641985,-0.9082966407828973,0.2972686172415859,-3.0554743693133872,0.0022470480780629374,0.005473929544611298,0.005473929544611297
RABGAP1,8.181955518643708,0.17920034312547417,0.27867232198879377,0.6430503820637069,0.5201914087732579,0.6073454860166466,0.6073454860166467
ALG13,63.454412104666474,-0.378902556845921,0.11945116949264431,-3.172028858781943,0.0015137796336393446,0.003846962220176225,0.003846962220176225
ADD1,28.40937937599577,0.11895331958794331,0.18994115008154533,0.6262640798840821,0.5311417426035938,0.6174174956344908,0.6174174956344908
USP8,47.2414749160006,-0.48456194556276677,0.13246918609854202,-3.65792196535659,0.00025426843068364867,0.0007380796246259758,0.0007380796246259758
C2orf42,12.90175885758979,-0.25159105175453994,0.21631721968973022,-1.1630652988023977,0.24480300997016102,0.3369621610050393,0.33696216100503923
TRRAP,5.102846457004762,-0.33738104385451184,0.38633216559000777,-0.8732926582472428,0.38250358122847516,0.4784284943445593,0.4784284943445593
AKAP10,10.660336648257962,-0.06607896395237474,0.23871538708959963,-0.2768106604186876,0.781925495085029,0.8318356330691797,0.8318356330691797
HPCAL1,48.406831273274186,-0.470339262366959,0.1291311516014872,-3.642337704990638,0.0002701733138044516,0.0007774771620271989,0.000777477162027199
CCT6A,183.93587697323184,-0.16305046050265526,0.1006439391544078,-1.6200723249961775,0.10521674153070425,0.1667460246128435,0.1667460246128435
RAB27A,50.08596961531242,-0.17472901453461226,0.1301642699289628,-1.3423731000064048,0.17947505224404514,0.26028693955316157,0.2602869395531616
NR4A3,32.00435886865667,1.3119130299266712,0.218714757843393,5.998283073637145,1.9941468008411926e-09,1.0867285018208133e-08,1.0867285018208135e-08
M6PR,176.26152423521677,-0.4810819275821589,0.12593242593123058,-3.820159295945502,0.00013336551255896064,0.00040784560415584297,0.00040784560415584297
RAB6A,63.683290730313686,-0.16581666962488528,0.1351550604169135,-1.2268624579308371,0.2198742909481355,0.30730159461654155,0.30730159461654155
ID2,228.03674109148704,-0.8218739634449,0.18370358275621088,-4.473913633658368,7.68007729709143e-06,2.8183769897583228e-05,2.8183769897583228e-05
HCG18,15.112346684449491,-0.7074808340460543,0.25374777189486325,-2.78812629077661,0.005301387278528334,0.012062314626913161,0.012062314626913161
AP2B1,33.31342066417509,0.2503333090543763,0.16866209019073156,1.4842298513630823,0.13774795296843675,0.21014180468106294,0.21014180468106292
SRSF9,209.80988648379935,-0.7693553396675792,0.09035498807516705,-8.514807605613829,1.6686711202000723e-17,1.5169737456364296e-16,1.5169737456364293e-16
STX16,19.32166091871758,0.3454103748646495,0.1883884399466729,1.833500903571497,0.06672811431611701,0.11290713082253302,0.11290713082253302
BUD31,244.51600528818275,-0.07686551448536519,0.0775932531225884,-0.9906211093370004,0.32187062610173023,0.4169308628260754,0.41693086282607544
KLHL5,19.510933873500505,-0.3723879195869858,0.21503624381504535,-1.7317449048602247,0.0833189915975244,0.13715060345271507,0.13715060345271507
PPP1CB,88.66331412143987,-0.09853649166123044,0.13059178572923882,-0.7545382055310131,0.4505261132324576,0.5398755101647186,0.5398755101647185
RAD21,77.46957224245207,0.13448363278786116,0.13608281944778858,0.9882484308716061,0.32303099449076744,0.41762248802943436,0.41762248802943436
WWP2,11.19416270147727,-0.2976447863060879,0.23748294140351475,-1.2533312268536807,0.2100851885759022,0.2956864019365267,0.2956864019365266
PDLIM5,40.338787220485315,-0.4040212467436944,0.19546538348512185,-2.0669708341193163,0.03873690228858253,0.0707523329471827,0.0707523329471827
SSU72,199.63820823671935,-0.5531149624566383,0.06947607587900907,-7.96122917793853,1.7033855040920078e-15,1.3962176263049243e-14,1.3962176263049243e-14
ZNF131,25.596939676154307,0.18510627628415935,0.17280030193277562,1.0712150049145812,0.2840727663361219,0.37700433488536417,0.37700433488536417
VPS41,18.526929339485108,-0.06786027753052205,0.1864384155991872,-0.3639822689569021,0.715871249887599,0.7760121950001072,0.7760121950001073
CCT3,210.16533572178008,-0.3738562199759953,0.09533586093575581,-3.9214647699875136,8.801231788093717e-05,0.00027590068301234225,0.00027590068301234225
SPOP,67.67181239272807,0.1262268314114671,0.1525236158178315,0.8275887686942047,0.4079034309985373,0.501694432251718,0.501694432251718
SDHD,213.05903026038445,0.027614041704605366,0.06586629299651262,0.41924390228044917,0.6750378899029461,0.7430246449124337,0.7430246449124337
BNIP3L,139.36861568572266,-0.0711149646476868,0.1308842628423527,-0.5433423629649292,0.5868941017631627,0.6665463960967208,0.6665463960967208
NGLY1,55.0346866580474,0.10247129661235073,0.16617484918717898,0.6166474476346736,0.537467291256696,0.6224288260065964,0.6224288260065964
UBL3,48.232165960708095,0.131671758829915,0.17051811928039665,0.7721863188826082,0.4400040833226456,0.5309566254200653,0.5309566254200653
LRP1,10.015519473906462,-2.130161218510169,0.32432914716233036,-6.5678994230019025,5.102998810131381e-11,3.179438510985284e-10,3.179438510985284e-10
DDIT4,255.21271426623088,-0.42884125233366965,0.14199820324441978,-3.020047032535408,0.002527354356924243,0.0060900104986126346,0.006090010498612634
GALNT2,20.232154216848954,0.07792293963647677,0.20684875942985012,0.376714561166625,0.7063857405152398,0.7682281027898205,0.7682281027898203
VAMP2,207.31103617668424,-0.4365389780882843,0.10117886693681832,-4.314527245703229,1.5994480812383966e-05,5.534422426430438e-05,5.534422426430438e-05
ACBD6,14.801889323479081,-0.6912286951160065,0.23956377466281603,-2.8853640166962014,0.003909613187141861,0.009199089852098497,0.009199089852098497
UBE2Z,92.4309421705185,1.6126670556086022,0.24121209655191875,6.685680687914795,2.2985372063165014e-11,1.4640364371442684e-10,1.4640364371442684e-10
XIAP,40.57764237610195,0.7135738023609861,0.16545198813304537,4.312875356850823,1.6114497541359358e-05,5.566320394251937e-05,5.566320394251937e-05
ZC3H11A,27.568173815454323,-0.21462586607323686,0.1649368396351212,-1.301260934476733,0.1931691541692777,0.27654853853869393,0.27654853853869393
C5AR1,187.45343984853656,-0.9860945545179737,0.22820095845939814,-4.321167453349768,1.552058286953247e-05,5.3890912741432186e-05,5.389091274143218e-05
MEF2C,27.29658052123852,-0.19223461249164853,0.24937760820531457,-0.770857551626609,0.4407913700294426,0.5312366136630977,0.5312366136630977
POU2F2,37.859005621028274,-0.6563567863622127,0.22648647871286212,-2.89799545691351,0.003755560298167198,0.008878393139875172,0.008878393139875172
COX16,127.24928435985039,-0.12458622198714676,0.0975167276726659,-1.2775882144583945,0.2013946582651921,0.28526155561641936,0.2852615556164194
BLVRA,162.1498451449918,1.9810238814373333,0.17962272071370894,11.028804560837164,2.775294679528655e-28,4.111547673375785e-27,4.111547673375785e-27
TRADD,204.3265684526321,1.3166707496652628,0.07365906642687374,17.87520278949516,1.840050256504032e-71,1.0823825038259011e-69,1.0823825038259011e-69
CD46,50.07650219822673,0.1844956366988259,0.13080788505154406,1.4104320746882077,0.1584121400446481,0.23520733488440695,0.23520733488440695
PRPF4B,50.73448781673528,-0.22237867315210358,0.1417639143961552,-1.5686550001058288,0.11672834936630817,0.18281652210854843,0.18281652210854843
UXT,235.60704649281504,-0.09448392331417262,0.09301281311263632,-1.015816210179073,0.30971691525773726,0.4051234993560985,0.4051234993560984
TUBB,153.60474603329976,-0.5655713835282623,0.12311038377123461,-4.594018523890029,4.347907580154996e-06,1.6469346894526502e-05,1.64693468945265e-05
MCOLN2,15.996061077957082,1.8013845042830952,0.2373616471668785,7.589197858138476,3.218919216635314e-14,2.485651904737694e-13,2.485651904737694e-13
RNF7,223.37024660101685,-0.6816904597857034,0.09640902898720576,-7.070815534053032,1.540257773659699e-12,1.0846885729997881e-11,1.0846885729997881e-11
DHX15,43.30512453820094,0.06402646311444556,0.14569844273007632,0.4394450751478668,0.6603390716639128,0.7292535302748899,0.7292535302748899
DGKA,8.124652345958832,-0.16456731939228303,0.28908879752310374,-0.5692621810401731,0.5691782279865306,0.6501324108638262,0.6501324108638263
SFSWAP,19.02880732449381,-0.1456975075657073,0.18697347997499666,-0.7792415672275603,0.4358374283604325,0.5276482183540345,0.5276482183540345
PDCD6IP,55.665509994781345,-0.8229569386216069,0.16028442238649515,-5.134353834068815,2.8311502019188674e-07,1.2309348703995075e-06,1.2309348703995075e-06
CRADD,10.97446279051092,-0.26250082757431736,0.24532251455168813,-1.0700233855584822,0.28460878253901856,0.37741263505774164,0.37741263505774164
SYNGR2,170.48407839125716,0.01578029251994395,0.08910700994711507,0.1770937272983297,0.8594347689445075,0.8973603517282148,0.8973603517282147
DNAJC13,9.50043542426405,0.6121106150116152,0.25992297168048767,2.354969285916202,0.018524236746433127,0.037085559051918175,0.03708555905191817
SMC5,30.66652387343992,-0.4652258570214574,0.15076325333660126,-3.0858040452521402,0.00203002558078156,0.005006228312654896,0.005006228312654895
C6orf62,52.45876501167412,0.5244533785935107,0.21119125740189532,2.4833100813234896,0.013016772419179161,0.027346160544494038,0.027346160544494038
SEC31A,25.239665764400947,0.28784213859989577,0.16158245995810405,1.7813947050597507,0.07484799263556777,0.1248113377231769,0.1248113377231769
SFI1,12.171834439013407,0.6086188808692728,0.2305756433353664,2.6395627572165212,0.008301305190840779,0.018204616646580657,0.018204616646580657
KPNA4,37.69010572700628,-0.08270986111995517,0.1695717592401935,-0.48775728629906495,0.6257217695251378,0.6983501892021627,0.6983501892021627
ESYT2,8.320674128760947,-0.6377509079843882,0.2753596688914415,-2.316065059752148,0.02055471668910556,0.040462040726585755,0.04046204072658575
AURKAIP1,247.2014975526001,-0.42880777650619534,0.07850212560133105,-5.462371537350126,4.6981549794002764e-08,2.2372166568572743e-07,2.2372166568572746e-07
CD84,41.11867268222194,0.239425547214437,0.24841496852690978,0.9638128838782153,0.33513974607631936,0.4302179025369953,0.4302179025369953
MAP2K4,11.012162065708864,-0.36653570950011993,0.27932601800611173,-1.3122147092366456,0.18944770021088586,0.27278286567442167,0.2727828656744217
CHD8,17.94802985743233,0.1029541830491271,0.20356484228927435,0.5057562096249646,0.613027803206887,0.688022225821422,0.688022225821422
IL32,195.16206722945208,0.6781387901994373,0.2071257810055574,3.2740433706861545,0.0010602033755826757,0.002775401506760931,0.002775401506760931
OS9,100.05810525596601,-0.30848418875260675,0.1283650168214188,-2.4031795920049572,0.01625320313971536,0.03330574413876099,0.03330574413876099
NCOA7,58.47934166440139,3.7195987551288785,0.19780765008689563,18.80411982799898,6.987238279973466e-79,4.818785020671356e-77,4.818785020671356e-77
EIF3I,228.11262308112373,-0.4561602605195797,0.08642073564126476,-5.278365859012304,1.3034102863312485e-07,5.897784101046373e-07,5.897784101046372e-07
DHRS7,210.73333632446116,-0.5461887493182509,0.12571949406745486,-4.344503240087755,1.3959118335883906e-05,4.897936258204879e-05,4.897936258204879e-05
LMNB1,63.75681843778654,1.6800507869226158,0.14751819689993834,11.388769807579706,4.7565765292295724e-30,7.374537254619491e-29,7.374537254619491e-29
SLAMF6,6.073747673547119,0.7550945766446509,0.31789967910934014,2.375260581451985,0.01753656499162492,0.03549911941624478,0.03549911941624477
HNRNPUL1,49.9883291634862,-0.09579848808216458,0.11972777703189744,-0.8001358620117226,0.4236320852904202,0.5169397013916048,0.5169397013916049
NOP58,103.79151568906525,-0.04732122917905754,0.14241856748396847,-0.3322686782703689,0.739686388743388,0.7953617083262235,0.7953617083262237
ZZEF1,7.5805222692691245,-0.8534351797277061,0.32509384369459987,-2.625196374156631,0.008659900613011638,0.018928744509315056,0.018928744509315056
TERF2IP,163.93799401214588,-0.07537424684849342,0.08416727838452494,-0.8955290974734879,0.37050431849500576,0.4683998969595522,0.46839989695955214
IRF9,89.48120978486847,1.4326769423871877,0.12106393271086023,11.83405255641978,2.602657676027311e-32,4.337762793378852e-31,4.337762793378851e-31
TAF9,240.76312836104577,-0.2723442566924565,0.08548273569428086,-3.185956257488814,0.001442764094906761,0.0036899337465646064,0.0036899337465646064
NBN,53.78230480996077,1.6105920323286274,0.1483887745638742,10.853867060108009,1.9116259617908293e-27,2.770472408392506e-26,2.770472408392506e-26
NUCKS1,55.27394074207564,-0.01186457872691802,0.17223472318281963,-0.06888610210337372,0.9450802811538781,0.9609357205428348,0.9609357205428348
ATG5,66.96794773730271,-0.11767767303185116,0.13052787311254513,-0.9015520610711697,0.3672948665142528,0.4650524050270964,0.4650524050270964
PHF20L1,82.41956137475313,-0.49332861852205384,0.12124874397517688,-4.068731785156079,4.726972303160276e-05,0.0001532243858398793,0.0001532243858398793
NPC1,11.41515579124318,0.5012981072334184,0.28902779127558736,1.7344287378767382,0.08284203973663849,0.13647782493680147,0.13647782493680147
CPSF6,53.43126435364108,-0.36647415613571954,0.15498125033246704,-2.3646354339609226,0.018047827134809156,0.036423465458747036,0.036423465458747036
APBA2,4.369937943176918,-0.5174956806522667,0.7628455713333891,-0.6783754144993308,0.49753369335069375,0.584645938132425,0.584645938132425
TACC1,37.78713939019444,-0.582057089535922,0.17714492631505319,-3.285767770174407,0.0010170482310498617,0.00267644271328911,0.0026764427132891094
ILF2,224.56210702584607,-0.13162179420356054,0.08504958635757673,-1.5475888812695546,0.12172131007992469,0.18944950985202286,0.18944950985202286
HOOK3,45.5466023379102,-0.7907920024940793,0.14780834634581655,-5.350117378648701,8.789720286049546e-08,4.0599169912469036e-07,4.0599169912469036e-07
OFD1,64.34830736390842,0.3448276099456591,0.12881681724626415,2.6768834793242764,0.007431047316749067,0.016385991878167732,0.016385991878167732
PIK3CB,9.109344853301026,-0.3951698259820184,0.29374397664873353,-1.3452865672019294,0.1785327097892997,0.2593067680309364,0.2593067680309364
SKIL,126.63930853276305,-0.4916259485080972,0.15617349537117167,-3.1479473987546243,0.001644212778198077,0.004152052470197164,0.004152052470197164
ELK4,9.874743859864283,0.6027376053146128,0.2550300127171289,2.3633987188133423,0.01810817554717641,0.03650841844188792,0.03650841844188792
PSTPIP2,35.95048076918515,0.2820547320675498,0.2787815906923749,1.0117408806192898,0.31166196356614506,0.4067567038958322,0.4067567038958322
DICER1,16.965667585779414,-0.40167635261100915,0.22867069387157,-1.7565711889456443,0.07899092739581579,0.13088803213888284,0.13088803213888284
SNW1,139.64866402602746,0.09653054954529007,0.09454243136292943,1.0210288455003729,0.3072407724881213,0.40214760796874516,0.40214760796874516
DMTF1,14.320818998680979,0.6978524329127744,0.2519622288318812,2.7696708199005817,0.005611297170717548,0.01269524246768676,0.01269524246768676
PRDX6,214.8962647377369,-0.026945009369232553,0.07211462178381282,-0.3736414156065192,0.7086711168237059,0.7698197123168783,0.7698197123168782
RAB9A,167.37305047874437,0.3999703238333174,0.16967054541043913,2.357335051088419,0.018406630755574718,0.03688703558231406,0.036887035582314064
NRF1,4.768255396433679,-0.04262992221925426,0.33248535792733047,-0.12821593854539498,0.8979780870401503,0.9267059721776577,0.9267059721776577
RAB5A,128.35319832395092,0.04614499594579321,0.1648575271690532,0.27990833502236034,0.7795478323152073,0.8301331537999154,0.8301331537999154
CMPK1,146.51202031456614,-0.28266302994080894,0.17368611166632383,-1.6274359949046793,0.10364453196561108,0.16490776764615922,0.16490776764615925
ARSB,6.057885615915375,-0.4423832066490432,0.314160881088245,-1.4081422394686423,0.15908895564261893,0.23586205432560256,0.2358620543256026
YLPM1,7.2056911297069695,-0.7518782959238756,0.2982833861981322,-2.5206844588536574,0.011712683105294391,0.024947141864311802,0.024947141864311802
TNPO1,34.12604043928384,-0.017183182740033272,0.15519671114449807,-0.11071872988361608,0.9118393929987529,0.9385891847645425,0.9385891847645425
SUN2,32.96365360141924,-0.9735203875495996,0.22717339034451783,-4.2853627622197115,1.824412437662992e-05,6.237307479189716e-05,6.237307479189716e-05
C1orf21,34.05170162096823,0.05520473700823745,0.22813327721970378,0.24198458761048053,0.8087921056907407,0.852257224120907,0.8522572241209069
C9orf78,170.3430762928616,-0.2088058884334495,0.09308832694990817,-2.243094223251109,0.024890739118701505,0.04795903491079288,0.04795903491079288
NOSIP,212.48180420719075,-0.07333059527829656,0.09693150482943552,-0.7565197239775856,0.449337651259053,0.5387741621811187,0.5387741621811187
PLCG2,12.906389181002847,-0.7586199822174927,0.23787337251133422,-3.189175712306117,0.0014267912280332793,0.003658439046239178,0.0036584390462391777
DDX18,148.54179806338186,-0.3840578334427037,0.18592029319178666,-2.0657122837393964,0.038855654728522704,0.07090447943161077,0.07090447943161077
APRT,236.13981530999507,0.10097100867219402,0.19057564894736834,0.5298211457229742,0.5962359426760491,0.6737129295774565,0.6737129295774565
NDUFA11,232.2423655509935,-0.4829675176183409,0.06658719017226637,-7.253159599749823,4.071598291245085e-13,2.9938222729743267e-12,2.9938222729743267e-12
PAM,5.7197412513736134,0.1356565788291607,0.3459691329142702,0.3921060173387661,0.6949798816207826,0.7595408542303635,0.7595408542303635
C1QBP,225.680149498226,0.13037191770349793,0.21287791194878686,0.6124257632462223,0.5402561006334758,0.6242127101484412,0.6242127101484412
MIR155HG,132.1191843317724,0.9051465533671247,0.35455637539062207,2.5528988228456084,0.010683052427890848,0.022900433929026468,0.022900433929026468
NFKBIZ,31.784139846747394,-0.19469573891621827,0.15882930278241716,-1.225817500332008,0.22026736003358416,0.3076359777005365,0.3076359777005365
GALM,40.37674857937622,1.6003723156539902,0.19381864055487966,8.25706088471323,1.4930327598654541e-16,1.287097206780564e-15,1.2870972067805638e-15
EVI2B,195.9143742351438,-0.46934893157539287,0.15898879572548516,-2.9520880979926716,0.003156328645249506,0.007524025376041731,0.007524025376041731
BTBD7,12.254129861301776,-0.20489996509576588,0.23148563164973193,-0.8851519795656534,0.37607466778408405,0.4736456773099295,0.47364567730992957
MRPS6,124.93738519635887,-0.10515088917930648,0.18391196675224003,-0.5717457707412927,0.5674942210169999,0.649678558691471,0.649678558691471
SGK3,33.796864889669095,-0.6689039366198024,0.20264704281989931,-3.3008324588002234,0.0009639842854214905,0.002546854122645946,0.002546854122645946
ANKRD10,33.43436033603736,-0.27592664111968557,0.1462314058559447,-1.8869177896812814,0.059171383964335,0.1018681821294465,0.1018681821294465
CFDP1,59.99791250356362,-0.197650603056336,0.12826419516863383,-1.540964746993323,0.12332536609006177,0.19164781055176652,0.19164781055176652
EMILIN2,62.6523086408787,-0.45247162226569204,0.21888885899035382,-2.067129521131233,0.03872195104893322,0.0707523329471827,0.0707523329471827
AP3S1,178.62623900125556,0.2514272286607689,0.092261371192731,2.725162496615681,0.006426984723004335,0.014361977034646558,0.01436197703464656
HTATIP2,223.6997249225879,-0.19507710926837818,0.08804349412879833,-2.2156902244588452,0.026712724853880446,0.05112483225623052,0.05112483225623052
PRR14L,17.133395716105024,-0.4481906868776542,0.2374499670334728,-1.8875163154454082,0.059090913987543195,0.1018681821294465,0.1018681821294465
TRIM5,44.33815999843671,2.834039330878803,0.21671834729111522,13.077062308305035,4.453203532540107e-39,8.646997150563313e-38,8.646997150563314e-38
ZRANB2,88.74867818952819,0.10594421094243853,0.10364688459413769,1.0221649339224883,0.3067028443495613,0.40196965183428746,0.4019696518342874
MSL3,108.87464412991187,0.7349655217628196,0.14527907395416081,5.0589909596664935,4.214808457645542e-07,1.7897275828643491e-06,1.7897275828643491e-06
RNF24,22.4822659879135,0.26703486752326994,0.20482983969938412,1.3036912391045181,0.19233887770889824,0.27575466338193294,0.27575466338193294
RPN2,161.46411865483145,-0.32792092028164777,0.12940288240490855,-2.5341083149567387,0.011273387933385042,0.024114198787989396,0.024114198787989396
TBC1D15,31.359702837097434,-0.22113918609190242,0.16287201323181316,-1.3577482202369446,0.1745435902689676,0.25499428819425507,0.25499428819425507
UBE2W,18.2552313826651,0.18016508553696484,0.21057304301281124,0.8555942534676845,0.39222224964212316,0.48844613903128664,0.4884461390312866
PEA15,141.21255082282892,-0.6388132345906056,0.18169312981515365,-3.515890970894195,0.00043828092763178745,0.0012259606367322725,0.0012259606367322725
BTAF1,10.261095918537887,0.4241642520826263,0.2538295084554406,1.671059659941341,0.09470989432452505,0.1528811853503229,0.1528811853503229
MIA3,74.3856117986789,1.101115106596027,0.12475450252536371,8.826255440136602,1.0823865918386284e-18,1.0457841467039888e-17,1.0457841467039887e-17
GBP3,109.46790371181969,2.148965996377863,0.2249954075405884,9.551154931863207,1.2825837728767098e-21,1.4913764800891974e-20,1.4913764800891974e-20
CSGALNACT2,34.17240568489083,-0.31187934177032,0.1591881316817958,-1.9591871484096668,0.0500908736378186,0.088656413518263,0.088656413518263
CKLF,167.07690514140563,-1.5073198620382753,0.27320846985654745,-5.517105171848143,3.446292099159897e-08,1.6811180971511692e-07,1.6811180971511692e-07
R3HCC1L,12.75508078987135,-0.4822521806613597,0.23292529650397004,-2.0704156564340366,0.038413436937517594,0.07028991205401205,0.07028991205401207
ANP32A,96.40806208309796,-0.39606154351589173,0.11441122694774856,-3.461736702611995,0.0005367019366702298,0.0014846526602219356,0.0014846526602219359
IDH2,165.64406094977676,0.650840070159753,0.2066016063180579,3.150217860154491,0.0016314875281969537,0.004125126493544763,0.004125126493544763
STOM,118.70671107691693,2.834493410516491,0.21723760417779697,13.04789482117753,6.532768973573809e-39,1.2563017256872709e-37,1.256301725687271e-37
NDUFA1,216.56467601256628,-0.12394912098116785,0.08349952125022991,-1.484429121572078,0.13769511376656068,0.21014180468106294,0.21014180468106292
CWF19L2,34.63123758800098,-0.01905741565467221,0.19459606973959614,-0.09793319916570974,0.9219853375667109,0.9465968558179783,0.9465968558179784
PSIP1,79.19318466422327,-0.184699143856626,0.1377450164960456,-1.3408771406399909,0.17996034519777004,0.26062323707135415,0.26062323707135415
ARID4A,44.58930848159117,-0.4435552948706525,0.1317788526692381,-3.3659064856480883,0.000762925677448956,0.0020481226240240433,0.002048122624024043
MAPK14,13.717226979370764,-0.415377184876875,0.2051947994155282,-2.0243065909078846,0.04293861590643653,0.07708907703130437,0.07708907703130437
ARHGAP31,8.068845526697586,-0.4737905349282174,0.3132383636079954,-1.5125558998295185,0.1303925032968132,0.20091294806904963,0.2009129480690496
MTR,7.242749421751599,-0.35454903922080405,0.3285719485428834,-1.079060585643787,0.2805607201850141,0.3738891595268804,0.37388915952688045
SPG21,183.25675261854968,-0.7961156218515627,0.11541931086264152,-6.8975946564003126,5.2890401523596696e-12,3.5857899338031656e-11,3.585789933803166e-11
USP10,50.98961237918227,-0.4104378359669627,0.2282353947453489,-1.7983093131760046,0.07212800470669878,0.12071632586895192,0.12071632586895192
GGNBP2,74.93843082160677,-0.24060306226588823,0.12141535069104645,-1.9816527391015566,0.047518120149620494,0.08462710623262777,0.08462710623262777
FKBP15,31.195316317455195,0.38863241940615273,0.304171683389618,1.27767455232954,0.20136420156513046,0.28526155561641936,0.2852615556164194
NDUFA9,134.95459215266743,0.9179820330795866,0.0895449696351173,10.251631519003576,1.1636258731663243e-24,1.4823259530781202e-23,1.4823259530781202e-23
MGA,8.327882830823048,-0.4670105510430852,0.2879061217486207,-1.6220931608076257,0.10478340234179864,0.16632286085999784,0.16632286085999787
SYTL3,36.88812233552004,0.2863503766578642,0.18871296007415767,1.51738585704627,0.12916929258254733,0.19948925495374106,0.19948925495374106
PJA2,46.957419397071035,-0.01240912125863318,0.1435398153897982,-0.08645072605767844,0.9311081242670537,0.9515555484918028,0.9515555484918028
GNB4,57.26611181284804,1.8491355062401926,0.18289515272081147,10.110358195566224,4.9702223049272126e-24,6.174189198667345e-23,6.174189198667345e-23
BCL11A,6.3326583930079305,1.8242615298805815,0.35276872920250746,5.171267685785611,2.3251120843397264e-07,1.01755452268697e-06,1.01755452268697e-06
BAZ1B,30.666796396754457,-0.20346757296133483,0.18086387478259286,-1.12497630168497,0.2605990766464823,0.3538188668298806,0.3538188668298807
TSC22D3,215.27027810094657,-0.6310386476891423,0.1637924802034091,-3.852671666644732,0.00011683601030356148,0.00036172139412867334,0.0003617213941286733
UBE2L3,120.22363617199764,-0.2710717168981014,0.09426040887217509,-2.8757748893885773,0.004030370346714543,0.00944987185630608,0.00944987185630608
COPB1,86.00189470053147,-0.22074149736604357,0.15790153422098757,-1.397969300647261,0.16212228621553126,0.23982586718273854,0.23982586718273854
TMEM14B,107.16067118840789,-0.5283576414596958,0.11111244585164666,-4.755161650974184,1.982876915925166e-06,7.852977884852143e-06,7.852977884852143e-06
PANK2,95.18799611375962,0.7726389358486231,0.13139894656983622,5.880099924834475,4.100188823198374e-09,2.1694120757663355e-08,2.1694120757663355e-08
EXOC6,10.056328938341778,1.0719618358988847,0.2638819036191684,4.062278698147974,4.85960096971192e-05,0.00015701457091153213,0.00015701457091153213
TMED10,154.1296680457715,-0.2506244754819022,0.09568031195702083,-2.6193944224855956,0.00880860345218509,0.019190857194303027,0.019190857194303027
RAC2,148.0391457139479,0.2643403460494566,0.1859393956123482,1.4216478717644159,0.15512850008557136,0.23160597411567882,0.2316059741156788
TNFAIP6,229.75375571653416,2.315564503138162,0.28388218311052965,8.156779963315259,3.4407439105276824e-16,2.915884669938714e-15,2.9158846699387137e-15
DYNLRB1,195.84823114144194,-0.0033298899432699035,0.09249492333439499,-0.036000786024022326,0.9712817322053447,0.9751824620535591,0.975182462053559
