gene,baseMean,log2FoldChange,lfcSE,stat,pvalue,padj_native,padj
MALAT1,2813477.3634633585,0.15955934626571633,0.06325103142221788,2.5226362745077497,0.011647880920514147,0.02696268731600497,0.02696268731600497
FTH1,23497.168409433056,-0.6643820297508217,0.28369906544379186,-2.341854840838216,0.01918817620746436,0.041309313686683224,0.041309313686683224
FTL,60227.127043445886,-0.9566330824826264,0.27755656601692746,-3.4466238583751743,0.0005676382982138181,0.0022097652004551185,0.0022097652004551185
B2M,200674.69588508512,0.44263991690816107,0.12874115945106032,3.4382160203895493,0.0005855603649133112,0.002265223848794241,0.0022652238487942404
TMSB4X,60792.470454757706,-0.036109387972454804,0.11814442803753795,-0.3056376722309899,0.7598805338649623,0.8192782036279916,0.8192782036279918
ISG15,19955.30573810317,1.5747814794495407,0.4791080603535031,3.2869024960415203,0.0010129590028684422,0.00356675705235367,0.0035667570523536694
HLA-B,116098.27984259697,0.4559494139217743,0.12540021426178177,3.6359540261226972,0.0002769537264073427,0.0011924698557270385,0.0011924698557270387
CXCL10,51365.530395188944,0.8966152996616333,0.5239619818100381,1.7112220557763682,0.08704012862114174,0.1449554479057296,0.1449554479057296
TIMP1,3201.9741053782195,-0.29161922998270123,0.34972360677785674,-0.8338562920287413,0.40436196964729854,0.49584545634248745,0.49584545634248745
RPS2,5989.4833998440345,-0.41349574296155717,0.21581505256864306,-1.9159726721565862,0.05536857423085454,0.10030538809937417,0.10030538809937417
RPL10,2209.3963659984415,-0.8941242129665123,0.14868621638831525,-6.013497650860786,1.8156256307892863e-09,4.596520584276674e-08,4.5965205842766744e-08
ACTB,57400.095572622995,-0.5520635348028907,0.16858051660104195,-3.2747766226709882,0.0010574555281134238,0.003690944251704795,0.003690944251704795
RPL13,6209.466603706875,-0.7652913489908749,0.259933159118505,-2.944185157392613,0.0032380621548913553,0.009147068234156371,0.009147068234156371
RPS18,2380.582283964705,-0.5805188934931851,0.23109542472319822,-2.5120310979264073,0.012003851017871634,0.027595059811199158,0.027595059811199158
CCL2,6749.692816914522,-1.1163210000694075,0.4058270313672145,-2.7507310104715508,0.0059462448468235425,0.015227259530918162,0.015227259530918164
RPS6,25917.573240083308,-0.750159166290875,0.2462001159042044,-3.046948875453654,0.0023117702520349492,0.006952692487323155,0.006952692487323155
RPL13A,11165.52183550993,-0.4903527104354336,0.21412985543627708,-2.289978244445963,0.022022577834939255,0.04636332175776685,0.046363321757766855
RPLP1,16636.00932108548,-0.22775946338797626,0.21509291187564936,-1.0588887444122275,0.2896504508945833,0.3811190143349781,0.381119014334978
RPS19,12130.303129323367,-0.37942985195266704,0.1988160620457584,-1.908446672006508,0.056333509473425414,0.10160018270985108,0.10160018270985108
RPS4X,9373.403177033977,-0.6534569145628772,0.26035150679129465,-2.509902564484512,0.012076447824260728,0.0277300753714368,0.0277300753714368
RPL3,8248.115017160433,-1.0342042561711897,0.23129518214102668,-4.471360996791574,7.772337140286062e-06,5.888134197186411e-05,5.888134197186411e-05
RPL21,4839.551546218507,-0.3347112268136872,0.2534314791787429,-1.320716857662415,0.18659579101477497,0.2669467682614806,0.2669467682614806
HLA-DRA,28470.5644487886,-0.9940862876723923,0.22538406483372184,-4.41063252810612,1.0306910129743601e-05,7.578610389517353e-05,7.578610389517353e-05
RPS14,10029.100633849912,-0.38887875056749316,0.23850053469434693,-1.6305152148437114,0.10299265221240081,0.16596303203205884,0.16596303203205884
HLA-A,47359.558339992676,0.43822443896256635,0.12266098419288023,3.5726473405225034,0.000353390530071758,0.0014724605419656584,0.0014724605419656584
RPL32,12341.734319684592,-0.3819276562971763,0.27231255945120864,-1.402534121330558,0.16075580867988548,0.23851010189893987,0.2385101018989399
RPS3,14149.111210368,-0.38947295451892183,0.2256546212100584,-1.7259693261782019,0.08435293124346638,0.1412946922001112,0.14129469220011118
CD74,67395.28995654917,-0.2894065906416547,0.20490250967953808,-1.4124111563800692,0.1578289334169578,0.2353899081535538,0.23538990815355376
CCL8,6925.805032770109,0.014865240047484164,0.5456845100850475,0.027241455039959526,0.9782671516228527,0.9807189489953411,0.9807189489953411
RPL11,16869.953508286333,-0.4092570083643614,0.2335346232271304,-1.7524468222698075,0.07969700626844327,0.13485111043729825,0.13485111043729828
SAT1,50462.7367879993,1.018979532785708,0.3355616459391588,3.0366388564277718,0.0023923189268975206,0.007088352375992653,0.007088352375992653
HLA-C,34919.61526371247,0.23925026881255979,0.19888948658505332,1.2029306974466272,0.22900314000718236,0.31630267956793146,0.31630267956793146
SOD2,24550.313581014943,0.03345759573916879,0.30539680475087944,0.10955450488901176,0.9127626932291046,0.9323418725527115,0.9323418725527116
RPS27A,12455.688218174168,-0.48599362846373,0.25108244104741595,-1.9355938489221232,0.05291746432946193,0.09647668975289321,0.09647668975289321
EIF1,11395.747977235113,0.159598036888271,0.09294839784962104,1.7170606549505112,0.08596809008703786,0.1437220148779777,0.14372201487797773
RPL15,8264.68673041956,-0.5277323386698697,0.20316899616807246,-2.5975042876783268,0.009390394787412912,0.02243821932476204,0.022438219324762036
RPL7,7884.936333061193,-0.766038245800435,0.26613356490891055,-2.878397717561957,0.003997008717802398,0.010876214198101763,0.010876214198101763
ISG20,25459.160594888875,1.4766860120526364,0.2813256740631077,5.249026833297064,1.5290480449114682e-07,2.2321869268780557e-06,2.232186926878056e-06
RPS3A,2687.6761489018522,-0.44690191405992036,0.18679532633379586,-2.392468392176603,0.01673546950639763,0.03690290960616898,0.03690290960616898
RNF213,253380.47390185366,0.6090232105111633,0.23364939159247136,2.6065687839385205,0.009145445331189658,0.02195785193562943,0.02195785193562943
RPL18A,543.2314194218832,-0.9048527461687198,0.19107253830444662,-4.735650419459897,2.1835368416368524e-06,1.994097572271098e-05,1.994097572271098e-05
RPL34,17934.170397073518,-0.46630863322898924,0.272505212000309,-1.711191612835869,0.08704574646739062,0.1449554479057296,0.1449554479057296
RPL19,15341.210157138281,-0.5568514792806862,0.23876335901049536,-2.3322317192572606,0.01968850436405313,0.04220472532487274,0.04220472532487273
TMSB10,34882.21543805115,-0.06097387347732086,0.192053715240808,-0.3174834363441932,0.750876805777218,0.8128950591802222,0.8128950591802222
C15orf48,2494.006274546511,0.1353367268971936,0.3568748561810138,0.37922740858086174,0.7045189998931063,0.7810631927861489,0.7810631927861489
S100A11,6095.395672795888,0.19669857447287073,0.19674374548243986,0.9997704068840492,0.3174216302431391,0.4079969540400245,0.4079969540400245
MBNL1,229935.06880698283,-0.038244263093315765,0.06791474794145855,-0.5631216231013877,0.573352068308232,0.6578910709216662,0.6578910709216661
SRGN,22207.801428832176,-0.04379671209704368,0.21008460857641087,-0.20847177903141903,0.8348606156241983,0.8758194021549742,0.8758194021549742
RPL8,5475.761974630367,-0.5618872405329615,0.2150757464696511,-2.6125086150160044,0.00898804270042219,0.02160587187601488,0.021605871876014884
PFN1,10964.084836805652,-0.15244092680250748,0.13115236696591942,-1.1623192957098516,0.2451057915576349,0.33507285243695817,0.33507285243695817
PTMA,43633.46848896624,-0.06137282838702254,0.11188807398292497,-0.5485198395352532,0.5833350104304932,0.6681958882365329,0.6681958882365329
STAT1,207207.3454491968,0.6762420072494186,0.2222607909913511,3.0425609673805822,0.0023457429393693835,0.007012684422628949,0.007012684422628949
RPS12,18605.740862043767,-0.2153114715128476,0.25731239726058497,-0.8367706873244734,0.4027214770188441,0.4941367816182136,0.4941367816182136
TPT1,42263.1349152127,-0.5871598808562042,0.2244649302766944,-2.6158201200179527,0.008901343757516621,0.021449021102449693,0.02144902110244969
PABPC1,53626.16848284107,-0.9988193630112024,0.20919096175507454,-4.774677426937032,1.7999553119644695e-06,1.7307262615042975e-05,1.7307262615042975e-05
RPS9,5538.551851954754,-0.26260286272366445,0.09845068142125256,-2.6673544452174442,0.007645099673457336,0.018876789317178604,0.018876789317178604
OAZ1,5606.500669404792,-0.2640114494757196,0.13031227863745237,-2.0259905838208665,0.042765749582865394,0.081751364867343,0.08175136486734301
MYL6,7838.782485844825,-0.32080839983147935,0.12415319902335117,-2.5839720792948766,0.009766970073420441,0.023227039413603903,0.023227039413603906
APOBEC3A,18032.658756459965,0.9112383722084954,0.5094289574890458,1.7887447480409269,0.07365593279920847,0.1264479533033622,0.12644795330336217
PTPRC,170898.58348964696,-0.07658409655633462,0.06198207756233813,-1.2355845361800044,0.21661303567730583,0.30180127102320686,0.3018012710232068
IFIT3,72795.32752275694,1.4828756034518158,0.43873716275881647,3.3798723457282907,0.0007251950360979249,0.002716086277520318,0.002716086277520318
LYZ,70071.67002081136,-2.1320164758351265,0.3175209048681069,-6.714570420869556,1.886210689264214e-11,7.544842757056855e-10,7.544842757056855e-10
RPS13,8923.532890957727,-0.5704989155655303,0.26922173049205556,-2.1190671143924065,0.03408479543957503,0.06704717271282236,0.06704717271282237
RPL12,11320.297550744077,-0.07542723946085472,0.23811562353070473,-0.3167672844916388,0.7514201899716152,0.8128950591802222,0.8128950591802222
RPLP2,17246.68776937867,-0.2751219140856249,0.25939487709644865,-1.0606297131432114,0.2888582137035226,0.3803268119862049,0.3803268119862049
TYROBP,14127.173048388615,-0.13176604744781006,0.2929020080951161,-0.449863926521872,0.6528085598950621,0.7339050701462194,0.7339050701462193
RPL26,10608.068236962841,-0.25221497383342295,0.23421677576045485,-1.0768441885280489,0.2815498803271069,0.3731608751850324,0.3731608751850323
RPS27,17514.937525568934,-0.4121508203135427,0.26090129823644626,-1.579719315693186,0.11417116013109978,0.1815121782688391,0.1815121782688391
ARHGAP15,181315.96915900634,-0.01885431556050794,0.1315683252309295,-0.14330436696989743,0.8860498070879321,0.9170610951439099,0.9170610951439099
ANXA1,7965.989169908746,0.5990681887088131,0.12043079111822753,4.9743772597217655,6.545772246342253e-07,7.65587397233012e-06,7.65587397233012e-06
RSAD2,85682.62493204407,1.731098803652687,0.46049455485611196,3.7592166626022174,0.00017044618589992784,0.0007967125479507583,0.0007967125479507583
SH3BGRL3,6035.086142569103,-0.849932287814328,0.1784963579227266,-4.761622577096361,1.9204259463321955e-06,1.8203089538693796e-05,1.8203089538693796e-05
VIM,23961.12081954272,-0.0355556332331803,0.16809849265702972,-0.21151666901454155,0.8324841264512169,0.8747609751281038,0.8747609751281037
HLA-E,64033.40880789949,0.24313565196859738,0.07882297771435137,3.0845783681213232,0.0020384089972100175,0.006370028116281305,0.0063700281162813056
SMCHD1,167527.7240669107,0.9909343781451757,0.20586762993586324,4.813454055180482,1.48343718296652e-06,1.48343718296652e-05,1.48343718296652e-05
MAML2,179534.38110643902,0.46963068451029977,0.10736577714686524,4.374118988287057,1.2192386676867622e-05,8.771501206379584e-05,8.771501206379584e-05
HBB,208.19714192729762,-0.4584329487095711,0.7094549053714762,-0.6461763041437172,0.5181651836158649,0.6078183972033607,0.6078183972033607
TNFSF10,55692.52407198768,1.5177633671727964,0.42774103151248294,3.548323063153465,0.0003876923790440027,0.0015889031928032896,0.0015889031928032898
RPS15,5226.230877939172,-0.17108726019583276,0.24446881877953724,-0.6998326455289982,0.4840318247513915,0.5779134845874729,0.5779134845874729
FCER1G,5870.558022785725,-0.3741981273285125,0.2615753168169674,-1.4305559556689782,0.15255751815624258,0.22940980173871062,0.22940980173871062
GAPDH,6614.777622282522,-0.5494050521590714,0.1618729807336594,-3.39405038239856,0.0006886702156021626,0.002599342585552793,0.0025993425855527926
MX1,99648.18133693041,1.218070431233168,0.4028938274004059,3.0233037797886624,0.002500311164382581,0.007343057751490694,0.0073430577514906935
RPL23A,3915.2007816319697,-0.35982095095367794,0.19105390805547662,-1.8833477661665847,0.059653254109699363,0.10623909903775489,0.10623909903775487
HLA-DRB1,17742.738809749597,-0.8226690751247498,0.24239005782909104,-3.393988526149917,0.0006888257851714901,0.002599342585552793,0.0025993425855527926
EPSTI1,138346.18730730403,1.1149969487985654,0.3131764266927519,3.56028376903494,0.00037045425151941704,0.0015245030926724981,0.0015245030926724981
RPL9,10363.513873578098,-0.5075128611673538,0.2555658850007643,-1.9858396247442651,0.04705113437904616,0.08770015727688008,0.08770015727688006
RPS15A,4189.509096129873,-0.6481284995682619,0.24297616340628767,-2.6674571302885663,0.007642763887170012,0.018876789317178604,0.018876789317178604
EMP3,5555.646812791245,-0.22013594998401198,0.15687067282583878,-1.4032957596121978,0.16052866216424355,0.238349906702663,0.238349906702663
RPL27A,9645.262382624336,-0.2724561560084948,0.22436551613798586,-1.2143406023273782,0.22461768709513663,0.31088953231160776,0.3108895323116078
S100A10,4198.540840064933,-0.26958575951641706,0.17640272033944643,-1.5282403751918412,0.12645286768118383,0.19731462430228333,0.19731462430228333
TYMP,22149.113503870292,-0.026567268190576157,0.30585001279911844,-0.08686371449663949,0.9307798421002783,0.9454556369597592,0.9454556369597593
UTRN,157476.2249956459,0.416305481506199,0.14490043194513208,2.8730451380837634,0.0040653602739045185,0.010987460199741941,0.010987460199741943
RPL28,13075.178056413248,0.07502186021487617,0.17770089719470006,0.42218053706660574,0.672893246568429,0.7530982054487173,0.7530982054487173
CD63,6224.613995316887,-0.2353447982721292,0.2535240444967662,-0.9282937984808424,0.35325519007541883,0.44518612485875086,0.4451861248587509
RPL31,13285.164896566008,-0.34031381813376227,0.2307464753948929,-1.4748386407695242,0.1402559299198277,0.21528155014555286,0.21528155014555284
RPS8,14807.490189136775,-0.6589098626438862,0.23014639104057238,-2.863003237481692,0.0041964627547392865,0.011295996648019613,0.011295996648019615
RPS23,10524.697178163959,-0.3377994724659704,0.2565958259870844,-1.316465188654212,0.1880179550417358,0.2684053605163966,0.2684053605163966
IFIT2,68630.16284702254,1.8140948826129648,0.4882320087129808,3.7156410277053857,0.00020268917489039612,0.0009183461059131006,0.0009183461059131006
PARP14,140625.58297533393,0.9425316586108506,0.32756660204059584,2.8773741057216853,0.004009998823617888,0.010896735933744262,0.010896735933744262
RPL35A,10703.162299558468,-0.45892130088047406,0.2534717234568446,-1.8105423935329368,0.07021171634412846,0.12203468107753508,0.12203468107753508
SP100,130293.31535331241,0.8743237047379318,0.15908365971327476,5.495999440255357,3.885037392038659e-08,7.19451368896048e-07,7.19451368896048e-07
NEAT1,117004.8796128821,-0.0891144021821718,0.1407887209562598,-0.6329654930941367,0.5267561771939877,0.6151486977891625,0.6151486977891625
RPL30,11078.359496639916,-0.39442437479442655,0.23546581765407065,-1.6750812441654965,0.09391829237174572,0.15409071759105122,0.15409071759105122
IFITM3,7348.7010336182675,0.7745114424527789,0.40211303220444033,1.92610380769506,0.054091413286747915,0.09834802415772348,0.09834802415772348
SYNE2,142528.9071430542,0.4336614618241255,0.1674768769941877,2.5893811110364555,0.009614861728710008,0.022947164030334147,0.022947164030334147
IFI6,33917.14579825995,1.2825894337062094,0.3918976706655465,3.272766157369681,0.0010650054875781586,0.0037108205142096116,0.0037108205142096116
IFIT1,27701.430541767248,1.4544145778497393,0.47555670766635044,3.058341002037035,0.0022256615208268195,0.006795913040692579,0.006795913040692578
FOXP1,141291.60675690856,-0.09408142693776797,0.15598598206674597,-0.6031402674216636,0.5464153805806989,0.6316940815961838,0.6316940815961838
SAMD9L,112775.01727907953,1.1582450023470754,0.3277450250701576,3.5339819486173423,0.0004093490348008358,0.001660645171605825,0.0016606451716058247
RPS16,7348.436276074931,-0.5753059566295136,0.21783066275931667,-2.6410696700912806,0.008264472243914323,0.020132697305516013,0.020132697305516013
PDE3B,137596.68726329258,-0.1045273548366291,0.22686510927841239,-0.4607467193571468,0.6449803319373797,0.7283798214990171,0.7283798214990171
RPL18,5411.620502975759,-0.42732522007957985,0.26358767928087407,-1.6211881421977623,0.10497729506027202,0.1685028813166485,0.1685028813166485
ANXA5,9701.90343539173,0.04640286777245304,0.2184782904024145,0.21239120686537658,0.8318018452049666,0.8746601947475988,0.874660194747599
CYBA,9942.380681243738,-0.5283233397286531,0.14538067892529707,-3.634068458299941,0.0002789867850464983,0.0011948042186145538,0.0011948042186145538
ANK3,135023.56552765786,0.39482076763143714,0.2842427661789086,1.3890266160122025,0.16482465669879443,0.2434142527697262,0.24341425276972622
RPL14,5268.064220531373,-0.2827384868599307,0.1991048951978763,-1.4200478927398388,0.15559373859718112,0.2325765898313619,0.23257658983136192
RPS5,5320.123125596153,-0.7324647628828707,0.2626151920801151,-2.7891180136274074,0.005285180236268985,0.013817464669984274,0.013817464669984274
PSAP,47461.56021375116,-1.1885739469770746,0.25400688481052164,-4.679298153133528,2.8785858842614057e-06,2.5118190999529543e-05,2.5118190999529546e-05
IFI44L,109906.40120919356,1.419462661149783,0.3666718886822675,3.8712066699495224,0.000108297922781558,0.0005520851337913892,0.0005520851337913892
TXN,7483.6657144984265,1.6386199639609522,0.3305380572990841,4.95743206501109,7.14310067288268e-07,8.257919853043562e-06,8.257919853043562e-06
FAU,3849.073155183874,-0.2856590563988457,0.19655588102706636,-1.4533223575208596,0.14613427256839237,0.22225744877322032,0.22225744877322032
ARPC2,25330.721462578087,-0.302204461135584,0.05716404014232933,-5.28661830729849,1.2459824432814263e-07,1.8933941066848526e-06,1.8933941066848526e-06
CTSB,59669.48591673281,-0.08941698169746141,0.2973749539899032,-0.30068766887643605,0.7636526727047925,0.8210656410964082,0.8210656410964083
S100A6,4412.881274464326,-0.6334950828931972,0.20957039356368562,-3.0228271852755126,0.002504252076981811,0.0073438477330844895,0.0073438477330844895
ZEB2,120332.81443194141,-0.37356069015958787,0.21806822940907236,-1.7130450005114157,0.0867042611118828,0.1446276248738662,0.1446276248738662
ANXA2,16612.15348192884,0.23084194095933694,0.22879722690567647,1.008936795612927,0.3130049470977623,0.4036169530596548,0.4036169530596548
LGALS1,1049.9002915806348,-0.4416052055582921,0.23264525102801878,-1.8981913604808855,0.057670878498955705,0.10353838150620413,0.10353838150620413
LGALS3,6630.39349240698,-0.5656175507252063,0.23326300428800242,-2.424806078664991,0.015316565869035464,0.034074673790957646,0.03407467379095765
SLC8A1,125296.74881082767,-0.10489389106901739,0.3323222371170166,-0.3156390976992683,0.7522764579491493,0.8128950591802222,0.8128950591802222
RPL6,2852.277643879872,-0.7839228604787639,0.16153498884308087,-4.8529601301442264,1.2163215101483892e-06,1.2604367980812322e-05,1.2604367980812322e-05
RPS7,1423.3125134315285,-0.18664591185529822,0.17792325861081587,-1.0490248060460832,0.2941667016560545,0.3857923956144977,0.3857923956144977
ZBTB20,124799.17166909804,-0.15929481661801545,0.13746657925832034,-1.1587894125064142,0.24654203417015907,0.3361172926655202,0.3361172926655202
ANKRD44,124306.82253603393,-0.2226908462632218,0.07261209922572298,-3.066855918473889,0.002163231012175474,0.0066766389264675124,0.0066766389264675124
LY6E,13753.178948595809,1.0334307035654444,0.32843707849071013,3.14651046195649,0.001652313501439417,0.005347292884917207,0.005347292884917207
MYL12A,15542.140723630824,0.71604460814772,0.15516271094197767,4.614798257910571,3.934773379436959e-06,3.266915193395794e-05,3.266915193395794e-05
TSHZ2,122239.82337172156,0.453070441780204,0.2743740147676196,1.651287721849064,0.09867983819094896,0.16043490343380445,0.16043490343380445
ETV6,119860.8555757457,0.40347279195136293,0.17460315272081914,2.310799007143323,0.02084395938663016,0.04438316116871889,0.04438316116871888
SERF2,7536.0599011923805,-0.30459777909909314,0.13440452732705066,-2.26627618248235,0.0234344787520762,0.04887273983748947,0.04887273983748947
RABGAP1L,105286.05905105738,0.17782167714814184,0.0951878518649505,1.868113143265693,0.0617463019312396,0.10938228862929956,0.10938228862929955
LINC-PINT,116164.61322947417,0.22063883298902454,0.10540653924829424,2.093217693726673,0.03632972596964175,0.07090397085836933,0.07090397085836933
GBP1,66538.31694026645,0.9756345053926561,0.33922033644947014,2.8761085364290517,0.004026112464166679,0.010925678328810527,0.010925678328810525
RPL29,1282.7086633865376,-0.3095698358801241,0.22675245534762925,-1.3652325634380864,0.17217996667757385,0.2510908809160846,0.2510908809160846
XRN1,108838.80585537746,1.1621764321403167,0.25062765653862124,4.637063794917731,3.5339336536091918e-06,2.969692145890077e-05,2.969692145890077e-05
BTG1,13392.442486443628,0.2839407357660066,0.12795178386128922,2.219122916440328,0.026478363379043152,0.0541479823702314,0.0541479823702314
LYN,104976.14359453449,0.4948758355875015,0.3092262709725513,1.6003680218729848,0.10951696484658345,0.17492079516628645,0.17492079516628645
CCR7,45960.89193936929,1.0734326354903494,0.168812649086106,6.358721584558662,2.0343975749150116e-10,6.896262965813599e-09,6.8962629658135985e-09
RPL10A,6127.619449255054,-0.7055105036252114,0.24270071105324423,-2.9069156846039683,0.0036501156827501774,0.01011112377493124,0.010111123774931239
HLA-DPB1,14524.028522270082,-0.6391348808083025,0.21778929262754027,-2.934647856638851,0.0033392641718437885,0.00939314816271108,0.00939314816271108
RPS20,9993.930185602416,-0.34961721386614675,0.2125752034811596,-1.6446754284637581,0.10003676261758425,0.1618717841708483,0.1618717841708483
UBC,9887.190881529565,0.3942377830224703,0.12686464417449092,3.107546516113912,0.001886472949337292,0.00602707012567825,0.00602707012567825
HLA-DPA1,12963.602935028073,-0.45091507031389333,0.24000469472632424,-1.8787760415606403,0.060275079731752404,0.10715569730089315,0.10715569730089317
HSP90AA1,24654.798647628555,0.1431633158302779,0.13029441376908474,1.098767872611946,0.27186932899155736,0.36293189161118883,0.3629318916111889
S100A4,1209.439839411724,-2.549995430129933,0.2685953760099069,-9.49381730992971,2.2272521435238595e-21,5.568130358809648e-19,5.568130358809648e-19
CST3,4940.906934185445,0.06718161257169653,0.3223599726769702,0.20840556603166652,0.8349123106788185,0.8758194021549742,0.8758194021549742
IDO1,26711.386795778566,1.6479843391575373,0.4821831030094691,3.417756302267552,0.0006313961378353021,0.002419142290556713,0.0024191422905567132
CXCL11,25397.694212507264,2.0204888234150973,0.6341987090170867,3.1858923625791564,0.0014430827619386242,0.004754803169484759,0.004754803169484758
NACA,7426.149326863418,-0.38626965822149134,0.18775738147576823,-2.057280812000155,0.03965922198350241,0.07626773458365849,0.07626773458365849
RPS25,11528.289824050522,-0.40392174373789375,0.2559573926081129,-1.5780819597436817,0.11454678208509829,0.18182028902396552,0.18182028902396552
RPS24,7904.606458480154,-0.21981995451783576,0.15983679283784286,-1.3752775604103045,0.16904541058608435,0.24768558327631407,0.24768558327631407
PFDN5,3062.0921551709175,-0.5592603788535273,0.12487326865924896,-4.478623686704502,7.512583651532828e-06,5.7347966805594104e-05,5.7347966805594104e-05
EEF1A1,15833.917067992734,-0.32148698724060437,0.15700808228990495,-2.0475824081909364,0.04060093452983384,0.07785414099680507,0.07785414099680507
CD44,66305.9689912611,-0.8434999088894946,0.17675922375093456,-4.772027682572547,1.8238042917838606e-06,1.7452672648649384e-05,1.7452672648649384e-05
NFKBIA,7820.818609532437,0.20642758843457415,0.23400767399106862,0.8821402517015441,0.3777009674507378,0.46832110037289243,0.4683211003728925
CDC42SE2,91697.34182092983,0.22545036617243552,0.10012781718260888,2.251625697195302,0.024345935739585132,0.050405664057112075,0.050405664057112075
CLIC1,3841.76889667377,-0.05991338277863316,0.21173179041418871,-0.2829682905029561,0.7772011445009777,0.831675917068997,0.8316759170689969
TMBIM6,7839.228151582488,-0.07022976017497885,0.07586560264289068,-0.9257128096056856,0.35459524909291606,0.44631245952538207,0.44631245952538207
PSME2,7217.035039981983,0.25191904509713087,0.1857771254055619,1.3560283298989444,0.175090154409261,0.2541221399263585,0.2541221399263585
DOCK8,93077.65866171634,0.12578127953329876,0.13405787127061564,0.9382610535370254,0.3481102693444492,0.4398108267144021,0.439810826714402
DOCK10,93617.2281466156,0.02470625075205867,0.09832006264974436,0.2512839199469622,0.8015946064246011,0.850498256153423,0.8504982561534229
DDX60L,88569.42092656024,1.1165016237407124,0.3428022578578991,3.2569844513787674,0.0011260260080285184,0.003869505182228585,0.003869505182228586
UBB,4033.5946864532466,0.188273104376587,0.11248102653205357,1.673821000583908,0.09416578375990659,0.15431166103258792,0.15431166103258792
UBA52,4362.664754963859,-0.2928648645665518,0.2157409362231602,-1.3574839791351208,0.1746274805581155,0.25381901243912136,0.25381901243912136
RPLP0,7292.748129919056,-0.4205008182635537,0.2166511549715971,-1.940911961991069,0.052268956831012604,0.09556459392165678,0.09556459392165678
EEF1D,8116.3077208502,-0.3422610395692612,0.09177886296465279,-3.7291924143915107,0.00019209443062362052,0.0008791507122362496,0.0008791507122362496
CTSS,44411.9921982921,-0.7054690252037006,0.19900817345361005,-3.544924879018346,0.00039272499496265003,0.0016062371982112477,0.0016062371982112475
AOAH,92805.71904286342,-0.43292338863916563,0.22939916456222828,-1.8872056027986452,0.05913267701687106,0.10559406610155547,0.10559406610155547
ACTG1,16859.722891111014,-0.13752865669151842,0.13561542592749598,-1.0141077665091383,0.3105313325125033,0.40190223740815567,0.4019022374081557
CFL1,9910.057762418617,-0.26843443398891265,0.11883449705643312,-2.2588931719165375,0.023890030839546217,0.04967957727469669,0.049679577274696685
RPL35,6071.3309243999565,-0.5473240419471084,0.23270790059567845,-2.3519787705792767,0.018673840677574112,0.04033226928201752,0.040332269282017524
MX2,74794.56707352698,1.0589285166597802,0.3185229442124984,3.324496824798059,0.0008857824210663131,0.003217880114017413,0.0032178801140174134
HNRNPA2B1,35571.537898483315,-0.1257454100261352,0.0386472581994034,-3.253669623271654,0.0011392468831567563,0.003888214618282445,0.003888214618282445
SLFN12L,91638.8684844466,1.1618886301873919,0.19028561436489702,6.106024536144502,1.0214331229511528e-09,2.6879819025030335e-08,2.687981902503034e-08
ELMO1,90750.13768393318,0.12223628541506357,0.07416519857793638,1.6481623154640619,0.09931936761205437,0.16110197503982868,0.16110197503982865
SP110,74177.7466039124,0.8003372316308972,0.17910456707810102,4.468547311146449,7.875259574482441e-06,5.9435921316848614e-05,5.9435921316848614e-05
HSPA8,16473.40037939626,0.4335977632299609,0.1784501863058496,2.4297972011461413,0.015107273282423655,0.03368399840005274,0.03368399840005274
RPL24,4720.457640741588,-0.2882628491965663,0.20115690268115316,-1.4330248942711241,0.15185072318537524,0.22920863877037773,0.22920863877037773
YBX1,9561.38351842698,-0.2510353006885159,0.08886717346193485,-2.824837236395774,0.00473046389934821,0.012531030196948902,0.012531030196948902
CTSL,19010.363495885013,1.128255876756502,0.49997615916343013,2.25661935289939,0.024031870028412405,0.04985865151122906,0.049858651511229056
ANKRD12,73417.19510551625,-0.08492940088109557,0.040455301210572545,-2.0993392297101527,0.035787007575392604,0.0701018757598288,0.0701018757598288
USP15,82043.83954169796,0.6468324547919196,0.12615461820811738,5.127299055551337,2.9392842889649284e-07,3.945348038879098e-06,3.945348038879099e-06
PLSCR1,30234.872702459354,1.1457641017936357,0.30174057106884417,3.7971827843204484,0.00014634987704148156,0.0007036051780840459,0.0007036051780840459
FCHSD2,88680.10526046705,0.7527741316977878,0.16644862226904017,4.522561505381746,6.109572520517939e-06,4.7731035316546394e-05,4.7731035316546394e-05
WIPF1,78294.10179025431,0.4715091978270973,0.043473698991697125,10.845849531164786,2.086879988011312e-27,8.347519952045248e-25,8.34751995204525e-25
IFI16,64529.851750056325,0.695451591189672,0.1661061814473905,4.186789348414086,2.829281839563724e-05,0.00017906847085846352,0.00017906847085846355
CHST11,85056.76808818955,-0.32481959187293763,0.10648053462811086,-3.0505067710956557,0.002284555290203126,0.006912421452959534,0.006912421452959535
PSMB9,10570.82304087814,0.40250555606118665,0.09753757476706952,4.126671767494879,3.6805112395433934e-05,0.0002210517260987023,0.00022105172609870232
XAF1,71448.45480111979,0.8313311955748953,0.2799351433329154,2.969727865094191,0.002980636650523577,0.008455706809995963,0.008455706809995963
KYNU,42731.44826447564,0.361856726024958,0.3354144746387919,1.07883455660237,0.2806614869118216,0.3724770894649258,0.37247708946492575
JAK1,66603.57705717726,0.39473643033942346,0.06267733055029902,6.2979138848717335,3.016780202788867e-10,9.73154904125441e-09,9.73154904125441e-09
IKZF1,82303.17948677122,-0.40797433669912386,0.14406601468722613,-2.8318568927227887,0.0046278555815976695,0.012340948217593784,0.012340948217593786
ARPC1B,10294.212939229858,-0.36424385169364704,0.12671834633953927,-2.8744365927697872,0.004047490316104102,0.010953965672812184,0.010953965672812184
TNRC6B,81995.08270355135,0.056364705328507875,0.1180292955390431,0.47754843465843533,0.6329716398062305,0.7172483170608844,0.7172483170608844
COX4I1,5090.734744553353,-0.6327792584714479,0.1650121895162557,-3.8347425140317375,0.00012569590016173762,0.0006284795008086881,0.0006284795008086881
NPC2,4812.762541817628,-0.5387924830441748,0.24466726782366527,-2.2021437024934993,0.027655159282235702,0.05626685510119167,0.05626685510119166
APOBEC3B,101.19474478672767,0.9899840355604794,0.4789391641104282,2.0670350427475594,0.03873085206230769,0.07499161624051279,0.0749916162405128
OAS1,27705.49779259597,1.4263060575537818,0.3617584757098011,3.9427025303422325,8.056856223519268e-05,0.00043316431309243375,0.00043316431309243375
CCL7,482.3394694351529,-0.22729047979534298,0.6020995501930483,-0.3774965115361204,0.7058046563522886,0.7816219893159342,0.7816219893159342
EIF4A1,7696.916153533316,-0.29151464304920643,0.05989324517673354,-4.867237401964149,1.1316905463420282e-06,1.185016278892176e-05,1.185016278892176e-05
TNFAIP8,63410.604034413445,0.13366084225361935,0.0638532456740132,2.0932505598226188,0.03632679352712034,0.07090397085836933,0.07090397085836933
CCL3,1611.7645690585184,0.04219587452013826,0.30618775604273785,0.1378104567781885,0.8903902199039426,0.9188753559380214,0.9188753559380213
FOXN3,79254.77610205096,-0.16924105974547485,0.10412241698868983,-1.625404640422998,0.10407636779319028,0.16732535014982358,0.1673253501498236
RPL27,5377.520904103779,-0.5331830428405366,0.23108851974795225,-2.3072675502101023,0.02103990935259057,0.044672709031932496,0.0446727090319325
SDCBP,10012.037489706816,0.0231871713214132,0.19108060266658172,0.12134759362190575,0.9034157242570965,0.925566454343572,0.925566454343572
LAPTM5,12995.530084969258,-0.6431842455455337,0.11487692521979294,-5.5988985108622575,2.1571803209877727e-08,4.2716441999757877e-07,4.271644199975787e-07
RPL7A,6304.435141631016,-0.7240057884379663,0.21211646035114162,-3.4132466063191576,0.0006419382467108706,0.0024454790350890306,0.002445479035089031
MACF1,75990.47510142518,0.08153928270662236,0.13885903091625335,0.5872090721690197,0.5570633001468919,0.6428889788192635,0.6428889788192635
RPL36AL,5813.4865080309455,0.04747648284788785,0.15657792258075215,0.30321313544955697,0.7617274392988234,0.8208269820030425,0.8208269820030424
ARPC3,8913.196850333874,-0.21977168568628147,0.10122826729531281,-2.1710505529561464,0.02992735121512869,0.06027663890257541,0.06027663890257541
ITM2B,18301.769763224285,-0.042617109073816724,0.10726821577161706,-0.3972948442113746,0.6911500489207376,0.7683713717851447,0.7683713717851447
MYL12B,6682.655199662538,0.20833799976230297,0.10352543681819014,2.012432945616865,0.04417431849462008,0.08374278387605702,0.08374278387605702
JAK2,75097.54440340788,0.8220845621648077,0.3087992952734562,2.6621970151739287,0.007763242494899003,0.0190977675151267,0.019097767515126696
IQGAP2,71762.31097322748,0.4044978068230116,0.09664859129697144,4.185242654806154,2.8486163242480397e-05,0.00017972342739735266,0.00017972342739735266
DYNLT1,11797.421152274104,1.00129182678941,0.2452726972414352,4.082361543094152,4.458037194892267e-05,0.0002584369388343343,0.0002584369388343343
RPL5,8420.195726551383,-0.7039445950116625,0.21705956085665642,-3.2430941638020694,0.0011823912623747886,0.004022903414435358,0.004022903414435358
DOCK4,74535.5090519836,0.01773620177995322,0.3344405276941863,0.05303245363902567,0.9577060498227494,0.9664036829694747,0.9664036829694747
GBP5,63964.033026895,1.278653033250779,0.31082224487967003,4.113775813393889,3.892394698083691e-05,0.00023169016060021973,0.00023169016060021973
SAMSN1,41843.77353523151,0.6406077146125094,0.20344153255277095,3.1488541527101472,0.0016391197816464243,0.005313192160928442,0.005313192160928442
CLEC2D,60637.34463382702,0.8561731868634872,0.0922655520121252,9.279445775721062,1.7036239752803392e-20,3.4072479505606784e-18,3.4072479505606784e-18
CELF2,69873.96267733576,-0.02256091128909641,0.09185545249347421,-0.2456131963499851,0.8059816729016988,0.853342162945155,0.8533421629451549
GBP2,50344.605354818086,0.8898348751127216,0.1567467189053817,5.6768963416061045,1.3716053036498859e-08,2.8875901129471284e-07,2.887590112947128e-07
RGL1,70624.11543598042,0.22161526045721866,0.3304376094582699,0.6706720243514105,0.5024294884153786,0.5938882841789345,0.5938882841789346
MYCBP2,70464.17813796176,0.43445119422213896,0.10146908404566958,4.281611471200426,1.8554473693073202e-05,0.00012494595079510574,0.00012494595079510574
CSTB,3151.590419955914,-0.2406720297637287,0.21081856430728743,-1.1416073843142538,0.2536172532402545,0.3445886592938241,0.34458865929382404
FYN,66799.8814825495,-0.2041425667214427,0.18848225229669271,-1.0830864138873875,0.2787700687750114,0.3704585631561614,0.3704585631561614
BTF3,3642.4297076938565,-0.16990324778466584,0.16635463382659352,-1.0213316207456618,0.3070973499796339,0.3990868745674254,0.3990868745674255
CXCR4,5942.351921618295,-0.672651068065026,0.19525790398744627,-3.444936437032904,0.0005711936938029893,0.0022139290457480207,0.0022139290457480207
RPSA,2304.2474635259855,-0.6433589135410355,0.13551723987055966,-4.74743223928959,2.0601537585332127e-06,1.8987592244545736e-05,1.898759224454574e-05
MED13L,72082.56439089698,0.0975029341926227,0.09672208559844941,1.008073115766083,0.31341936283971483,0.4038909314944779,0.40389093149447786
PARP8,71237.5709130102,0.7295092468247597,0.13702537866579895,5.323898783772109,1.0156643538518334e-07,1.599471423388714e-06,1.5994714233887139e-06
BAZ1A,51154.349662121305,0.7760055265766311,0.18305814731304973,4.239120399539364,2.2439729107363707e-05,0.00014714576463845054,0.00014714576463845054
HSP90AB1,18268.95332250505,-0.0567891634918985,0.13651499082007595,-0.41599214233362464,0.6774157530552163,0.7568891095589009,0.7568891095589009
CCL4,988.0706960777349,0.22467285388698782,0.22248804237842204,1.009819905309112,0.31258158165163297,0.4033310730988812,0.4033310730988813
ATP6V1F,1374.186679356009,-0.2279286743023043,0.18398040908370983,-1.2388747010481878,0.2153919040434089,0.3004071186100543,0.30040711861005426
CD247,65496.39751584767,-0.05909591255273463,0.19680462000794233,-0.3002770593004866,0.7639658303246347,0.8210656410964082,0.8210656410964083
FNBP1,64058.676891952695,0.19272781283091492,0.093495954579379,2.0613492177063883,0.03926973587468936,0.07566423097242651,0.07566423097242651
SAMD9,46977.481241180016,1.4693775749640086,0.2742743461754282,5.357327783124792,8.446180947983629e-08,1.362287249674779e-06,1.3622872496747787e-06
RPL36,6402.029612232142,-0.17097250903288422,0.22803902641969595,-0.7497510918074904,0.45340462989372055,0.5475901327218847,0.5475901327218847
RPL4,7733.131984522614,-1.140423681168444,0.21761857457173903,-5.240470320204665,1.6016784837047113e-07,2.3045733578485052e-06,2.3045733578485057e-06
IFIH1,56223.54288724604,1.3067423265336293,0.34457587540373313,3.792320994621413,0.00014924582583735485,0.0007137636226589153,0.0007137636226589153
PRRC2C,62206.22454906072,0.15592421370623888,0.05148874226968148,3.0283166151070064,0.002459202846744151,0.007232949549247504,0.007232949549247503
PKM,10357.383292730394,-0.57623111838222,0.13871193595183234,-4.154156702003756,3.2648938259679555e-05,0.00020153665592394788,0.00020153665592394788
AKAP13,63010.26200973256,-0.24277280929801262,0.053244382165609595,-4.559594823410665,5.125241074426727e-06,4.019796921119001e-05,4.019796921119001e-05
ARPC5,12068.019246218422,-0.1572712623347204,0.09949196631769519,-1.5807433319040638,0.11393673627426716,0.1812835899351904,0.1812835899351904
CALM1,17803.825958343266,-0.3803749126073056,0.13227400614456641,-2.875658821367986,0.0040318525228044836,0.010926429601096162,0.010926429601096162
RPS28,3249.1536301858814,-0.28087123503250194,0.4757263823755302,-0.5904050005172659,0.5549191589136507,0.6407842481681879,0.640784248168188
IRF7,8649.91076310368,1.1535720280011352,0.3209883689469697,3.5938125477428633,0.0003258743238651982,0.0013721024162745186,0.0013721024162745188
ZFAND3,66506.70880107973,-0.04161290220795236,0.0641579375002259,-0.648600996685809,0.5165963111255886,0.6063336985042119,0.606333698504212
EIF2AK2,49701.81413987838,0.9830224604227682,0.2747029213261476,3.5784929249283497,0.00034558122178775583,0.0014429278571513814,0.0014429278571513814
CFLAR,48830.30973822364,0.4741743504014162,0.12505115808983436,3.7918429356789995,0.00014953347894704276,0.0007137636226589153,0.0007137636226589153
UBE2D3,24457.484234165862,0.1543378575146625,0.03637736461182628,4.242689352611522,2.2085705559061252e-05,0.0001457802347132756,0.0001457802347132756
BST2,6528.43956570255,0.8439250035336553,0.27976630098060035,3.0165355890814562,0.002556812019568184,0.007443411992920478,0.007443411992920478
ARHGAP25,64373.592563584185,0.44294858643230184,0.09051984334632948,4.893386577543863,9.91154461092892e-07,1.0544196394605234e-05,1.0544196394605232e-05
FNDC3B,59992.28630340036,0.6640515830711937,0.24383829125082984,2.7233277417782666,0.006462790883564871,0.01625859341777326,0.016258593417773262
IL7R,49387.00042244289,0.24213255065132264,0.21421175709805068,1.1303420219857112,0.2583321341474727,0.34909747857766577,0.34909747857766577
DNAJA1,13382.869138604336,0.5355569770814214,0.19382508725184827,2.763094213833841,0.005725623696781029,0.014718826984012928,0.014718826984012928
GSTO1,3289.216412700362,0.21871231497167326,0.15273676114571105,1.4319559569750302,0.1521564263376165,0.22928105308099783,0.22928105308099783
ARHGDIB,12505.730989883217,-0.6608954274100669,0.16868126524879573,-3.918013221179494,8.92818103881109e-05,0.0004711441181430654,0.0004711441181430655
CTSC,30220.418805861493,0.047908469558117714,0.29685265895828056,0.1613880425603691,0.8717877838773161,0.9043441741465936,0.9043441741465935
PDE4B,62038.781610818114,0.522409630412746,0.3709963977253884,1.4081258837435766,0.15909379782668676,0.23657070308801004,0.23657070308801006
ARID1B,64966.3664593196,0.018576458268570784,0.0679228110748217,0.27349366103395695,0.7844737644346241,0.8381129961908377,0.8381129961908378
FHIT,64188.08703039206,-0.45600136430139404,0.21596588794345287,-2.1114508807094134,0.034733575643437826,0.06823885195174426,0.06823885195174426
LAP3,28450.6074458338,0.4894574229749472,0.31444951699454665,1.5565532669698319,0.11957658658336638,0.18816142656705961,0.18816142656705961
PPP2R5C,55539.713511640184,0.13857646253736902,0.11955827087573756,1.159070481049345,0.2464274570766335,0.3361172926655202,0.3361172926655202
S100A8,1919.8862089698498,-2.8774874208684658,0.402621318350555,-7.146882913842854,8.877053171646335e-13,5.221795983321373e-11,5.221795983321373e-11
TRIM22,53279.80039604698,0.9266148910072463,0.22569576365526972,4.105592750170395,4.0327942857756715e-05,0.00023933497244959474,0.00023933497244959476
DOCK2,63669.665120263795,-0.31905358191801475,0.06675077124799281,-4.779773715762253,1.754926014442394e-06,1.7038116645071784e-05,1.7038116645071784e-05
CAMK4,61207.19903389745,-0.13395992222827383,0.29680312711194323,-0.4513426914728869,0.6517425803356363,0.7331187630322118,0.7331187630322118
TANK,54721.18546416736,0.8390166202303302,0.18303240501042942,4.5839785593295455,4.56211037989204e-06,3.664345686660273e-05,3.664345686660273e-05
TBC1D22A,62739.98689998108,-0.11638483963242578,0.08174672861804007,-1.4237247361448748,0.1545261702484057,0.23149988052195614,0.23149988052195608
GIMAP7,17291.484674442316,0.468558509624163,0.19803082467963184,2.3660887661412437,0.017977133582285913,0.03907557536477934,0.03907557536477933
RPS11,7952.991936104004,-0.5184782247300993,0.2355484427058542,-2.2011532692557823,0.027725175243784855,0.05635198220281475,0.056351982202814746
DDX5,34325.968231560044,0.09340101557589894,0.06506386807410731,1.435528171634613,0.1511366464460575,0.22830309130824397,0.22830309130824397
ATP6V0E1,8671.438847606189,0.24552918529600865,0.1137476352908735,2.1585432054753984,0.03088562302089836,0.06183307912091764,0.06183307912091764
BACH2,62269.67867623243,-0.2290903368268466,0.1769798730614292,-1.2944428813514293,0.19551248687933298,0.2767338809332385,0.2767338809332385
CCND3,59287.355104963586,0.38262327159458837,0.191024137354551,2.003010074503931,0.04517620713666207,0.08507760289390219,0.08507760289390219
JMJD1C,59766.79776304439,0.3421854320196587,0.06187435571215051,5.530327194218563,3.196340345424619e-08,6.03083084042381e-07,6.03083084042381e-07
UBE2L6,10562.187767050653,0.9088308141610195,0.23586005823846862,3.8532629091532624,0.00011655412170950266,0.0005901474516936844,0.0005901474516936844
SRP14,4394.800762281629,0.09474431916096834,0.21691733362738627,0.4367761560434683,0.6622736928007787,0.7433338255395638,0.7433338255395638
BCL2,61415.19056157892,0.3874456611368983,0.17922621531541283,2.161768915641323,0.030635992590590744,0.06139477473064277,0.06139477473064277
TMEM123,32884.4272453849,0.5532427465852637,0.12752206149265574,4.338408116286028,1.4351846314172373e-05,9.897825044256809e-05,9.897825044256809e-05
NR3C1,52412.473807310955,0.2873353037781833,0.07122737026088904,4.034057451871968,5.4821904768643364e-05,0.00030972827552905855,0.00030972827552905855
CYTH1,56023.97141014835,0.2436762050451011,0.07391001910926345,3.296930618903874,0.0009774764444207798,0.0034847645077389655,0.0034847645077389655
JUNB,3564.6440693658064,0.38637497442900126,0.187973498763484,2.0554757823343714,0.03983307244988221,0.07652847732926457,0.07652847732926457
ELF1,48937.63728046813,0.5264848492565724,0.08861700433322676,5.941126685763715,2.830697435384607e-09,7.076743588461518e-08,7.076743588461518e-08
IFI30,46267.034039900755,-0.07529398468058829,0.28440191670874826,-0.26474499733310775,0.7912059110255696,0.8417084159846485,0.8417084159846484
PRKCH,57266.13138104432,-0.34159390691341607,0.19552708659685664,-1.7470413580995263,0.08063016430420787,0.13598893242089938,0.13598893242089938
SLFN5,51764.15469959178,0.7283197081640563,0.2351689704434627,3.097005981659271,0.001954859292011713,0.006166748555241997,0.006166748555241997
TNFSF13B,19687.876015043763,0.9877486036551018,0.2768242655641061,3.5681431381829567,0.0003595200938682898,0.0014856202225962387,0.001485620222596239
LPP,58729.69180245965,-0.058140808747530213,0.13617770702621085,-0.42694806673708746,0.6694171543755356,0.7500472317933172,0.7500472317933171
RAC1,6580.369142699104,0.0852216887520222,0.14687423096874058,0.5802358125719143,0.5617556061334643,0.6471838780339451,0.6471838780339451
ARID5B,52493.68593875746,0.32063763205797363,0.14207245435410315,2.256859948789316,0.024016827364086307,0.04985865151122906,0.049858651511229056
PITPNC1,55396.5071944384,-0.6900617158539651,0.21480834714505773,-3.2124529843711054,0.0013160668730028565,0.004404926745981902,0.004404926745981902
ACTR3,32126.96086175195,0.11521942957736277,0.09851338719069376,1.1695814433253713,0.2421694486296545,0.3318327642560722,0.3318327642560722
STK4,47524.639234216884,0.23866042666773374,0.08279253576243492,2.8826321656887823,0.003943676574088865,0.010760372644171528,0.01076037264417153
EVL,45262.163827573684,0.2714740784294714,0.143930417310211,1.8861480672592474,0.05927500448896753,0.10575379926666821,0.10575379926666821
IL1RN,15694.204990633627,1.714402536853925,0.5578397320255741,3.073288685674559,0.00211713569861887,0.0065725736001189215,0.006572573600118921
GRB2,36215.35512110346,-0.2262612126071977,0.13775517977739563,-1.6424878757577224,0.10048893675940195,0.16247200769507186,0.16247200769507186
LRBA,56222.75474146185,0.25728277135582384,0.11417665900011945,2.253374495355961,0.02423554625397626,0.05022911140720468,0.05022911140720469
UBE2E2,54581.66951026141,-0.29570137880067926,0.1894052458970573,-1.561210078423036,0.11847419180874018,0.18657353040746485,0.18657353040746483
RUNX1,55336.78390476369,-0.9022517856919732,0.13594915467396756,-6.636685515667589,3.2081509805250096e-11,1.2339042232788497e-09,1.2339042232788499e-09
CD47,28087.085115200858,0.43110007215884905,0.08426424195177316,5.116049965839364,3.1200044283646754e-07,4.160005904486234e-06,4.1600059044862336e-06
GPBP1,41594.015715073765,0.822979310957122,0.13288870058427882,6.192996901457273,5.903089008341805e-10,1.6628419741807903e-08,1.66284197418079e-08
ITPR2,55256.080030493766,-1.150504456360333,0.09009080760766928,-12.770497755671052,2.3961720825040988e-37,1.5974480550027324e-34,1.5974480550027326e-34
ENO1,11259.601595082533,0.041596677547633645,0.11622917136442766,0.35788500476537377,0.7204293729624521,0.7901109857960221,0.7901109857960221
N4BP2L2,48135.008773708054,0.13919645211086779,0.04578105274984656,3.040481678554985,0.0023620006184850396,0.007029763745491189,0.007029763745491189
MARCKSL1,2624.8420738129485,1.4192472667473977,0.27846033409338244,5.096766372015661,3.4550428644158517e-07,4.576215714458082e-06,4.576215714458082e-06
AFF1,54867.3130144731,0.20551043642272704,0.0894020730158837,2.2987211536606633,0.02152077853815727,0.04559486978423151,0.0455948697842315
PRKCB,54800.581041663994,-0.46006712566637076,0.12144641803156184,-3.788231329694773,0.0001517235478382766,0.0007224930849441742,0.0007224930849441742
SSH2,53679.5333443897,-0.3051765359729251,0.12287488226158742,-2.4836364467331657,0.01300485016698878,0.029489456160972292,0.029489456160972292
BACH1,52601.037409570796,-0.14300945463928336,0.17273351872679799,-0.8279195357877971,0.40771607048128033,0.4987352544113521,0.4987352544113521
CD53,20942.736199904994,-0.10259818184430582,0.06505275542713056,-1.5771535144154212,0.11476020620003367,0.18201460142749193,0.18201460142749196
RPS10,5406.973714303426,-0.49919329862897316,0.21105075474352383,-2.3652760646869524,0.018016635371038797,0.0390816385488911,0.039081638548891094
NPM1,7684.304646162251,0.021627923722398648,0.1687107828072959,0.12819526625694339,0.8979944461413428,0.9243380814630395,0.9243380814630394
ATM,52489.952036628245,-0.33467913440680036,0.16535531449388496,-2.023999866174106,0.042970165516384086,0.08188741354506415,0.08188741354506415
FTX,53834.650345643975,-0.07802563723626628,0.07706804025040456,-1.0124253449646619,0.3113347251230235,0.40250126066324954,0.40250126066324954
KLF6,29195.645997867585,1.0685528481859337,0.1993905808172196,5.3590939140975316,8.364037054613686e-08,1.3600060251404368e-06,1.3600060251404366e-06
HERC5,34562.960854315745,1.2061248395006465,0.39578474399073715,3.0474263038518594,0.002308101150495148,0.006952111899081771,0.006952111899081771
IFI44,39670.27131389131,1.18870381351505,0.3458938490422848,3.4366144896948816,0.0005890333452796488,0.0022742600203847444,0.0022742600203847444
RBM47,51761.4315176625,0.05394328423739499,0.2987275608311068,0.1805768576803437,0.8566997221325876,0.8933260919005085,0.8933260919005084
CD38,44866.057786996076,1.7457385297848895,0.4295583512253051,4.064031172494287,4.823238005708377e-05,0.00027561360032619296,0.00027561360032619296
DDX60,51007.861212531745,1.1586322949910648,0.2784828253321566,4.1605161596917934,3.175291475147629e-05,0.0001978374750870797,0.0001978374750870797
EXOC4,53050.14376515988,-0.15855532864122132,0.06332592276059407,-2.5037981560986555,0.012286810688168217,0.028084138715813067,0.028084138715813067
OASL,15327.102236081477,1.5765525971690482,0.3426992324276003,4.600397222955892,4.216860402663057e-06,3.428341790782973e-05,3.428341790782973e-05
CD48,12356.45717300954,0.3571345617496919,0.1387811719295825,2.573364648706827,0.010071503209041977,0.023837877417850834,0.02383787741785083
GBP4,32578.027862132276,1.1754805696894628,0.28783641979249475,4.083849328507084,4.429575780981443e-05,0.000257533475638456,0.000257533475638456
IFI27,3977.3856369224814,1.8306622950034996,0.5056595285086636,3.620345690711402,0.0002942096725221639,0.0012546254691776712,0.0012546254691776712
ZC3HAV1,48858.37157028733,0.5077562258402523,0.12178459041203456,4.169297807894722,3.055395360450138e-05,0.00019096221002813362,0.00019096221002813362
KMT2E,41473.7038482603,-0.015261176598701487,0.07366312191645412,-0.20717526221614838,0.8358729860812221,0.8761771342570462,0.8761771342570461
SUB1,11285.439967667155,0.6258110827743352,0.11226165740938684,5.57457548031896,2.481342038246441e-08,4.818139880090176e-07,4.818139880090176e-07
ATP6V0B,1171.9488952514585,-0.4667332303011212,0.18576158407831866,-2.512539030159984,0.011986584510704064,0.027587075974002447,0.02758707597400245
CARD16,2709.341351585213,0.720651904238869,0.22375127836825462,3.2207722319816416,0.0012784570839721114,0.004304569306303406,0.004304569306303406
CALM2,10102.562007131428,-0.34782979558273974,0.09834891042802557,-3.536691907098362,0.0004051720186077785,0.0016470407260478802,0.00164704072604788
PACS1,51929.48049770004,-0.32700414007943057,0.14561935560218814,-2.2456090313485557,0.02472906149521489,0.051040374603126715,0.05104037460312671
ATP6V1G1,4379.869111437202,0.1909826667538755,0.08531094977454237,2.2386653443502817,0.025177699049656246,0.05180596512274947,0.05180596512274947
S100A9,3519.213770164862,-2.695906949677444,0.3580640730741894,-7.529118815332426,5.108388443171845e-14,3.783991439386552e-12,3.783991439386552e-12
ANKRD11,50180.69670219503,-0.09099250238157958,0.0928648178793438,-0.9798382687812207,0.327165958581479,0.41810346144597954,0.41810346144597954
GPX1,3302.9787279531024,-0.952568296412831,0.2635766052803812,-3.614009275973226,0.00030149826738277204,0.0012829713505649874,0.0012829713505649874
CYTIP,19171.539889908425,0.3691341673150189,0.09678977391859928,3.813772389069353,0.00013686152481142265,0.0006692495100803064,0.0006692495100803062
ARID4B,42769.3639161684,0.17765392047534512,0.04640787281129937,3.828098762417096,0.0001291369404597062,0.0006392917844539911,0.0006392917844539911
HSPA1A,1504.0742881763745,-0.5019004873200132,0.2632184448006794,-1.9067831196255052,0.05654867814503701,0.10179780044111073,0.10179780044111073
BCL11B,50576.2734582577,-0.22985257587361602,0.2493295313480675,-0.9218826772378543,0.35658977580622275,0.4485405984983934,0.4485405984983934
MSN,37232.59703149105,-0.012632417855222433,0.04828271380651591,-0.26163437924894867,0.793603336190364,0.8438100331635981,0.8438100331635981
ADAR,42996.21435941672,0.4801763723032678,0.14854209228277815,3.232594646567659,0.0012267149201246903,0.004144307162583414,0.004144307162583414
FGL2,26670.43482894514,-0.3716078489419777,0.33514919703474805,-1.1087833485200014,0.26752365551049184,0.35864330349026735,0.35864330349026735
BIRC3,23387.342557419248,0.7440978532732694,0.1932952068922057,3.8495411512621107,0.00011833930165338294,0.0005976732406736512,0.0005976732406736512
EEF2,16016.054299114303,-0.7487726909414747,0.1388632714206364,-5.3921579355086395,6.961653734535357e-08,1.1799413109381962e-06,1.179941310938196e-06
ATXN1,49530.277975472505,-0.36939553416007026,0.10718006666308236,-3.4464947229530574,0.0005679096565169655,0.0022097652004551185,0.0022097652004551185
RAB10,33055.63016422277,0.5629450411077781,0.1576763561980733,3.570256534851716,0.00035663179176113636,0.0014801821296390259,0.0014801821296390257
HIVEP2,50340.773336944774,0.2243761961124862,0.12766005158806762,1.7576069672641321,0.07881440704918424,0.13358374076132923,0.13358374076132923
PDE7A,49399.26185582301,0.01717053630771431,0.1325320439244941,0.1295576209289934,0.896916434165652,0.9237038456906819,0.9237038456906819
QKI,49404.43613242105,0.13953795209170144,0.16231296552643462,0.8596845707250417,0.3899629422142121,0.4814357311286569,0.48143573112865695
CD68,16465.519647905287,0.37233820749731716,0.27103454431989243,1.3737666113064155,0.1695141497817031,0.24819055604934567,0.24819055604934565
SAMHD1,43265.12201944105,-0.15808968813115268,0.13085566447328492,-1.2081226194333206,0.22700010036480578,0.31375273028998724,0.31375273028998724
SETX,48547.621248415926,0.48021398291343836,0.1208391020934437,3.973994961846816,7.067705854384759e-05,0.0003851610819828206,0.00038516108198282067
N4BP1,47531.05984292546,0.7584019080393323,0.15662861785227455,4.842039203554901,1.2851340033092841e-06,1.3180861572402915e-05,1.3180861572402913e-05
GPX4,2768.1574882935456,-0.3148693805558912,0.19992212390901193,-1.5749601614836475,0.11526564048890067,0.18267137953866985,0.18267137953866985
HBA2,43.780522004596385,-0.17541092697956204,0.4904101146574581,-0.35768211490108265,0.7205812190459722,0.7901109857960221,0.7901109857960221
IFITM2,4051.3645913205437,1.1354267424675084,0.2646289424673521,4.290637040230733,1.7816130203321432e-05,0.00012067506112403623,0.0001206750611240362
PRKCA,49566.66628951967,-0.43462381737048583,0.21610991649500563,-2.011123896670101,0.04431237165273788,0.08392494631200356,0.08392494631200356
SKP1,6695.355908325408,0.023345474467848158,0.08092310527756978,0.2884896024166665,0.7729719884288896,0.8284801590877702,0.8284801590877703
SCLT1,48659.779191501824,0.8336148041273332,0.2022553352969681,4.121596114650576,3.7625642961775984e-05,0.00022530325126811967,0.00022530325126811967
RPL37,10105.217336130265,-0.44291154588329346,0.2258054091580898,-1.9614744727979672,0.04982369998084047,0.09184092162366907,0.09184092162366908
VTI1A,48839.002641031206,0.11341606840439977,0.039745003611328406,2.853593108545425,0.00432278584238315,0.01160479420774,0.01160479420774
DYNLL1,1459.188257804827,-0.0687867470303162,0.1382391964518572,-0.49759220825818157,0.6187714967372324,0.7039493705770562,0.7039493705770562
CHD2,44196.952559193734,-0.07353715186957627,0.06796669396702541,-1.0819586414671485,0.2792709058264714,0.3708776969807057,0.3708776969807057
UVRAG,48191.73560396626,0.43881691939633144,0.1334524849661862,3.288188447802359,0.0010083431987116974,0.0035590948815150303,0.0035590948815150303
PSMA7,4643.428435423138,0.015928176816767437,0.11413082344757172,0.13956069303297688,0.8890070990151863,0.9179216303719012,0.9179216303719011
SIK3,48466.74997947769,-0.1650528098608393,0.08389787255839042,-1.9673062597143627,0.049147913831379016,0.0908464211300906,0.0908464211300906
ASH1L,45838.08411338149,-0.07631369875308683,0.06054109588913789,-1.2605272110176455,0.2074792380777628,0.2906083805089269,0.2906083805089269
EEF1B2,4164.539993678023,-0.5883378009476705,0.22842052230777712,-2.575678380399357,0.010004365468389754,0.02370702717627904,0.02370702717627904
NLRC5,47853.638979568736,0.43628269088246246,0.11153962174752999,3.911459300713684,9.17401175884553e-05,0.00048284272414976477,0.00048284272414976477
OAS3,40755.64012360993,1.2180944439014327,0.40358358529722543,3.0181962009291037,0.0025428421546645056,0.007413533978613719,0.007413533978613719
SKAP1,47688.3332236681,-0.4500715603009702,0.19591723450543008,-2.2972535389095436,0.021604310543280394,0.04572340855720718,0.04572340855720718
CD96,44089.862906964845,-0.05277576528249329,0.17697035737663444,-0.2982181087546435,0.7655367014736951,0.8222735783820571,0.8222735783820571
PIP4K2A,48067.76506936215,-0.059002395975998746,0.09441797141717717,-0.6249064144293257,0.5320324821567003,0.6192451746541636,0.6192451746541636
PARP9,40040.41542839201,0.9609159702866038,0.2528696120653213,3.800045258258948,0.00014466966410337732,0.0006988872661998904,0.0006988872661998904
KANSL1,47923.44873151715,-0.12238859357403034,0.128156289336525,-0.9549948286396676,0.33958031214445605,0.43148705482141814,0.43148705482141814
SOS1,47765.52624602868,0.4814697363517022,0.08125978367444894,5.925067906661114,3.1216836451295736e-09,7.707860852171787e-08,7.707860852171787e-08
LRRFIP1,35397.34681650024,0.1865791844404007,0.06622530345621805,2.817339818816373,0.004842326196181931,0.012793464190705234,0.012793464190705234
NCOA2,47832.22350179796,0.25290515565867455,0.09073579485414034,2.787269964022741,0.005315417735359452,0.013860280926621778,0.01386028092662178
COTL1,11505.831471726924,-0.648889888127817,0.11892741144029734,-5.456184409206331,4.864747088913315e-08,8.765310070114081e-07,8.765310070114081e-07
MT2A,6859.743222235433,0.8647802214780029,0.3953630016016244,2.1873069001772016,0.0287201273527678,0.05819681327815157,0.05819681327815157
MCL1,29921.293151339803,0.4419626903858278,0.08580612511740478,5.150712606834413,2.594985757763593e-07,3.5792907003635765e-06,3.5792907003635765e-06
CERS6,47469.1127635467,0.7312129364976301,0.16001948066025007,4.569524494646535,4.888320342489451e-06,3.864284855722886e-05,3.864284855722886e-05
EML4,42515.13655720782,-0.33287088170266016,0.10931127043343891,-3.04516524584123,0.0023255249936800387,0.006973088436821704,0.006973088436821706
RPL23,10627.281907408844,-0.5505866128538973,0.23986292557627684,-2.2954219020346676,0.021708957366756272,0.045896315785954066,0.045896315785954066
RHOA,15458.666279457108,-0.24280563343239014,0.08006784694235441,-3.0324985959370223,0.0024253822570738564,0.007165087908637686,0.007165087908637685
RPL37A,10367.264740324355,-0.38835117533156166,0.22904585609686923,-1.6955171420666009,0.08997736117942348,0.14884592420086598,0.14884592420086598
CHCHD2,2769.668995340789,-0.08923943813016245,0.13575423663164984,-0.6573602441027399,0.5109493081465561,0.6014706393720496,0.6014706393720496
PDIA3,17707.55789853582,0.031929000801877806,0.1296443471795562,0.24628147309544046,0.8054643506653488,0.8533370899183941,0.853337089918394
ATP10A,47268.376432970486,0.6417918859131465,0.22097579635872203,2.9043537640262227,0.0036801207594017653,0.01016607944586123,0.01016607944586123
HSPB1,1279.2095861147043,0.23577754252581953,0.2748104051765113,0.8579643932127647,0.3909121252372758,0.4817736715784771,0.48177367157847717
HNRNPU,31179.78482092288,-0.022685011285038227,0.03538103126016805,-0.6411630887248051,0.5214167284090494,0.6109159090908605,0.6109159090908605
CBLB,46688.04655732026,-0.18089667298255863,0.09178640028378947,-1.9708439640649797,0.048741726257769215,0.09042991884558295,0.09042991884558296
RAP1B,37970.09743077472,0.22758533245573073,0.05254089853641096,4.331584323743789,1.480402300831253e-05,0.00010174586260008611,0.00010174586260008611
LYST,44024.99432107005,0.26887738582184434,0.15486203236511922,1.7362382613442036,0.08252171459220564,0.13857550729169713,0.13857550729169713
SIPA1L1,45326.69057809232,0.04931865998807641,0.14340302248606118,0.343916460985822,0.7309091120774738,0.7991813400539387,0.7991813400539386
BBX,40210.45461611086,0.2942075186971385,0.09038009362746424,3.2552247612159615,0.0011330265971893295,0.0038868836953321767,0.003886883695332177
PSME1,7753.226416450372,0.3458317185175637,0.14485554520872826,2.38742478252552,0.016966874316531273,0.0372898336627061,0.0372898336627061
HMGB1,12249.553156913287,0.08336968953902875,0.08459273173429092,0.9855419943275529,0.32435791440203754,0.41531102996419655,0.41531102996419655
NIPBL,44400.60828877477,-0.07402403610151316,0.05320688244348263,-1.3912492651705899,0.16414985277164162,0.2428252259935527,0.24282522599355272
CTSD,25760.709787939657,-0.06716457349099553,0.32950673610970643,-0.2038336887554058,0.838483465654784,0.8784530808326706,0.8784530808326705
DENND1B,43624.001596823255,1.260820378037136,0.29972241846262104,4.206626866633186,2.592105949366686e-05,0.0001672326418946249,0.0001672326418946249
VPS13C,45697.624612495245,0.21273104767587933,0.08870120458265968,2.3982881481348723,0.016471901766268917,0.03640199285363297,0.036401992853632964
HNRNPA1,8981.250115794262,-0.25224455975221044,0.11423974803231657,-2.208027977100007,0.02724232296427858,0.05548334615942684,0.05548334615942684
ARHGAP26,45842.94429140901,-0.9106690964670066,0.131725545055603,-6.913382640266183,4.732312045965151e-12,2.253481926650072e-10,2.253481926650072e-10
FCN1,10897.092007630612,-3.2823254992322863,0.39793072795411033,-8.248484644821916,1.6041562618256095e-16,2.0051953272820118e-14,2.0051953272820118e-14
PSMA4,4989.048133999651,0.5393230765063658,0.1795655226037808,3.0034890255430926,0.002669031748313661,0.0077139645905019115,0.007713964590501911
PLA2G7,17217.758754180435,0.16375110336933293,0.27497585586165546,0.5955108416926562,0.5515020542334261,0.6372063018294929,0.637206301829493
KDM4C,45910.52245477049,-0.10408795290997724,0.0632465238546711,-1.6457497830102452,0.09981528493938938,0.16164418613666295,0.16164418613666295
GNLY,5213.6697184830255,-0.1820677626256456,0.26629033022063225,-0.6837190162887069,0.4941526130546662,0.586470282153836,0.586470282153836
GLUL,22607.801391203873,-0.734625642792993,0.30208523520813746,-2.4318488862483933,0.015021973158352311,0.03356865510246326,0.03356865510246327
YWHAB,15898.411765437006,-0.2658157056001354,0.10056379204118308,-2.643254596955513,0.008211326549018705,0.020027625729313915,0.020027625729313915
PLAUR,2205.7486021877903,-1.2197874428591207,0.34872389950721705,-3.4978601827486058,0.0004690069386490813,0.0018722831882198854,0.0018722831882198856
CAPZB,27138.8271301709,-0.2380134623114503,0.06260463491863094,-3.8018504959066255,0.00014361938534403676,0.0006971814822526055,0.0006971814822526056
PRKCE,45716.73496082654,0.33370615618510985,0.12721959857123613,2.6230719160637213,0.008714087653920283,0.0210739725608713,0.0210739725608713
RAP1A,31196.175868368573,-0.23433360469431883,0.06117301643937181,-3.8306694411017865,0.00012779509438566383,0.0006373820168861039,0.0006373820168861039
EPB41,43956.64487959585,-0.251832555181969,0.20424956415083917,-1.2329649574967494,0.21758883845853605,0.3028376318142464,0.30283763181424644
HERC6,41504.97884276486,1.2804417254480804,0.30794777707111587,4.157983336091371,3.210694383176941e-05,0.00019942201137744973,0.00019942201137744975
SPI1,9939.369169505988,-0.39027160782532705,0.26224771782759504,-1.4881792339634259,0.1367036321656449,0.21031328025483834,0.2103132802548383
HNRNPC,32967.52596480733,0.16080480771950711,0.0391857002421132,4.103660435463874,4.0666421349949004e-05,0.00024062971212987576,0.00024062971212987576
CREM,9019.923781205245,0.7455374374150124,0.15134403615329442,4.926110445870937,8.38825958798702e-07,9.167496817472154e-06,9.167496817472154e-06
CAST,31981.180570298977,0.4206539839480738,0.088479878241449,4.7542333048896035,1.99200901198954e-06,1.861690665410785e-05,1.861690665410785e-05
PSMA1,26414.925884225304,-0.05388918342650183,0.20073329763910622,-0.2684616058238028,0.7883440245652626,0.8400042882954316,0.8400042882954317
TNIK,44129.088470889874,-0.31139785296498634,0.12812525615694678,-2.430417407974117,0.015081442911012745,0.033663935069224875,0.033663935069224875
IRF1,30321.278619786728,0.40487042582127697,0.13165407994942888,3.0752592397956544,0.0021031965702273735,0.0065418244797118925,0.0065418244797118925
TAOK3,39693.644995522074,-0.013694905895450256,0.06162233463046634,-0.22223932244007252,0.8241275845311516,0.8688746278662642,0.8688746278662643
NT5C3A,25878.18116901249,1.1623451745126194,0.23563223581155726,4.932878434520243,8.102658798561871e-07,9.002954220624301e-06,9.002954220624301e-06
LIMS1,18995.81467601779,0.09620402561406224,0.09751683440984542,0.9865376188252206,0.32386936452326254,0.4149511396838726,0.4149511396838726
ST6GAL1,43904.3151096403,0.2077149171264723,0.11043887220774179,1.8808134579258358,0.05999729881562674,0.10675675945841057,0.10675675945841057
OAS2,35449.86628482534,0.9761797847295475,0.2994290208335462,3.2601375177732344,0.0011135820711895015,0.003833328988604136,0.003833328988604136
ATG7,43123.94332806365,-0.2817145323483027,0.16623966668344656,-1.6946288329893207,0.09014585384731628,0.14893611757357972,0.14893611757357972
PRDX1,3757.8124888365487,-0.7620190832698986,0.19742392111216284,-3.8598113084633314,0.00011347461286842397,0.0005760132632914922,0.0005760132632914922
ETS1,43107.80884929919,-0.27565963379127406,0.18718922440264021,-1.4726255460001043,0.14085203258430387,0.21586518403724733,0.21586518403724733
RAB7A,28218.825625510926,0.02157320584003305,0.0412240108387855,0.5233165187249553,0.6007540075422273,0.6869685620837361,0.6869685620837362
AKT3,43816.6356921577,-0.29282057631673064,0.16327392185628736,-1.793431388109054,0.07290397241979824,0.12548015907022073,0.12548015907022073
SCAF11,35419.02586678047,0.02669895540197768,0.03283696775337786,0.8130761525394262,0.4161743981983027,0.5078394120784658,0.5078394120784657
MLLT3,43372.27642475376,0.022680607063796772,0.18497902903209923,0.12261177487238853,0.9024145298044197,0.925566454343572,0.925566454343572
TPM3,22447.30766829518,0.04360960169397788,0.10564247640977721,0.41280366738867746,0.679750464285879,0.7590736619607806,0.7590736619607806
SAP18,2600.1120189571907,0.07871553888327983,0.08221026330316988,0.9574904120304003,0.33831978351964354,0.43043229455425386,0.43043229455425386
NCOA3,43103.93699273977,0.3482363791201444,0.09426465117280654,3.694241423349197,0.00022054419015289162,0.0009867749000129378,0.0009867749000129378
LEF1,39048.87858145307,-0.2922988779796955,0.27406625168709053,-1.0665263460216974,0.28618577556999003,0.3775405208852073,0.3775405208852073
PHACTR2,42684.80309232236,-0.1474753991628964,0.10303924888708002,-1.4312546020644388,0.15235725977232306,0.22928105308099783,0.22928105308099783
LCP1,32605.10370296681,-0.5003566500645084,0.09328126814215523,-5.363956344396968,8.141858969968704e-08,1.3457618132179674e-06,1.3457618132179676e-06
KMT2C,42709.978394126585,-0.23612691816996684,0.049623821992109816,-4.758338005635903,1.9519344965209745e-06,1.8414476382273344e-05,1.8414476382273344e-05
ARAP2,42191.97883746149,0.6409165213554533,0.1325352221000365,4.835820329117453,1.3259765200438622e-06,1.3530372653508797e-05,1.3530372653508797e-05
ARHGEF3,41844.519041573694,0.5892853351777307,0.10138940631627316,5.812099671828826,6.169408742506597e-09,1.4516255864721404e-07,1.4516255864721404e-07
CD83,25181.309928902756,1.4759697138767096,0.2783350492235599,5.302852508133837,1.140070311368209e-07,1.7675508703383085e-06,1.7675508703383085e-06
SELL,17810.169713260602,0.15611401140242623,0.17194770470640386,0.9079156460331167,0.3639227905760556,0.4557580345348223,0.4557580345348223
MS4A7,3073.3638023742155,-0.9166284035777469,0.3203555883560245,-2.861284263157787,0.004219285535143634,0.011342165417052779,0.011342165417052779
FCGR3A,5790.590523746639,-0.6573646947827572,0.336177486571491,-1.9554096304511546,0.05053474033516947,0.09297017928452855,0.09297017928452854
SP140,38473.14709606765,1.022768380875696,0.19692699933149752,5.193642234674061,2.062192559808065e-07,2.864156333066757e-06,2.864156333066757e-06
ADK,40051.699434944625,-0.6521246029650976,0.1956611140114058,-3.332929009732015,0.0008593686667601503,0.0031536464835234877,0.0031536464835234873
DDX17,37405.5939868002,-0.06902879352925548,0.08081323131315837,-0.8541768768255636,0.39300699318460686,0.48370091468874693,0.48370091468874693
SPATS2L,33499.323232043535,1.355270946738406,0.3709122558597484,3.653885589725214,0.00025830140147616937,0.0011279537182365476,0.0011279537182365474
STK17A,26698.950973216688,0.029902430349912863,0.13125008990514217,0.22782788470106285,0.8197800478424402,0.864746885909747,0.8647468859097471
KAT6A,41467.88963182689,-0.10553641597018845,0.10533227488447684,-1.0019380677568723,0.3163735054115929,0.4069112609795407,0.4069112609795407
ZCCHC7,42143.05364929143,-0.28461969615921745,0.07455792286788478,-3.8174305990733965,0.00013484870211432829,0.0006642793207602379,0.0006642793207602379
SNX3,6910.808248848157,0.059523182995779696,0.07368315675679128,0.8078261792209862,0.41919065231109587,0.5105854473947575,0.5105854473947574
TRANK1,41349.89758404856,0.95099722065703,0.1808272078966991,5.259148950639689,1.447236288683619e-07,2.1282886598288515e-06,2.1282886598288515e-06
MEF2A,39936.07292322163,0.020696519733758998,0.11982736198536967,0.1727194806832678,0.8628719305535582,0.8978896259662414,0.8978896259662416
SMAP2,38755.91944938677,0.13214446606691638,0.16488369216066465,0.8014404841089635,0.4228766860006914,0.5141357884506886,0.5141357884506886
CASP4,11784.681392079643,0.5001990298711402,0.16550666190560956,3.0222289792564947,0.0025092066251305176,0.007347603587497855,0.0073476035874978545
PLEK,17308.276103291766,-0.19671638339342173,0.19585065475421606,-1.004420351008232,0.3151760447630554,0.40563197524202754,0.4056319752420275
PICALM,39504.390111178545,-0.05465923893151157,0.0873548623430318,-0.6257148997255753,0.5315019585721712,0.6192451746541636,0.6192451746541636
ZFP36,4955.721061275343,0.10361969171530182,0.1651427793946294,0.6274551760309759,0.5303609095174625,0.6184966874839213,0.6184966874839213
CMIP,40662.211428124625,-0.6602118385748298,0.14200864815939637,-4.6490960031798965,3.333930163866855e-06,2.8373873735037064e-05,2.8373873735037064e-05
CYBB,28533.87982843976,-1.901557059054875,0.26274324335107224,-7.237320491298239,4.576358512013274e-13,2.8602240700082958e-11,2.8602240700082958e-11
RERE,40848.564381504904,0.13655965206642162,0.09131802236569558,1.4954293635439202,0.13480242194742859,0.20786803692741493,0.20786803692741496
RAPGEF1,40120.05246953239,-0.44089250135522784,0.09398112712307684,-4.691287653720507,2.71490949971107e-06,2.42991151057948e-05,2.42991151057948e-05
FXYD5,3872.8012571229883,-0.7782402115141676,0.17215781564076904,-4.520504681228489,6.169238082091721e-06,4.8009634880091215e-05,4.8009634880091215e-05
RBMS1,36835.311939923326,0.160924461536008,0.08344223209213855,1.9285733075586,0.0537838554046456,0.09787780783374996,0.09787780783374996
TALDO1,3330.759133710495,-0.17939392026935203,0.16442444971351697,-1.0910416339049147,0.2752545631959552,0.3665173944020709,0.3665173944020708
NUB1,30348.268976900872,1.3662312985585727,0.2191646829916979,6.233811396566693,4.5522111032593526e-10,1.3194814792056095e-08,1.3194814792056094e-08
ITGA4,38775.72245950078,0.03973362675626472,0.12594391073433575,0.3154866839102547,0.7523921599347531,0.8128950591802222,0.8128950591802222
NINJ1,4614.544411187603,0.6926232738737551,0.2981805513100559,2.322831823976163,0.020188188746605495,0.043137155441464736,0.04313715544146473
TCF12,40685.667446982465,-0.12794709546430674,0.05426392990613629,-2.3578663706374527,0.018380308053264707,0.03978421656550802,0.03978421656550802
BIRC6,39969.52966545122,-0.049430348825538324,0.05227988730063148,-0.9454945558947535,0.34440644889509364,0.4364199428778869,0.4364199428778869
RORA,38009.892092946255,-0.09249185155899597,0.20179908480141934,-0.45833632818509906,0.6467108283252265,0.7299219281323099,0.7299219281323098
PCGF5,34083.70062745655,0.7134725785973143,0.09882154009381465,7.219808332474788,5.206089905785451e-13,3.1552060035063337e-11,3.1552060035063337e-11
GNG5,2577.5857835332795,0.6432566696163696,0.1508556124812363,4.264055271370027,2.0074975143903598e-05,0.0001342807701933351,0.0001342807701933351
CAMK1D,39534.64204315007,-0.2915004999257676,0.10358619828168703,-2.814086285250821,0.0048916096618628795,0.0129066217991105,0.012906621799110502
HINT1,3060.9844050530496,-0.2007978480023313,0.12723048599927736,-1.5782211820166416,0.11451480565089929,0.18182028902396552,0.18182028902396552
PCBP1,5530.484030305834,0.07554538591558227,0.10725027289977736,0.7043840903433177,0.48119361111300196,0.5749027611863823,0.5749027611863823
SERINC5,39873.39561136394,-0.3284313991640335,0.14686290740360375,-2.236312796541943,0.0253312888008762,0.05205670983322585,0.052056709833225856
SRRM2,35646.36562976714,-0.2674360835112673,0.08153392663999305,-3.280058921878144,0.0010378540871188464,0.003641593288136303,0.0036415932881363033
STAG1,39776.13596735094,-0.22783549419540444,0.05623178023971157,-4.051721165934281,5.084223475681508e-05,0.0002888763338455402,0.0002888763338455402
SON,28757.30016696482,0.08066301312615302,0.031598407163426954,2.5527556724288014,0.01068744379730175,0.02505848487057855,0.025058484870578546
CCDC91,38312.02084453623,0.14732572432389338,0.0899043478623705,1.6386940990821268,0.10127698361854359,0.1634226250293561,0.16342262502935612
PGK1,11014.936335537268,-0.17398302736635474,0.040554614227091994,-4.290092032243463,1.785990904635736e-05,0.00012067506112403623,0.0001206750611240362
MBP,34367.51260957287,-0.30838633727628384,0.12142623920762406,-2.5397009681653797,0.01109472834760728,0.025922262494409532,0.025922262494409532
SERP1,3568.5469186748014,-0.3996277741835894,0.0912011145442082,-4.381829939039578,1.1768665556573294e-05,8.497231448789381e-05,8.497231448789381e-05
DRAP1,4456.985967107436,0.5561480765031327,0.2026110822925038,2.7449045245226897,0.006052850443895886,0.015401655073526426,0.015401655073526426
NFKB1,35032.43548178223,0.7220821781885086,0.17453919417072236,4.137077529315375,3.517572835038749e-05,0.00021448614847797252,0.00021448614847797252
TAP1,12377.960357633936,0.9259654515213013,0.2376838679881103,3.895785857741178,9.788084243306035e-05,0.0005071546240054941,0.0005071546240054941
HSPA5,7282.135994800924,-0.9100118475349076,0.14176658571834055,-6.419085590048023,1.3709531800988287e-10,4.810362035434487e-09,4.810362035434487e-09
TMEM131,39567.4916398279,0.6428317235302795,0.15958286181683912,4.02820024789434,5.620546240052524e-05,0.000313996996650979,0.000313996996650979
CCSER2,34701.11167455677,0.28931424042195997,0.11707487721342122,2.471189783052735,0.013466433139882182,0.03036399806061371,0.030363998060613715
NFE2L2,24138.17527230091,-0.05157526780488054,0.0502444423996375,-1.0264870171044558,0.3046620801655794,0.3966954168822648,0.3966954168822648
PIAS1,37264.2307175667,0.021885591239322356,0.03466781698963006,0.6312941840517053,0.5278481889995125,0.6159255414230017,0.6159255414230017
USP34,38276.5247369675,-0.021653445206924544,0.05889319402905371,-0.36767313377913036,0.7131169755710669,0.787104829548639,0.7871048295486389
CMPK2,23365.10056803359,1.3397913429046358,0.3850369610175058,3.4796434590696914,0.0005020814788382793,0.0019884415003496208,0.0019884415003496208
SH3KBP1,35411.72168737856,-0.14963929461491118,0.07663715213230997,-1.9525685708749574,0.050870738347462675,0.09334080430727097,0.09334080430727097
IL4I1,13245.233592705263,0.576807774473942,0.3432671877726763,1.6803463745446148,0.09288994312957945,0.15277951172628199,0.15277951172628199
RTN4,17379.924035749005,-0.01595426252456495,0.13090901857327117,-0.12187290607205326,0.9029996734695342,0.925566454343572,0.925566454343572
PSMB8,3391.170072528155,0.4225712769631748,0.1573454523588968,2.685627519753871,0.007239374375044787,0.017963708126662002,0.017963708126662002
HNRNPK,12002.718663423691,-0.06950967557846761,0.06519807024518551,-1.066130873460944,0.28636448509142975,0.3775405208852073,0.3775405208852073
SQSTM1,10844.503166566798,0.1003652228934896,0.13285766993409917,0.7554341645708023,0.44998852050540317,0.5441215483741272,0.5441215483741272
IGSF6,4644.95978718161,-1.1427893125578241,0.2389847966398757,-4.781849425676581,1.7368976428925938e-06,1.694534285748872e-05,1.694534285748872e-05
TBC1D1,37405.44275006273,0.9224689044489301,0.20043572366899268,4.602317828194793,4.178149660699391e-06,3.410734416897462e-05,3.410734416897462e-05
FAM172A,38174.25327170089,-0.19383814402208138,0.07210195407539227,-2.6883896075742633,0.007179757108253375,0.017837905859014597,0.017837905859014597
RPL36A,6087.022076802413,-0.4445225861393585,0.22903243424131958,-1.9408717704628164,0.05227383287514626,0.09556459392165678,0.09556459392165678
FNDC3A,37438.406245545724,0.2903849909703343,0.0809735085238001,3.5861727651949655,0.00033556668768752843,0.0014040447183578594,0.0014040447183578597
TTC39C,36043.08246075901,-0.01648525547556176,0.14608575044763328,-0.11284643043587717,0.910152307248792,0.9301505439435791,0.930150543943579
CCNI,13652.98700271702,-0.2039970153638595,0.11332627363252827,-1.8000857949793723,0.071847092217451,0.12416133686816958,0.12416133686816958
RHOH,29546.3730525693,0.024346406486343054,0.14608465827087014,0.16665957106323892,0.8676379181658904,0.9017069930897569,0.901706993089757
IQGAP1,34921.60787803665,-0.16152519157411696,0.11548222381668559,-1.3987017762189888,0.16190243137323324,0.23985545388627144,0.23985545388627147
DMXL2,37017.096765319904,-0.09031722373337502,0.309579116981639,-0.2917419773463974,0.7704839113988611,0.8266994757498509,0.8266994757498509
SAMD4A,36568.01399756802,0.963293287229774,0.44466584652788876,2.166330728459393,0.03028592319914475,0.060815106825591866,0.06081510682559186
TMEM50A,5539.115865095565,0.3225753440939072,0.08004941198913858,4.029702855752088,5.5847403497937146e-05,0.0003138805743745837,0.0003138805743745837
TTC17,37231.130356689195,0.010364072278094038,0.06086420585864879,0.17028189445474057,0.8647884494453093,0.8994159640616841,0.8994159640616841
SBF2,38089.00328978218,-0.16974695333276807,0.15127422472846583,-1.1221141846038902,0.2618138935507204,0.3528489131411326,0.3528489131411326
SLC38A1,35032.15240413177,-0.0057768791818894214,0.12252604052842093,-0.047148174844917366,0.9623951320297468,0.9696676393246819,0.9696676393246819
DYRK1A,37947.15360932547,0.051427174464966224,0.05994689256798008,0.8578789035085937,0.39095933448593423,0.4817736715784771,0.48177367157847717
PARP12,31854.756031553465,0.9047547637295776,0.27210703019031923,3.3249959146471406,0.0008841983064048921,0.003217880114017413,0.0032178801140174134
AAK1,36962.5858755046,-0.27583094441617356,0.1588432843225239,-1.7364973633767962,0.08247593016593904,0.13857550729169713,0.13857550729169713
FAM107B,33705.60885163824,0.15798362472460278,0.10753236240502584,1.469172825661077,0.14178591890757067,0.2167980411430744,0.21679804114307444
LDHA,5064.687619826572,0.3762643605736135,0.14260020288105132,2.638596250017057,0.008325006429572544,0.020230878322169,0.020230878322168997
VOPP1,34834.76822936226,0.015184972676181257,0.12565901764125076,0.12084268173680521,0.903815642666498,0.925566454343572,0.925566454343572
IFI35,7237.412064325229,0.9960152303676499,0.2986107046446382,3.335497404732889,0.0008514694860857724,0.003130402522374163,0.0031304025223741635
TC2N,36221.949449467145,-0.4605380642196315,0.27328178105500955,-1.685213198046776,0.09194744560250036,0.15172845808993457,0.15172845808993457
UBAC2,33747.76317130554,-0.2770076908974718,0.08328269231688741,-3.326113544017865,0.0008806604637219564,0.003217880114017413,0.0032178801140174134
CD164,14653.89133176661,0.5935903674510387,0.1509564476064036,3.9321961854768666,8.417332606087232e-05,0.0004501247382934349,0.0004501247382934349
MOB1A,13856.899575298341,0.06880240460316715,0.14244978942483177,0.4829940772883554,0.6290999415815846,0.7136698146132553,0.7136698146132553
ZFP36L2,13352.397307114492,-0.5976392191667349,0.16137690382422434,-3.7033751733004996,0.0002127498883300135,0.0009540353736771905,0.0009540353736771906
ZEB1,36462.71442831718,-0.2400084849537829,0.18391764815766234,-1.3049780016110093,0.19190033861886246,0.2729077912465454,0.2729077912465454
TXNIP,26081.946847937124,-0.18238705384694512,0.13352709980116972,-1.3659178857215575,0.17196473822551384,0.25104341346790343,0.2510434134679034
ANKRD17,36245.92990185651,0.007869258966306568,0.0334453776043704,0.23528689253842572,0.8139860678334716,0.8597817789361383,0.8597817789361384
GSTP1,1669.6437706235045,-0.08423317640696336,0.18610799535373024,-0.4526037489515898,0.6508340987528637,0.732724229112067,0.732724229112067
LCP2,34139.09690079587,-0.25150351685431477,0.0838244766718688,-3.0003589266512942,0.0026966163585377735,0.007760047074928844,0.007760047074928844
SCML4,35316.974134942655,0.8298023371252041,0.18710396098504697,4.434980065395411,9.208080905408916e-06,6.846156806995476e-05,6.846156806995476e-05
AHNAK,34305.695497025066,-1.341080196178543,0.1887900106514628,-7.103554852032907,1.2158805799589096e-12,6.754892110882831e-11,6.754892110882831e-11
SUPT3H,35856.616592072736,0.7852608286040271,0.13856546608508172,5.667074566197198,1.4525614080440722e-08,3.026169600091817e-07,3.026169600091817e-07
ABI1,31757.170471784324,0.5607159030647089,0.1404403121550913,3.99255665599417,6.536470880302531e-05,0.00035914675166497426,0.0003591467516649742
CCNY,35819.00276169486,0.10584035028310135,0.04935402942095978,2.1445128498090336,0.03199181694976137,0.06360202176890929,0.06360202176890929
RFTN1,34357.95681315468,0.6858674981274941,0.18200395518855905,3.7684208423763335,0.00016428356409595038,0.0007712843384786403,0.0007712843384786403
MYH9,33249.43491715845,-0.575901808147257,0.10036741247266637,-5.737936188243327,9.583720922541054e-09,2.0610152521593665e-07,2.0610152521593665e-07
LNPEP,34659.2704575979,0.3443249243899633,0.08546279727896644,4.028945170914811,5.602768252586319e-05,0.0003138805743745837,0.0003138805743745837
SRSF7,7168.581491147936,0.07957028026115559,0.0783094354121472,1.016100803720171,0.30958138637229793,0.40101215851333927,0.40101215851333927
CD14,1636.6875293981109,-3.279535575903003,0.4770266683256961,-6.874952269259415,6.201061817869861e-12,2.818664462668118e-10,2.8186644626681187e-10
KDM6A,35646.761564810964,0.5488988629033428,0.18281318465355964,3.002512449764136,0.002677610209947948,0.007716455936449418,0.007716455936449418
TMEM59,5272.000858203034,0.08646568004936998,0.07782728949537937,1.1109943647016447,0.2665707749582745,0.3578131207493618,0.3578131207493618
NCOR1,26277.056731834455,-0.2212195867444098,0.06039901804646202,-3.6626354848060005,0.0002496336444007006,0.0010972907446184642,0.001097290744618464
RPS29,12848.30324436422,-0.12124265454026355,0.24581714393404583,-0.4932229404341044,0.6218550702747253,0.7062522092841854,0.7062522092841855
DIP2B,35381.32695362453,0.023631002052138323,0.0998680943384373,0.2366221385186,0.8129499438206214,0.8597817789361383,0.8597817789361384
PAG1,35019.06765966028,-0.3300929240773963,0.15991545617256572,-2.064171481468252,0.03900146044055856,0.07521978869924505,0.07521978869924505
NELL2,34100.85029938595,-0.3701686444498946,0.3245479920240222,-1.1405667375766593,0.25405026569116895,0.3449426553851581,0.3449426553851581
GIMAP4,18261.500277488605,0.514202857328024,0.16498446485181237,3.1166743959188916,0.0018290346235522925,0.005890610703872118,0.005890610703872118
PRR13,3659.150199100613,0.14212416023076688,0.11853838481754889,1.1989716280470717,0.23053897789303834,0.31798479709384603,0.317984797093846
SLCO3A1,34663.79345627115,0.039603496434281994,0.16852977759084745,0.23499405861930472,0.814213344652523,0.8597817789361383,0.8597817789361384
STAT2,31719.49657235776,0.9295961258903769,0.27219000710830166,3.4152470759901923,0.0006372417965158667,0.0024322205973888044,0.002432220597388804
APOL6,31083.274370839394,0.9931869219948687,0.2367692979028455,4.194745394744579,2.7317826176568554e-05,0.00017344651540678445,0.00017344651540678448
NMI,11310.150808790268,1.0563068223946597,0.21025641971263825,5.023898075684613,5.063311553141347e-07,6.289828016324655e-06,6.289828016324655e-06
CAP1,15739.636796989042,-0.3953962886681666,0.08394690894903006,-4.710075613483742,2.476249062062858e-06,2.2409493774324507e-05,2.2409493774324503e-05
RAN,3532.407088050648,0.2809821596509087,0.11885028497327048,2.3641690023217183,0.01807056703807028,0.0391561582623408,0.0391561582623408
CEBPB,1576.7399809754231,-0.9554826304281853,0.23118434587325024,-4.132990176385216,3.580740364297597e-05,0.00021701456753318767,0.00021701456753318767
TAB2,34618.88214007622,0.1252371033663315,0.07601144499285815,1.64760850656238,0.09943303371052281,0.16115564620830278,0.16115564620830278
HERC1,34708.440751866125,-0.23492806737644953,0.10158167097877666,-2.312701347721803,0.020739064879470834,0.04421975454044954,0.04421975454044954
STAG2,31766.8768494101,0.14734688589517284,0.07912112345568666,1.8622951679610233,0.06256149621268534,0.11063040886416506,0.11063040886416504
FBXO11,34457.225124493176,0.25634565880274596,0.07718799860702895,3.3210559080281996,0.0008967757148177728,0.0032433118076592147,0.0032433118076592147
PNISR,25167.228847951716,-0.11614616673828725,0.09754517903158932,-1.1906909997128012,0.23377491248399496,0.32200401168594345,0.3220040116859435
MAFB,9593.689286434928,-0.1252363048913397,0.3609096801390471,-0.34700178959758043,0.7285899743084299,0.7975807053184782,0.7975807053184782
RBM39,20662.899020738234,0.1191754768690183,0.06684161721756422,1.7829532233056462,0.07459391810414495,0.12740208045114423,0.12740208045114423
ZSWIM6,34563.19581248571,-0.16054041006796374,0.15572910487651687,-1.0308953499428506,0.3025898974664645,0.3947682941506386,0.39476829415063863
GPR183,4664.676349037246,0.089492213760439,0.1449393065266227,0.6174461290388533,0.5369405036813533,0.623986639955088,0.623986639955088
SND1,33391.88517869445,-0.2577891380186014,0.07378311086946338,-3.49387732478074,0.00047605971829599124,0.0018966522641274551,0.0018966522641274551
ATRX,30994.999564883645,-0.01241088327676021,0.07014236415924201,-0.17693847969800636,0.8595567130221632,0.8958381584389403,0.8958381584389403
AP3B1,33027.94482655315,0.07406352479499287,0.06406255910405154,1.1561124911463119,0.24763514738308356,0.337377584990577,0.3373775849905771
PPM1K,24016.07764761177,1.1534232240065694,0.21642319043333053,5.32948073493022,9.849396712529478e-08,1.5633963035761075e-06,1.5633963035761075e-06
RALA,14272.494959579883,0.07052928854410245,0.10685401182988838,0.6600527891866624,0.5092199536543595,0.60049522836599,0.6004952283659899
RICTOR,33184.24768312569,0.21228702992508777,0.06455816122405356,3.2883066354435186,0.0010079199535772123,0.0035590948815150303,0.0035590948815150303
KDM2A,33362.42352995908,0.00779878776813772,0.06254186952399059,0.12469706818000002,0.9007633785386636,0.925566454343572,0.925566454343572
TBL1X,33814.94437397207,-0.13334079806480928,0.07127200454165786,-1.870872005387091,0.061362824106898375,0.10879933352286945,0.10879933352286945
ITFG1,32180.39004860025,0.10071749697212425,0.051122393977270975,1.9701248149079884,0.04882406758471785,0.09044079669078109,0.09044079669078109
CNBP,8828.277410242057,-0.20806495917332538,0.0680423187571981,-3.0578757892684907,0.0022291195198700835,0.006796096097164889,0.00679609609716489
FRYL,33480.678305276204,0.04505771475817953,0.040505880070992706,1.1123746645970671,0.26597709314610807,0.35725600153943327,0.35725600153943327
SLAMF7,19784.594115755084,0.6425359863326767,0.28962517908770186,2.2185087234356424,0.02652016545934366,0.05417807039702483,0.05417807039702484
ZNFX1,30128.290189217445,0.9046123804755372,0.22107426785245027,4.091893594234563,4.2786498134731e-05,0.0002508714576285584,0.0002508714576285584
HIF1A,26759.582776000083,0.17583119961913793,0.23201768433084663,0.7578353353807749,0.4485495658328985,0.543367130021682,0.543367130021682
INPP5D,33559.49641392864,-0.13838906750208324,0.0690781655103146,-2.00336917576972,0.04513767746054792,0.08507760289390219,0.08507760289390219
EIF5,5532.600349667359,-0.017037115155598068,0.04693672106820014,-0.3629805143576763,0.7166194403621824,0.789228458548659,0.7892284585486591
NAP1L1,15906.977331505026,-0.26414676014478805,0.11595308991783532,-2.278048479190707,0.022723689362099238,0.04758887824523401,0.047588878245234
STAT3,26593.498553058103,0.28133317232049876,0.10277827797390303,2.7372824089535097,0.0061949086622333435,0.0156634858716393,0.0156634858716393
NCOA1,33268.6148301264,-0.1696481598787009,0.06707787541201786,-2.529122439204541,0.011434812892576543,0.02659258812227103,0.02659258812227103
LTB,3906.65230601315,-0.6637056863817057,0.2950803998744682,-2.2492367729746077,0.024497436049205054,0.050614537291745976,0.050614537291745976
ABR,33115.65493024562,-0.010138641358258402,0.2262957131993645,-0.044802622263225775,0.9642646349296912,0.9705733617812694,0.9705733617812694
ACTR2,24179.981513742343,-0.2017755777012082,0.04794771232818945,-4.2082420183075175,2.5736513707677344e-05,0.0001665793767487207,0.00016657937674872066
YWHAZ,26051.339119620843,-0.016277681536571897,0.045454660223609146,-0.3581080896105185,0.7202624253521809,0.7901109857960221,0.7901109857960221
PPP1R12A,27493.27090394785,-0.07450394928498286,0.04711288305073326,-1.581392274481561,0.11378837279425544,0.18119167642397363,0.18119167642397363
ARF1,8201.581046405978,-0.13357516572244799,0.0684987384113245,-1.9500383338500253,0.05117155022499288,0.09380669152152682,0.09380669152152683
SLC3A2,3247.0838902685755,0.07545532407873876,0.15997387204071176,0.4716727995402657,0.6371603550955491,0.721177538308488,0.721177538308488
PDE4D,32796.90431950216,-0.5491425961174554,0.20013462691695574,-2.7438659894937505,0.006072032017201025,0.015430831047524842,0.01543083104752484
TFEC,28790.033177136396,0.3812605805441508,0.29829708184277426,1.27812373553525,0.20120580110619435,0.2840371169619719,0.2840371169619719
SSB,5690.600056149221,0.1214763098700181,0.17430645206974482,0.6969122968632973,0.485857681679116,0.5794367104103948,0.5794367104103948
FBXW7,32820.59438619043,0.06630282872976537,0.07127141773175441,0.9302863734142427,0.35222283122326614,0.44429630723025776,0.44429630723025776
EIF4A2,7873.796213328608,0.09343884070979333,0.08310818770054482,1.1243036732610738,0.2608842206019877,0.3523081979770259,0.3523081979770259
GNB1,29191.282943051687,-0.04363815543097848,0.06644056339348461,-0.6567999005748615,0.5113095881683759,0.6015406919627952,0.6015406919627951
VRK2,25734.575265630177,0.6163735831627741,0.24716682816776062,2.4937552815316306,0.012639965599473148,0.028727194544257158,0.028727194544257154
TGFBR2,31842.80620706013,-0.26628964392390636,0.14420461396173462,-1.8466097346550063,0.064803722318386,0.11389054888995782,0.11389054888995784
LDHB,6531.503557096455,-0.3357722246140865,0.25304639330176215,-1.3269196222594346,0.18453527265345504,0.26494655083051694,0.26494655083051694
TAX1BP1,18223.287833873237,-0.029708222052795673,0.04753367026173372,-0.6249932287831735,0.5319755022049488,0.6192451746541636,0.6192451746541636
FLI1,32629.267929500125,-0.2350730689575407,0.07820281533389911,-3.005941256128179,0.0026476014130839805,0.0076631010508942995,0.0076631010508943
VMP1,26762.525398773316,-0.02765539556703804,0.13097688238744068,-0.21114715103105788,0.8327724483219547,0.8747609751281038,0.8747609751281037
PNRC1,15839.484926323894,-0.0632919081935511,0.16848809454495836,-0.37564617467178174,0.7071799582212022,0.7827116305713362,0.7827116305713361
PRKAG2,29661.666749070395,0.003468556973199526,0.0687121952762581,0.05047949580499002,0.9597402885476318,0.9674801295843063,0.9674801295843063
JARID2,30997.305089706275,0.0033447737748923795,0.095351689717253,0.03507828529112236,0.9720173165815872,0.9762956084800268,0.9762956084800267
CALR,20243.75831202001,-0.9997931094625269,0.16995789191725683,-5.882593024566764,4.0388819589604375e-09,9.85093160722058e-08,9.85093160722058e-08
PTPN1,28724.49018980098,0.4767958754070869,0.20005228825233748,2.3833562693653207,0.017155582306990987,0.037621891024103044,0.037621891024103044
PLAC8,9877.332113566985,0.6412108358042696,0.12945086016052768,4.953314601456689,7.295987175582382e-07,8.34396023412058e-06,8.34396023412058e-06
TAPBP,21128.79712921976,0.2976534171525376,0.1085611076818609,2.7418052699389643,0.006110255369859769,0.015508262360050176,0.015508262360050176
ST8SIA4,29459.00180783424,0.8688704448877819,0.21834904344294298,3.97927296216815,6.912633816146845e-05,0.00037773955279490955,0.00037773955279490955
TRIP12,31450.640230809717,0.04733798999972572,0.04605315861255813,1.0278988765564765,0.30399739808515325,0.3960878150946622,0.3960878150946622
NKTR,29241.9654644996,-0.1694178655322632,0.11264910834712467,-1.50394324480765,0.13259598089124824,0.20509819163379467,0.20509819163379467
CSDE1,21027.690436207035,0.05204871258525052,0.06884993537762338,0.7559732961226083,0.449665206441237,0.5441215483741272,0.5441215483741272
EIF4G2,17950.848615833074,-0.028107371742570664,0.08348492131468978,-0.3366760284365863,0.7363611359793318,0.8038877030342051,0.8038877030342051
COX6A1,1226.9468714422596,-0.07043215990865609,0.14958759237114286,-0.4708422589883414,0.6377533842438412,0.7214404799138475,0.7214404799138475
RPS6KA5,31917.725423474763,0.7145091267744609,0.13616895781758903,5.247224758315418,1.5440748328980414e-07,2.2377896128957124e-06,2.237789612895712e-06
JAZF1,31873.292883217673,-0.02008771766173862,0.11538362609421998,-0.1740950457332255,0.8617907666778731,0.8972314072648341,0.897231407264834
RASSF3,31319.252390320373,0.025509738994229345,0.08705865986361541,0.2930178230883919,0.7695085284645342,0.8260961121465746,0.8260961121465746
CCL5,5868.054381046143,-0.003897651134349292,0.2534607671130476,-0.015377729574261395,0.987730830552156,0.9887195501022584,0.9887195501022583
GLRX,3487.007602586311,-0.40019509634803235,0.06476298376001652,-6.179380150719761,6.435376612057876e-10,1.7631168800158566e-08,1.7631168800158566e-08
GPR141,31437.685694903466,0.1886999700791669,0.30662090961141986,0.6154178145199101,0.5382788295954786,0.6247534215264624,0.6247534215264624
GOLGA4,28977.61143827221,0.2779241559442411,0.06091989516360528,4.562124658912388,5.063856536507377e-06,3.9872886114231315e-05,3.9872886114231315e-05
DNAJB6,12400.342293064192,0.14770118446107852,0.0705650220565818,2.0931217784165916,0.03633828506491428,0.07090397085836933,0.07090397085836933
PTK2B,31016.026053606893,0.19451870250199707,0.10878921800004954,1.7880329142719684,0.07377069771225143,0.1265363597122666,0.12653635971226662
HLA-DQA1,6429.820880283456,-0.66728517305438,0.36151851833886844,-1.8457842107797695,0.06492354407413896,0.11400095535406314,0.11400095535406314
HERC4,30183.341259904642,-0.03621202079442207,0.05274047154554591,-0.6866078313909251,0.49232989208482103,0.5856117024482227,0.5856117024482226
PIK3R5,30538.776142707673,-0.3156653111890374,0.10935994119938644,-2.8864802570944366,0.003895771881720916,0.010687988701566299,0.010687988701566299
SLC7A11,23316.175815877377,0.4543927780851415,0.3896436804026496,1.1661751516554344,0.24354363685767988,0.3331650299010669,0.33316502990106683
TPM4,12799.78983690154,-0.052185105548829505,0.15737163128486925,-0.33160427405347054,0.7401880918098085,0.8058661859660408,0.8058661859660409
RBM6,30040.988300550718,-0.004197890737208046,0.059921416890131925,-0.07005660004510623,0.9441486099334079,0.9551326352386524,0.9551326352386524
SMAD3,31637.113683110263,0.1625771076546043,0.1412204197198917,1.1512294608461953,0.24963784805576672,0.339643330688118,0.339643330688118
DIAPH2,31604.098839672883,-0.1391231876068282,0.11888049537893572,-1.17027765709899,0.24188925025373154,0.3318327642560722,0.3318327642560722
SESN3,29427.067820527445,-0.4527365515957323,0.20932370829103986,-2.1628536743016977,0.030552435796634872,0.061288737806689815,0.06128873780668981
ASAP1,31196.467968548746,-0.5291791116574978,0.10840670459514694,-4.881424203731285,1.0532240491167116e-06,1.1145228032981076e-05,1.1145228032981077e-05
IGF2R,31100.51279736968,0.13504425636029055,0.16709294950280884,0.8081984114956354,0.4189763720554057,0.5105854473947575,0.5105854473947574
PSMB3,1708.6720777994121,-0.09107026982094318,0.06943697701174245,-1.311552918058952,0.18967102767759014,0.27057207942594885,0.27057207942594885
PILRA,12586.325922407894,0.4253152028679709,0.282972628577535,1.5030259463820679,0.13283235330440427,0.2053050282911967,0.20530502829119673
PDCD4,22475.91854196675,0.21653415747735932,0.19278311489167332,1.1232008446332653,0.26135220395694037,0.3524641995373437,0.3524641995373437
CASP1,5513.750140820623,0.4311515002836978,0.21533736266213116,2.0022140837685636,0.045261711610817025,0.08515844141263786,0.08515844141263786
RNF13,22007.133852943138,-0.1740263268102062,0.10749296131390469,-1.618955554699144,0.10545682632395707,0.16913685055967453,0.16913685055967453
ITSN2,27649.672152546304,-0.07186782183429204,0.04353104996911341,-1.650955395867649,0.09874768306350665,0.16043490343380445,0.16043490343380445
ERC1,31207.622466032044,-0.02747902676471273,0.06756659768782246,-0.4066954339135724,0.6842316945342242,0.7622844707153447,0.7622844707153447
GLS,30800.859529092384,0.227589506280109,0.1049927027123744,2.1676697560933,0.03018382216216257,0.060670999320929786,0.06067099932092979
LITAF,14559.833328611436,-0.14659603391072054,0.10877735552940233,-1.3476705073152462,0.17776438194562783,0.2570706897261429,0.25707068972614294
SOD1,2574.2350549037747,0.005082547108616812,0.146850378662553,0.034610377956845316,0.9723904260461067,0.9762956084800268,0.9762956084800267
NSMCE2,29081.87320072258,-0.06274812040677802,0.03610748383910837,-1.7378148166285383,0.08224344906161571,0.138456984952215,0.138456984952215
CAMK2D,31078.562148063615,-0.09441298198326803,0.08297967348477431,-1.137784447905686,0.25521050053847294,0.34628290439412884,0.3462829043941288
LEPROTL1,14141.062576028862,-0.2409949806323382,0.16753458919176828,-1.4384789540772598,0.15029820473521568,0.22789720202458785,0.22789720202458782
SETD2,28591.039849097913,0.09810375691022732,0.06446845198988418,1.5217327837439139,0.12807604958838123,0.19934015500137156,0.1993401550013716
LSP1,13170.520556464538,0.08932759984318939,0.14301834335298633,0.6245884111712734,0.5322412276152536,0.6192451746541636,0.6192451746541636
ROCK1,26715.881887062536,-0.03736710526973298,0.026810544475178548,-1.393746602361164,0.16339413804213454,0.24188621471818586,0.24188621471818583
STK38,29833.036031108815,-0.289091427986107,0.20476404834010817,-1.4118270777003443,0.15800088348978947,0.23540763001279072,0.23540763001279072
RB1,30001.610680348982,0.048042568609515,0.14670346651211524,0.32748080022735854,0.7433042623086257,0.8075005565547264,0.8075005565547264
HLA-DQB1,4897.245943211369,-1.3132816246052836,0.3261515518249593,-4.026599343945794,5.658933652963606e-05,0.00031526092774170506,0.00031526092774170506
USP3,27233.2898327983,-0.4074281869690456,0.08500880284158678,-4.792776434321569,1.64488892957112e-06,1.6286029005654655e-05,1.6286029005654655e-05
ACAP2,28852.639242364676,-0.06652677492622623,0.06981992954290257,-0.9528336015484978,0.34067438645047965,0.43260239549267254,0.43260239549267254
ZNF706,4577.729957226543,-0.31837922133145813,0.08103753717627209,-3.9287869847145362,8.537542212907685e-05,0.0004529200112948374,0.0004529200112948374
C11orf58,8311.112705928868,-0.015553291150959186,0.05617895547791211,-0.27685262245707426,0.7818932728697532,0.8358025364722107,0.8358025364722108
SERPINB1,6470.859802401227,0.6588456213553225,0.14068016176850387,4.683287345372018,2.823103202327256e-06,2.4873155967641018e-05,2.487315596764102e-05
UBE2D2,14463.878985764875,-0.11406835471768888,0.08366537413988295,-1.363387851788891,0.17276030767347406,0.25165376208809037,0.25165376208809037
GPR155,29457.03589771979,1.100929509539523,0.22072718080807086,4.987738734799569,6.109010606778772e-07,7.2295983512174815e-06,7.2295983512174815e-06
XRCC5,19717.480628271685,0.0050148362943887755,0.07031785041059002,0.07131668936275574,0.9431457128588437,0.9546009239461981,0.9546009239461981
RPS26,1671.6943906925987,-0.0996016086479368,0.3941042283254045,-0.2527291043568749,0.8004775557815477,0.8497638596407088,0.8497638596407089
RPL38,5723.377160583346,-0.22047444640680466,0.20977954189713685,-1.050981637260472,0.29326702358768064,0.3848648603512869,0.3848648603512869
ITK,29404.56521082227,-0.09993033865927027,0.22091960079152295,-0.4523380374635584,0.6510254775660715,0.732724229112067,0.732724229112067
PAPOLA,16121.539988166327,-0.1616470354686082,0.03997682570927694,-4.04351852856333,5.265499299068454e-05,0.0002983285721851815,0.0002983285721851815
RASA3,30022.88210441857,-0.8619373505263429,0.20878182832554415,-4.128411736975321,3.652776014982238e-05,0.00022071154169076967,0.00022071154169076964
LRRC8C,29885.02363052437,-0.5702210422985071,0.15385278839075173,-3.706276943452419,0.00021032830576804125,0.0009452957562608597,0.0009452957562608596
DOCK11,30183.7448591783,0.024322030481094117,0.0597318327023372,0.4071870789951911,0.6838705908528213,0.7622844707153447,0.7622844707153447
SEC61B,1793.1616659556066,0.025273991156223103,0.1025289248259784,0.2465059611140999,0.8052905904892463,0.8533370899183941,0.853337089918394
PPP4C,1651.8825691556287,-0.33854342482928174,0.06415044212145815,-5.277335800559353,1.3107556281482547e-07,1.9710610949597817e-06,1.9710610949597817e-06
BPTF,28974.590037031096,-0.2808182846694252,0.11116675363403719,-2.526099535063187,0.01153367987477288,0.02672926969819903,0.02672926969819903
WNK1,28901.60162215342,-0.37871210609617223,0.06576311721837456,-5.758731065600371,8.474859871531785e-09,1.8833021936737298e-07,1.88330219367373e-07
HNRNPM,12411.468298874397,-0.052576932975957606,0.030265616749604884,-1.7371835971802554,0.08235476923726508,0.13852778677420535,0.13852778677420535
COX7A2,1824.608446893153,0.027850468266241928,0.08412999426552366,0.3310408910565564,0.7406135986333,0.8058907493289444,0.8058907493289446
RAB1A,20686.826070470313,0.10394504100933,0.10781968271323576,0.9640636884991489,0.33501399625717754,0.427041422889965,0.427041422889965
HERPUD1,3182.499678255254,-0.28315153125347814,0.11857230395977555,-2.3880073322142277,0.016940003811633943,0.037271735559150594,0.03727173555915059
ZNRF2,30092.293461799607,0.6878482112172866,0.14799721854708625,4.64771039597912,3.356396840134627e-06,2.8444041018090062e-05,2.844404101809006e-05
LDLRAD4,28746.103129792067,-0.9051706252145737,0.20302897084218877,-4.45833233286765,8.259976979676916e-06,6.187248673915292e-05,6.187248673915294e-05
PRMT2,20828.214703709476,-0.23774805771213503,0.12474086309914573,-1.9059356477529714,0.05665855533928929,0.1019038765095131,0.10190387650951312
RAB2A,21045.563930938533,0.09366528961355146,0.0340784875066619,2.7485166293029035,0.005986559809148785,0.015291340508681445,0.015291340508681443
EIF3H,11853.504055885263,0.014175571457497921,0.058823244015953416,0.24098588397561638,0.8095660571221511,0.8566836583303186,0.8566836583303187
RNF149,22054.593242434206,0.34350640178843284,0.0970740519649811,3.538601663731424,0.00040225235296528956,0.001641846338633835,0.001641846338633835
PPDPF,2679.868620807165,0.2704319178570463,0.18826298092983246,1.4364582804403752,0.15087197956363613,0.22824807800852664,0.22824807800852667
ALDOA,3567.065747286941,-1.100981740233652,0.10609995804069562,-10.376834831653376,3.1608120222316493e-25,1.0536040074105497e-22,1.0536040074105497e-22
GIMAP5,16627.536938260924,0.40233536070931225,0.15919710188984262,2.527278172360893,0.011495041540677431,0.02670160636626581,0.02670160636626581
COMMD10,28940.11008147078,-0.28558052629360553,0.0654414736850006,-4.363907323790319,1.2775971880069897e-05,8.997163295823872e-05,8.997163295823872e-05
WASF2,21236.381361952594,-0.12001042824189985,0.05653958004416386,-2.1225914332607,0.03378810345223275,0.06657754374824187,0.06657754374824187
KPNB1,23470.4333328253,0.5502447442842542,0.12509520941555288,4.39860764337026,1.089475862008221e-05,7.923460814605243e-05,7.923460814605244e-05
PPP6R3,29105.040856840442,-0.04470484645220462,0.06654919834234671,-0.6717563481716345,0.5017388224888717,0.5934394148750919,0.5934394148750918
PSMB1,3422.609867709645,-0.03458980586080122,0.04274153649516405,-0.8092784840506343,0.41835497939189403,0.5101889992584073,0.5101889992584073
ATP1B3,5790.997237709158,0.30938684942263045,0.15473979646026376,1.9994006487017648,0.045565021809212784,0.08556811607363904,0.08556811607363904
C4orf3,2280.751033859174,0.34901198148684415,0.13785248223407323,2.5317787233908673,0.011348558268548319,0.02642272006646873,0.026422720066468727
ITPR1,29566.06382074408,0.23613435088896612,0.09228389283922254,2.5587818591523934,0.010503963052085948,0.024686164634749583,0.024686164634749586
EZR,17384.030278117018,0.024443348387809073,0.08984742848853013,0.2720539563458903,0.7855805321585462,0.8388473381297877,0.8388473381297876
ATP8A1,29394.662984177685,-0.30208245467313616,0.16983793210086714,-1.7786512761691462,0.07529695193692203,0.12849309204252907,0.12849309204252907
IRF2,20940.624387495096,0.5724361511209145,0.13102570295072652,4.368884411451581,1.2488283946719734e-05,8.888458325067426e-05,8.888458325067426e-05
CNOT6L,28079.722456101692,-0.04461393244198098,0.16108407252213378,-0.276960544537082,0.7818104023402639,0.8358025364722107,0.8358025364722108
PPP2R2A,24921.458281509225,0.5295116547046091,0.14407230762962656,3.675318757757734,0.00023755263285509028,0.0010581409035861481,0.0010581409035861483
IER2,2565.44501074377,0.07647704573121197,0.10605760602708122,0.7210896850875926,0.47085433696059653,0.5649122219083341,0.5649122219083341
PAFAH1B1,22833.591867008083,0.1190515218263154,0.03904955158739724,3.0487295496816365,0.0022981126654498807,0.00694293856631384,0.006942938566313839
SRPK2,27682.284842585435,-0.27583295536226426,0.11509082806279457,-2.396654538029454,0.0165455148213053,0.03652431527881965,0.03652431527881965
RAB8B,24323.246423353103,0.6407262751964306,0.1476823829189463,4.338542367291605,1.4343083724801063e-05,9.897825044256809e-05,9.897825044256809e-05
FAF1,29200.11261974524,-0.28480725974223453,0.09540461508629547,-2.98525663024394,0.0028334050249604293,0.00811863904000123,0.00811863904000123
ODF2L,24875.154695971094,1.3341243426811238,0.19205676914798145,6.94651039169137,3.744323623688949e-12,1.8264993286287557e-10,1.8264993286287557e-10
PCED1B,28779.08044147387,-0.421630810766298,0.1491260344897118,-2.8273454209994857,0.00469356694961092,0.01245762212645921,0.01245762212645921
SORL1,27471.997507805547,-0.8582155737253521,0.22301871883587482,-3.8481773108782624,0.00011899991328308287,0.0005985679244629267,0.0005985679244629266
GRN,6426.864037493004,-0.3999716780215405,0.27307553297238196,-1.464692474158761,0.1430048391440568,0.21849478860818455,0.21849478860818458
IL2RG,6078.709648676344,0.10919285927122463,0.08447128650930752,1.2926624393153188,0.19612783394380462,0.27740853457398107,0.27740853457398107
PARP4,28684.562164892344,0.5228218385924808,0.1179335547301612,4.433189856684362,9.284903529998615e-06,6.877706318517493e-05,6.877706318517493e-05
STK10,28395.070034208824,-0.3172298237861222,0.10633010330210875,-2.9834432012616214,0.0028502493249204365,0.008141789555909058,0.008141789555909057
POMP,4170.005904801614,0.168449436929875,0.08975767142464075,1.87671353608257,0.06055736640414048,0.10746648873849242,0.10746648873849242
PCBP2,13666.314731180499,-0.1193033441495601,0.04332858864830403,-2.753455579131352,0.005896977213840214,0.015120454394462088,0.015120454394462086
SH3BGRL,19719.033953701077,-0.020229432643350736,0.0561368023330803,-0.3603595467251959,0.718578274302974,0.7896464552779935,0.7896464552779935
SLC9A9,29103.657069320343,-0.07798114514425361,0.11368862060216518,-0.6859186498280767,0.49276440895558604,0.5856117024482227,0.5856117024482226
NDUFV2,8912.836509658076,-0.006393808195529496,0.07051465275574487,-0.09067346921039172,0.927752052273096,0.944276897987884,0.944276897987884
MYO9B,27641.680108799133,-0.14052040431759855,0.13116558943811868,-1.0713206483465185,0.2840252786307512,0.37594345285340997,0.37594345285340997
SYNE1,28806.871271674027,-0.30130239239527484,0.2092766904602273,-1.43973221161263,0.14994317634917795,0.227531375340179,0.22753137534017898
APBB1IP,24690.053076918553,-0.6899749523955138,0.12828442308085913,-5.378478039852233,7.511814255817292e-08,1.2624897908936627e-06,1.2624897908936627e-06
TPI1,2933.477945428356,-0.5524133807891238,0.11622233040912598,-4.7530743777423625,2.003466032607755e-06,1.863689332658377e-05,1.863689332658377e-05
SPPL2A,17232.915453565598,0.5572585824642099,0.17962466334226695,3.1023500453408115,0.0019199078884011608,0.006092682615866957,0.006092682615866956
SNX6,17449.109857385793,0.46100221228110627,0.14567643935803307,3.1645626040329566,0.0015531624465005612,0.005067414181078504,0.005067414181078503
NOP10,738.699527082785,-0.21339388212690194,0.15146175793858196,-1.4088961136542042,0.15886588889871,0.23640757276593752,0.23640757276593752
RCSD1,27811.913771285457,-0.10789647387022354,0.09742612455378287,-1.1074696275192661,0.26809093684151253,0.35913052490490627,0.35913052490490627
RNF130,19288.144886703096,-0.4578807784616885,0.19845297722660185,-2.3072507394981594,0.021040845954040207,0.044672709031932496,0.0446727090319325
CREBBP,27953.38381940011,-0.06549755828708247,0.04453918524380393,-1.4705603151147486,0.14141006289764999,0.21655446079272586,0.21655446079272586
ATF7IP,27994.69094039688,-0.053209926983725266,0.07607754892295736,-0.6994169467474588,0.48429150008430233,0.5779134845874729,0.5779134845874729
TCF7,26831.345789054438,-0.642222653678632,0.26374435624343445,-2.4350195121743736,0.0148909866919069,0.033350474114013214,0.033350474114013214
PPP3CA,28396.449010291628,-0.5276867620175085,0.10279376900021593,-5.1334508613688445,2.8447732836900806e-07,3.877855709446563e-06,3.877855709446563e-06
STAT4,27320.959117844224,-0.06387776918029861,0.13809856087665268,-0.46255202642808974,0.6436855022532251,0.7273282511335877,0.7273282511335877
VMO1,520.7885399403058,-0.8774779715042231,0.5485423184839159,-1.599654104954807,0.1096753385692616,0.17492079516628645,0.17492079516628645
SUCLG2,27930.682179208932,0.016007649443609853,0.1317225166729962,0.1215255360125647,0.9032747897806463,0.925566454343572,0.925566454343572
C3AR1,2188.1711965057816,0.04896487471182527,0.3439584849557733,0.1423569321690705,0.8867980790041609,0.9170610951439099,0.9170610951439099
VAV3,27999.65173850094,0.17862066094641812,0.1988073997973517,0.8984608275571718,0.3689399201327672,0.46070467320709113,0.4607046732070912
CDC42,12907.148235833001,-0.18754735333608222,0.040735469059266,-4.604030778759899,4.143911795547962e-06,3.396649012744231e-05,3.396649012744231e-05
ARHGAP10,27597.683404221705,0.12926140751966608,0.2593828855067852,0.49834208323773455,0.6182429509227481,0.7037483789672716,0.7037483789672715
ANKHD1,28112.79863212576,-0.15230151402409492,0.054683006444434065,-2.7851708222892895,0.005349953025064412,0.013932169336105239,0.01393216933610524
OST4,1448.3299924203632,-0.05441888956629488,0.1657393885155388,-0.3283401130757332,0.7426545179166378,0.8072331716485194,0.8072331716485194
MSI2,28175.69716513672,-0.3606290430636975,0.15905373311173035,-2.2673409545839873,0.023369405449538416,0.04878790281740797,0.04878790281740797
PHIP,26632.975050969962,-0.09451668940297653,0.039802433027929844,-2.374646025700314,0.01756578655110138,0.0382696874751664,0.0382696874751664
HSP90B1,15367.061484743223,-0.928598101192243,0.11783442354911455,-7.880533321446547,3.2598667326062005e-15,3.2598667326062e-13,3.2598667326062e-13
MATR3,21230.031095347633,0.07798469544302084,0.06722122698716544,1.16012008316823,0.24599991851328395,0.3358360662297392,0.33583606622973916
ELF2,26897.50764213719,0.1956071363338684,0.07041677691987905,2.7778484743263987,0.005472012942556403,0.014173012379990847,0.014173012379990848
COPE,3445.3409664629617,-0.187602664199254,0.04251800682712347,-4.412310881882092,1.022731176988424e-05,7.547831564490215e-05,7.547831564490214e-05
KMT2A,27529.555511938303,-0.009617619847259139,0.11042521450162575,-0.08709622970320371,0.9305950222598975,0.9454556369597592,0.9454556369597593
EPC1,24076.530764156752,-0.07285497196164428,0.09754702240995092,-0.7468702802169002,0.45514186722455807,0.5490251715615899,0.54902517156159
CYLD,21710.226560313677,0.1500720590080758,0.10263892335898635,1.4621359431371759,0.14370396091473844,0.21939536017517322,0.2193953601751732
OSBPL8,21675.983642976742,-0.33602199637843405,0.09498849672781612,-3.537501991859973,0.0004039311390694863,0.0016453406886740786,0.0016453406886740786
COX7C,2352.6651140713016,-0.1409617811177798,0.19177135162802245,-0.7350512989614966,0.46230825260684416,0.5563276204655164,0.5563276204655164
CEP350,27118.263403511588,0.014210069861957286,0.04727063970984819,0.3006109066680731,0.7637112136302695,0.8210656410964082,0.8210656410964083
CUX1,27127.352307425503,-0.5054963324109341,0.09002643673719812,-5.614976563901561,1.9658888840521707e-08,3.97149269505489e-07,3.97149269505489e-07
GCH1,21638.49576133851,0.9335072836208884,0.337551974762049,2.7655216186453866,0.005683183789168067,0.014628529701848308,0.014628529701848308
WAC,26026.621920666774,-0.016547757185024967,0.03255375122350209,-0.508321055580174,0.6112282061606902,0.6969534847898405,0.6969534847898406
ZNF148,26063.202978507063,-0.011774458048896375,0.05036891210297598,-0.2337643907183117,0.8151678957643944,0.8603355100415773,0.8603355100415773
FKBP5,26650.852662049943,0.15429931668518906,0.0905839563518685,1.7033846047286971,0.08849611686806387,0.14691517001530438,0.14691517001530438
BID,3843.917927364939,-0.1880004417098881,0.06605396205910502,-2.846164497167717,0.004424933016162479,0.011831371700969196,0.011831371700969196
CUL1,25023.032281565014,0.7680451278281641,0.17769577165839173,4.322247629530993,1.544477014211515e-05,0.00010542505216460854,0.00010542505216460853
TRPS1,27895.435228313665,-0.6414180850980139,0.14680615061045657,-4.36914994658492,1.2473110369337493e-05,8.888458325067426e-05,8.888458325067426e-05
RBM25,24954.59573484184,0.030082663942982042,0.07307083059455764,0.41169182967002727,0.6805653142712041,0.7595595025348261,0.759559502534826
TNS3,28226.46850165589,-0.19108256277909086,0.310580119327641,-0.6152440252542748,0.5383935773206201,0.6247534215264624,0.6247534215264624
COG5,28115.281321011364,-0.040789916483965655,0.09296393677737547,-0.4387713977910266,0.6608271870904496,0.7425024574049996,0.7425024574049996
CEP85L,27920.767274381953,-0.4111134579459891,0.1600488648631593,-2.5686746250745878,0.010208826193610705,0.024134340883240436,0.024134340883240436
GMFG,4440.167653544985,-0.2566350793402999,0.1382467173943472,-1.8563556819092577,0.06340287724378213,0.11160388117593932,0.11160388117593932
DEK,14672.833668206631,0.32126443107549824,0.09363961895462092,3.4308600853148232,0.0006016708438989784,0.0023185774331367184,0.0023185774331367184
WTAP,12074.296875576367,0.09178021893543592,0.1032763900085172,0.8886853900283193,0.37417218511549655,0.46567789062289555,0.46567789062289555
EDF1,3284.779779428665,-0.06142315733522267,0.09680596289742328,-0.6344976641604955,0.5257560907311014,0.6145600125436603,0.6145600125436603
ADAM19,27891.50303502547,1.9168915465814491,0.2929263335929781,6.5439372523092265,5.991994625197916e-11,2.219257268591821e-09,2.2192572685918206e-09
ZNF207,21226.820668422348,-0.11770090873779855,0.04645302655658089,-2.533761898042016,0.011284537917999245,0.026304284191140434,0.02630428419114043
CDK17,27038.835635746826,0.4716988358395613,0.08601345106713873,5.484012442093175,4.1578550916423236e-08,7.629091911270319e-07,7.629091911270318e-07
ASCC3,27380.146660378756,0.24409190187438104,0.08154071473107612,2.9934972078599498,0.00275800032247498,0.007925288282974079,0.00792528828297408
CELF1,25793.45237301981,0.03000082089474907,0.04430402005148395,0.677157983855332,0.4983057227660799,0.5900600624820366,0.5900600624820366
NT5C2,25818.413523487747,0.09417660650139205,0.17757933714065555,0.5303353870884057,0.5958794157046958,0.6817842284950754,0.6817842284950753
ATXN7,27495.426289454655,0.28598732007265404,0.06490751242373254,4.406074264649939,1.0526088759919349e-05,7.711420336937251e-05,7.711420336937252e-05
MGAT4A,25326.361236790908,-0.39043494829255565,0.12148853379225776,-3.2137596537315143,0.0013100928539590765,0.004396284744829116,0.004396284744829116
APOL3,20498.179477857888,0.6047331465177523,0.17251697905359256,3.5053543705393277,0.00045599989177625674,0.001823999567105027,0.0018239995671050272
PHF3,26134.40964517607,-0.14182188281012006,0.10282594610386474,-1.3792421872478122,0.16782009480503024,0.24607052024197984,0.2460705202419798
ZNF638,26128.997203508738,-0.04119379956178527,0.06637783811795185,-0.6205956796692423,0.5348656829860592,0.6219368406814642,0.6219368406814642
RSF1,23259.06614961142,0.02798425689441018,0.0703535016597806,0.3977663688971448,0.6908024098444376,0.7683713717851447,0.7683713717851447
PHF21A,27712.549273711356,-0.20507742402148607,0.08137311554153887,-2.5202110384577736,0.01172844923659152,0.027086487844322216,0.02708648784432222
AIF1,4702.911178791758,-1.8247687831013994,0.2918472488038586,-6.252478961443867,4.0398818024918803e-10,1.2242066068157213e-08,1.2242066068157212e-08
LIMD2,6448.926380334509,-0.0664922182972006,0.17785782181862153,-0.37385040262670605,0.7085156180587524,0.7837562146667615,0.7837562146667615
MAP4,26532.803435996753,0.4277085600280428,0.09850626542102396,4.341942699786465,1.4122837000231668e-05,9.841698258001162e-05,9.841698258001162e-05
ANKIB1,27143.860942100873,0.6503884676537411,0.0923385994566922,7.043516703529604,1.8744751809376623e-12,9.865658847040327e-11,9.865658847040329e-11
GCC2,20789.97356046533,0.08055333346833546,0.12273292583820902,0.6563302627896591,0.5116116499334837,0.6015422103862242,0.6015422103862242
SCAPER,27169.87421372424,-0.007945397449354972,0.07300199318245486,-0.10883808924911041,0.91333091240183,0.9324460565613373,0.9324460565613374
STK17B,24795.837205448333,-0.21155874368770464,0.09830461576185696,-2.1520733492332234,0.03139157779608143,0.06265783991233817,0.06265783991233818
ADD3,25552.82488248096,-0.0204596343457656,0.14527591971852813,-0.14083293628707436,0.8880019229735777,0.9173573584437785,0.9173573584437786
ANTXR2,25740.49625110916,0.6246327272050164,0.15319449001286856,4.0773837698245305,4.554528458810023e-05,0.00026250884488818573,0.00026250884488818573
GAS7,27400.965804200412,0.2161443127553745,0.29440301462605584,0.7341783270457205,0.4628400606252373,0.5566326646124321,0.5566326646124321
SMG1,26649.703463698042,0.2355648195038733,0.0851148205407555,2.7676122443456,0.005646859659697729,0.014572541057284463,0.014572541057284463
TRAF3,25705.343573544797,-0.11683936830235157,0.09191559253239152,-1.271159387469289,0.20367195141681704,0.28686190340396767,0.28686190340396767
BRK1,1562.1007373332143,-0.2053519183916001,0.09373590341840782,-2.1907498717430953,0.028469897955119713,0.05774827171423877,0.05774827171423877
PSMA5,6876.4208045652695,0.25747553279960167,0.0659140017527142,3.906234274252654,9.374562765843406e-05,0.0004908148044944191,0.0004908148044944191
ZNF292,26624.50723974153,-0.131867442564671,0.07175661398311757,-1.8377043626347243,0.06610598067284613,0.11577229539903001,0.11577229539903
GMDS,26980.436388116646,0.23432346618641742,0.06878142439352461,3.4067841463381745,0.000657330895355747,0.0024971768661240126,0.0024971768661240126
EIF3K,2643.5276008365468,-0.3976066618512072,0.10617881392911345,-3.7446892382566572,0.0001806171971897677,0.0008390004988369096,0.0008390004988369096
GNAS,15541.523699400685,-0.09424987326947573,0.06213045255181543,-1.516967435427473,0.1292749060346495,0.20042621090643334,0.2004262109064333
SRSF5,7770.712655589254,-0.036756139841148186,0.07418080400552207,-0.4954939533738678,0.6202514891856883,0.7048312377110095,0.7048312377110095
THEMIS,26770.901181489637,-0.437498635310605,0.26212475726943707,-1.6690473645757231,0.09510799339884211,0.15540521797196424,0.15540521797196424
AKNA,26009.86521714367,-0.1627741484066916,0.12875166727361387,-1.2642488587023544,0.20614071916876875,0.28952348197860783,0.2895234819786078
UBE2B,6263.669256442103,0.10827221026314768,0.09256360631873113,1.1697060493767493,0.242119282877167,0.3318327642560722,0.3318327642560722
HCLS1,13841.64857315291,-0.14155000601251996,0.03965807327409111,-3.5692607917237256,0.00035798992344870603,0.0014823599314646213,0.001482359931464621
GSK3B,25848.412874848134,0.031642476811945,0.08050154164794661,0.39306671852727326,0.6942702045694886,0.7709830145135909,0.770983014513591
TMA7,1975.0000055848586,0.12514957573630373,0.13186127333187347,0.9491003125786788,0.34256959544834953,0.43445731826043066,0.43445731826043055
TRIM14,24192.616945111728,0.6496505853969775,0.1649193591418134,3.9392014908228323,8.175325077297944e-05,0.0004383552320266994,0.0004383552320266994
PARP11,25002.644565678234,0.7006943107617427,0.17470039749172295,4.010834095525974,6.0504616452135664e-05,0.00033427964890682686,0.00033427964890682686
IFITM1,20709.794904454273,1.6016740792810245,0.29010921981747456,5.520934771699898,3.3720094805381806e-08,6.30282145894987e-07,6.302821458949871e-07
GDI2,13742.230353660116,-0.06626517369355774,0.07295431185322943,-0.9083105852176497,0.36371415152704867,0.4557580345348223,0.4557580345348223
HBA1,26.879960309492464,-0.42885489885743344,0.5214932246916657,-0.8223594834065104,0.41087233167459225,0.5022889140276189,0.5022889140276189
NDUFA12,1926.9413735571434,-0.17227954613052923,0.17724706994481967,-0.9719740144881553,0.33106347620895316,0.42227484210325655,0.42227484210325655
CLTA,7270.895312821315,0.08936096180250792,0.0980001302625622,0.9118453369714081,0.3618501404069946,0.45401523263110993,0.4540152326311099
NFATC3,26073.00496198297,-0.286370372899642,0.13588648127606118,-2.1074235656883644,0.03508088068093851,0.06885354402539452,0.06885354402539452
CAMKMT,26468.52497645775,-0.5232246034113888,0.15736275128930244,-3.324958410580088,0.0008843172532534795,0.003217880114017413,0.0032178801140174134
FUS,19808.77317086796,0.12358697948951268,0.04937044319826247,2.5032584575595256,0.01230556441397817,0.02809489592232459,0.028094895922324586
SGMS1,26199.030853791177,-0.3644108144121064,0.07252435972171145,-5.024667791765606,5.043047230395852e-07,6.289828016324655e-06,6.289828016324655e-06
DYM,26222.30624222754,-0.06525464503502806,0.06830164880942154,-0.9553890158216332,0.3393810066650187,0.43148705482141814,0.43148705482141814
MGAT1,17220.1372595764,0.6858783389578251,0.2651389373961222,2.5868638748186235,0.009685384663446976,0.023060439674873753,0.023060439674873753
THRAP3,18091.886019340935,0.1300401840767537,0.024359866869107922,5.338296172778544,9.38241049709674e-08,1.5011856795354783e-06,1.5011856795354783e-06
RPS21,4783.57180418386,-0.34932677857617195,0.2531863771145568,-1.3797218576974044,0.16767230032864233,0.24603418977056837,0.24603418977056835
PLXDC2,24186.894959630536,-2.410034568195876,0.3008122240679076,-8.011757419977112,1.130807467596392e-15,1.256452741773769e-13,1.256452741773769e-13
MARCKS,21912.14708183204,0.4124442276220981,0.3379056604302844,1.2205898743954076,0.2222413420390641,0.3080268080929509,0.3080268080929509
RGCC,1267.6104562982703,-1.5129513791284963,0.30548787111027764,-4.95257429903768,7.323807837250585e-07,8.34396023412058e-06,8.34396023412058e-06
SEMA4D,25144.196605367168,-0.47522468619844027,0.09258061266653772,-5.133090746656996,2.850223946443224e-07,3.877855709446563e-06,3.877855709446563e-06
LILRB4,9486.202114243764,0.5358418929828549,0.3671961108011948,1.459279870404094,0.14448809342802496,0.22025623998174537,0.22025623998174537
TOP1,20922.53664496168,0.468514926771666,0.11275251412544347,4.155250376505281,3.2493152396031445e-05,0.00020119599006830616,0.0002011959900683062
NRIP1,26104.95148714275,1.0136030700524223,0.18241947762412702,5.5564410295096796,2.7533067986227814e-08,5.244393902138631e-07,5.244393902138632e-07
PREX1,25864.023317165615,-0.9329764466628747,0.10561888744433683,-8.833424297851757,1.015190479182782e-18,1.8458008712414216e-16,1.8458008712414216e-16
MYO1F,22275.15650549109,-0.7689775189467891,0.1859135805944263,-4.136209503835693,3.5308984832651635e-05,0.00021464428469697045,0.00021464428469697043
ALPK1,26187.978868263413,0.7087437635860006,0.18572970680952644,3.8159957055919267,0.00013563486290764387,0.0006665103828385448,0.0006665103828385449
RASA2,25918.855356200427,-0.2342827149745006,0.12708471688610032,-1.8435160475234524,0.06525370089544764,0.11437984381322988,0.11437984381322988
MAP4K4,25573.124025767418,-0.04706361596005962,0.10160495829260235,-0.46320196131103797,0.6432196105290415,0.7272126744251459,0.7272126744251459
CCNH,22162.905606264932,-0.22053878770403534,0.11139163223035008,-1.9798505802300896,0.04772032091110425,0.0887819923927521,0.0887819923927521
LMNA,2887.6738185670874,-0.48597591954741876,0.28506241783750885,-1.7048052957455604,0.08823074352623829,0.1466845278906705,0.14668452789067046
SEC62,7907.1074175668955,-0.05619774618617781,0.10832790714087982,-0.5187744106704929,0.6039180645470494,0.6894041832728875,0.6894041832728874
IL10RA,18697.340901261323,0.10163376204076037,0.16693239582563413,0.6088318659663873,0.5426358894285401,0.6284144637273192,0.6284144637273192
SNX2,11622.416202227645,-0.04500128643755427,0.12198746539104446,-0.3689009054602259,0.7122015884191566,0.7865285349742205,0.7865285349742204
PUM2,25666.247257619874,-0.003288764637713916,0.06288358963466698,-0.05229925099410768,0.9582902501220851,0.9665055472739135,0.9665055472739134
PHF11,17026.17928360125,0.8975560517582363,0.19299303640743376,4.650717292531618,3.307825153191302e-06,2.8373873735037064e-05,2.8373873735037064e-05
RNF19A,24392.4769592745,0.3210404820777316,0.09866803252694642,3.2537436275528737,0.0011389501647771194,0.003888214618282445,0.003888214618282445
HNRNPF,9041.059544711916,0.2258772969719972,0.07043845675386595,3.2067326199562163,0.0013425171370918011,0.004460189824225253,0.004460189824225253
MED13,25184.241377731185,0.2676959421143831,0.053462661784763395,5.007157017211499,5.52398635085752e-07,6.615552515997031e-06,6.61555251599703e-06
CXCL16,1234.6839302482383,-0.9335940156237768,0.3412145265005969,-2.736091060361533,0.006217381853606971,0.01569990105031346,0.01569990105031346
PIK3AP1,24853.734350422572,0.11681536840087055,0.2571635580290507,0.4542454199038356,0.64965219530799,0.7322601308845222,0.7322601308845222
HNRNPA3,11496.030631563312,-0.23494790637069246,0.058415728012764505,-4.021997403154056,5.770669429555283e-05,0.00031970467753768885,0.00031970467753768885
EPS15,25156.44446083157,0.14735367254810797,0.08149737537657294,1.8080787493736388,0.07059424506921526,0.12245315710184781,0.12245315710184781
ARL6IP5,8920.427866806172,-0.12752107183665218,0.10766705627930015,-1.1844019539816204,0.2362539871035957,0.3251947516911159,0.3251947516911159
HIVEP3,25827.478853375662,-0.24471669437556146,0.16875871832007686,-1.4500980856670092,0.14703116888410414,0.22328195730311945,0.22328195730311942
PRDM2,24445.522763763045,0.01831851891892372,0.085893740354753,0.21326954494315545,0.8311167267117151,0.8743995020638771,0.8743995020638771
FPR3,19383.812538349313,-0.28109915416683623,0.4126925751616758,-0.6811345080698707,0.4957863836654065,0.5877728318499188,0.5877728318499188
NEK7,24859.747965266393,0.049020539329953663,0.08003327436347098,0.6125019839539111,0.5402056857807205,0.6263254327892411,0.6263254327892411
IFNAR2,23746.651558157304,-0.30412344561689436,0.08163327064469572,-3.72548402403935,0.00019494079957273268,0.0008881129821081215,0.0008881129821081214
EXT1,25603.359944580166,0.5417159946622924,0.17453356084131577,3.1037927150000417,0.0019105713645280501,0.006084622180025638,0.006084622180025637
PHC3,25287.35276928353,0.11242276704572567,0.0727090517536622,1.5462004294405223,0.12205616984591168,0.19176146087338833,0.19176146087338836
MGLL,23723.02868110745,0.9954223355815932,0.3228000755163928,3.08371159451926,0.0020443567388763796,0.006378648171221153,0.006378648171221153
PGAP1,24838.124258090447,1.5296679692774187,0.36462907110324616,4.195134427019636,2.7270980163154218e-05,0.00017344651540678445,0.00017344651540678448
SNX29,25414.92002533306,-0.5681927443185242,0.16083124897719603,-3.532850412665061,0.0004111050120618656,0.0016610303517651135,0.0016610303517651135
IGLL5,988.8794547911715,0.1688996377533582,0.4836473138377301,0.3492206674594004,0.7269236513895827,0.7961923892547456,0.7961923892547456
CXCL3,356.3804755674558,-2.3140390388781724,0.4004390730565977,-5.778754358846266,7.525570513512524e-09,1.730016210002879e-07,1.7300162100028792e-07
XPO6,25071.18752010205,0.22795552702257274,0.08194332690570627,2.7818680987273736,0.005404700111398929,0.014038182107529686,0.014038182107529686
WDFY1,24168.350799042735,0.6801114595285349,0.20900392383226546,3.254060723158257,0.0011376795862539457,0.003888214618282445,0.003888214618282445
BRAF,24432.373713358433,-0.07928950605904313,0.08352888756012065,-0.9492465226712592,0.3424952451164781,0.43445731826043066,0.43445731826043055
PPP1CA,2131.5138345798955,-0.3149980473238298,0.097340567083996,-3.236040807652326,0.0012120005597917112,0.004108476473870208,0.004108476473870208
SENP6,23962.63350024757,-0.13226914380491003,0.06995020351130275,-1.8909043457398609,0.05863711423051524,0.10508443410486602,0.10508443410486602
KHDRBS1,12503.222096320818,-0.0550398932335365,0.036859227571045164,-1.4932459755823313,0.13537281142254126,0.20858676644459365,0.20858676644459365
LPIN2,23305.48914022149,0.7150513910303102,0.1433454638314969,4.988308467653052,6.091025802547454e-07,7.2295983512174815e-06,7.2295983512174815e-06
RPL17,6101.78915882835,-0.7764846883561756,0.21405295631801008,-3.627535455303793,0.0002861394920069246,0.0012228183419099343,0.0012228183419099343
GLG1,24061.284370805213,-0.4782700074110959,0.10184834097992329,-4.695903760527372,2.654304995757197e-06,2.3912657619434206e-05,2.3912657619434206e-05
LAPTM4A,2574.4365353643598,-0.24447273215669854,0.12815847288482898,-1.9075815016647135,0.056445327889037014,0.1017032934937604,0.1017032934937604
NCL,17747.926763288935,0.0560290619772459,0.08790692221051895,0.6373680316445143,0.5238851465480582,0.6127311655532844,0.6127311655532844
GATAD2B,24640.02192612262,0.0032223224265819795,0.08049473841638993,0.04003146652782794,0.9680680397306878,0.9730669150081852,0.9730669150081853
PTGES3,9119.609609734995,-0.08221144478007385,0.05648108545050165,-1.4555570971121212,0.1455150954268148,0.22148416351113362,0.22148416351113362
ATG3,6773.469949009109,0.25142498375625927,0.13538523505841074,1.8571078570553443,0.06329581060028419,0.11153446801812192,0.11153446801812192
PIK3CD,24628.93448603687,-0.556836141073521,0.14540527716058446,-3.829545611735642,0.0001283800874686384,0.0006387069028290467,0.0006387069028290468
CCM2,22029.03481785109,-0.3641778346906026,0.1392801552263628,-2.614714451593829,0.008930207978402271,0.02149267864838092,0.02149267864838092
PPP1R16B,24967.493634574552,0.13296909145339608,0.13523331733537838,0.9832568931488457,0.32548102012099456,0.4162161382621414,0.4162161382621414
KDM7A,23793.588487132918,-0.6919438766648135,0.10802292150292084,-6.405528262315179,1.498496226632462e-10,5.167228367698145e-09,5.167228367698145e-09
TLE4,22411.372912135397,0.1630759576387316,0.08519546116275106,1.914139032914012,0.05560239327254994,0.10054682327766716,0.10054682327766716
NDUFA4,2371.7070785893998,-0.44898661605314355,0.14474145493518326,-3.1019904854086517,0.0019222413653060247,0.006092682615866957,0.006092682615866956
ADA,2341.940218824724,-0.25811681481683313,0.15350071511835406,-1.6815349336829908,0.09265905690431125,0.1525251965503066,0.1525251965503066
FARS2,24532.168766768813,-0.2683283490544326,0.1023298991176039,-2.622189129162073,0.008736693244492718,0.02110312377896792,0.02110312377896792
GPATCH8,23073.109197013913,-0.18784473752453654,0.07674773737256552,-2.4475605920818206,0.014382693963499284,0.032320660592133225,0.03232066059213322
MAP3K1,24746.886185735755,-0.373446116458231,0.08058325738034924,-4.634289163759943,3.581660563597148e-06,2.9972054925499147e-05,2.9972054925499147e-05
GRAP2,23185.257151932154,-0.13703320143784187,0.20908564393623014,-0.6553926843472628,0.5122149603893755,0.6016862053229788,0.6016862053229787
GUK1,2338.819019768897,0.024634652638931803,0.06832549549506213,0.36054846672443297,0.7184370190241449,0.7896464552779935,0.7896464552779935
SMARCA2,24660.91601275647,-0.022021265431572425,0.07329081201391065,-0.3004642031717805,0.7638230974213935,0.8210656410964082,0.8210656410964083
CAPG,2599.6672426920645,-1.4035009903623954,0.26465201513930375,-5.3031940437847815,1.1379384973112648e-07,1.7675508703383085e-06,1.7675508703383085e-06
IPCEF1,24398.051777517336,0.874712566579744,0.20715954539917045,4.222410147185266,2.417037654529649e-05,0.0001569504970473798,0.0001569504970473798
CD2,11235.237620633163,0.16154566989763763,0.195004060183467,0.8284220838563542,0.4074315041168919,0.4987352544113521,0.4987352544113521
R3HDM2,24695.173124828794,-0.13672663542110738,0.06793285594797668,-2.0126731537065554,0.04414902545222174,0.08374278387605702,0.08374278387605702
CD37,4388.16085499529,-0.06486552758228362,0.0810614346170084,-0.8002020675892831,0.4235937320824643,0.514694692688292,0.514694692688292
NCK2,24618.053993878468,0.1061485268157713,0.14539063524046775,0.7300919116297122,0.46533400505991074,0.5592956791585465,0.5592956791585466
EIF3E,7956.14178413985,-0.07348817136241141,0.09140093498761767,-0.8040199082467488,0.4213854775433248,0.5129464121038646,0.5129464121038646
RNF38,24569.435605510185,0.10895281356483327,0.06066265071745894,1.7960443910090502,0.07248745736435437,0.12497837476612822,0.12497837476612822
IKZF3,24568.924890985578,0.23337113132107065,0.11239666700888476,2.076317185656609,0.037864624871066524,0.07345223059372749,0.07345223059372749
BMPR2,24230.535738098304,0.45267346643536055,0.1462773899562394,3.094623622767559,0.0019706279206864272,0.006206702112398196,0.006206702112398196
PPP3CC,22986.489062145967,0.31837318942487197,0.06418641417519146,4.960133597055274,7.04447151616845e-07,8.19124594903308e-06,8.191245949033082e-06
MTDH,14067.322130463232,-0.26690235888737357,0.065090963787622,-4.100451788641805,4.1234433675805735e-05,0.00024327099513749695,0.00024327099513749695
TRAM1,9673.874059375032,0.026151558856228725,0.08088341667538358,0.3233241118038453,0.7464497952411235,0.8100377593501069,0.8100377593501069
CASP8,20912.659251622197,0.12827780419338353,0.09273613256812313,1.3832559180657207,0.16658640937835,0.2448000137815577,0.24480001378155766
ARID2,24356.26373538682,-0.12031239357277623,0.041716124595991895,-2.884074077780847,0.003925663964918643,0.010725857827646564,0.010725857827646564
PARK7,2521.809671189422,-0.29411713484550306,0.08829362547727433,-3.331125358774684,0.0008649564108148852,0.0031683385011534258,0.0031683385011534253
GHITM,3511.099860856563,-0.2260372125321625,0.07155615485053834,-3.1588786877144774,0.0015837740091882227,0.005158872994098445,0.005158872994098445
HELB,23958.095419495232,1.100530687907589,0.19462081433011624,5.654743002158374,1.5607963355396093e-08,3.1852986439583863e-07,3.185298643958387e-07
PCM1,22958.762012509804,-0.19259953039549402,0.118456210346856,-1.6259133213154147,0.10396809585663062,0.167285753590717,0.167285753590717
CHD1,19046.119364124545,-0.04175700802955919,0.04760079803709157,-0.8772333606050307,0.38035989946926474,0.47132577381569357,0.4713257738156936
ISCU,2355.616530514497,-0.10415680410037748,0.12381415447003792,-0.8412350312143239,0.40021627904992385,0.49136436961316615,0.4913643696131662
HLA-F,11580.653126869605,0.468383771805989,0.08620057730301092,5.433650057348615,5.521281087174272e-08,9.519450150300471e-07,9.51945015030047e-07
CSNK1A1,17209.072851847774,0.007957492359395042,0.024698974658454918,0.32217905680028075,0.7473170495538493,0.8105390992991858,0.8105390992991858
CIB1,990.470509214133,-0.3470336580642387,0.10311062503942545,-3.3656440151686278,0.0007636519178234457,0.002833587821237275,0.002833587821237275
ZNF609,24214.48600233036,-0.3239543558213254,0.11799212266240217,-2.745559182355082,0.006040787086961257,0.015401655073526426,0.015401655073526426
REL,18448.536982635876,0.44464114017913275,0.14887866103626235,2.9866008807725075,0.002820977473674848,0.00809462689720186,0.00809462689720186
ZNF644,23172.667434527306,-0.046503472633483645,0.06437385522763636,-0.7223968871996223,0.4700505001573876,0.564286314714751,0.564286314714751
RAB31,17679.008233244178,-0.03680772211991298,0.24940915796907817,-0.14757967357588536,0.882674497561153,0.9142149120260518,0.9142149120260518
XIST,21981.995112390912,-0.18922716604021783,1.0340425044097168,-0.18299747373367226,0.854800000816374,0.8922755749648998,0.8922755749648997
RBM8A,3331.7291739208144,0.143841288350955,0.06761659453901374,2.127307495025659,0.03339454242227223,0.0659971194116052,0.0659971194116052
U2AF1,532.124301670312,-0.03035602447819265,0.29127432649702745,-0.1042179887368221,0.9169963587598149,0.9352334102598826,0.9352334102598826
BANK1,23610.118561504994,0.026865357691660534,0.3155014329044475,0.08515130167347593,0.9321411055342017,0.9458560177921884,0.9458560177921885
UBR5,23809.413509360962,-0.03524613361777075,0.0611661978209046,-0.5762354841962202,0.5644560237198154,0.6499205799882734,0.6499205799882734
LCOR,23783.60577995653,0.15085068493276593,0.06023562366922218,2.504343372638543,0.012267890934331446,0.028072976966433516,0.028072976966433513
NAMPT,14944.24284410618,-0.14573200090602165,0.40146546756128715,-0.36300009012300516,0.7166048170057523,0.789228458548659,0.7892284585486591
RPS6KA3,23707.352448818303,-0.21382755300603232,0.11915896835371076,-1.7944730133220685,0.07273770225310189,0.12530181266684218,0.12530181266684218
CDK13,24051.282694913378,-0.12805928947126088,0.06979749642868736,-1.834726115170908,0.06654628081217719,0.11633965176954054,0.11633965176954053
TRIM38,18631.460385594295,0.6631859458288687,0.1293112743652692,5.128601114513407,2.919031006520281e-07,3.944636495297677e-06,3.944636495297677e-06
PFKFB3,21161.58979041758,0.3504400926207575,0.27006169146072223,1.2976297775714905,0.1944145846193268,0.2755699285886985,0.2755699285886985
TOMM7,2665.217283287259,-0.36964801118176027,0.21717480530796449,-1.7020759413486353,0.08874113327276692,0.14716605849546752,0.14716605849546752
LUC7L3,19947.32388100968,-0.10967774812060394,0.09679130538049667,-1.1331363668404857,0.25715699141253345,0.34797969068001816,0.3479796906800182
MKLN1,23581.622894607764,-0.15047379641157865,0.05678947336491357,-2.649677616213754,0.008056860995557621,0.019723037932821593,0.019723037932821593
ZFP36L1,12510.280467897464,0.0707756623894701,0.10976276183726572,0.6448057720559373,0.5190530609446837,0.6085030022798168,0.6085030022798168
RHOG,3394.561987760171,-0.14900526082903431,0.10003490690773942,-1.4895326584994923,0.13634716002899266,0.20992634338566998,0.20992634338567
THBS1,17676.632944733446,-1.4662321335316733,0.47330179279513557,-3.097879948589839,0.0019491036822045977,0.006158305473000308,0.006158305473000308
ZCCHC2,23887.84026848322,0.8877838396624681,0.192529173443514,4.611165278403558,4.004180056460122e-06,3.3092397160827454e-05,3.3092397160827454e-05
ECE1,23594.372678515778,1.159038573905534,0.23085084313528484,5.020724889561292,5.147684289148116e-07,6.345888285910253e-06,6.345888285910253e-06
TBL1XR1,23907.22320846003,-0.32661547743622366,0.10457272734146332,-3.123333260398956,0.001788151510624655,0.005768230679434371,0.005768230679434371
HIVEP1,23618.444204868894,0.3435360579491746,0.1333631953676496,2.575943512766997,0.009996697613894713,0.02370702717627904,0.02370702717627904
RAPGEF2,23806.814251102955,0.4325048665562544,0.21370478887887848,2.02384265146901,0.04298634416585454,0.08188741354506415,0.08188741354506415
CCDC88C,23432.01720034656,-0.24561938791133864,0.11435072268012693,-2.1479478411204216,0.03171789923569775,0.06318306620656922,0.06318306620656922
DHRSX,23834.581799282558,0.08343686868431395,0.15973169112567268,0.5223563846116676,0.6014222176240857,0.6873396772846693,0.6873396772846693
ARIH1,23908.301684275375,-0.029004845328459716,0.04317906120944056,-0.6717340422889548,0.5017530252768901,0.5934394148750919,0.5934394148750918
CD55,13596.1515734271,-0.3771761433032688,0.16579501098182522,-2.274954723122613,0.022908646060138,0.04792603778271548,0.04792603778271548
CD52,4031.838333921678,-0.8007142292124044,0.29745555467977447,-2.6918785566953445,0.00710508124089525,0.017683071132139783,0.017683071132139783
RALY,16589.735961154624,0.13339493855860676,0.039961663288523706,3.3380727322457435,0.0008436166390504202,0.0031072436060788954,0.003107243606078896
CHMP5,4714.656898311342,0.44523372455909715,0.14343411500742798,3.104099220300833,0.0019085931326676983,0.006084622180025638,0.006084622180025637
PTBP3,22478.73245061714,0.21995215040326674,0.07912533111943287,2.7797943754733603,0.0054393328561003415,0.014109812856291419,0.014109812856291417
UBXN4,11783.737981063043,-0.0009183319834792848,0.042009639972657886,-0.021860029842602414,0.9825596087144852,0.9845286660465783,0.9845286660465784
TLN1,19206.263136916572,-0.5332562231294121,0.07793958566114119,-6.841917603306952,7.814003220747862e-12,3.468606196384718e-10,3.4686061963847177e-10
CD86,8312.392367469718,0.25657265061851187,0.2906192623284175,0.8828480554347051,0.3773183722475919,0.4681369382724465,0.46813693827244657
INPP4A,23271.288576976654,-0.49401426579967517,0.12838407390607767,-3.8479404085672084,0.0001191150169681224,0.0005985679244629267,0.0005985679244629266
SNX10,12745.492767720329,0.027698991425618893,0.2568766459917446,0.10782993260706569,0.9141305985308462,0.9327863250314757,0.9327863250314757
TET2,23206.58400981328,-0.296403179627748,0.11876303913175357,-2.495752734139143,0.012569018204438462,0.02863102096683021,0.02863102096683021
SRSF3,5468.628624838228,0.023386066479165128,0.03422337018981667,0.6833361632550077,0.49439444785568376,0.586470282153836,0.586470282153836
PSMA3,5542.472959665686,0.2320202827061033,0.08385950985030896,2.7667736565627985,0.005661404694664257,0.014591249213052208,0.014591249213052208
AKAP9,21262.929648484434,-0.32528134158507793,0.11964411896309078,-2.71874074884888,0.006553094773078838,0.016444403445618164,0.016444403445618164
ATXN7L1,23471.810140604943,-0.15216086702121398,0.11945322370629685,-1.2738113070546875,0.2027302969700875,0.2857368526710183,0.28573685267101834
PIK3R1,20318.108270320245,-0.1292988671638685,0.12063661955054553,-1.0718044624061567,0.2838078683740831,0.3759044614226267,0.3759044614226266
CAB39,23100.256580645375,-0.3506208960636428,0.06432997192480461,-5.450350522047234,5.0270639971061455e-08,8.897458401957779e-07,8.89745840195778e-07
NAGK,8025.949446445829,-0.14667346551958582,0.2601569297915481,-0.56378842430647,0.5728981306776737,0.6577475667941144,0.6577475667941145
LST1,1940.071823421297,-1.642055287170329,0.24237908620192414,-6.774739986445635,1.2463019624137938e-11,5.086946785362424e-10,5.086946785362424e-10
ALCAM,21959.471668333354,0.6726940747997654,0.23930076544634196,2.8110820019529044,0.004937520020921635,0.012976399529360408,0.012976399529360408
SRGAP2,23215.961527579497,1.0077614773288357,0.30734772546429406,3.2788968124181275,0.001042137344490892,0.0036502183694952436,0.003650218369495244
DTX3L,20279.648377152334,1.015451911348515,0.23584834594180765,4.30552907756692,1.6658710589538104e-05,0.00011332456183359254,0.00011332456183359254
PAIP2,5889.525857012122,-0.00880054674300371,0.10265246809115265,-0.08573146760766687,0.9316798866771978,0.9458560177921884,0.9458560177921885
ZFAS1,5223.009456640318,0.556350344736333,0.11710270818392113,4.750960531694374,2.0245264923851715e-06,1.874561567023307e-05,1.874561567023307e-05
SRSF11,15747.991565070659,-0.17847429153660552,0.09899271220678098,-1.8029033406398585,0.0714033962796964,0.12353528768113564,0.12353528768113563
KIF2A,21412.893510844744,-0.011599166146945698,0.1300331951379562,-0.08920157760208683,0.9289217116325946,0.9449864818235958,0.9449864818235958
UBR2,22803.998466509114,0.26236346902816793,0.05985395298604745,4.383394177646504,1.1684441884135494e-05,8.466986872561953e-05,8.466986872561953e-05
SETD5,22744.625751056865,-0.07986943980324823,0.060356132723149186,-1.3233028061888208,0.18573469887610683,0.265905080710246,0.265905080710246
PHKB,22645.976607319113,0.32959093226193037,0.10075544864818328,3.2711971082853513,0.0010709323962643513,0.0037160465586393485,0.0037160465586393485
CAPN2,13403.19528837176,0.314684726177149,0.13761886898516912,2.28663938671856,0.02221688029687373,0.04667411827074313,0.04667411827074313
NDUFB2,1981.8692179824457,-0.12104762248709423,0.09897920339981783,-1.2229601606120524,0.2213447439868036,0.3074232555372272,0.3074232555372272
MORC3,20567.187932086024,0.5002847968913053,0.0795172885062334,6.291522337964125,3.143675661819082e-10,9.979922735933594e-09,9.979922735933594e-09
DAPK1,22718.77791603099,-0.6542881472351176,0.2896619316723538,-2.258799226593588,0.023895876669129106,0.04967957727469669,0.049679577274696685
RNASET2,8995.715465610856,-0.02897735240646036,0.10740896841921355,-0.26978522215540457,0.7873254924282856,0.8396856521514052,0.8396856521514052
PYHIN1,22536.54697288592,0.3255777424674043,0.20348644079980097,1.5999972341534154,0.10959919698049714,0.17492079516628645,0.17492079516628645
TRIM44,22195.74492523013,0.3238672108493593,0.06788712489698794,4.7706720728090355,1.8361225480017516e-06,1.7486881409540493e-05,1.748688140954049e-05
ST3GAL1,21960.463802375347,-0.7117727730396517,0.13595443181524372,-5.235377497711297,1.6464799838208754e-07,2.352114262601251e-06,2.3521142626012504e-06
VPS29,3606.674446423766,-0.05649818101495296,0.08178538762570466,-0.6908102126203767,0.4896848168050453,0.5836529401728787,0.5836529401728787
CFP,1047.4212861063438,-0.7591945674168578,0.2800447910585764,-2.710975499837305,0.006708558298150492,0.016813429318672912,0.016813429318672912
XPO1,20966.844189663723,0.36078315426453417,0.07101481514699459,5.0803927816715975,3.7665527250496297e-07,4.955990427696881e-06,4.955990427696881e-06
FOXN2,22147.370714635214,0.7762596810657578,0.1654858605439896,4.690791578893907,2.7215008918490176e-06,2.42991151057948e-05,2.42991151057948e-05
WDR33,19265.079478667478,-0.020225305573361607,0.0754992752315645,-0.26788741363845403,0.7887859821912753,0.8400276700652559,0.8400276700652558
CD3D,2878.131603837148,-0.2559863344150196,0.271336752307919,-0.9434266911417907,0.3454626960942633,0.4372945520180548,0.4372945520180548
NDFIP1,9556.638506017756,-0.2203099483617789,0.10250582950254528,-2.149243115546989,0.031615133139047936,0.06304114284954723,0.06304114284954723
ARFGEF1,22753.58761456836,-0.012458044341716459,0.0795749360734184,-0.15655739051077924,0.8755936857862398,0.9078213434797717,0.9078213434797717
SERBP1,9860.127449295429,0.04001265182957783,0.09308384137221395,0.429856044182571,0.6673003618089794,0.7480945760190352,0.7480945760190353
VAMP5,2571.557111530413,0.5341571699517724,0.2993058434951152,1.7846533288966346,0.07431756553175684,0.12714724641874567,0.12714724641874567
SRSF4,18206.913174423767,0.24906021203329182,0.06783076740807682,3.671788209838762,0.00024085925078429614,0.0010692873040025,0.0010692873040024998
LACTB,6366.735474697078,0.3402967797649965,0.20546619023669616,1.6562178885634473,0.09767770187443608,0.1590842050072249,0.1590842050072249
CNTRL,21335.419142220515,-0.02990430370752693,0.08145656623415456,-0.3671196207996811,0.7135297923206715,0.7871260808832559,0.787126080883256
RAB5C,5281.621225144973,-0.07592502910142368,0.09165859074281994,-0.828346022845341,0.4074745658341651,0.4987352544113521,0.4987352544113521
SUMO2,2638.329292954689,0.07474423862196679,0.0669330964404732,1.1167007444282875,0.2641222994589656,0.3552418284585953,0.35524182845859525
DIAPH1,21170.0241061683,-0.4386555216915661,0.08412849474673348,-5.21411351780543,1.846983430014197e-07,2.6013851126960523e-06,2.6013851126960523e-06
HMGN1,2468.598700411452,0.30033502091574527,0.08499850166106385,3.5334154725850055,0.00041022724464059455,0.0016608390471279132,0.0016608390471279132
PTPRE,15596.488728395532,-0.5757147775825423,0.18619749502703903,-3.0919576952361187,0.001988411845556526,0.0062430513204286536,0.0062430513204286536
GPSM3,4506.266746787879,-0.36956254675937733,0.09458006475021641,-3.9074042477702124,9.329299415098705e-05,0.0004897270034172549,0.0004897270034172548
ERP44,13218.58325248915,0.12760660804899024,0.09636839135162262,1.324154178141126,0.18545184534113213,0.265780323516574,0.265780323516574
RAB3GAP1,21713.390381229397,0.21220887718877982,0.09087986683209272,2.335048285016212,0.019540898462772995,0.04202343755435052,0.04202343755435052
PDIA6,6123.567673398803,-0.46062533992738436,0.1263382056014541,-3.6459702568554033,0.000266384788074682,0.001158194730759487,0.001158194730759487
ABLIM1,21466.698447049104,-0.44564329606362646,0.21821462117608612,-2.042224731146769,0.04112924436513871,0.07879165587191324,0.07879165587191324
RUNX2,22968.177770283655,1.2970254252660427,0.1694385352091564,7.654843236604846,1.935481973647057e-14,1.4888322874208131e-12,1.4888322874208131e-12
PTPRA,20535.151929367345,0.13225186980425294,0.05552809815311053,2.3817107771202237,0.017232425818500683,0.037707715138951166,0.037707715138951166
USP9X,22199.119484304072,0.11158344106735206,0.07301929372996288,1.5281364057012878,0.12647867417776362,0.19731462430228333,0.19731462430228333
PAK2,18040.887887876503,-0.20646289999017983,0.029645344847738606,-6.964429020832562,3.297383335653685e-12,1.6486916678268426e-10,1.6486916678268426e-10
EHMT1,21945.650237361817,-0.19984310926306922,0.0831767514805877,-2.402631813646988,0.016277567015815092,0.036012316406670554,0.036012316406670554
DNAJC1,16268.09205361618,-0.06086053335201155,0.08873421126394472,-0.6858745064063126,0.49279224761017937,0.5856117024482227,0.5856117024482226
MAPKAP1,21352.587366178745,-0.0765660331658125,0.06054813081592821,-1.2645482549837939,0.20603331222361887,0.28952348197860783,0.2895234819786078
IL1B,823.7104466044453,-2.680775022077727,0.24627048043246091,-10.88549069043995,1.3516869458955521e-27,6.75843472947776e-25,6.75843472947776e-25
SH3GLB1,9655.770638521986,0.36576274876790066,0.07984443747551098,4.58094214615869,4.62885891737274e-06,3.703087133898192e-05,3.703087133898192e-05
LARP4B,22617.51621421681,0.11598485185165587,0.09457277938910284,1.2264084084327993,0.22004502338379583,0.30604314796077303,0.3060431479607731
RBX1,4263.151635793121,0.062633719981292,0.04375221496576752,1.4315554088015359,0.1522710988708469,0.22928105308099783,0.22928105308099783
LAMP3,20757.47645535024,1.8089727444015784,0.36090591027632696,5.012311222657844,5.378012723833131e-07,6.5160280326694305e-06,6.5160280326694305e-06
PTPN2,18176.81974867608,0.28475465463711486,0.1517138779618284,1.87691896392471,0.060529201297100876,0.10746648873849242,0.10746648873849242
GABARAPL2,2555.3001324051734,-0.2351401186310411,0.14129743832173705,-1.664149905503753,0.09608247604564137,0.15674139648554872,0.15674139648554872
BRWD1,21408.122322628995,-0.2238814979033294,0.12458665114291209,-1.7969942674397532,0.07233652983491087,0.12482576330441912,0.12482576330441912
STK3,22174.34776052194,0.3661525004074857,0.2404711989665491,1.5226459633464031,0.12784730386079662,0.19913910258691062,0.19913910258691064
SPG11,22184.464449687246,0.18399636436513447,0.051149678746362406,3.597214466928,0.0003216432715945391,0.0013600138333807151,0.001360013833380715
SPCS2,3509.0382393016444,-0.2612288306952477,0.04541545311469834,-5.751981160146195,8.82036309476683e-09,1.9385413395091936e-07,1.9385413395091936e-07
WDR70,22486.048303095642,-0.2320708186858108,0.06155423252262424,-3.770184586421628,0.0001631268503466687,0.0007694662752201355,0.0007694662752201354
MNDA,9042.584291626126,-0.16021122042757066,0.28852364896850446,-0.5552793367210583,0.5787036101801547,0.663650929105682,0.6636509291056819
KTN1,14621.60549503928,-0.10138118007618334,0.07394127851326852,-1.3711039640461562,0.17034254943950966,0.24903881497004338,0.24903881497004338
ANKRD22,16870.666309229193,0.9250081806762961,0.43538450269711787,2.1245776433154138,0.03362187098971328,0.0663153273958842,0.06631532739588418
MAX,14213.094119627427,0.055571882814332924,0.06052173899605577,0.9182135830226981,0.3585070588530923,0.45066883576755784,0.4506688357675579
ADAM10,21134.682174350943,-0.22789768546383088,0.07115551178212443,-3.202811416234982,0.0013609306851287254,0.004513866285667414,0.004513866285667414
NAPA,8467.622528430287,0.6637287749134343,0.19516248842136127,3.4009034230001483,0.0006716355172756625,0.0025440739290744792,0.0025440739290744792
SSR4,967.6869138797005,-0.13562898781068036,0.15207055929629212,-0.8918819555757849,0.3724562073959171,0.4641198846055042,0.4641198846055042
SEC11A,7369.150998348186,0.223892117431759,0.03872525573006594,5.781552973914415,7.40141666207292e-09,1.7212596888541675e-07,1.7212596888541675e-07
CMTM6,8256.50457637882,0.09114339074854601,0.12113761330072138,0.7523954638456067,0.45181327369404467,0.5459979138296612,0.5459979138296612
ARF6,6346.319012998654,0.08261665217575537,0.09312705118171828,0.8871391408554962,0.3750039933438313,0.46628765484385876,0.4662876548438588
COMMD6,1265.317078870339,-0.17179856370205465,0.16945729567349183,-1.013816271640933,0.31067042951650436,0.40190223740815567,0.4019022374081557
RIN2,21670.870640495206,0.2625499711812688,0.3826827990569305,0.6860772729484769,0.49266438165826765,0.5856117024482227,0.5856117024482226
PUM1,21302.66933363916,0.007832470601012064,0.054984184352740204,0.14244951877005926,0.8867249508278652,0.9170610951439099,0.9170610951439099
DMXL1,21939.43441269991,0.17023168093338642,0.16273744613385985,1.0460510778408199,0.2955374506027416,0.3870824500363348,0.3870824500363348
RREB1,22230.334116720525,-0.38976245713796753,0.10661459405477298,-3.655807730578874,0.00025637345898610347,0.0011219845032214592,0.0011219845032214594
RGS10,4912.266617254746,-0.46102434507431395,0.15851183694040263,-2.908453740572385,0.003632209094066284,0.010076664490531274,0.010076664490531274
ARID1A,21846.423225270075,-0.3266113505716238,0.05661120402676855,-5.769376507469899,7.956535928935965e-09,1.787985602008082e-07,1.787985602008082e-07
MORF4L1,8959.273058144114,-0.1342634549994746,0.039291172660548025,-3.4171404391370466,0.0006328262557247144,0.0024199856815476646,0.002419985681547665
SIDT1,22269.250939161906,0.6709519185731607,0.14539447840775108,4.614700131125418,3.936632808041932e-06,3.266915193395794e-05,3.266915193395794e-05
PRKCQ,22136.193021268176,-0.2171180188917746,0.20927240236389105,-1.037489972109372,0.2995075667499376,0.39100204536545385,0.3910020453654538
HSPD1,5038.930564579992,0.06959982784596257,0.11316563948248834,0.6150261524986363,0.5385374493558106,0.6247534215264624,0.6247534215264624
CLEC2B,6632.126057987749,0.35146484755553964,0.10276617682841627,3.4200440106122034,0.0006261100538144965,0.0024081155915942174,0.0024081155915942174
OSTF1,9516.675194489828,-0.010332535105755967,0.08530289427762827,-0.12112760291728814,0.9035899661741458,0.925566454343572,0.925566454343572
JTB,1960.7984791118226,-0.12048234750306815,0.12746671578339794,-0.9452063369060342,0.34455354490209167,0.4364199428778869,0.4364199428778869
FKBP1A,3202.3852785809977,-0.5651935797626745,0.07299232542777112,-7.743191855450016,9.695157589472347e-15,8.430571816932476e-13,8.430571816932476e-13
SSR2,2796.1719469513173,-0.11304876012701495,0.08625089200672252,-1.3106967069767088,0.18996025167616548,0.27079152056474054,0.27079152056474054
RBPJ,18079.399516300546,-0.6411199690729426,0.09095643766104886,-7.048648623004455,1.806637184786709e-12,9.76560640425248e-11,9.76560640425248e-11
SNRPD2,1514.249640953268,-0.28976918142590113,0.16878549658251862,-1.7167895778547182,0.08601762590446967,0.1437220148779777,0.14372201487797773
SPTLC2,17515.784852329165,0.44664008466365246,0.1874767325380459,2.3823760880460876,0.017201319910616075,0.03768087603639885,0.03768087603639885
UBL5,1772.422980609208,-0.32046200474874326,0.14343696797711028,-2.2341660540390302,0.025472149102101944,0.05225056226072193,0.05225056226072194
MAP1LC3B,3365.9935266512916,-0.17492118793226893,0.10457590272073831,-1.6726720342006718,0.09439187752711535,0.15448722630222728,0.15448722630222728
TLK1,20408.621420010353,-0.24709267744560337,0.11460205355832027,-2.156092930043871,0.031076409455108117,0.062090728182034205,0.0620907281820342
HCK,14880.49366926687,-0.6804422023180963,0.28040340990999973,-2.4266545208437225,0.015238759437377165,0.033939330595494796,0.0339393305954948
STK24,19676.47004179255,0.3280350546981648,0.09188170827642668,3.5701888966982342,0.0003567238932430052,0.0014801821296390259,0.0014801821296390257
TAF15,18142.702652748914,-0.2283512538521351,0.07874432450752887,-2.899907457207307,0.0037327284765647927,0.010282998558029732,0.010282998558029732
ZFAND6,14253.732142603922,-0.020550318180030402,0.06144340871518485,-0.33445927903006606,0.7380330139569382,0.8043956555388974,0.8043956555388972
MYO5A,21907.00521378002,0.11132602030776063,0.12586690387994476,0.8844741300218713,0.3764403215620007,0.46733745693606543,0.46733745693606543
CIRBP,4491.581390663648,0.11157799571865046,0.05669494509680745,1.9680413399841805,0.04906328133383402,0.09077387850848108,0.09077387850848108
NFAT5,21508.242169244735,0.11124776776413928,0.06226955168900557,1.7865516090391478,0.0740099888417928,0.12672943294827535,0.12672943294827535
EPC2,21554.8696452278,0.07478117298933297,0.06834431582307325,1.094182772754989,0.2738748254542488,0.3651664339389984,0.36516643393899845
DECR1,13170.277093372713,0.10170745306095595,0.07187628430211403,1.415034931876195,0.1570582542974117,0.23441530492151,0.23441530492150997
DRAM1,13607.414541408521,0.5231744918299038,0.33932064429642944,1.5418292421160802,0.12311509407418847,0.19281925461893262,0.1928192546189326
RSRC1,20122.837611465493,-0.06470962529858174,0.04915187434597289,-1.3165240626044106,0.18799820751373564,0.2684053605163966,0.2684053605163966
SLC25A3,3348.7275406341037,-0.3923773837248521,0.07320613093427862,-5.359897848953553,8.326902235579179e-08,1.3600060251404368e-06,1.3600060251404366e-06
RBCK1,6759.827219237574,0.701714139341251,0.19470351327717017,3.6040137516282305,0.0003133404666210866,0.0013277138416147739,0.0013277138416147739
SCARB2,13147.853900026306,0.4691903481514316,0.22706338588316008,2.066340842785031,0.038796307478109915,0.07499161624051279,0.0749916162405128
UBXN1,1954.249293414248,0.08331683363825326,0.08517156517640885,0.9782235827847705,0.32796375516200904,0.4188553705772785,0.41885537057727845
EWSR1,12009.39881481782,0.13338228418985157,0.07969735065901522,1.673610014472465,0.09420726906039492,0.15431166103258792,0.15431166103258792
BAZ2B,20379.648560002883,-0.5194180217887157,0.15854958119987703,-3.2760605096389783,0.0010526600501976555,0.0036806295461456486,0.0036806295461456486
EFR3A,19124.12321973277,0.29355459513964244,0.1035924523863676,2.8337450111208407,0.004600602540091414,0.012284652977547167,0.012284652977547167
TRA2A,19673.4473739849,0.2555660672621234,0.04385531388039699,5.827482342484375,5.626980150512715e-09,1.3397571786935035e-07,1.3397571786935035e-07
NEDD8,2457.2664802841487,-0.1258673983092038,0.08042510883037868,-1.5650261484217025,0.11757677826939116,0.1855987028719671,0.1855987028719671
SFPQ,14585.938323404813,0.01745901383296216,0.04864576802926294,0.35890098029616196,0.7196691662508092,0.7901109857960221,0.7901109857960221
KDM5A,19247.584974284164,0.05513296589718886,0.04462875371860844,1.2353687097070016,0.2166933125946625,0.30180127102320686,0.3018012710232068
NSD1,18405.325066039713,-0.30252210995327966,0.062448102901092144,-4.844376304471996,1.2701001449884398e-06,1.3093815927715876e-05,1.3093815927715874e-05
EIF3F,2768.8593564718744,-0.13846325003630333,0.10205547990743682,-1.3567448819199905,0.17486228625247213,0.25397572440446203,0.2539757244044621
EMB,19072.116430423073,0.05981486462036018,0.1369621547869442,0.43672549335549726,0.6623104385557513,0.7433338255395638,0.7433338255395638
LSM14A,15818.3681794057,-0.10642006270759961,0.07776210903268789,-1.3685336474460221,0.1711450972814338,0.250029360528026,0.250029360528026
C1GALT1,18781.37560293047,0.7682810687848757,0.1558242911322756,4.930431983372218,8.204798043383632e-07,9.05644353373407e-06,9.056443533734072e-06
HUWE1,21181.865566084878,-0.0055495642934079445,0.05476263751144268,-0.10133851373116133,0.9192817440079867,0.9370863853292423,0.9370863853292424
ZMYM2,20894.585640828638,-0.09742007805732805,0.06335984993416319,-1.5375680049519789,0.12415427547744097,0.1941427294408772,0.1941427294408772
TMOD3,16498.39799713266,0.059634297301027935,0.03413898513430519,1.7468093168681604,0.08067041992583503,0.13598893242089938,0.13598893242089938
MDFIC,20724.035154368794,-0.33317346253114855,0.09080229507519086,-3.669218517607477,0.0002432930561433404,0.0010717755777239664,0.0010717755777239664
CYSTM1,3050.57226214689,-0.1930589086833687,0.21104364084352323,-0.9147819280966197,0.36030612393569583,0.4523617375212754,0.4523617375212754
CUL3,21148.396562070615,-0.07043273582459927,0.06728331028649095,-1.0468084213558775,0.29518794556543493,0.38687804137016374,0.38687804137016374
ANAPC16,7280.620170377363,-0.2022494854471738,0.1072678515587458,-1.885462256474959,0.059367455593786984,0.10582434152190193,0.10582434152190194
CD2AP,20388.538365218792,0.6373253477146887,0.13902127871342101,4.584372648653834,4.553515138988875e-06,3.664345686660273e-05,3.664345686660273e-05
CYFIP2,20730.891569650757,-0.2501001525166235,0.1510962474961099,-1.6552373514309981,0.09787636136514631,0.15927804941439597,0.15927804941439594
TRPC4AP,19602.009883375904,0.28504627055324583,0.10562502152392926,2.698662366555531,0.006961876783915681,0.017361288737944344,0.01736128873794434
ZNF267,17182.933430815003,0.5705773434005137,0.18022989861121988,3.165830685125811,0.0015464077743325409,0.005053620177557323,0.005053620177557323
TDRD7,19784.935195607668,1.0893215361087136,0.2630098014800451,4.141752626627346,3.446619657368581e-05,0.00021080242552713033,0.0002108024255271303
APOBEC3G,4192.195286727972,0.5365549210505739,0.1434487981126981,3.7403932839439946,0.00018373254282601134,0.0008466937457419876,0.0008466937457419877
NIN,20622.70475361575,-0.12099297386651638,0.07384473678815398,-1.638477962398612,0.10132202751820078,0.1634226250293561,0.16342262502935612
PNPT1,16486.022122019876,1.0864314397556794,0.3094903551401658,3.5103886816235126,0.00044745211490263427,0.0017933952501107584,0.0017933952501107586
HIPK2,20699.122480726583,-0.13602239634756333,0.06333969753464481,-2.1475062502968756,0.031753000131795925,0.06319005001352423,0.06319005001352423
COX6B1,1598.1998688042434,-0.1893842823158897,0.1327705414463676,-1.426402877120081,0.15375208369320198,0.23068579698905026,0.2306857969890502
USP47,19215.898753082456,-0.22258862761875883,0.0930686728249838,-2.3916600598499786,0.016772368947863808,0.036943543938026006,0.036943543938026006
SYK,19437.823942099192,-0.6781938844592144,0.22319219048242114,-3.0386093841066972,0.00237672804150792,0.007052774707629525,0.007052774707629525
ATP2B1,14923.208688707184,-0.6117340197102349,0.11627446095229836,-5.261121098305491,1.431796906697613e-07,2.121180602514982e-06,2.1211806025149823e-06
EXOC2,20841.419801084015,0.3028098260907267,0.0982433341235479,3.082242971415466,0.002054470687518694,0.00640022021033861,0.00640022021033861
FNBP4,19456.548437501384,0.1974610411706464,0.06203682596716869,3.1829649259481343,0.001457752716066067,0.0047873652415962795,0.0047873652415962795
IL6ST,20244.434945520235,0.09415057046732526,0.13153709287892834,0.7157720184220961,0.4741321329540311,0.5675516889678396,0.5675516889678396
ATF5,8907.552769565076,0.4607029617652471,0.3921727604703862,1.1747449292823482,0.24009677844646538,0.3298032670967931,0.3298032670967931
CPQ,20341.012512366226,-0.6361846816470353,0.08500077940157727,-7.48445703822841,7.184353025499768e-14,5.131680732499834e-12,5.131680732499834e-12
BRD4,19559.69124811355,-0.006177920268695135,0.04607634540499348,-0.13408008413847874,0.893339247985077,0.9209682968918319,0.920968296891832
RPL22,2632.030086634491,-0.48613255841540337,0.19662567722041072,-2.4723757613328665,0.0134218356678645,0.030297597444389392,0.03029759744438939
UQCRB,4009.889657069816,-0.6463780020914265,0.21134238653650278,-3.058439968831264,0.0022249265196273883,0.006795913040692579,0.006795913040692578
SENP7,20587.168804788784,-0.15911785327382807,0.12244198492589466,-1.299536701974659,0.19375980645418978,0.27483660489955997,0.27483660489955997
HM13,14260.978735270292,0.34772243710941303,0.0916389288040668,3.7944838688902447,0.00014795089983979156,0.0007095966419174656,0.0007095966419174655
NCF2,9888.112552854987,-0.7734098098354835,0.24266994183820928,-3.1870853224629045,0.0014371437284156552,0.004743048608632525,0.004743048608632525
SUMF1,20956.71401808528,-0.5490435902273408,0.10221459891963473,-5.371479182333055,7.809338496858836e-08,1.3015564161431393e-06,1.3015564161431393e-06
FGD3,20106.62258046142,-0.31542917842618684,0.13546157203372985,-2.3285509956111037,0.019882864705021958,0.04257572741974724,0.04257572741974724
TRIM56,20000.81600735218,0.5413479801631144,0.11570759053162431,4.678586579116063,2.8885919649458976e-06,2.5118190999529543e-05,2.5118190999529546e-05
SLC25A5,1802.6798712473271,-0.5355746417038668,0.1545518787472143,-3.4653389272598556,0.0005295636385733553,0.0020848962148557293,0.0020848962148557297
SYF2,3550.840293631311,0.0806265715057704,0.11402648625011028,0.7070863459645756,0.47951282058505196,0.5732370837836844,0.5732370837836843
ST13,3881.728702030012,-0.3280643626902176,0.09401534649721913,-3.489476717505066,0.0004839672152854167,0.0019218560877547301,0.0019218560877547301
CD58,11254.102841523389,0.005266159704312746,0.1617463042143368,0.03255814548525533,0.9740269471848007,0.9774085185934149,0.9774085185934149
NF1,20481.229699505813,0.43480338610590724,0.10468682410563854,4.153372593165603,3.2761065220030935e-05,0.00020160655520019038,0.00020160655520019038
PRPF40A,13621.100051605548,0.06799923795139341,0.047686035805270796,1.4259779997035815,0.15387469261192557,0.23069669057260203,0.23069669057260206
STX11,6383.739297570661,0.6125417487780622,0.27209635769918217,2.251194223831771,0.024373238588495744,0.05041000742191468,0.05041000742191468
TESPA1,19292.658950728204,0.47579819184887606,0.23049041361795208,2.0642862511303064,0.038990583821726064,0.07521978869924505,0.07521978869924505
TBCA,11861.92165281526,-0.024552949244338193,0.04068158013998144,-0.6035397140389787,0.5461497041337764,0.6316940815961838,0.6316940815961838
ATP9B,20910.691314847703,-0.24620942844584423,0.09602482343695648,-2.5640185488858407,0.010346801488122196,0.024374090666954524,0.024374090666954527
ABHD12,17760.240779588916,0.23905992948892518,0.2449516003499457,0.9759476122931897,0.32909042592460813,0.4200260701016058,0.4200260701016058
WDR1,11210.127621733647,0.029066816636773702,0.08044099713597844,0.36134331586714175,0.7178428166281716,0.7896464552779935,0.7896464552779935
PTP4A2,14616.707710412098,-0.17382162765812686,0.05907704130017504,-2.9422872884734637,0.0032579752384217157,0.009177395037807649,0.00917739503780765
CTSZ,13201.151932123035,-0.1966973095248008,0.2717738193116238,-0.7237537082233145,0.46921695370892547,0.5636239684191297,0.5636239684191297
PI4K2B,19552.630084714172,0.7840503366082419,0.18532199744872987,4.230746200677838,2.3291735537401864e-05,0.0001517376907974063,0.00015173769079740627
NAP1L4,18013.497070003366,-0.007424467031483858,0.125280513071753,-0.059262744455968006,0.9527428345536526,0.961880701215197,0.961880701215197
DDX3X,13693.37777184577,0.3419877648613991,0.1778643990232186,1.922744330734537,0.0545121665100472,0.09893315156088421,0.09893315156088421
TPR,15738.283167003692,-0.04350315241513069,0.09182768995604357,-0.47374765101849936,0.6356798688118341,0.7199092512025302,0.7199092512025301
RPS6KC1,20769.68765155261,0.15124429277839946,0.13099750313824715,1.1545585919968644,0.2482712317491914,0.33801393022354176,0.3380139302235417
LINC00861,19902.488875368694,-0.2803398417684112,0.261813474969246,-1.0707617008686867,0.28427659172815556,0.3760272377356555,0.3760272377356555
STX8,19159.65332584357,-0.1321397667083173,0.05901590931424935,-2.23905330348629,0.025152448115511185,0.05180596512274947,0.05180596512274947
PPIA,3257.3012423581367,-0.1884056060103,0.07507985678948823,-2.5094028420773205,0.012093547903811256,0.02773749519222765,0.02773749519222765
CALM3,4920.62170716713,-0.32414098991183626,0.11465316766220883,-2.82714378085759,0.004696523541675122,0.01245762212645921,0.01245762212645921
KIF5B,12681.284592354104,0.0017368978596847373,0.05428708241837314,0.031994680544793735,0.9744762930376347,0.9774085185934149,0.9774085185934149
TRIM25,18690.700197551978,0.9951657296430712,0.2673910616071885,3.721761391953414,0.00019783792579349693,0.0008992632990613498,0.0008992632990613497
ATP6V1B2,6558.119956992356,-0.6264925887348793,0.18846060538370954,-3.324262847714661,0.0008865259714117973,0.003217880114017413,0.0032178801140174134
RHEB,6151.5116187109525,0.21680389398928962,0.07567817711741205,2.8648139033915405,0.004172543747045217,0.01124674864432673,0.01124674864432673
VAPA,8185.697619330182,0.04348951193190562,0.06518201151063872,0.6672011330120957,0.5046436675212004,0.5961531807692857,0.5961531807692857
ASAH1,7648.203405741634,-0.6630058781525362,0.18465559972833198,-3.5904997147552535,0.00033004459162551744,0.0013867419816198212,0.0013867419816198214
TNRC6A,20241.03859947034,-0.1294371685310715,0.08231002656538501,-1.5725565150711,0.1158215433401784,0.1834070361681368,0.1834070361681368
LYSMD2,3249.0906046985456,0.3932441850437553,0.12125894792745076,3.2430116850348503,0.0011827336038439953,0.004022903414435358,0.004022903414435358
COX5B,1547.5089941886954,-0.18466813717066963,0.12722501131544145,-1.451508121408642,0.14663842243028496,0.22285474533477959,0.22285474533477959
FLNA,12367.83560915492,-0.7222479245499012,0.14636332818083692,-4.934623539426072,8.030550255144798e-07,8.972681849323796e-06,8.972681849323796e-06
DYNC1H1,18518.913059930273,-0.16041213317753772,0.05015688553465878,-3.198207613323434,0.0013828468435896574,0.0045789630582438985,0.0045789630582438985
LGALS9,9779.855605129489,0.8022789258983076,0.30311962809801096,2.646740268627204,0.008127174774339399,0.019870842969044986,0.019870842969044986
AP1S2,3815.56652932601,-1.076783129353934,0.11526110451968062,-9.342120517074129,9.44237458313049e-21,2.0983054629178866e-18,2.0983054629178866e-18
HNRNPR,11705.63594271407,0.0032002743635854906,0.047766836539054,0.06699782936156881,0.9465834312379389,0.9569269238443325,0.9569269238443324
CDC73,16628.545880148802,0.32155103915881394,0.08660091806198286,3.7130211359730656,0.0002047997761975692,0.0009246039557452335,0.0009246039557452334
HSH2D,16920.576199364656,1.0117335754308305,0.2369487271960413,4.269841781398409,1.9561168148644935e-05,0.00013128300770902642,0.0001312830077090264
SF3B1,14251.501929143878,-0.11368364885811853,0.06402159277116946,-1.7757079125546706,0.07578107254411187,0.12909893108025872,0.12909893108025872
EPB41L3,18115.40209415172,-0.6138933291195521,0.26891131885565844,-2.2828839326360493,0.022437206169771053,0.04703816807079886,0.04703816807079885
ACOT9,11010.792387092913,1.4035984587262276,0.3004612936388959,4.6714784514411285,2.990394751251753e-06,2.5890863647201322e-05,2.5890863647201326e-05
DUSP1,1287.7422078509637,0.8888863716268812,0.37350777438834437,2.3798336542860983,0.01732045484770012,0.03785891769989098,0.03785891769989097
TNFRSF1B,14977.315904329225,-0.19694215254846242,0.219323623809862,-0.8979523004744682,0.3692109799714657,0.46070467320709113,0.4607046732070912
HSBP1,1108.5447930372084,-0.12480057678146768,0.08986633187895622,-1.388735627371166,0.1649131562514895,0.2434142527697262,0.24341425276972622
ATF6,19390.426626201323,-0.07618237979351834,0.04285394078238644,-1.7777216844624555,0.07544957642991215,0.1286437790791341,0.1286437790791341
DLG1,20463.363545045268,-0.05841595042893482,0.07618347251375028,-0.7667798342795595,0.4432124280200206,0.5375529751607284,0.5375529751607284
CNOT4,18308.636217566742,0.10093979056648443,0.040134315677923874,2.51504949969801,0.01190156724833571,0.027422966009990113,0.027422966009990113
PRRC2B,19922.89771548102,-0.23537636458600864,0.12293320733595856,-1.9146687025154994,0.05553476737477373,0.10051541606293889,0.10051541606293887
SF1,13647.129264901605,-0.1368536772285212,0.10181433745699546,-1.3441493668445834,0.17890009105484606,0.2581530895452324,0.2581530895452324
RNF216,19588.113503802782,-0.204683217207684,0.0981043787831605,-2.0863820733230884,0.036944027525037705,0.07187553993197997,0.07187553993197997
TRPM7,20215.75160142486,0.23950840109870677,0.07284309498648428,3.2880041841048424,0.0010090033989095112,0.0035590948815150303,0.0035590948815150303
UBE2E1,15430.709265156234,-0.21626987702352746,0.07096311624503411,-3.0476378218334186,0.0023064773119158047,0.006952111899081771,0.006952111899081771
TUBA1B,4764.615242021933,-0.2177256178257066,0.20437432174384754,-1.0653276594042618,0.2867276803042118,0.3777703297815702,0.3777703297815702
PKN2,18887.458622807742,-0.01857980034213168,0.06847871345107598,-0.2713222752849447,0.7861431756066846,0.8390001874137508,0.8390001874137508
RUNX3,18000.564436802317,0.4646295269306295,0.09203557116730865,5.048369027731612,4.455977915779984e-07,5.676404988254757e-06,5.6764049882547565e-06
CCR1,10434.025433309886,0.438369365026791,0.33239552678337825,1.3188184849204538,0.18722980293269353,0.2676623344284396,0.2676623344284396
SPATA13,19822.49582256148,0.39499202413279805,0.12274119138951355,3.218088562292906,0.0012904796554597656,0.004337746741041229,0.004337746741041229
UBE3A,17610.092374481028,0.14408220793745585,0.04532562013177038,3.178824857080408,0.00147873412391833,0.004848308603010918,0.004848308603010918
RBM33,19193.8095566245,-0.0645967680257023,0.07407274457986134,-0.8720720204454887,0.38316908891601553,0.4742191694505143,0.4742191694505143
GRK5,19496.725686573405,0.2817543678541853,0.11085146430952536,2.5417288766475448,0.01103057003520869,0.02583271671009061,0.02583271671009061
CAPZA2,10744.088826718647,-0.10400613010297095,0.09163454972264368,-1.1350099980604822,0.2563711292954829,0.3471511567982165,0.3471511567982165
UQCR10,1147.590132677565,-0.05967682798810683,0.15131269708649214,-0.39439405375211073,0.6932901331972406,0.7703223702191563,0.7703223702191563
MON2,20229.950937353347,-0.1083981494307394,0.056793448369456476,-1.9086382768234222,0.05630877058418194,0.10160018270985108,0.10160018270985108
GSAP,19081.103236718784,-0.41973044400629184,0.20794492427,-2.0184692917116123,0.04354240920988684,0.08285900896267714,0.08285900896267714
FNIP1,20098.63564500379,-0.07326637708870197,0.08995112454099458,-0.8145131866062592,0.41535102107240196,0.5071441038735067,0.5071441038735067
PBRM1,18501.29230194667,-0.0991124928904482,0.05454745715934487,-1.8169956594112033,0.06921777797764914,0.12069359717114062,0.1206935971711406
DDHD1,19258.16222899533,0.45827167882650055,0.09049020604584558,5.064323520208625,4.098531142394879e-07,5.341722201811976e-06,5.341722201811976e-06
HNRNPD,17593.326555101197,-0.12102160499082235,0.03116352383422956,-3.88343775352818,0.00010298990652527058,0.0005281533667962594,0.0005281533667962594
GZMB,1553.6803092898188,0.6586587579663445,0.23350930575228365,2.8206959711707467,0.004791959436584514,0.0126771413666257,0.0126771413666257
PBX3,20078.863517042617,-0.37791919841137417,0.09702343504768725,-3.8951331523731976,9.814479980760647e-05,0.0005072082677395683,0.0005072082677395683
PPIG,12036.293038871756,-0.13395464505875213,0.07404245135771341,-1.8091600507875045,0.07042614200003086,0.12226760763894247,0.12226760763894247
OPTN,13215.40145720526,0.998576493858021,0.1022227664223081,9.768631086862285,1.535121769051358e-22,4.386062197289594e-20,4.386062197289594e-20
CCDC88A,18136.422612184902,0.2993473397436905,0.2374028713695097,1.2609255230016418,0.20733568156962578,0.2906083805089269,0.2906083805089269
MIER1,17441.38276326368,0.45642894719343924,0.07312654032426541,6.241631905044241,4.3302904146383363e-10,1.2926240043696527e-08,1.2926240043696525e-08
DAPP1,15281.197654903794,0.986353857115661,0.21499460799136252,4.5878074168040905,4.4792555001361465e-06,3.6269275304746124e-05,3.6269275304746124e-05
SYNRG,18821.523185073394,0.050589382579494614,0.07027743154077218,0.7198524685715735,0.4716158358551349,0.5651477961116057,0.5651477961116056
UBE2K,17236.036109971068,-0.06047772276315178,0.035941128776158016,-1.6826884636764776,0.09243541615989208,0.15228239894545648,0.15228239894545645
CCNL1,11503.878831721042,0.3207538808476356,0.12134019038871642,2.6434265499344636,0.00820715701191907,0.020027625729313915,0.020027625729313915
PSPC1,18225.09547195743,0.10327152554269263,0.07753353172876858,1.3319595179020338,0.18287349143487186,0.263002487658954,0.26300248765895406
ARID5A,7818.724502140337,0.34967508661765456,0.13778265366469852,2.5378745242387883,0.011152796301289805,0.02602752929122475,0.02602752929122475
MARK3,18162.47657977332,-0.1623610004652138,0.06508353426931407,-2.494655557477379,0.012607944987837912,0.028687019312486715,0.028687019312486715
MAP3K2,19021.53659880579,-0.27742541788359776,0.04295178952358997,-6.458995561319518,1.0540020368711859e-10,3.764292988825664e-09,3.764292988825664e-09
IFNGR2,6616.343692882595,-0.3225103465696246,0.17073564519696838,-1.8889456047538404,0.058899117778137715,0.10536514808253616,0.10536514808253616
WDFY2,19433.177168029684,0.0886389708085807,0.13422686488592175,0.6603668414956588,0.509018445528767,0.60049522836599,0.6004952283659899
PDS5A,19379.33592539979,-0.20151332799778088,0.06925692138197483,-2.9096489416035145,0.0036183493446204553,0.010064949498248831,0.010064949498248831
PLEKHA2,19001.137541631106,0.05246542177323262,0.09707292266868343,0.5404743190055246,0.5888699668684108,0.6741499334498119,0.674149933449812
PLP2,1129.8511515048783,-0.3997307317928789,0.15857617988761266,-2.5207489048870966,0.011710538339122056,0.0270763892234036,0.027076389223403597
MPHOSPH8,13915.321152152223,-0.17142112414688657,0.11112850246847022,-1.5425486741848498,0.12294031943060059,0.19269642543981283,0.19269642543981286
ATP6V1H,15525.456701783469,0.5955942681237366,0.16224382717387886,3.670982609929624,0.00024161978117961673,0.0010692873040025,0.0010692873040024998
CFD,664.4541788930261,0.14098577627308667,0.3898029256755733,0.3616847565439436,0.717587619475477,0.7896464552779935,0.7896464552779935
SSBP1,4878.51097659116,-0.06498700639324656,0.10270017962178123,-0.632783765642643,0.5268748596564177,0.6151486977891625,0.6151486977891625
CD300E,6238.684878974364,-0.8227099799815117,0.45538260575819806,-1.8066346179642168,0.07081926817118958,0.12273703322563186,0.12273703322563186
ANXA4,14962.558971789085,0.5240581053780596,0.26255301404917375,1.9960087195186738,0.045932973699869775,0.08609742024342976,0.08609742024342976
GAB2,19762.98400496141,-0.6110739243721466,0.18391467382257864,-3.3225947210805256,0.0008918438628007856,0.0032313183434811072,0.0032313183434811072
UBE2I,4449.606022215446,-0.06023424258317463,0.04423796357706822,-1.3615961882657377,0.17332535885814837,0.2522930987745973,0.2522930987745973
CIR1,9576.782646151829,0.3429186588416286,0.061142558048995106,5.60851017333686,2.040757049867464e-08,4.081514099734928e-07,4.0815140997349273e-07
ITGAL,19600.290465093854,-0.47752411526036304,0.14441073620508393,-3.3067078515700543,0.0009439928794378904,0.003389561506060648,0.003389561506060648
RSU1,17776.250193373216,-0.034259326245227595,0.05641779206678803,-0.607243300210526,0.5436894603782606,0.6292702087711349,0.6292702087711349
STX7,15046.539971783755,-0.339480454334484,0.150078725910067,-2.2620158338625145,0.02369642503779489,0.04936755216207269,0.049367552162072684
HNRNPDL,8822.146845833113,0.3358640604627995,0.04636844439332404,7.243375637401283,4.376525540972814e-13,2.823564865143751e-11,2.823564865143751e-11
LGMN,10639.201893898724,0.8414093135931716,0.39708518387210673,2.118964261996169,0.03409348732447017,0.06704717271282236,0.06704717271282237
SMAD2,18522.860307936295,-0.1469114878594055,0.045612307711437414,-3.220873821794529,0.001278004009409929,0.004304569306303406,0.004304569306303406
TSPO,1194.7294975571124,-0.9498254750606367,0.16781724886049734,-5.659879908114839,1.5147895924349566e-08,3.1232775101751684e-07,3.1232775101751684e-07
YWHAE,12599.947165947631,0.05752631284105223,0.03377391899333892,1.70327621299731,0.08851638993422088,0.14691517001530438,0.14691517001530438
NABP1,17695.132064478657,0.4654211159892611,0.23414612523660028,1.9877378518177988,0.046840690301090296,0.08747094360614434,0.08747094360614435
TCF4,18056.731217375156,0.2825584065265082,0.25287378823042495,1.1173890678975154,0.26382800733961953,0.3550848012646292,0.35508480126462927
ALOX5AP,2477.6602611894646,0.5270983021836168,0.13229431457751487,3.9842853705914583,6.768349824655177e-05,0.0003708684835427494,0.00037086848354274946
WWP1,19424.092412999933,-0.5670899345422582,0.12116352190599175,-4.680368526942057,2.8635970116630297e-06,2.5118190999529543e-05,2.5118190999529546e-05
CACYBP,1933.2617438906993,-0.35830789546597996,0.11597969508631308,-3.089401944015495,0.0020055989881469453,0.006277305127220485,0.006277305127220485
PPIB,4019.1490816113305,-0.31272241039379184,0.12610512074343716,-2.4798549698075343,0.01314358310479631,0.029770290158089036,0.029770290158089036
SLC23A2,19360.554520876034,0.19222314802398358,0.22303220329748397,0.8618627497823408,0.38876304945919804,0.48025083317998524,0.48025083317998524
HNRNPH1,18403.5012386632,-0.1978455665968637,0.0773035870371555,-2.559332292067772,0.010487344374032342,0.024676104409487865,0.024676104409487865
RTCB,7502.664358074995,0.40740924445929555,0.20842886486031115,1.9546680577680107,0.050622262620425795,0.09297017928452855,0.09297017928452854
EIF6,773.0494224972108,0.16248183908566088,0.0851395752006427,1.908417310078784,0.05633730131261242,0.10160018270985108,0.10160018270985108
TRMT112,1406.3227381842232,-0.21190768333979204,0.15121070690856078,-1.401406604546433,0.16109251840407723,0.2388324957806927,0.2388324957806927
LMAN2,5097.588267470902,-0.15606586454940619,0.04783953208864275,-3.26227824010128,0.0011052060696286436,0.0038176375462129312,0.0038176375462129312
MYO1E,19552.113637375183,0.29211941707699296,0.26726864634198005,1.0929804938781165,0.2744023642260456,0.36562606825589017,0.36562606825589017
PPP1R2,8518.588587645818,-0.0940453104116679,0.12778966339105194,-0.7359383217395118,0.4617682343294043,0.5560123230938041,0.5560123230938041
ANKFY1,18848.021100746828,0.44333039929299034,0.15767747580516425,2.8116279578244643,0.00492914805718739,0.012971442255756289,0.012971442255756289
PRELID1,1469.317973216225,-0.2943773515492592,0.14100935043753363,-2.0876441926428617,0.03682994243791712,0.07172335430947832,0.07172335430947832
FAM177A1,3807.6211474746524,0.5586640138231523,0.12044627721047113,4.638283778974152,3.513142050880735e-06,2.9646768361862742e-05,2.9646768361862742e-05
DAD1,1331.2922790311818,-0.4604948981510486,0.07977593323683232,-5.772353634321878,7.81718390577306e-09,1.7766327058575134e-07,1.7766327058575136e-07
ARHGAP30,15548.940905323003,-0.16973427261704893,0.06957302705420092,-2.4396562835309337,0.014701242153306922,0.0329624263527061,0.0329624263527061
XRCC6,7498.104736476086,-0.023400996731414443,0.07480473779540517,-0.3128277355294979,0.7544115422995952,0.8142596247162388,0.8142596247162388
GPCPD1,15385.196072362698,-0.2273954166854893,0.12953321628488984,-1.755498884435676,0.07917401130744509,0.13407961271370886,0.13407961271370886
ITPKB,19186.286547980973,-0.35292066078050577,0.20652223244998785,-1.708874907044065,0.08747412350676842,0.14554762646716876,0.14554762646716876
STXBP2,2666.4522431357777,-0.1563820399871876,0.1181164448257642,-1.3239650094266697,0.18551466581456866,0.265780323516574,0.265780323516574
RBL2,17524.7415547105,-0.725760155387072,0.2106437037698106,-3.4454395854156443,0.0005701313966722921,0.0022139290457480207,0.0022139290457480207
CSGALNACT1,18775.970281353406,-1.0707699851148431,0.28600795263101436,-3.7438468939927305,0.00018122410774877248,0.0008390004988369096,0.0008390004988369096
LILRB2,9846.17807916242,-0.08348268354035314,0.33003376344976554,-0.2529519485149889,0.8003053453507095,0.8497638596407088,0.8497638596407089
MXD1,11535.197483583195,0.37851222147273883,0.2728259466204965,1.3873761867644245,0.16532708245008998,0.24373195274446738,0.24373195274446735
RASGRP1,18820.321377596494,-0.16922951914891599,0.19974629108501882,-0.847222335041436,0.39687120650133023,0.48785643085596836,0.4878564308559683
SPEN,18075.447275773735,-0.19437178367697447,0.07719303431588659,-2.517996415085501,0.011802452232647958,0.027225956707377066,0.027225956707377066
FOXO3,18648.49045973112,0.5337051812139085,0.14197523338837642,3.7591428341163287,0.00017049648526146227,0.0007967125479507583,0.0007967125479507583
UBR4,18264.259889177138,0.07074029107267898,0.07872663432757264,0.898556018263611,0.36888919445385204,0.46070467320709113,0.4607046732070912
SOCS1,1319.245039021147,1.2225761003730322,0.3683610956952702,3.3189609724269538,0.000903530563370525,0.0032618431890632667,0.003261843189063267
ST3GAL5,17426.77659310115,0.3199456920214932,0.23680286518000962,1.3511056624178983,0.17666158787067343,0.25566076392282694,0.25566076392282694
SERPINB9,12541.875412249108,0.9679293188860741,0.17779256937170287,5.444149450714491,5.2053503882187575e-08,9.13219366354168e-07,9.132193663541679e-07
CAPZA1,16603.361412776536,0.16533842149978045,0.06464318723058188,2.557708377064071,0.010536441047741946,0.024733429689535086,0.024733429689535086
EIF4G3,19052.189232488712,-0.4502586875461648,0.11854598511831087,-3.798177450689698,0.00014576395618934036,0.0007024768972980259,0.0007024768972980258
MS4A6A,6977.147689243109,-0.9107762530581444,0.4500330780335823,-2.0237984661878134,0.04299089211115868,0.08188741354506415,0.08188741354506415
MCTP1,18946.16430366741,-0.7853688243732567,0.28567906944264226,-2.749129734654714,0.0059753730474169185,0.015282284008738923,0.015282284008738923
ATXN10,15928.227507489806,-0.11085609868019573,0.09419354555254805,-1.1768969734593129,0.23923663023291497,0.3288476016947285,0.3288476016947285
GPR137B,13332.520825237976,1.3346365752182126,0.282171682443666,4.729874251235913,2.2465894743692788e-06,2.0423540676084356e-05,2.0423540676084353e-05
DNAJB14,16719.323173231533,0.025854646965069922,0.06069582291146905,0.42597077895758195,0.6701291387449158,0.7504245674635115,0.7504245674635115
MKRN1,11050.376598780576,0.5813591559275921,0.12049396427454095,4.824798979996933,1.4014454291091232e-06,1.4227872376742369e-05,1.4227872376742369e-05
ATAD2B,18982.796865950662,-0.0654460608959925,0.07984352266071047,-0.8196790261133771,0.412399109706058,0.5038474156457642,0.5038474156457642
ZFC3H1,17430.852793400158,0.12572693369511967,0.08005472062749373,1.5705124283694074,0.11629594529742522,0.18401257167314117,0.18401257167314117
FUBP1,14624.283204577825,0.24794366265494358,0.06405511026203906,3.8707866029836855,0.00010848472879000798,0.0005520851337913892,0.0005520851337913892
SP3,17489.971042762172,-0.12191312858675052,0.055890281352162445,-2.181293878600838,0.029161686902949024,0.058972066537814005,0.058972066537814005
SHOC2,15570.070407651821,0.26382466666650056,0.06977095422568957,3.781296523666587,0.00015601371080099636,0.0007397462674497428,0.0007397462674497428
LPXN,9847.838886877593,-0.17810299922618386,0.07383167595237072,-2.412284387815864,0.015852910805717112,0.035150578283186504,0.035150578283186504
GSN,17054.25852805191,0.5261943872571206,0.2662997234757827,1.9759479296078686,0.04816067493892769,0.08951798315785817,0.08951798315785817
CNOT2,16655.56372130287,-0.17727151920239007,0.04969181848620738,-3.567418633544154,0.0003605152723728171,0.0014866609170013075,0.0014866609170013077
HNRNPA0,2060.2366870782876,-0.4978635488890351,0.08660997614944081,-5.748339521881389,9.012412734959423e-09,1.9592201597737877e-07,1.9592201597737875e-07
TAOK1,18176.46411723838,-0.10168375273220635,0.03946649280088681,-2.5764577877546175,0.009981839264856757,0.02370702717627904,0.02370702717627904
FOXJ3,18772.096875133062,0.07941965035473252,0.0896152550213443,0.8862291396237902,0.37549406431058885,0.4664522538019737,0.4664522538019737
B4GALT5,17973.758414673302,0.8972337494465384,0.2587796964561928,3.4671721225951186,0.0005259649758319897,0.002074812527936843,0.002074812527936843
CTNNB1,17116.159110954104,0.3289519892335821,0.0877056716121855,3.750635314533966,0.00017638708537091367,0.0008223174143166139,0.0008223174143166138
RAB8A,6106.698950320347,0.08090932797717962,0.12348705122739419,0.6552049560904147,0.5123358038325164,0.6016862053229788,0.6016862053229787
CD163,17399.836440868137,-0.7526765707529799,0.39191432426027023,-1.9205130411439808,0.05479312748812922,0.09935290569017084,0.09935290569017084
XRN2,13309.53243037631,-0.1663282215045725,0.057991616107224385,-2.868142546623251,0.0041288946177869355,0.011144115027765009,0.011144115027765007
ZFR,15375.80073087853,-0.03217537048898436,0.032380785263454004,-0.9936562756956521,0.3203902365183452,0.4112840006653982,0.4112840006653982
GNG2,17048.028448078196,-0.1544114563029868,0.1397904925878421,-1.1045919750655226,0.26933642992092155,0.3603162942085907,0.3603162942085907
DCK,10463.853546704639,0.7815944427811183,0.1098865669518841,7.11273874925362,1.1376250118321175e-12,6.500714353326387e-11,6.500714353326385e-11
TRAF3IP3,14848.061173662247,-0.4514321374852796,0.2215052478697988,-2.0380200551755427,0.0415479272513665,0.07951756411744786,0.07951756411744786
THOC2,15980.449538547256,0.08446568642312599,0.047767708310192246,1.768259131767966,0.07701759276270574,0.1309823006168465,0.13098230061684651
EP300,18297.562682857068,-0.03749616874463391,0.04438021826191029,-0.8448847304749586,0.3981752006913717,0.4891587232080733,0.4891587232080733
EIF3A,14914.33020190021,-0.10950170410901044,0.0475703381566274,-2.3018903869985397,0.02134135446760091,0.04526268179766895,0.045262681797668944
CORO1A,2462.2063493425885,-0.806056943596328,0.14495181524228723,-5.560861326565675,2.6844644440772913e-08,5.16243162322556e-07,5.162431623225561e-07
ITCH,18433.249173437125,-0.08317811236239805,0.06452268949075504,-1.2891296537525145,0.19735301589366283,0.27894419207584853,0.27894419207584853
CHD9,17027.61543859831,-0.46643390883629215,0.11812602360290869,-3.9486126308987752,7.860543034176457e-05,0.00042374895062945856,0.00042374895062945856
ACYP2,17727.125636627406,-0.1524669013416678,0.12177588803148837,-1.2520286553134676,0.21055942257441296,0.2944887029012769,0.2944887029012769
FMNL1,13826.348712996589,-0.2111202853061631,0.08356906316720931,-2.5262971404111916,0.011527193904107811,0.02672926969819903,0.02672926969819903
SLTM,14364.77577197706,0.08615730680066995,0.036688338515537995,2.34835673368477,0.01885645176991117,0.040638904676532694,0.04063890467653269
PPP2R5E,16930.40376694118,-0.014766030506493688,0.04223139087482097,-0.3496458487541179,0.7266044977889511,0.7961923892547456,0.7961923892547456
METTL9,5363.08644284246,-0.21770955431203165,0.06654829200192061,-3.271452170489191,0.0010699668548872774,0.0037160465586393485,0.0037160465586393485
POU2F1,18388.061786878377,0.06440446908869144,0.0429059264956945,1.5010623088433772,0.13333944633943345,0.20579801498973627,0.20579801498973627
SPOCK2,11520.199384333784,-0.31548809040397396,0.254123110757841,-1.2414773668680958,0.21442945414068149,0.29927348798420306,0.29927348798420306
NAA25,18134.753638842292,1.2269077736407565,0.19529599832716063,6.282298583432496,3.3360333775673065e-10,1.0425104304897833e-08,1.0425104304897833e-08
SCAF8,18429.49447451832,-0.012047626889439104,0.06098130312678366,-0.19756263431090332,0.8433872720172361,0.8826659047799434,0.8826659047799436
CD69,3324.1111371251586,0.7333581089053245,0.2524623709467126,2.904821443905852,0.0036746266407471973,0.010164942298055871,0.010164942298055871
HPSE,1508.426175882314,0.3979377255517865,0.2874521495758684,1.384361627279316,0.16624775245662227,0.24448198890679748,0.24448198890679745
RBM26,18085.09704912019,-0.23018301218479326,0.10756753370054631,-2.139892998063822,0.032363415107458826,0.06427689197111981,0.06427689197111981
BMP2K,18334.087184430864,-0.2762461433330388,0.18726757500419197,-1.4751413496268913,0.14017454561934192,0.21528155014555286,0.21528155014555284
CRTC3,16731.045195098948,-0.3805415569763596,0.10255715306223036,-3.7105315973957653,0.00020682447856519828,0.000931641795338731,0.000931641795338731
NOTCH2,17355.33731926115,-0.1477801053329046,0.16430015941459256,-0.8994519899399398,0.3684119573967567,0.46070467320709113,0.4607046732070912
CARD8,16688.78248400918,-0.2813461773441739,0.09076077067284004,-3.0998654513228603,0.0019360857021595932,0.006126853487846814,0.006126853487846814
ERH,1888.170178495314,0.08443893252892089,0.05625534318242772,1.5009939990073116,0.1333571137133491,0.20579801498973627,0.20579801498973627
SSBP3,18022.45879479374,0.2391766082406568,0.14737739341456502,1.6228853197848692,0.10461392230835083,0.16805449366803346,0.16805449366803346
PCMTD1,15715.236665600212,0.1175072257656718,0.05242498742105692,2.241435459428915,0.024997881778787305,0.05154202428615939,0.051542024286159394
DDX6,15655.14787871264,-0.0990375349015107,0.0881356208728172,-1.1236947549779597,0.2611425422771806,0.35241908539430583,0.35241908539430583
DBI,1418.0862508792977,0.18376419908314884,0.15370175865356733,1.1955894369259632,0.23185681557986504,0.31958210279788424,0.3195821027978843
PML,15328.741331302868,0.8872353300250363,0.28894847299976084,3.070565906834782,0.0021365352679567962,0.006614660272312063,0.006614660272312062
RPS27L,3422.324761679402,0.38154777928620187,0.10575698972021362,3.6077783633555485,0.0003088301265508012,0.0013113805798335508,0.0013113805798335508
TAF3,17374.76952942056,-0.14910623006751003,0.08965627408825971,-1.663087514887429,0.0962949186957682,0.15695993267443878,0.1569599326744388
JPX,16820.35587177845,-0.006215498290394091,0.155917715952586,-0.039863964479085884,0.9682015804331444,0.9730669150081852,0.9730669150081853
CD6,14349.595848716426,-0.38268080418951433,0.2482781931663496,-1.541338767247727,0.12323435837914809,0.19285502093763393,0.19285502093763396
SPPL3,18098.26726190676,-0.08647099688202342,0.06220697492080639,-1.3900530767185952,0.16451276058853592,0.24318220338290603,0.243182203382906
DAZAP2,4825.478104926846,-0.2677612834481002,0.05593642158015787,-4.78688618048964,1.6938883289854568e-06,1.660674832338683e-05,1.660674832338683e-05
CNOT1,17492.044750508867,0.0642034193072374,0.05651754743565842,1.135990895222919,0.2559603748204905,0.34682977617952643,0.34682977617952643
TMEM165,9921.889738342474,-0.1848264731955899,0.075012872655277,-2.4639300783075364,0.01374229169552749,0.030916291778464545,0.030916291778464545
BASP1,15185.440492942891,1.0663816511042572,0.3246482603711202,3.2847292940526702,0.0010208039877335142,0.003588063225776851,0.0035880632257768515
FNIP2,17128.426447268692,0.8205263294504284,0.2750034159024477,2.983695045233528,0.002847904581340622,0.008141789555909058,0.008141789555909057
CAMTA1,11871.047017900019,-0.10993023514204525,0.06133498118995186,-1.792292636425467,0.07308610221557582,0.12564682139774105,0.12564682139774105
DENND5A,16497.832206790346,0.6600616545417877,0.19634208074291268,3.3617941301440233,0.000774378345584486,0.002862766527114551,0.002862766527114551
KAT6B,17917.97579478149,-0.2794418056695389,0.13794913282714147,-2.025687294603702,0.04279683950805406,0.081751364867343,0.08175136486734301
SUMO1,2356.9601212045673,-0.028164064621617926,0.05741021967382458,-0.49057580308230303,0.6237265038249471,0.7079756002553316,0.7079756002553316
MAPK1,15688.404815757041,-0.2278638015668096,0.08053949947145243,-2.8292179993939106,0.004666190242824419,0.012425080822856897,0.012425080822856897
DSE,15359.267193059866,0.07394969539038766,0.2605349288284962,0.2838379319153285,0.7765345839973401,0.8314074775132122,0.8314074775132121
OGT,17834.15716298696,-0.37376466217435983,0.1230054621302012,-3.0386021539330517,0.00237678507647115,0.007052774707629525,0.007052774707629525
COX6C,2843.1935622921733,-0.20479376121511958,0.13464001749518165,-1.5210467513675756,0.12824810560179212,0.1994527303293812,0.19945273032938118
ZNF516,18057.171338994212,0.8009748690448854,0.2373922386384063,3.374056682050684,0.0007406911431640129,0.0027586262315233254,0.0027586262315233254
ARL6IP1,5165.3613718780425,-0.166308745350728,0.08607176194701643,-1.9322103043865118,0.05333355385864735,0.09714672833997696,0.09714672833997696
CANX,12226.638650133362,-0.6220680464934184,0.08927377574126283,-6.9680938363839715,3.2126393123440227e-12,1.6475073396636014e-10,1.6475073396636014e-10
RSL1D1,5479.984196793205,-0.16527184749784243,0.15236084600022085,-1.084739628563121,0.27803699092161727,0.3697300411191719,0.36973004111917185
ARHGAP24,17421.33661776807,-0.9827333998787057,0.2408667240435899,-4.079988233247442,4.5037980527318874e-05,0.0002603351475567565,0.0002603351475567565
COX5A,2445.8919083140463,0.4999448345843793,0.12113515073881975,4.127165661949879,3.672618275005711e-05,0.0002210517260987023,0.00022105172609870232
SP140L,15659.3912037902,0.41269074944904144,0.12070831822950015,3.418908949293795,0.0006287276109096326,0.0024135416925513725,0.0024135416925513725
PCNP,6478.986135579351,-0.16130804680132516,0.057845222555442194,-2.7886148531405204,0.005293397439452466,0.013820881042956831,0.013820881042956831
PCMT1,4816.201525818742,-0.16617332361916234,0.06215656217386526,-2.6734638758549716,0.007507236113156216,0.018582267606822318,0.018582267606822318
DTNBP1,15093.669946294647,0.07502069168440456,0.09929527801084155,0.7555313121356427,0.44993025194514435,0.5441215483741272,0.5441215483741272
ATP11B,17738.879205730573,-0.1005072345685962,0.07476372930757848,-1.3443314759635487,0.17884122152978765,0.2581530895452324,0.2581530895452324
ERP29,3159.982761385785,-0.1956476456866718,0.08382199908090882,-2.334084701294511,0.01959128720801375,0.04208654609669979,0.04208654609669978
RABAC1,688.6034978693078,-0.27199549649824667,0.15457062354072687,-1.7596842806717428,0.07846135252121794,0.1330981382887497,0.1330981382887497
CHD6,17473.719368770948,-0.10665360090255539,0.11922973686613084,-0.8945218173407888,0.3710427619000569,0.462646835286854,0.462646835286854
KIAA0319L,17689.234583843576,0.1948767092479426,0.059103458720049816,3.2972132844373467,0.0009764931716496128,0.0034847645077389655,0.0034847645077389655
PRKX,15202.507914215743,0.10650401149337023,0.1746044652387712,0.6099730115591616,0.541879685648774,0.6279023008676408,0.6279023008676408
CMTM7,11075.18898957654,-0.3488205729713173,0.07092850057689426,-4.917918328093762,8.74693896055752e-07,9.507542348432087e-06,9.507542348432087e-06
NDUFC2,1148.0801732564098,-0.13019074346386747,0.1067496436090988,-1.2195894905336309,0.22262053238772195,0.30833868751762045,0.3083386875176204
MICU2,16439.352433095315,-0.035846017975208706,0.06308786528744,-0.5681919623034891,0.5699046286258542,0.6550627915239703,0.6550627915239704
SMAP1,14557.369079712202,0.15969275602458446,0.06452744469817452,2.4748036555847404,0.013330944168606912,0.030126427499676638,0.030126427499676638
SMARCC1,16456.304654887612,-0.18862390513646526,0.08853550008026682,-2.1304889560171647,0.03313126663297373,0.06567148985723237,0.06567148985723237
KIAA2026,17505.105631520448,-0.15538615693143396,0.07832522858084748,-1.9838583269635024,0.04727163571497587,0.08802911678766456,0.08802911678766456
LAMTOR5,1151.2721868081696,-0.1371178421005835,0.09920912714073345,-1.3821091471359739,0.1669381902960766,0.24513684331288782,0.2451368433128878
NUDT3,14902.243664814749,-0.4433888148324663,0.11370820673749742,-3.8993563222402883,9.644874950171306e-05,0.000501032464943964,0.000501032464943964
IL15,15278.398095178445,0.5510021478393822,0.2535298976259916,2.173322172252138,0.02975607785928629,0.059992092458238486,0.059992092458238486
HERPUD2,15396.739050429975,0.5868472379540366,0.08923318099246655,6.576558533799,4.814615176750883e-11,1.8168359157550503e-09,1.81683591575505e-09
SLC16A3,2529.024366493908,-0.2928292365615929,0.21987092197409114,-1.3318233895253275,0.18291823016680253,0.263002487658954,0.26300248765895406
CLIP1,15953.978331708311,0.28572801147801913,0.07761378653498847,3.6814079589998134,0.0002319495234148509,0.0010354889438162985,0.0010354889438162985
SRRM1,9497.663513106343,-0.0033304887191697333,0.0499875824977208,-0.06662632103326037,0.946879191143967,0.9569269238443325,0.9569269238443324
MVP,10176.482393918795,0.20417537235767788,0.10816745130370074,1.8875860519669323,0.05908154403459643,0.10559406610155547,0.10559406610155547
PTEN,17559.01560407508,-0.1764034910632027,0.07123438016138382,-2.4763813577594807,0.013272172800614813,0.030027540272884193,0.030027540272884193
INSIG1,2992.534709946803,0.43063139510478937,0.1615995887955016,2.664805017850248,0.007703297254154441,0.01897876416115731,0.01897876416115731
HELZ,17190.29918197717,-0.1715925740644516,0.06263890329915979,-2.7393930133951314,0.006155274445900523,0.015602723563752911,0.01560272356375291
ARHGEF1,13904.894745177995,-0.43047164895092144,0.12472098623196881,-3.451477269032225,0.0005575267171083576,0.002186379282777873,0.002186379282777873
REEP5,4805.067452880218,-0.2913793238377472,0.06714422641924528,-4.339603557547731,1.4273998967564454e-05,9.897825044256809e-05,9.897825044256809e-05
GK,12982.887719815631,-0.6759478314661194,0.3231960597392702,-2.091448243556627,0.036487901378693996,0.07112651340876022,0.07112651340876024
DNM2,16696.452654952238,-0.41531468062538496,0.06581295930510156,-6.310530403290821,2.780807757522914e-10,9.117402483681684e-09,9.117402483681684e-09
LAMTOR4,2540.6292065714256,-0.3439567441160952,0.09589196812386198,-3.5869192263507648,0.00033460791722785845,0.0014029682064061152,0.001402968206406115
NLRP1,17552.072885391575,-0.7903007823300452,0.20900900832062977,-3.781180479636008,0.00015608646243189572,0.0007397462674497428,0.0007397462674497428
GTF3A,3376.721491080579,-0.24573891890289432,0.24122341200577263,-1.0187191900635815,0.30833629946185104,0.39991737932795207,0.399917379327952
CCT4,4374.026843223164,-0.0904856670020503,0.08984423464092993,-1.0071393825511887,0.31386779805857234,0.4042083683948131,0.4042083683948131
ZNF33A,16403.84582687019,-0.13335409934594605,0.10178666017243593,-1.3101333624664764,0.19015072387288345,0.2708699770268995,0.2708699770268995
ENY2,2147.4293146022487,-0.07283193009445753,0.06630557618659717,-1.098428432165251,0.27201745276258604,0.36293189161118883,0.3629318916111889
YWHAQ,6795.769292019652,0.3467425332110623,0.06088076129500262,5.6954368808053095,1.2305640543986936e-08,2.618221392337646e-07,2.618221392337646e-07
RBMX,9778.142531654312,-0.06882771836608288,0.0676264739819199,-1.0177629308972127,0.3087906323626344,0.40024709314664214,0.4002470931466421
CHMP4B,7400.204746262585,0.4518143406369181,0.1407478238245962,3.210098233561192,0.0013268961734842516,0.004430371196942409,0.00443037119694241
COA1,16313.411484517186,0.15227646118432844,0.13248734603425708,1.1493660771569423,0.2504050618605943,0.34045555657456733,0.3404555565745674
GLIPR1,4050.0807254231245,-1.095343391985557,0.18071681858088529,-6.061103778757055,1.3519056522556328e-09,3.511443252612033e-08,3.511443252612033e-08
APLP2,7216.204718113699,-1.1655273947535152,0.1520671968742988,-7.664555004041792,1.794522903967716e-14,1.4356183231741728e-12,1.4356183231741726e-12
GABARAP,4091.0512423959494,-0.6076458390487571,0.17837814279098868,-3.4065038997561206,0.0006580061042236774,0.0024971768661240126,0.0024971768661240126
RNF144B,17295.070658343284,0.5774043786031025,0.27482596549292715,2.1009818980076043,0.03564255531961086,0.069887363371786,0.069887363371786
LCK,10047.064674141997,-0.575084758271642,0.25107184410576344,-2.2905187171421297,0.02199126482177911,0.04634618508278,0.04634618508278
NFATC2,17229.83620542905,-0.021034779270873695,0.12845219229805507,-0.16375570470658435,0.8699234633745874,0.9028785297089645,0.9028785297089646
SIGLEC1,16630.850585097844,0.13330851814351238,0.4101118701626089,0.32505403486774403,0.745140176321401,0.8090555660384375,0.8090555660384375
CHMP4A,4507.471758914772,0.19833279105333476,0.0687324607808534,2.8855767536928307,0.003906971822655811,0.010704032390837838,0.010704032390837838
PPA1,5479.834484073671,1.5242677860866778,0.3082194467879682,4.945397839011954,7.598851369238989e-07,8.586272733603377e-06,8.586272733603377e-06
TAGLN2,2672.17964034459,-0.20800240048913532,0.12264793301433109,-1.6959307456476318,0.08989899622674907,0.14883939772640575,0.14883939772640575
PSMB7,4899.1743524915,0.05157747100372785,0.05198625649861951,0.9921366622175899,0.32113086434264315,0.41188720460136174,0.41188720460136174
CBFA2T2,16852.064177188407,-0.07302412674526539,0.07326921977212791,-0.9966548978189643,0.31893204903643035,0.40967507904486883,0.4096750790448688
WSB1,11398.572648700347,-0.18824153491573128,0.09420629334838314,-1.9981842849882392,0.04569668463355056,0.08573486798039505,0.08573486798039505
MTSS1,14813.695376057416,0.08287066247583867,0.2863527884151433,0.2894005779880724,0.7722748527417859,0.828176785782076,0.828176785782076
CDC42SE1,10829.616281960849,-0.09285974376592636,0.07574229418057751,-1.225995921704445,0.22020020975782406,0.30604615671692015,0.3060461567169202
ATP1A1,7547.342053637306,-0.4500255120540289,0.11533504920520662,-3.9018972563434184,9.544166971142597e-05,0.0004983899201641043,0.0004983899201641043
PSMB6,876.9992568253078,-0.1591589551756279,0.1092597293717103,-1.4567028134781155,0.14519843282711656,0.2211704993558516,0.2211704993558516
NDUFS5,1221.7331010893247,-0.43627681515359107,0.13834613210751298,-3.153516534994611,0.001613160894672525,0.0052460516899919514,0.0052460516899919514
SAMD3,16739.491154636813,-0.2901712413531194,0.27829355959487717,-1.0426804047335232,0.29709633626824006,0.38836122388005234,0.3883612238800524
CREB1,15279.594171251594,-0.12156990978382642,0.031755499863286143,-3.8283103811059345,0.00012902597989693676,0.0006392917844539911,0.0006392917844539911
VPS8,16909.766898043705,-0.2544361739489802,0.07710967815489073,-3.299665879007984,0.0009680000124619735,0.003464016294565016,0.003464016294565016
ABCC1,17309.33115396302,-0.23146737501173356,0.061816841435288004,-3.744406372720314,0.00018082078888293775,0.0008390004988369096,0.0008390004988369096
CHIC2,10809.233197766653,-0.016436443541218256,0.07423202677432936,-0.22141984067316675,0.8247655451707443,0.8690890886941457,0.8690890886941457
MECP2,14810.908392249432,0.09624196808259168,0.0694462859389312,1.3858475911472607,0.1657934467869817,0.24399329917142268,0.24399329917142268
RC3H1,17131.940849601935,0.06118731310734177,0.04024944321528474,1.5202027213163005,0.1284600336859939,0.19962709197512649,0.19962709197512649
LCORL,16708.298796254545,-0.27347784713271556,0.07360834652651484,-3.7153102880011675,0.00020295448940679524,0.0009183461059131006,0.0009183461059131006
RUFY3,17183.938542921842,0.9502747072802661,0.22890168239212863,4.151453573208616,3.3037028857176586e-05,0.00020268115863298519,0.00020268115863298516
AGTPBP1,17170.04375387105,-0.47783508075357983,0.12311736229378177,-3.881134811947751,0.00010397018449910514,0.0005318168005069317,0.0005318168005069316
CREBRF,15908.990560829348,0.553348949608221,0.06543203840844164,8.456850238320428,2.7469633856834114e-17,4.226097516436017e-15,4.226097516436017e-15
EHD4,13548.81631183667,0.7206208318237272,0.23873666338808427,3.018475761522662,0.0025404972337227816,0.007413533978613719,0.007413533978613719
SERPINA1,3196.177174788682,-0.752192249568856,0.4270019620352799,-1.7615662606878328,0.07814260861230245,0.13266996368811962,0.13266996368811962
CHST12,10705.19252799299,1.1636204278676987,0.1891922459035149,6.150465746154982,7.725574293597007e-10,2.0879930523235154e-08,2.0879930523235154e-08
RIF1,15764.159376240257,0.26435705449644703,0.06798862102205493,3.888254394962531,0.00010096777010344247,0.0005191144992464908,0.0005191144992464908
BRI3,6211.959048451473,-0.2555386509764544,0.13460076817811864,-1.898493258510214,0.05763113500298395,0.10353838150620413,0.10353838150620413
UBE2F,8685.608496863495,0.3736252487601489,0.2084914997312425,1.7920406790769565,0.0731264500534853,0.12564682139774105,0.12564682139774105
ARHGAP17,16655.16926046169,0.08844371388452914,0.15370380683298343,0.5754165476241797,0.5650096154487121,0.6501836771561704,0.6501836771561704
MAN1A2,16440.334721961506,-0.24450199720356638,0.11195599123949194,-2.1839116825872864,0.02896873839689418,0.05864117084391535,0.05864117084391535
CMKLR1,16539.398412038307,-0.039518680079655415,0.32636209183704495,-0.12108845073645193,0.9036209768397085,0.925566454343572,0.925566454343572
KLF13,15666.836589960303,0.13713642092584016,0.08631855663895281,1.5887246759633011,0.11212256538494864,0.17868137909951973,0.17868137909951973
SLC31A2,4155.107985181817,0.5219547556727557,0.33649489442190567,1.551152080834593,0.12086524267345043,0.19003968973812962,0.19003968973812962
CCT5,3081.6906534081004,-0.18097678715509696,0.09027557971095547,-2.004714760454032,0.04499354962148262,0.084893489851854,0.084893489851854
ARHGDIA,4484.5533758302945,0.4094568257831842,0.10309467659576657,3.971658278619577,7.137405434807557e-05,0.0003879024692830194,0.0003879024692830194
PACSIN2,15479.26897807688,-0.3213193570163885,0.09316790141623582,-3.4488203783926172,0.0005630411024096028,0.002199379306287511,0.002199379306287511
UGP2,8698.203480757853,-0.04552369754301975,0.06184309909818725,-0.7361160453932384,0.46166007877861137,0.5560123230938041,0.5560123230938041
CYP1B1,6349.203502156343,-1.6314038813705944,0.2799119012218409,-5.82827623351979,5.600282440616139e-09,1.3397571786935035e-07,1.3397571786935035e-07
ANO6,16598.504404665593,0.44277966101052096,0.13667469320699527,3.239660910304196,0.0011967192210378605,0.004063562719992735,0.004063562719992735
ACSL1,12584.641836458459,-0.03756935007630919,0.3077773571360621,-0.12206664722155162,0.9028462359692582,0.925566454343572,0.925566454343572
PPM1B,14506.454070939764,-0.08604090923295096,0.05502959001057704,-1.563538983597976,0.11792587379286458,0.1858563810762247,0.1858563810762247
AGPAT3,16352.540181983155,-0.020618816635136646,0.10558905456562394,-0.1952741855674253,0.8451783049755834,0.8840777248698571,0.8840777248698571
LRCH1,16998.83786619289,0.25835192783760363,0.06642385639991144,3.8894448747776726,0.00010047378728808315,0.0005179061200416658,0.0005179061200416657
TRAF1,13891.990530975381,0.5547674567697265,0.18210674269982724,3.0463861389480162,0.0023161018165953587,0.006955260710496573,0.006955260710496573
CLTC,15650.161263082053,-0.25106306307556164,0.0762267458336808,-3.293634804027399,0.0009890090438558292,0.003513353619381276,0.003513353619381276
YPEL5,3734.695524244195,0.07972912892926068,0.07400292961745998,1.0773780084302185,0.2813114247555385,0.37309207527259747,0.37309207527259747
BCLAF1,13236.795629593542,-0.11879793111386583,0.0701102455138814,-1.694444659879911,0.09018081919080252,0.14893611757357972,0.14893611757357972
TTC3,14619.212159585897,-0.647983276074906,0.1455763418076055,-4.45115784631602,8.54085315452291e-06,6.373771010837994e-05,6.373771010837994e-05
ADPGK,11208.737653207478,0.2279523649867119,0.13243904069192122,1.7211870744139042,0.0852168825542626,0.1426223975803558,0.1426223975803558
DBNL,5666.665669355253,-0.26968333868417826,0.08729297578288252,-3.0894048033709156,0.0020055796833512696,0.006277305127220485,0.006277305127220485
ARL8B,13647.986686238102,0.4775818873374429,0.15348664678710375,3.111553332713568,0.0018610585372027485,0.005974505737408503,0.005974505737408503
TRAFD1,14444.768239953244,0.9954972978108377,0.2737612559633587,3.6363702902651753,0.00027650677655066116,0.0011924698557270385,0.0011924698557270387
GNA13,15798.487486858388,0.4941927562363667,0.11314150005123008,4.3679176607398515,1.2543676296363056e-05,8.888727104617866e-05,8.888727104617867e-05
TNFAIP3,12744.491069964315,0.5589743274213362,0.15854654548994912,3.52561656700853,0.00042249819498970504,0.0017036217539907461,0.0017036217539907461
TRIM33,16321.860356184266,0.20127104154239261,0.04399475435698311,4.574887267450913,4.764764786159128e-06,3.781559354094546e-05,3.781559354094547e-05
TNRC6C,16739.09613432102,-0.4612271329351879,0.1944024464415049,-2.3725376988708304,0.017666360199735467,0.03844692100051244,0.038446921000512446
MEMO1,16869.593048888,-0.06729313194791887,0.07007275243797376,-0.9603323632461088,0.3368879669598276,0.42888347162295043,0.42888347162295043
PPP3R1,16059.407823910275,-0.11366048159381185,0.05797494218587724,-1.960510477602506,0.04993615455156132,0.09196345221282011,0.09196345221282011
GPBP1L1,15116.277441991711,-0.05286528464452302,0.03942175686804822,-1.3410179769885124,0.17991461599803238,0.25924296253318785,0.2592429625331879
IQSEC1,16626.505513822558,-0.10403395752673648,0.11358073684970879,-0.9159471967891466,0.35969459059657904,0.4518776263776119,0.4518776263776118
ARRB2,6018.827530307014,-0.8409747675896725,0.10123321700709716,-8.307300631676204,9.790368200656869e-17,1.398624028665267e-14,1.398624028665267e-14
RBBP6,14309.318060628111,0.2668323884193617,0.0884863423165733,3.0155206038998466,0.002565385086590064,0.007446691107663466,0.007446691107663466
TM9SF2,11994.181636112515,0.06385931956503352,0.07029687001663151,0.9084233700579424,0.36365458312302346,0.4557580345348223,0.4557580345348223
PDCD6,3506.0331664775476,-0.21767919783049133,0.07468106836278682,-2.9147841963514236,0.003559345717049177,0.009942306472204405,0.009942306472204405
TNKS,16669.40868246958,-0.2951119580938593,0.10892821011908702,-2.7092335196844304,0.006743885525748924,0.01688081483291345,0.01688081483291345
SFT2D1,2955.5456628800753,-0.18196646686410944,0.09049872638909717,-2.0107074886529213,0.044356362574892255,0.08392878443688222,0.08392878443688222
TMED9,2552.3960397210117,-0.3882125512326406,0.11806905166229165,-3.2880127837651307,0.0010089725782036533,0.0035590948815150303,0.0035590948815150303
PPP1R15A,4082.453117265771,0.3615996559371982,0.19119028056265738,1.891307732134918,0.05858327714568412,0.10508211147207915,0.10508211147207915
PIBF1,16629.643405753395,-0.14949277957529986,0.0896094627401966,-1.6682700130534434,0.09526213789359048,0.15553002105075997,0.15553002105075997
SUPT4H1,1399.0451645109276,-0.10245877391864731,0.07575634577035414,-1.3524777743271597,0.1762225241031683,0.25521002766570355,0.25521002766570355
SPCS1,1677.5406293944932,-0.3613474623018428,0.18626941688308213,-1.9399183631344803,0.05238961202243821,0.09561071339136559,0.09561071339136559
RNASEH2B,12566.148224542885,0.2941840298528207,0.06736017914703642,4.367328495529449,1.2577548853034281e-05,8.888727104617866e-05,8.888727104617867e-05
PPHLN1,12998.389688219819,0.02538767910244326,0.07330381937476387,0.3463350111765584,0.72909095969368,0.7976925160762363,0.7976925160762364
ZC3H13,14328.690446168017,-0.07577069528403071,0.06950540994964631,-1.0901409737590688,0.2756510496781198,0.366801130642874,0.366801130642874
EIF2S2,3762.162913466013,0.1707583147909242,0.06473569874876733,2.6377766532438285,0.008345152462999156,0.020255224424755233,0.020255224424755233
STT3B,15112.319923607445,-0.14434207316539846,0.06782481596318193,-2.1281601890929305,0.033323804350104916,0.06592246162236383,0.06592246162236383
LAMTOR1,2378.244437309404,-0.4149743612193999,0.07635302649508242,-5.434943187826701,5.481389418620374e-08,9.519450150300471e-07,9.51945015030047e-07
VASP,4128.686838705252,-0.5832453181219924,0.11525419269200046,-5.060512806511326,4.181303723724369e-07,5.3952306112572505e-06,5.3952306112572505e-06
DDX24,8285.112654240455,0.07845672232247053,0.07137064543750751,1.0992855934190426,0.2716435142615701,0.3629171867222045,0.3629171867222045
PSMB2,3242.7974562856075,0.13176293176097195,0.06047637135247954,2.178750622999633,0.029350198857403913,0.05929333102505841,0.05929333102505841
EIF5B,10574.672282954678,0.010093048642082558,0.07941647939345618,0.12709010420970906,0.8988690836476613,0.924762431736277,0.924762431736277
GLIPR2,7633.380063912002,0.5162086718535357,0.21221816482329842,2.432443388073553,0.014997335771260561,0.03355108673660081,0.03355108673660081
STAT5B,16319.266731568154,-0.30341949215343655,0.11945244079621277,-2.540086164259077,0.011082516195185431,0.025922262494409532,0.025922262494409532
SSBP2,16134.321252720527,-0.5415779147438919,0.17936846841413026,-3.019359642930572,0.002533096347412048,0.007406714466117099,0.007406714466117098
RBM5,14756.70069539157,-0.20440037432635488,0.06374009294454257,-3.206778730369826,0.0013423019814324142,0.004460189824225253,0.004460189824225253
UQCRFS1,838.4988013922338,-0.10864870119287556,0.06752123040378975,-1.6091042853208648,0.10759354038646717,0.1722874946140387,0.1722874946140387
OGDH,15881.379309706486,0.3749774226911326,0.1021632070452162,3.670376386336151,0.00024219357435656622,0.0010692873040025,0.0010692873040024998
LRCH3,16274.936082584993,-0.04360125279958321,0.046378969990464425,-0.9401082604583,0.34716203210308283,0.4388900532276648,0.4388900532276648
TTC39B,15865.770418572603,0.6086653856385121,0.19553053525762037,3.1128917273026833,0.0018526397071973611,0.005957040859155501,0.005957040859155501
TNKS2,15987.96715979041,0.3032296872779382,0.06328537351074379,4.79146555446117,1.6556744822799705e-06,1.6312063864827295e-05,1.6312063864827295e-05
UPF2,13617.609041873286,0.12671849961310963,0.03197995614983073,3.962435064620324,7.418918896475316e-05,0.000402109425283215,0.000402109425283215
UQCRH,1741.35714737676,-0.34149785531513577,0.11037121050715691,-3.0940845329678766,0.0019742122713540286,0.0062082146897925435,0.006208214689792543
PLEKHO1,12991.125881150989,4.691914642421723e-05,0.2353189776217675,0.00019938530626982081,0.9998409135435304,0.9998409135435304,0.9998409135435304
RNF145,12250.464349383452,0.01300014685429232,0.078156207690541,0.16633543564148245,0.8678929808488911,0.9017069930897569,0.901706993089757
XBP1,2536.520206235322,-0.31723130344692535,0.13841901850694216,-2.291818760664129,0.02191610364188192,0.046266616410504856,0.046266616410504856
MAPK8,15691.048902020804,-0.12169898125912865,0.07874093236417362,-1.545561852078101,0.12221042024517235,0.19185309300655,0.19185309300655
PRKACB,16272.265721342803,-0.13180560791197662,0.18305697691306197,-0.720025044303961,0.4715095758564436,0.5651477961116057,0.5651477961116056
BLOC1S1,1422.232353160153,-0.12164532368482998,0.15164669546164364,-0.8021627066420187,0.4224588458063022,0.51394020171083,0.51394020171083
BIN2,12736.999057144909,-0.4601095536193515,0.1253421324067081,-3.6708291520555556,0.00024176490902385323,0.0010692873040025,0.0010692873040024998
SRP9,3772.405342149717,-0.1349700624284354,0.07258371823428704,-1.8595087949721258,0.06295505378950272,0.1111298389929439,0.11112983899294392
EIF3M,4934.769893518943,-0.11120822104441117,0.10526608064392329,-1.056448766441566,0.29076323612549715,0.38233167143392127,0.38233167143392127
VPS53,16265.149400199682,-0.08606391213426456,0.04753445686112232,-1.8105584415471647,0.07020923016422292,0.12203468107753508,0.12203468107753508
MICU1,15464.66314481609,0.06667015731494152,0.12154428563737206,0.5485256420351364,0.5833310273365586,0.6681958882365329,0.6681958882365329
TNIP1,10277.418884187959,-0.15499737600798263,0.1117576829096671,-1.386905776610149,0.16547049616824594,0.24373195274446738,0.24373195274446735
ANXA7,5268.177017665976,-0.019682918980259718,0.06347771190670774,-0.31007606274762095,0.7565031149154341,0.8160767151191306,0.8160767151191307
GATAD2A,15854.592607175555,-0.11472601581611498,0.06252327350972459,-1.8349329677735287,0.0665156221449386,0.11633965176954054,0.11633965176954053
RSBN1L,12583.504498143076,0.05083510112072888,0.04093916301925454,1.2417230195160576,0.21433877370168253,0.29927348798420306,0.29927348798420306
RNH1,2000.4433969049169,-0.145267404697232,0.12422266822684964,-1.169411402691427,0.24223791790693272,0.3318327642560722,0.3318327642560722
NCKAP1L,14033.528877297867,-0.325977205191672,0.06190327865356181,-5.265911794688371,1.3949525329355879e-07,2.082018705874012e-06,2.082018705874012e-06
DUSP16,16144.055247519593,-0.03973863759427775,0.2004310002700264,-0.1982659246361128,0.8428370106472598,0.8825518436096961,0.8825518436096962
CHMP2A,1515.6090417883408,-0.2869964369938718,0.11839552504401132,-2.424048010996921,0.01534857618324188,0.034107947073870847,0.034107947073870847
STAU1,13616.28810490221,0.4714655580446274,0.07622932653419089,6.184831737076445,6.216874571056148e-10,1.7269096030711524e-08,1.726909603071152e-08
PIM3,1915.7867627107262,0.3295757756233838,0.21499563287691648,1.5329417217142436,0.12529021479256483,0.19576596061338256,0.19576596061338253
AP2M1,2380.7214432854375,-0.4762649466036625,0.10197127773351083,-4.670579374795334,3.003513958538703e-06,2.5892361711540544e-05,2.5892361711540544e-05
NUMB,13619.783451862933,-0.6658487483487382,0.09736131085489749,-6.838946009478924,7.977794251684852e-12,3.468606196384718e-10,3.4686061963847177e-10
BTN3A2,12465.22107540312,0.24678557628226383,0.11054452133208344,2.232454157912564,0.025584961811041626,0.052428200432462345,0.05242820043246235
CTNNBL1,10999.511567396092,0.2692894157915506,0.14508757706262815,1.8560473697573003,0.0634468064485215,0.11160388117593932,0.11160388117593932
ANP32B,6618.453159375665,-0.226637741944121,0.10802980908935234,-2.0979185639092175,0.035912339827136375,0.07027855152081482,0.07027855152081483
KDELR2,3593.6509528026013,-0.38671425708959906,0.0813218642656347,-4.755354056154099,1.9809892732415866e-06,1.8600838246399876e-05,1.8600838246399876e-05
DNAJC8,3865.3275437213288,0.0525698778482709,0.08240207996868656,0.6379678506689135,0.5234946081009302,0.6126326601532244,0.6126326601532244
BRD2,12971.721489537102,0.19337409889943777,0.053093813621072454,3.6421211005775134,0.00027040080673148843,0.0011731054521973469,0.0011731054521973466
PHF14,13929.310504656916,-0.27935859542375746,0.09693485506647598,-2.8819210100657697,0.003952588059333782,0.010769994712081149,0.010769994712081149
RAP1GDS1,15827.46341703755,-0.17836141319383775,0.05817462591383493,-3.0659657950876538,0.0021696813418562947,0.006686229096629568,0.006686229096629567
NUP98,14875.767119621194,0.12923907569343254,0.04930419890239716,2.621259011819153,0.008760567508561523,0.021135265400630935,0.02113526540063094
ETNK1,13931.837631294184,0.0304889183082421,0.07578062866813767,0.4023312928922865,0.6874402275722422,0.7650976378099523,0.7650976378099523
RER1,2677.609780834063,0.06945605474423888,0.05442230771703625,1.2762423656374369,0.20186985673720903,0.28472476267589425,0.28472476267589425
GPD2,16032.54820543529,0.2780855414182249,0.22942110150471035,1.2121184127978542,0.22546705640767117,0.3118493172996835,0.3118493172996835
RSRC2,9980.479474921665,0.21116853500349164,0.04201949379991721,5.025489740761887,5.021494128552417e-07,6.289828016324655e-06,6.289828016324655e-06
ACIN1,14501.237978929765,0.018119776061881334,0.05726555923889322,0.31641664383807977,0.7516862854875719,0.8128950591802222,0.8128950591802222
GNAI2,12274.604606590336,-0.4967877188783897,0.09913487317051005,-5.011230689970465,5.408303267115627e-07,6.5160280326694305e-06,6.5160280326694305e-06
G3BP1,11417.98743647257,-0.06771664296292342,0.04735748184943131,-1.4299037938339323,0.15274463301812524,0.22951860708959465,0.22951860708959462
FAM13B,15850.68382629383,0.1271504357019053,0.04593104970061605,2.7682893495943737,0.00563514009441325,0.014561085515279716,0.014561085515279716
CBL,15599.826515539282,-0.24306494826802652,0.05717874040492767,-4.250967169732881,2.1284936969200586e-05,0.000141428152619273,0.000141428152619273
BTN3A1,15444.326096336285,0.26755865408829665,0.13430322944420534,1.9921982158995712,0.046349313923389986,0.08663423163250465,0.08663423163250465
SPCS3,5545.955401226871,-0.18294842294746902,0.09145725491155723,-2.000370808465521,0.04546023812611527,0.08545157542502871,0.08545157542502871
ERICH1,13962.577200508867,0.020296504732643782,0.06760314408291032,0.30023018911297383,0.7640015790402079,0.8210656410964082,0.8210656410964083
CD274,14992.356336332747,1.0514163470695588,0.39457002786987144,2.664714176963067,0.007705378249429867,0.01897876416115731,0.01897876416115731
ASXL2,15801.150345306613,-0.12129354981756658,0.03719989329966734,-3.260588648480109,0.0011118120666251537,0.003833328988604136,0.003833328988604136
YEATS2,16203.960891020368,0.9311691464943367,0.2060577109140194,4.518972584738073,6.2140439675608706e-06,4.817088346946411e-05,4.817088346946411e-05
USP6NL,15367.784867857603,0.39499891742306253,0.2848217017942513,1.3868287245485273,0.16549399591349334,0.24373195274446738,0.24373195274446735
GIGYF2,15225.153385738215,-0.21197075044890404,0.07312060171680582,-2.8989196679461315,0.0037445081896476983,0.010301260494216502,0.0103012604942165
SMG7,15847.711701530972,0.25174658433109615,0.07440282311187478,3.383562260165328,0.0007155198240259793,0.002684877388465213,0.002684877388465213
HP1BP3,10973.160655496395,-0.22971295701752478,0.07829035999580457,-2.934115477688884,0.003344997329198154,0.009396059913477962,0.009396059913477962
AVL9,15813.37921421042,-0.1275559757751432,0.044226256350476355,-2.8841685076012387,0.003924486942645397,0.010725857827646564,0.010725857827646564
LILRB1,12382.867759330073,-0.07678310671047282,0.31191020662984437,-0.24617054869767133,0.8055502128829639,0.8533370899183941,0.853337089918394
ELOVL5,14069.174600366356,0.18247869095347685,0.10230495557304489,1.7836740159003204,0.07447665075141147,0.12731051410497685,0.12731051410497687
EIF3L,4651.870626398298,-0.7333598822157492,0.1198395293893003,-6.119515705318066,9.386017971280314e-10,2.5029381256747506e-08,2.5029381256747506e-08
RASGEF1B,14092.006524269715,0.565934418107949,0.2746629744224628,2.0604685407559797,0.039353770332068036,0.07575316714546301,0.07575316714546301
CD7,803.8865164185403,-0.43294842339123774,0.28363009564506664,-1.526454456134399,0.1268967245754376,0.19781250908096276,0.19781250908096273
CLDND1,6465.968243423496,0.4860600833677948,0.1674189851186897,2.9032554642665422,0.003693052528340671,0.010187731112663922,0.01018773111266392
ATR,15955.89756582154,0.10898242582527556,0.06299145255622267,1.730114506059436,0.0836098190000553,0.1401673411568404,0.14016734115684043
HLA-DMA,418.2395821544903,-0.7380413373835487,0.15207236799982327,-4.85322446865828,1.2147006741075557e-06,1.2604367980812322e-05,1.2604367980812322e-05
TRA2B,10001.980236073958,0.1500726988389553,0.05773335525074731,2.599410655887919,0.00933839840474684,0.02234066604006421,0.02234066604006421
BOD1L1,14957.834579108317,-0.16515546258369815,0.060164269724185405,-2.7450754964837105,0.0060496978576423145,0.015401655073526426,0.015401655073526426
CRLF3,13165.918611078674,-0.199040741256324,0.09366560860845768,-2.1250141243234424,0.033585434353204054,0.06630885360948481,0.0663088536094848
ATP2B4,15696.709609928525,-0.8397364197472572,0.17435599473781246,-4.8162176529118454,1.4630493669062847e-06,1.4704013737751607e-05,1.4704013737751607e-05
MED28,4163.874662366506,-0.1444033729504089,0.05274779244521025,-2.737619268150461,0.006188567543804939,0.0156634858716393,0.0156634858716393
KLC1,15404.839775045884,-0.10141798706165925,0.06221267857372335,-1.6301819723366642,0.10306304289190854,0.16596303203205884,0.16596303203205884
TRAPPC10,15132.990900791146,-0.05181859885289513,0.07513787027528931,-0.6896468939436625,0.49041626984214925,0.5841766168459193,0.5841766168459193
ATP6AP2,3469.4243036497624,-1.0731221425569095,0.13788116844373866,-7.782949293723085,7.08530371760459e-15,6.441185197822354e-13,6.441185197822354e-13
LARP1,15081.278555653596,-0.07088174411102434,0.1236354624796766,-0.573312403168112,0.5664331888619918,0.6514470257182193,0.6514470257182194
RASSF5,9397.811333325908,-0.2615300959993217,0.07173042679798988,-3.646013381962069,0.00026634011186659113,0.001158194730759487,0.001158194730759487
NCOR2,15389.174267825261,-0.3044160537997369,0.14635531689090422,-2.079979465499391,0.037527416378696325,0.0728687696673715,0.0728687696673715
HSPE1,1335.9181884583907,0.044865470651817306,0.11042792003370855,0.40628738310132034,0.6845314547023795,0.7622844707153447,0.7622844707153447
FBXW11,15602.762478797857,-0.02110635044388385,0.04629735989029993,-0.4558866962153923,0.648471456704671,0.7314962850588504,0.7314962850588506
KCMF1,15049.843719146093,0.20395034590566422,0.05230074053703866,3.899568989108852,9.636407738087332e-05,0.000501032464943964,0.000501032464943964
RALGAPA2,15797.772401136725,-0.19021480954067174,0.10970618705186219,-1.7338567190449354,0.08294350891459921,0.13916696126610606,0.1391669612661061
TXK,15636.142205630123,-0.5286932328876454,0.22347944960112667,-2.3657353453808576,0.017994302455480886,0.03907557536477934,0.03907557536477933
SLC43A2,8418.280511267118,-0.2903845302524436,0.29277140740657553,-0.9918473010213826,0.32127201958906215,0.41188720460136174,0.41188720460136174
ACSL4,15038.558765298405,0.3390003435018584,0.12919105051703106,2.6240234299911394,0.00868978071171708,0.02104063126323748,0.021040631263237485
DNMT1,13670.97319502895,-0.340462626433035,0.14087278718075158,-2.4168090462794134,0.01565722854623592,0.03475522429797096,0.03475522429797097
PDS5B,15352.523506661915,-0.06073371825008134,0.056947429899821204,-1.0664874315999997,0.2862033572085716,0.3775405208852073,0.3775405208852073
BLOC1S2,2089.7705774934097,0.28176409879468284,0.1527049040262132,1.8451542246889163,0.0650151071521067,0.11406159149492404,0.11406159149492405
EIF4E2,4192.788411281094,-0.20023485350033535,0.04483671306605294,-4.465868254110233,7.974467416926789e-06,5.995840163102849e-05,5.995840163102849e-05
GOLGB1,14327.397324825628,-0.021604281587865776,0.06576506280471393,-0.3285069711256661,0.7425283742983683,0.8072331716485194,0.8072331716485194
LMBR1,15601.61149273879,0.2830111237643437,0.08589695924186797,3.294774649326564,0.000985006361922625,0.003505360718585854,0.0035053607185858543
PPP2CA,7735.04502012693,0.04155925898656636,0.031756563905964624,1.3086824855997898,0.19064192690149284,0.2713764084007016,0.27137640840070154
CHURC1,9392.316148733531,0.042819342523168984,0.10168258099619562,0.42110794300914767,0.6736762617005128,0.7531316508669791,0.7531316508669791
NCK1,12237.992670248268,-0.10097503945307791,0.055210249185385016,-1.8289183791586205,0.0674118364774826,0.11764718407937626,0.11764718407937626
PHYKPL,12579.10732978388,0.10690587403760894,0.049302337868118835,2.1683733198124706,0.030130293969747975,0.060624333943154876,0.060624333943154876
LHFPL2,11546.377650293813,0.596190871827029,0.29899541414833636,1.9939799863661096,0.04615424172248333,0.08643116427431334,0.08643116427431334
PSMD8,2141.0997303648187,0.13828564934129808,0.06645610818115275,2.080856871190006,0.037447008806684355,0.07278330185944482,0.0727833018594448
PSMF1,10729.539185841411,0.16578123484693105,0.05403476362328142,3.0680477479779804,0.002154621879537984,0.006660345840921125,0.006660345840921125
CYB5R4,9774.534654094306,0.24484296375664513,0.12287849935498335,1.9925614736661046,0.04630948741925724,0.08663423163250465,0.08663423163250465
ARGLU1,10690.579642773157,-0.33588093760862153,0.08285993273272657,-4.053598965522225,5.043564881456736e-05,0.00028738261432801915,0.00028738261432801915
CTNNA1,12496.940511671835,0.4151959111706792,0.23068774717231852,1.7998177894577871,0.07188941404667018,0.12416133686816958,0.12416133686816958
GIT2,14392.68047232113,-0.24534194151148295,0.04888605879859429,-5.018648415129299,5.203628394446407e-07,6.345888285910253e-06,6.345888285910253e-06
SNRK,14804.894986323232,-0.3966386492628846,0.14280414924470247,-2.777500873474084,0.005477869284866463,0.014173012379990847,0.014173012379990848
GADD45B,2127.5864999877253,0.8529678342657305,0.2041636790372251,4.177862773085164,2.9426109477277903e-05,0.00018448971459108403,0.00018448971459108403
MLLT10,15040.134875230659,-0.07161854010044162,0.05862380588960025,-1.2216630942609377,0.22183505806667114,0.30772581587071024,0.3077258158707102
SNRPB,2449.332668580739,0.12503961876454286,0.06886629805325988,1.8156866609533684,0.06941845139436564,0.12093806863129902,0.12093806863129904
HECTD1,13742.897224212824,-0.24693050492588983,0.05066876798947934,-4.873426268765041,1.0967921327687157e-06,1.154518034493385e-05,1.154518034493385e-05
CMSS1,13314.653815575599,-0.18790579798872156,0.1387326993330389,-1.354444906587154,0.17559447896685276,0.25466594793430186,0.25466594793430186
ZNF710,15359.047402815064,-0.791328894064018,0.16127614705208554,-4.906670382002934,9.263551862429838e-07,9.960808454225631e-06,9.960808454225633e-06
COMMD1,12306.336010129542,-0.013943058025949312,0.048697546569185894,-0.2863195172705475,0.774633410959349,0.829816187422977,0.829816187422977
SRSF2,3232.56176157006,-0.0812908138218846,0.07795328335855388,-1.0428144950351794,0.2970342167035157,0.38836122388005234,0.3883612238800524
RABEP1,13937.042454820054,-0.12370482301116643,0.06279423174216785,-1.9700029696851227,0.048838030213021785,0.09044079669078109,0.09044079669078109
PTPN4,14829.044416894898,-0.38715109790456365,0.19805484886012947,-1.9547670765585645,0.05061056883078997,0.09297017928452855,0.09297017928452854
CREG1,6361.994911391829,0.4947232986319895,0.27688406600921645,1.7867525053446807,0.07397749876392408,0.12672943294827535,0.12672943294827535
PRKAR1A,7738.422754391305,-0.5858101905812284,0.07089534186057384,-8.263027939597368,1.420229807251548e-16,1.8936397430020642e-14,1.893639743002064e-14
YY1,11242.335855189924,-0.07005444470944071,0.055577363960880935,-1.2604851996713935,0.2074943836833738,0.2906083805089269,0.2906083805089269
CLASP2,15522.116393828326,-0.1889222986900057,0.062089889078523475,-3.0427224382875058,0.0023444847176705232,0.007012684422628949,0.007012684422628949
CTSH,6950.0838295272915,-0.8592022547241559,0.2534706599099044,-3.389750336506629,0.000699563033794762,0.0026299362172735414,0.002629936217273541
SREBF2,15473.502377316085,-0.0032761608855613397,0.07290886721297184,-0.04493501285641221,0.9641591087961249,0.9705733617812694,0.9705733617812694
FLOT1,6017.261628115327,-0.1789190361501562,0.11789551879076113,-1.5176067588090312,0.12911356199089022,0.20033136073062874,0.20033136073062874
NPL,10669.811932364679,-0.2736713095638972,0.3215620231549204,-0.8510685026759186,0.3947313008558656,0.48552435529626764,0.48552435529626764
BAX,1422.6475401101907,0.24353223420709924,0.08344135206086595,2.918603644263287,0.003516029691848232,0.009848822666241545,0.009848822666241545
PRPF38B,11032.830439452855,-0.2766332793548469,0.10165419723921504,-2.7213168454212178,0.00650224057568079,0.01633728787859495,0.01633728787859495
RIN3,13834.682096642317,-0.40017439147523304,0.11372078874821703,-3.5189202948744684,0.0004333068668393606,0.0017436896049873665,0.0017436896049873665
LRRFIP2,12033.14600354532,0.2735784752236884,0.16580601187306004,1.6499912888148967,0.09894471777747567,0.16062454184655142,0.16062454184655142
NKG7,866.8517650518374,-0.21249213270362668,0.23663959877479618,-0.8979567823973957,0.36920859043440835,0.46070467320709113,0.4607046732070912
NUFIP2,15063.81898761061,0.00266631868421362,0.023573825776467536,0.11310504750040448,0.9099472733474051,0.9301505439435791,0.930150543943579
PRKDC,14487.071387113452,-0.3094651028676515,0.09953826447098464,-3.109006415898084,0.0018771764195132216,0.006015368151061291,0.00601536815106129
LRRC8D,15040.401381329144,-0.3659133109516447,0.07663497087250114,-4.774756312759885,1.7992499154024022e-06,1.7307262615042975e-05,1.7307262615042975e-05
PSMD4,2399.6913619039556,-0.1235993723758228,0.06848252801554316,-1.8048307496442015,0.07110117098954918,0.12311891080441417,0.12311891080441419
MYOF,13648.09331471754,-0.18137263552962873,0.37658054719957096,-0.48163038924448026,0.6300685342378387,0.7143634175032185,0.7143634175032184
RGS1,4039.8525158701127,1.6891308335847843,0.3839339731101401,4.399534690565711,1.0848323526815335e-05,7.918484326142581e-05,7.91848432614258e-05
DNAJC15,7526.406808405343,0.5063209086419105,0.17178807564508866,2.947357706526506,0.00320502218988956,0.009072209072905528,0.009072209072905528
RNF115,12401.291475523758,0.2105744934335393,0.06892864867152777,3.0549633206507485,0.0022508804827375906,0.006831200251100427,0.006831200251100427
MCPH1,15228.142578780287,0.006527512145473535,0.06725992634935792,0.09704905282781133,0.9226874397437806,0.9396002441382695,0.9396002441382695
TSG101,6863.275812197091,-0.07451039827838721,0.066463097356917,-1.1210792340636033,0.2622541370525434,0.3532042249865905,0.35320422498659043
ANXA11,8843.629370346604,-0.4076563997624413,0.08248752375738526,-4.942037064434766,7.731051337164899e-07,8.686574536140336e-06,8.686574536140336e-06
N4BP2L1,12337.980630455262,0.7018406970091415,0.14172663104078603,4.95207352249251,7.342685006026111e-07,8.34396023412058e-06,8.34396023412058e-06
SNX9,11014.04579308849,-0.3875744739871272,0.13593678208741322,-2.85113762467836,0.004356310977621175,0.01167911790246964,0.01167911790246964
VCAN,7684.759650159351,-3.4997269802194593,0.5071051716833095,-6.901382939168803,5.1498699563918675e-12,2.395288351810171e-10,2.395288351810171e-10
TPP2,14066.041766807439,-0.4710175220705288,0.1548984583977499,-3.040814782423754,0.0023593892035000913,0.007029763745491189,0.007029763745491189
NBAS,15167.656565326179,-0.16545934809668572,0.07247777587375745,-2.2828977034958213,0.022436394800375802,0.04703816807079886,0.04703816807079885
RNF114,5012.0104123522715,0.33531868943506987,0.1394377590745773,2.4047911531318213,0.0161817104672851,0.035839890292990256,0.035839890292990256
SRBD1,15078.024304467266,0.14414730740292522,0.0900703547323915,1.6003856966168508,0.10951304621572519,0.17492079516628645,0.17492079516628645
OCIAD2,2100.412545401167,-0.17393011257077934,0.21999477952989602,-0.7906101814890714,0.4291715036217888,0.520839203424501,0.520839203424501
SMARCA5,10604.373564669513,0.21195753210126414,0.06644416492007207,3.190009722542754,0.0014226800741547949,0.004703074625305107,0.004703074625305107
ZZZ3,15173.780114754269,-0.054231370757081176,0.0824156711593455,-0.6580225580184652,0.510523636066828,0.6013234818219412,0.6013234818219412
IRF8,7831.186511349534,0.9702861246474594,0.3121302843650246,3.108593344671248,0.0018798025472066533,0.006015368151061291,0.00601536815106129
RSL24D1,2202.2297525044432,0.0465885630597571,0.1253999659207964,0.37151974259054266,0.7102504540433761,0.7852409663276685,0.7852409663276684
STAT6,13593.0291265915,0.10610169226341279,0.10411511995960673,1.0190805360890598,0.30816473377608633,0.39991737932795207,0.399917379327952
SCFD1,12269.172479534673,-0.04417477103754972,0.044900339002620464,-0.9838404791324984,0.3251939528915674,0.4161151028682884,0.4161151028682884
G3BP2,9046.741125532912,0.18324696624157674,0.06633542105661655,2.7624301364602397,0.005737283881468671,0.014729868758584522,0.014729868758584522
CDYL,15171.58261599227,0.012903574108843654,0.06882631437582319,0.18748024248958373,0.851284113245406,0.8895340786263385,0.8895340786263385
AFTPH,13166.26890813917,-0.010688995175102788,0.051346664922506946,-0.20817311486996787,0.835093799954768,0.8758194021549742,0.8758194021549742
OXNAD1,14133.87908332906,-0.799235084322888,0.2449560371277547,-3.2627694899638415,0.0011032921933652126,0.0038176200462464106,0.0038176200462464106
HMGA1,1893.8166085821904,0.19856612755417588,0.1382198200929955,1.4365966286208365,0.15083264212750272,0.22824807800852664,0.22824807800852667
TRAPPC1,914.0118844738314,-0.36565592569448613,0.1405320187066888,-2.6019403197904984,0.009269798207116143,0.022229731911549505,0.0222297319115495
SRI,2079.3523286929503,0.012105525937852413,0.07335123101356661,0.16503507535699635,0.8689163744296174,0.9023015310795611,0.9023015310795612
SLMAP,14814.924224917042,-0.04364113732513762,0.06822997927177879,-0.6396182116852617,0.522420839654512,0.611734004279288,0.6117340042792881
ENSA,7571.93256177198,-0.14284026586895687,0.10499317640383461,-1.3604718969502478,0.17368064021640506,0.25262638576931645,0.25262638576931645
BDP1,13288.260680155183,0.05206554127519377,0.046688738744589904,1.1151627282119911,0.2647806947816247,0.35588803062046326,0.35588803062046326
ANKH,13498.331364100179,-0.8131142380682289,0.2458417122486103,-3.3074706103818445,0.0009414258967093207,0.0033864240888824486,0.0033864240888824486
TRAT1,4996.905422552648,0.30312471738310576,0.2969983058864679,1.0206277657993772,0.30743082940617195,0.3992608174106129,0.3992608174106129
TAF7,5511.661842960649,0.1380879401785648,0.06477507062252202,2.131806864144926,0.033022727128505944,0.06552128398513084,0.06552128398513084
COX8A,1138.203349764073,-0.5107995358822428,0.17150046384429332,-2.9784148942360984,0.0028974348225733835,0.008254800064311634,0.008254800064311634
IFNGR1,5633.464673142211,-1.152253591046462,0.15537357397172624,-7.416020379734206,1.2069193611616455e-13,8.323581801114797e-12,8.323581801114797e-12
USP18,15088.983971216761,1.6081950396561926,0.4422622728307183,3.6362926219387255,0.000276590119018342,0.0011924698557270385,0.0011924698557270387
UBE3C,15045.684936042462,-0.15109951267143773,0.038554042690729415,-3.91916131554657,8.885762932502644e-05,0.0004701461869049018,0.00047014618690490183
CUL5,13979.931367894062,0.04406655159359993,0.032749467772448866,1.345565427193653,0.178442707696166,0.2578651845320318,0.2578651845320318
SLC6A6,12442.396019749163,0.3407518493159871,0.12045675449001451,2.8288313989418867,0.004671830389394193,0.012425080822856897,0.012425080822856897
PID1,9413.68559214439,-5.397982669275975,0.3875887760727842,-13.927087166895419,4.336848007526048e-44,8.673696015052096e-41,8.673696015052096e-41
EIF5A,3902.754944962356,0.006906390913492405,0.09148466739107922,0.0754923323267813,0.9398229980460825,0.9523584462101335,0.9523584462101335
ATP2C1,13750.044928485135,-0.08117001140606861,0.09451011409229364,-0.8588499991313333,0.3904232783893343,0.4817066975809184,0.48170669758091833
SKAP2,12798.488796244974,-0.6521640055473605,0.14027441880307479,-4.64920126643266,3.3322292991083234e-06,2.8373873735037064e-05,2.8373873735037064e-05
TMEM245,14524.83778073319,-0.24882688527674904,0.16736273624757886,-1.4867520145503634,0.1370803193610131,0.21073069847965115,0.21073069847965117
STIM2,14495.616255016204,-0.15947948961337097,0.09113175695448274,-1.7499880935361054,0.08012036826460156,0.13533845990642157,0.13533845990642157
CCT8,3434.164182826184,-0.08049377382036528,0.07260016459387265,-1.1087271533150056,0.26754790440373943,0.35864330349026735,0.35864330349026735
VAMP8,2069.5760565009828,-0.5031757042007248,0.16469400777577772,-3.055215614679632,0.002248987756903367,0.006831200251100427,0.006831200251100427
ATOX1,4561.6200516866365,0.6100917975468201,0.22600812694176461,2.6994241570083983,0.006945958584747048,0.017343217440067536,0.017343217440067536
HIGD2A,487.46884055467325,-0.3874646301929236,0.15866985503745568,-2.441954901272574,0.014607971360934292,0.03279005917156968,0.03279005917156968
CHCHD3,13190.380184747657,-0.17654374761784938,0.0577803357341027,-3.055429591656924,0.0022473836310235923,0.006831200251100427,0.006831200251100427
PDCD10,7656.166506833671,0.07583103520141872,0.024755041675736673,3.0632562123998968,0.0021894251676538184,0.006726344601086999,0.006726344601086999
MTPN,9791.12159381395,0.1867841403319249,0.06337757627724487,2.947164459474415,0.0032070259072721043,0.009072209072905528,0.009072209072905528
PTPN12,13852.176426763654,-0.5444463302683022,0.2047497003576713,-2.6590824275553264,0.007835379075709884,0.019251545640564825,0.019251545640564825
HMOX1,1232.3948213154608,-0.37090886293823794,0.3134263821437414,-1.1834002626113789,0.23665055329544815,0.32551657949855317,0.32551657949855317
ADRM1,1495.407633464208,0.12883144521288714,0.10080503542288614,1.2780258909927236,0.2012402973675571,0.2840371169619719,0.2840371169619719
SNX14,14039.622035596016,0.044424988087374356,0.06744415857367153,0.6586928953802195,0.5100929961421867,0.6011702959837203,0.6011702959837204
DGUOK,4695.484058363697,-0.08540965922634956,0.06803104883142694,-1.2554511608072485,0.20931502699792026,0.2929531518515329,0.2929531518515329
PSMD7,3336.4081335051087,0.13070286621889898,0.06373523602875228,2.050715967536956,0.04029461506263342,0.07734091182847105,0.07734091182847105
NSRP1,10677.725681901062,0.08862845469864566,0.03716852278703558,2.384503016341542,0.01710220780561686,0.03754601055020167,0.03754601055020167
PIK3IP1,7097.484300044188,-0.7046204954545285,0.2633057496178422,-2.676054345479366,0.0074494564607902256,0.018462097796258303,0.018462097796258303
MED4,6709.244093600696,-0.06175177016471383,0.05145885084009394,-1.2000223315636154,0.2301306676031446,0.31764067302021337,0.31764067302021337
DHX36,10938.215121236164,0.17952507794618072,0.06299291587268807,2.849924875822706,0.004372955642264319,0.011708047234978097,0.011708047234978097
USP32,14736.134392005371,-0.34316824740155555,0.06961433042795974,-4.929563285201495,8.241363615698005e-07,9.05644353373407e-06,9.056443533734072e-06
GTF2B,6559.192581669492,0.25599696923359616,0.056882452972153344,4.500455867452109,6.780788252565897e-06,5.196006323805285e-05,5.196006323805285e-05
ZNF277,11400.256977607207,0.3688636207532736,0.07402969265274262,4.982644227412014,6.272120802072371e-07,7.378965649496907e-06,7.378965649496906e-06
SWAP70,11494.57861958155,0.1459149947441559,0.1924222824075176,0.7583061219237219,0.44826774322578566,0.5433548402736796,0.5433548402736795
ATF7IP2,14509.650948164499,-0.04993760325694791,0.11844786617883331,-0.42159985542966066,0.6733171118262482,0.7531316508669791,0.7531316508669791
NDUFB11,745.6157527419588,-0.39469925629739705,0.1705464535452173,-2.314321101920479,0.020650115119382716,0.04407708670092362,0.04407708670092362
PIK3CA,14821.582645789555,-0.18751355782057336,0.06435570387305853,-2.913705336677591,0.003571668596296061,0.009962813378789572,0.009962813378789572
EVI2A,2728.223364110361,-0.4790500684458158,0.1868013391345228,-2.56448947670998,0.010332771259061778,0.024369743535523063,0.02436974353552306
ERAP2,13013.401756609645,0.55902379311461,0.1844158053471951,3.031322570547301,0.0024348497482160904,0.007182447634855723,0.007182447634855723
CNDP2,7917.405965885416,0.35030725836048804,0.16453849033509382,2.1290292480930355,0.03325184063481567,0.06584522897983301,0.06584522897983301
MALT1,13585.634451760285,0.07842301561092135,0.06900292983911717,1.1365171854842606,0.25574017731038823,0.3467663421157806,0.3467663421157806
AATF,11567.810701291028,0.0745639643350015,0.04766360974654041,1.564379297571217,0.11772851957135524,0.18569167124819438,0.1856916712481944
MLLT6,13961.254641617381,0.022971391521936363,0.0727279498161396,0.315853692837614,0.7521135616286272,0.8128950591802222,0.8128950591802222
NDUFA13,2181.991882582342,-0.08993286132856981,0.08894972515747275,-1.011052717356423,0.31199119897250926,0.40291282174766985,0.4029128217476699
YWHAH,2449.1440236519556,-0.4577382718772451,0.14953978658043826,-3.060979839174942,0.0022061394873471064,0.006758201845423293,0.006758201845423293
SDS,956.2485960269663,1.1239081668261532,0.4039953798965582,2.781982722460654,0.005402791627731208,0.014038182107529686,0.014038182107529686
ME2,11772.063854360356,0.423320587995724,0.07729699168076871,5.4765467425176,4.3370624840843596e-08,7.885568152880654e-07,7.885568152880654e-07
HDAC8,14023.655407401418,-0.1280131488296388,0.058879579742049756,-2.1741518772800656,0.02969373103872807,0.05992680330722113,0.05992680330722113
NUDC,2971.717881066099,-0.10153446620238464,0.05538289557588676,-1.833318123702291,0.06675527569191089,0.11660310164525921,0.11660310164525921
SERPING1,9634.680690653318,1.0521650934578595,0.41983099691237413,2.5061634352774202,0.01220491905524438,0.02796086839689434,0.02796086839689434
PHACTR4,13976.514566280219,0.1311876985126165,0.09779760527645857,1.3414203562732374,0.17978401206069883,0.2592415458697892,0.25924154586978926
MPEG1,11028.392120152603,-0.7500232286246817,0.2847939447985783,-2.63356452032412,0.008449378060091356,0.02048334075173662,0.02048334075173662
ZBP1,12430.580192334133,1.4878531314804966,0.3414111198534283,4.357951586694801,1.3128541445081296e-05,9.213011540407926e-05,9.213011540407926e-05
SDCCAG8,13040.894213982472,-0.35602133030126926,0.06735070355857288,-5.286081829741366,1.2496401104120026e-07,1.8933941066848526e-06,1.8933941066848526e-06
NEMF,12861.832058481154,-0.2098076813425907,0.06045958800679426,-3.470213546923495,0.0005200447232011615,0.0020555127399255395,0.0020555127399255395
NEDD9,14481.138687374461,0.12399303082357346,0.0975798071676817,1.270683294244506,0.20384134108865526,0.28689843925215375,0.2868984392521538
AGO3,13777.92611300759,-0.291096747320486,0.057487575951170516,-5.063646231452536,4.1131260953952217e-07,5.341722201811976e-06,5.341722201811976e-06
RNGTT,14422.127951107892,-0.11176173359626332,0.08142685489841522,-1.3725414512901504,0.1698949441241835,0.24856612161548428,0.24856612161548428
TNK2,14469.471125976786,0.5656066491302234,0.16682822366692152,3.39035348275048,0.0006980255571566683,0.0026290981437162644,0.0026290981437162644
CYCS,1514.5719816985832,0.13431685883172076,0.08706316116873349,1.5427519174430944,0.12289097981795992,0.19269642543981283,0.19269642543981286
SLC44A1,12675.245874484366,0.008756878168169406,0.21222794753157423,0.0412616635557228,0.9670872950772261,0.9729248441420786,0.9729248441420786
URI1,13965.85531731059,0.039448278503788264,0.10818722352882605,0.3646297336882615,0.7153878165048801,0.7887407017694379,0.7887407017694378
CGGBP1,7607.083188034002,0.07229653789787517,0.06198927365086527,1.1662749640375247,0.24350329214097766,0.3331650299010669,0.33316502990106683
MBD2,13720.993276917632,0.3883246071837731,0.12884853318774914,3.013806968356663,0.002579918977213449,0.007478026020908548,0.007478026020908548
GNB2,3132.0624093487363,0.026633169083470846,0.12339069624189787,0.21584422403500006,0.8291091749366054,0.8732060820817329,0.8732060820817329
TSC22D1,12641.890018591866,0.3073105701117352,0.08212592931606502,3.7419432896647997,0.00018260272797119485,0.0008434306141856575,0.0008434306141856575
KRAS,6761.638392890134,-0.1916712443088403,0.06237402309918926,-3.0729338077814585,0.002119654986038352,0.0065725736001189215,0.006572573600118921
LBH,9372.736594104836,0.029878472136162394,0.21968584019928966,0.13600545264573224,0.8918169704331435,0.9198730999826131,0.9198730999826131
MANBA,13642.055918723172,-0.47814697512641696,0.1747812833158077,-2.735687517881796,0.006225010766449287,0.01569990105031346,0.01569990105031346
GSTK1,7545.63421905924,0.3829895692550403,0.1088964954825113,3.5170054606261236,0.00043644480304409923,0.0017527903736710814,0.0017527903736710812
ZNF438,14254.416302425283,0.07253229729968155,0.18494654401948543,0.39217979272994563,0.6949253737100973,0.7712823237625941,0.7712823237625942
UBE2R2,12823.711018156586,0.08913986876869363,0.10328017466211006,0.8630878971721566,0.38808914171500564,0.4797146374721949,0.47971463747219484
CSNK1G1,14396.669010337175,0.1984530873258532,0.04402180313271881,4.508063577667374,6.5421974096512015e-06,5.0324595458855395e-05,5.0324595458855395e-05
CDK12,12883.794448459113,-0.02058078543110137,0.0474568664629053,-0.43367350111892367,0.6645255519616898,0.7454016286726751,0.7454016286726751
PELI1,12739.174763867371,0.20027336830856632,0.1813067288171343,1.1046107864565895,0.26932827518269065,0.3603162942085907,0.3603162942085907
SNX1,10717.177084787898,-0.0012767132920407044,0.09075143316538695,-0.014068243855873883,0.9887755356802267,0.9892701707656095,0.9892701707656094
MTMR3,14227.740196101722,-0.21491427838505403,0.0722872046054176,-2.973061132439297,0.0029484572045535406,0.008376298876572558,0.008376298876572558
KDM2B,13222.892153745246,-0.20433748059158735,0.16727448743834183,-1.221569910156844,0.22187031324278206,0.30772581587071024,0.3077258158707102
SPAG9,12517.135816780852,0.0706122426453315,0.07340384287799814,0.9619692903911522,0.33606503028441037,0.42810831883364375,0.4281083188336438
HIPK3,13936.885243747713,-0.17781055712225,0.05896405722251776,-3.0155753436577633,0.0025649220577149256,0.007446691107663466,0.007446691107663466
CHMP3,9694.569346025493,-0.04232738560056181,0.04569027687453271,-0.9263980981510458,0.3542391321114817,0.44614500265929685,0.4461450026592969
CBX3,6041.642106043458,-0.15136533935686167,0.09035806537207058,-1.6751724235526653,0.09390040647435834,0.15409071759105122,0.15409071759105122
SLA,12790.470858040875,-0.47948712272394706,0.08795016309268117,-5.451804816082802,4.986116584315841e-08,8.897458401957779e-07,8.89745840195778e-07
KIAA0040,11834.431148719472,0.8814299486449539,0.20986489677006992,4.1999875263115465,2.6692968545259366e-05,0.00017056209933073079,0.00017056209933073079
HERC3,14333.291706796539,-0.30621526787050285,0.07729974752977038,-3.9614006210378685,7.451139366048357e-05,0.00040276429005666793,0.00040276429005666793
MAP2K1,9760.859764671988,-0.6118676297261022,0.09359863921640443,-6.537142364980709,6.270535554811876e-11,2.2801947472043186e-09,2.2801947472043186e-09
POLR2A,13676.833580100329,0.3319224296298439,0.042582738762727654,7.7947647162698015,6.452860123981921e-15,6.145581070458973e-13,6.145581070458973e-13
AP2S1,1366.8145916951978,-0.7473899082254035,0.15947883136821359,-4.686452125422139,2.779818066727447e-06,2.4600159882543777e-05,2.4600159882543777e-05
PSEN1,12028.73027538493,0.011414055367965461,0.1006933099608554,0.11335465456843839,0.9097493883385263,0.9301505439435791,0.930150543943579
MDM4,13774.848173458413,-0.06267302511631509,0.061240541743629445,-1.0233910957006624,0.3061229677738847,0.39807928189061725,0.39807928189061725
UBE2N,5802.1632101554105,0.06396955916600322,0.060712116722598325,1.0536539099482989,0.2920413977085302,0.3835080731563102,0.3835080731563102
ITGB1,11886.40509458151,-0.4198968625608683,0.10435578427533769,-4.023704727789604,5.728973720895018e-05,0.000318276317827501,0.000318276317827501
STAU2,14042.640374158465,-0.2405496835763296,0.08580582327369278,-2.8034190967325614,0.005056391644932206,0.013236627342754466,0.013236627342754466
USP33,13241.037268228878,0.2696235513206191,0.05750059074759623,4.68905706559007,2.744668465662595e-06,2.4397053028111955e-05,2.4397053028111955e-05
TSPAN5,14058.944349380225,0.7984805902678277,0.18329833202774332,4.356180339638731,1.323517449521758e-05,9.255366779872434e-05,9.255366779872432e-05
TMEM87A,11827.015585833442,0.015394465057457314,0.033913914220706436,0.45392769932932386,0.6498808661600135,0.7322601308845222,0.7322601308845222
UPP1,2907.467415417,-0.6323464506302368,0.10143323981634368,-6.234114692335288,4.5434012984244765e-10,1.3194814792056095e-08,1.3194814792056094e-08
CSF2RA,14235.556588681959,0.2306894674695362,0.26390388020488065,0.8741420068944853,0.38204092355707453,0.4731156948075227,0.47311569480752264
HELZ2,10419.898365406256,0.7404536731953288,0.33430041295982604,2.2149349641524716,0.026764528796642453,0.05462148734008664,0.054621487340086636
LMBRD1,12634.624756630647,-0.19316784395011724,0.09847835215524452,-1.9615259569494126,0.04981770009091934,0.09184092162366907,0.09184092162366908
EIF3G,2010.3309896716182,-0.38782170477046635,0.10667104803541151,-3.6356791454952373,0.0002772492414565365,0.0011924698557270385,0.0011924698557270387
BAZ2A,13349.122708059213,0.07345674067760163,0.04477501227813786,1.6405744396293132,0.1008857844514673,0.1629818811816919,0.16298188118169193
ATP6V0D1,4054.060034299722,-0.2764123511515571,0.14248964627082583,-1.939876744631595,0.05239467093846834,0.09561071339136559,0.09561071339136559
HMBOX1,13915.739472504772,-0.26679914608993044,0.06101360995380623,-4.372780864661601,1.2267384326978143e-05,8.793823890306913e-05,8.793823890306913e-05
CDC37,3571.8324645879898,-0.6265918071129226,0.045318880043152224,-13.82628623029271,1.7692155607581155e-43,1.7692155607581155e-40,1.7692155607581155e-40
RNPS1,3540.864414479716,0.10409934104924329,0.039228232816547144,2.653684185470939,0.007961830533937498,0.019538234439110423,0.019538234439110423
APOL2,12233.911276488647,0.9333663271628561,0.2292921046196989,4.070643115736262,4.6883527716040664e-05,0.0002694455615864406,0.0002694455615864406
ELP4,13933.55258551916,-0.26508892358815495,0.07846742009403503,-3.378331073845342,0.0007292722290454605,0.0027262513235344317,0.0027262513235344317
RPRD2,14006.516396390789,-0.3077393421674564,0.1489222186195479,-2.066443442893093,0.03878662750241172,0.07499161624051279,0.0749916162405128
RCAN3,12159.884502621979,-0.23037164354167855,0.20899511182305325,-1.1022824482934501,0.27033889745891737,0.36141563831406065,0.36141563831406065
SECISBP2,12032.095762041523,-0.07102115944366692,0.08545805057026976,-0.831064586305631,0.40593714426668304,0.4974719905228959,0.49747199052289587
TCF25,9668.53669911199,-0.23565920686212774,0.07689353715022097,-3.0647466041487794,0.002178544894013894,0.006703215058504289,0.006703215058504289
RNF19B,12137.571687221314,0.6689659473585416,0.32376392236482,2.0662152301353243,0.03880816140446537,0.07499161624051279,0.0749916162405128
HAVCR2,5568.2449031938,0.31813298691599745,0.2221640384893804,1.4319733701240058,0.152151442636268,0.22928105308099783,0.22928105308099783
U2SURP,9520.967869226051,0.04480103149663987,0.04194183406883057,1.0681705388256766,0.2854435915926241,0.3773213372010894,0.37732133720108935
NDUFB4,1410.4816619866458,0.16869386494104585,0.057582034612305016,2.9296266809057276,0.003393694502215118,0.009519479669607624,0.009519479669607624
VCP,6378.359559455067,0.03728406378060578,0.05038169012598023,0.7400320173336061,0.459280567127907,0.5536836252295443,0.5536836252295443
TFCP2,13957.38748120568,-0.14865888393449245,0.04791002589803421,-3.102876300899517,0.001916497277436775,0.006092682615866957,0.006092682615866956
UBE2A,2639.021872240551,0.38997108923031865,0.11549532298982151,3.376509793947989,0.0007341175838090274,0.0027392447157053262,0.0027392447157053262
TFG,7497.527207745821,0.40454696996626194,0.10642818949203126,3.8011261104517065,0.00014403996387067234,0.0006975300913834012,0.0006975300913834011
RIPK1,13574.355753862545,0.6102797481067131,0.11702180586991046,5.21509426016842,1.8372378582123476e-07,2.6013851126960523e-06,2.6013851126960523e-06
RB1CC1,11933.45498676507,-0.3018418223800043,0.11387999457801201,-2.6505254368732123,0.008036667533243846,0.01969771454226433,0.019697714542264325
WDR83OS,603.5124819090779,-0.21358906054528307,0.1681470861509753,-1.2702513343199209,0.20399511722282426,0.2869129637451818,0.2869129637451818
PPP6R2,13619.382691500645,-0.1698010296049921,0.07276592508317124,-2.3335239593382484,0.01962066233243884,0.04210442560609193,0.042104425606091934
UBR1,13812.01996825796,-0.12290517835128874,0.0697437141915925,-1.7622402215869482,0.07802871904538239,0.13258915725638468,0.13258915725638468
TLK2,13848.396449760015,0.2979011045239343,0.07281558641386199,4.091172222808915,4.291982418780144e-05,0.0002508714576285584,0.0002508714576285584
C19orf53,869.6164436432173,-0.4186394678631189,0.15864187780256347,-2.638896322093044,0.008317641419719506,0.020230878322169,0.020230878322168997
PPP4R2,10186.423079808077,0.01612945725420517,0.04266430884965879,0.37805504622241565,0.7053897021785498,0.7815952378709694,0.7815952378709693
SSR3,3394.61635220736,0.03662986369293075,0.09543073437131443,0.38383717713421833,0.7010991314069892,0.7777028634575587,0.7777028634575587
BCAP31,1616.6062865360946,-0.48613874401340035,0.1195691425732766,-4.065754203393035,4.7877375816814113e-05,0.00027436891585566825,0.0002743689158556683
IER3,1754.4194102307135,-1.1787533097422267,0.23483553271962138,-5.019484471072709,5.181033335028459e-07,6.345888285910253e-06,6.345888285910253e-06
CDK19,13502.54373166599,-0.23349738183429583,0.0982250990294774,-2.3771661636525625,0.01744622708006662,0.03805065884420201,0.03805065884420201
NRP2,13272.556893786606,1.011021572962293,0.34712784690639525,2.912533759456411,0.003585094453599906,0.009986335525347927,0.009986335525347927
DIDO1,13263.150126051341,-0.12486378018960881,0.08471960206603826,-1.4738475765299095,0.14052263520545807,0.21552551411880072,0.21552551411880072
RNF111,13588.624827468479,0.010592612017817495,0.03931989005543335,0.26939576898317835,0.7876251417180181,0.8396856521514052,0.8396856521514052
E2F3,13550.359934902075,0.20600861256006295,0.09546629235258004,2.157919905375852,0.030934059589917306,0.06186811917983461,0.06186811917983461
TMED2,2836.032789104817,0.06576073757206985,0.13242676169513784,0.4965819350280489,0.6194838948733524,0.7043591755239937,0.7043591755239936
PDE4DIP,6464.699317760021,0.13412474975536728,0.25705096384480913,0.5217827147940328,0.6018216259753253,0.6874033420620506,0.6874033420620507
HNRNPH3,7463.840866236441,-0.022804300710388754,0.045381065242660265,-0.5025069506070491,0.6153109643981516,0.7008097544398082,0.7008097544398082
DNAJC7,7609.3921466433785,-0.01626920149729954,0.0689187990423939,-0.23606333429129975,0.8133835249302668,0.8597817789361383,0.8597817789361384
NECAP2,4743.652765973316,0.02769682632592182,0.08791877594923708,0.3150274332972235,0.7527408248008858,0.8128950591802222,0.8128950591802222
ABHD3,9889.983958502125,-0.14720503998183396,0.0670473528101636,-2.1955384338383515,0.028124997063042147,0.05710659302140537,0.057106593021405375
SMURF2,13729.847520518211,-0.17784060486266573,0.07983569435232031,-2.227582615839015,0.02590836098294674,0.05303656291288995,0.05303656291288995
YME1L1,11222.256342044939,0.1635497140076209,0.04091418322962718,3.9973843077769096,6.404627561323978e-05,0.00035287204194622466,0.00035287204194622466
C1orf43,3726.2969229487903,-0.13206913854345514,0.07706812078083888,-1.7136675606639538,0.08658979783326975,0.14455725848626003,0.14455725848626003
TMEM140,9682.899785555668,1.0197000569146653,0.2123355865520376,4.802304095478432,1.5685024700510563e-06,1.56069897517518e-05,1.5606989751751805e-05
COX7A2L,1984.801556258071,-0.1790776608095504,0.06977744551318546,-2.566411818210099,0.010275674905857091,0.02426369517321627,0.024263695173216273
EIF4E3,13578.764813775759,0.5915362224707089,0.15467285081146048,3.824434730253767,0.0001310724626858201,0.0006472714206707166,0.0006472714206707166
RALGAPA1,13360.611526241342,-0.3955174156002682,0.12636169842234593,-3.130041939435696,0.0017478134773786104,0.005647216405100517,0.005647216405100517
RAB18,6274.946821760389,0.05715402294251181,0.034047454800083365,1.6786577228196178,0.09321876987144048,0.1531943629768948,0.1531943629768948
YTHDC1,11322.457770312103,-0.012289700907100186,0.06779196245975855,-0.18128551617598293,0.8561434740869917,0.8932117622190836,0.8932117622190836
GCNT1,13413.631682567162,1.0722461875872584,0.35139298237269095,3.051416053750394,0.0022776472763843874,0.0069019614435890525,0.0069019614435890525
SF3B2,6929.068317910204,-0.009313959457753174,0.04818010036495635,-0.19331548475826038,0.8467118999765039,0.8852189231327798,0.8852189231327798
GNAI3,8633.064181525542,0.0879530959529664,0.06633673227112619,1.3258581323163694,0.1848866932415948,0.2652606789692895,0.2652606789692895
AFF4,12852.663079115388,0.038408766538368645,0.03597183117254195,1.0677456578214695,0.2856352568766153,0.3773253063099277,0.3773253063099277
PRKD2,12685.361885905351,0.7733227753191647,0.1688643917363997,4.579549112558527,4.659793651157352e-06,3.712982988970002e-05,3.712982988970002e-05
CD36,9345.930606776432,-1.4517121900968284,0.3219349339037824,-4.509334145547267,6.503141205407391e-06,5.021730660546248e-05,5.021730660546248e-05
FBXO7,6283.565957150728,0.7281231123838028,0.09462954366929667,7.694458666401117,1.4209446945359619e-14,1.1841205787799681e-12,1.1841205787799684e-12
FAR2,13699.79067785257,0.8315930202649415,0.308945572064159,2.6917136721164714,0.007108594595120193,0.017683071132139783,0.017683071132139783
ABCA1,13436.842692631093,0.03688177703544408,0.3150589806191212,0.11706308756210612,0.9068100604270598,0.9281576872334286,0.9281576872334287
NCOA4,6642.252044209313,-0.5524874607135415,0.11984633250708497,-4.609965521313554,4.027357577270914e-06,3.3146975944616575e-05,3.3146975944616575e-05
LAMP2,7225.074548118093,0.17676989490693334,0.11023997736183683,1.6035008273516576,0.10882412661589216,0.17411860258542747,0.17411860258542747
R3HDM1,13410.931357745654,-0.2291137083204583,0.09745629266334682,-2.350938067302735,0.018726150412750598,0.04040161901348565,0.04040161901348565
SYNCRIP,10355.004590183002,-0.004119908373751541,0.04176488224051534,-0.09864527691053548,0.9214199195348916,0.9387874880640771,0.938787488064077
THEMIS2,7590.789807251775,0.3197824531716552,0.21753134693562243,1.4700522829304854,0.14154759442130804,0.2165992263524224,0.2165992263524224
TTC14,11395.32641120253,0.03202805378596388,0.09561697305709002,0.3349620131442656,0.7376537416405236,0.8043956555388974,0.8043956555388972
DHX9,11539.949828025412,-0.02657920889755721,0.07173572697400891,-0.37051564149042937,0.7109983243228197,0.7856335075390274,0.7856335075390273
MANF,1147.3244027699327,-0.7919185522237135,0.1166846166113891,-6.786829105855054,1.1462484821239345e-11,4.776035342183061e-10,4.776035342183061e-10
CDR2,13669.777527706756,0.007877672772427496,0.09459094892886262,0.08328146468169931,0.9336277381307868,0.9468841157513052,0.9468841157513052
TSPAN14,12268.627260796253,-0.3535856329007436,0.07461503995765019,-4.738798412510812,2.149892476128761e-06,1.9723784184667533e-05,1.9723784184667533e-05
TXNRD1,6624.627391225389,0.021504755509806087,0.100568303398453,0.21383233865051843,0.8306778055650367,0.8743976900684596,0.8743976900684597
GADD45GIP1,1109.4105216527655,-0.21860549495472117,0.12488539208630253,-1.7504488819929636,0.08004088747541566,0.13531849108269764,0.13531849108269764
PHTF2,13601.691376050569,-0.20496651230319846,0.10220851966307087,-2.005375999758807,0.044922865495376746,0.08484016146435645,0.08484016146435647
HBP1,6745.923415498178,0.022667630709124545,0.05570831612090003,0.4068985079342643,0.6840825318867056,0.7622844707153447,0.7622844707153447
BUB3,4342.518272746419,-0.03150980362311957,0.09383250976094999,-0.33580902507451543,0.7370148839791156,0.8041624484223847,0.8041624484223848
DCAF7,11399.348695103452,-0.3298067442343353,0.06349672379943405,-5.194074977412849,2.0574021832250508e-07,2.864156333066757e-06,2.864156333066757e-06
RASA1,13513.259098991513,-0.19828901140079366,0.05320199752032475,-3.7270971136946756,0.00019369783911247276,0.0008844650187784144,0.0008844650187784144
RABGAP1,13474.206162136077,-0.08246550943720203,0.042878264911194196,-1.9232473517293098,0.05444899306235371,0.09890825261099674,0.09890825261099674
ALG13,10582.392094979361,-0.15235135444418516,0.09725041064631186,-1.5665882892594547,0.11721095689614348,0.1851673884615221,0.1851673884615221
ADD1,12399.806205665096,-0.1759875293873766,0.0597879843279938,-2.9435267197154213,0.003244958108220123,0.009153619487221785,0.009153619487221785
USP8,11394.122392076679,-0.060636433920812825,0.04223357383371714,-1.4357400621494119,0.1510763208982631,0.22830309130824397,0.22830309130824397
C2orf42,13211.7329365957,0.4766405408241025,0.09001973886184676,5.2948447401697365,1.1911757202223822e-07,1.8325780311113572e-06,1.8325780311113572e-06
TRRAP,13587.661287388886,-0.14378574879885606,0.07742051074852643,-1.8572048596513913,0.06328201387149023,0.11153446801812192,0.11153446801812192
AKAP10,13279.45849145896,-0.22927038543561104,0.06308054321287583,-3.6345658067956044,0.0002784491798146158,0.0011948042186145538,0.0011948042186145538
HPCAL1,11320.708827985718,-0.31760003062800196,0.10577501831352373,-3.002599627887709,0.002676843394644355,0.007716455936449418,0.007716455936449418
CCT6A,4238.824233195257,-0.2575383942818897,0.0841374750031363,-3.060923735497051,0.002206552902530705,0.006758201845423293,0.006758201845423293
RAB27A,11231.235721643621,-0.07742830964986601,0.10818856545530588,-0.7156792339746169,0.47418943613263,0.5675516889678396,0.5675516889678396
NR4A3,12266.094091508588,2.2584381878299307,0.40426132333551384,5.586579911221326,2.3158500989728576e-08,4.5408825470056034e-07,4.540882547005603e-07
M6PR,4605.237347782289,-0.32055530256495834,0.08157289955483087,-3.929678904566714,8.505937071123539e-05,0.000452530769702275,0.000452530769702275
RAB6A,10468.269680859528,-0.1604041502385393,0.050019337021244156,-3.2068427890280238,0.0013420031303187998,0.004460189824225253,0.004460189824225253
ID2,1856.7526518353563,0.29745477612414106,0.17030654390939426,1.7465845368947868,0.08070943139180378,0.13598893242089938,0.13598893242089938
HCG18,12960.93776374132,-0.23921594922735762,0.09582995067531198,-2.496254537768276,0.012551250179449061,0.028623147501594212,0.028623147501594212
AP2B1,12047.03426917573,-0.03706548388649812,0.04164117126928413,-0.8901162661060599,0.37340345966024135,0.46501053506879375,0.46501053506879375
SRSF9,2770.874036826856,-0.20367486457194048,0.06698442960604549,-3.0406299757990087,0.0023608376945689616,0.007029763745491189,0.007029763745491189
STX16,12798.658361850927,0.5862994602109951,0.1216230819780946,4.820626567550663,1.431080263138582e-06,1.4455356193319009e-05,1.445535619331901e-05
BUD31,1060.503493823633,0.107186692706498,0.07915990091615288,1.35405289124896,0.1757195040746683,0.25466594793430186,0.25466594793430186
KLHL5,12735.61971965881,0.009305445585929516,0.0660583169943867,0.14086713088255404,0.8879749089293865,0.9173573584437785,0.9173573584437786
PPP1CB,9148.904663663088,-0.10100243951021451,0.05936859864477244,-1.7012771366653783,0.08889095912588768,0.14729239291779236,0.14729239291779234
RAD21,9700.510567797995,-0.29546820088137415,0.09312989012707783,-3.1726462951711976,0.0015105643293820005,0.004944564089630116,0.004944564089630116
WWP2,13169.920942218,-0.07858053412125923,0.05177444655618105,-1.5177474477875992,0.1290780777605616,0.20033136073062874,0.20033136073062874
PDLIM5,11669.84679080143,-0.04865118749937232,0.14648975887508187,-0.3321132335323133,0.739803757825433,0.8058661859660408,0.8058661859660409
SSU72,3303.3808528153772,-0.26885162347624364,0.07117072202315583,-3.77755930857033,0.00015837279779630815,0.0007488075545924735,0.0007488075545924735
ZNF131,12390.474952348513,-0.08937163831536361,0.06864093505402559,-1.3020166209131825,0.19291070386379672,0.2738264071877881,0.2738264071877881
VPS41,12785.652922757441,-0.013002623555131545,0.08745678111459662,-0.14867484704352324,0.881810209771264,0.9137929634935378,0.9137929634935378
CCT3,2741.522672787258,-0.23826907139095155,0.07987369216430729,-2.9830732113999545,0.0028536972393461246,0.008141789555909058,0.008141789555909057
SPOP,10194.771443848595,-0.2551514148040789,0.0697120583765665,-3.6600757565616115,0.0002521406922892164,0.0011058802293386683,0.0011058802293386683
SDHD,2647.0964615931975,-0.06481915307952484,0.04591985711123541,-1.4115713148346285,0.15807622355358897,0.23540763001279072,0.23540763001279072
BNIP3L,6463.847026568852,-0.5034325372341583,0.13234240718944776,-3.8040152655943165,0.00014236940067907715,0.000692795137124463,0.0006927951371244629
NGLY1,10847.8596977396,0.20017235431773142,0.05311582291623264,3.768601206337652,0.00016416492298158773,0.0007712843384786403,0.0007712843384786403
UBL3,11214.091874176398,-0.1124578704730799,0.07452633613947054,-1.508968188944956,0.13130691233731512,0.20326147420637017,0.20326147420637014
LRP1,13141.098798630263,-1.3512113256908562,0.3353229353877929,-4.02958218210816,5.587607903133937e-05,0.0003138805743745837,0.0003138805743745837
DDIT4,340.41885866975986,0.3997649579579691,0.2114672970301698,1.8904339515955277,0.058699946243498266,0.10510285809041767,0.10510285809041767
GALNT2,12661.19796898377,0.002440886489300843,0.13638864834161618,0.01789655164839739,0.9857213799605522,0.9872021832354053,0.9872021832354053
VAMP2,2829.2853448860683,-0.30351843453098326,0.15387625580241054,-1.972483882898251,0.04855439439990645,0.090166006313661,0.090166006313661
ACBD6,12877.512684074201,-0.31892076269709224,0.0887152018776291,-3.5948829056039497,0.0003245375090947184,0.0013693565784587273,0.0013693565784587275
UBE2Z,8976.83080879158,0.4846104307845387,0.14990547328592377,3.23277342822708,0.0012259475216596257,0.004144307162583414,0.004144307162583414
XIAP,11563.72015154807,0.439805930271876,0.08961961781998906,4.907473843006952,9.225695467021392e-07,9.960808454225631e-06,9.960808454225633e-06
ZC3H11A,12196.013674052096,0.06977684133416313,0.04313507384543507,1.6176358381625335,0.10574110088398755,0.16945689244228776,0.16945689244228776
C5AR1,3857.1308241250917,-0.20729728853867904,0.290411983751783,-0.7138041821161807,0.47534827327398066,0.5685984130071539,0.568598413007154
MEF2C,12220.47063034976,-0.34628251093189805,0.25368403863719596,-1.3650149721367808,0.17224834430843405,0.2510908809160846,0.2510908809160846
POU2F2,11587.14454157098,-0.8990768941088103,0.14446158624217134,-6.223639913531221,4.857512320681338e-10,1.387860663051811e-08,1.3878606630518109e-08
COX16,6965.60772346501,0.07695173244159552,0.06625524416016222,1.1614436474730383,0.24546152754089667,0.33532995565696266,0.33532995565696266
BLVRA,5328.125754868379,0.6381721088769919,0.2762043267874808,2.3105072838631493,0.020860085749297878,0.04438316116871889,0.04438316116871888
TRADD,3103.422857219659,0.7510096772506462,0.11997367492523078,6.259787221810831,3.855030988708638e-10,1.1861633811411194e-08,1.1861633811411194e-08
CD46,10950.18654309825,0.1771476191897297,0.05306741025745432,3.338162128702069,0.0008433452560841766,0.0031072436060788954,0.003107243606078896
PRPF4B,10895.544013954219,0.003547961047477722,0.04838752772526509,0.07332387526848551,0.9415483931174915,0.9534667272075864,0.9534667272075863
UXT,1268.0568999627314,-0.28927366571638186,0.1489186402822008,-1.9424946747311704,0.05207724399126785,0.0953795677495748,0.09537956774957482
TUBB,5472.378029339008,-0.5269178858663793,0.1823740170751699,-2.8892157683251414,0.0038620397285478165,0.010609999254252243,0.010609999254252243
MCOLN2,12765.54127728068,1.171146406162632,0.30780349650935873,3.804850885204364,0.00014188964244242288,0.0006921445972801116,0.0006921445972801117
RNF7,1837.6475751328164,0.1475266633282084,0.07316169871451421,2.016446664310998,0.043753290097999956,0.0831811598821292,0.0831811598821292
DHX15,11260.35153087814,0.07629616360970377,0.0860248876696811,0.8869080294840519,0.37512841832188437,0.46628765484385876,0.4662876548438588
DGKA,13068.797260210073,-0.2512504864194812,0.18919871959066525,-1.3279713888289841,0.18418755897641093,0.2646372973799007,0.2646372973799007
SFSWAP,12488.071349623739,-0.12731945178811918,0.0703259897425137,-1.8104182003591711,0.07023095896012144,0.12203468107753508,0.12203468107753508
PDCD6IP,10565.754506336767,0.029895546438857112,0.03771441706515086,0.7926821827104789,0.4279630136106277,0.5196879339534034,0.5196879339534034
CRADD,12882.396068935253,-0.390437311388484,0.12262136849538377,-3.1840886802954125,0.0014521051869255891,0.004776661799097332,0.004776661799097333
SYNGR2,4607.660595836512,0.7303263439626482,0.2167299172227648,3.36975325474787,0.0007523552008688569,0.0027968594827838546,0.002796859482783855
DNAJC13,12996.39102273687,0.25821133135402763,0.11547900751279842,2.236002342896914,0.02535161768878099,0.05205670983322585,0.052056709833225856
SMC5,11849.297754430014,-0.055566938883554115,0.054017312586959985,-1.0286875859308893,0.3036265052857827,0.3958624579997167,0.39586245799971675
C6orf62,10751.66947464319,0.2839952575391753,0.10095532333396125,2.8130785793208357,0.004906965835097357,0.012930081251903444,0.012930081251903444
SEC31A,12131.611928542043,-0.050908641661583515,0.03578166442442284,-1.4227577861592073,0.1548063825726212,0.23157274879973253,0.23157274879973255
SFI1,12807.699882907415,-0.0186837268852038,0.14174809805560643,-0.13180936563871462,0.8951350784823322,0.9223442333666483,0.9223442333666484
KPNA4,11485.774787163959,0.09338751588438744,0.04223637027415757,2.211068689809428,0.027031080744776732,0.05510923699240924,0.055109236992409244
ESYT2,12983.73391693747,-0.35643247224389313,0.15554062248838607,-2.2915715942342154,0.021930376178579302,0.046266616410504856,0.046266616410504856
AURKAIP1,539.6383884914559,-0.24925650670127406,0.1254946077832199,-1.9861929616278107,0.047011902084408225,0.08770015727688008,0.08770015727688006
CD84,11316.635928060654,-0.04405618312412537,0.16614932681636907,-0.2651601662690874,0.7908860795502564,0.8417084159846485,0.8417084159846484
MAP2K4,12845.583846622221,-0.021844366457381623,0.06400705078611144,-0.3412806275105167,0.7328923304226376,0.8005377721710951,0.8005377721710951
CHD8,12476.676752794772,0.07787175073068325,0.038680472490916266,2.013205778418831,0.04409298559867848,0.08374278387605702,0.08374278387605702
IL32,3326.9995624662647,-0.26050286472888207,0.2000114938323185,-1.302439473539841,0.1927661960722188,0.2738156194207653,0.2738156194207653
OS9,8191.955690850315,-0.33136709915308343,0.09320061123962889,-3.555417660310217,0.0003773791207110243,0.001549811584028847,0.0015498115840288473
NCOA7,10438.833988086315,0.03024282744198861,0.09476585447145458,0.319132113678122,0.7496263326563406,0.8126030706301794,0.8126030706301796
EIF3I,1466.6271677506645,-0.2420635625395847,0.10177429251238526,-2.378435227246872,0.017386291191551446,0.037961334479369974,0.037961334479369974
DHRS7,2358.7896648799965,-0.16023522254248612,0.10975693472211354,-1.4599097810828563,0.14431487070757232,0.22015998582390894,0.22015998582390894
LMNB1,10134.256625902775,1.049113682485073,0.2730227161920456,3.842587522084137,0.00012174397833001372,0.0006102455054136026,0.0006102455054136026
SLAMF6,13031.680439012203,0.35173071509634224,0.1302456721871662,2.70051748507157,0.0069231697813599506,0.017307924453399876,0.017307924453399876
HNRNPUL1,10714.320448092096,-0.2685520825235312,0.065208452264825,-4.11836308325316,3.815731691137381e-05,0.00022780487708282874,0.00022780487708282874
NOP58,7897.52595035229,0.08797802056691631,0.1028092889967647,0.8557399961173245,0.39214161180959706,0.48293301946994716,0.4829330194699471
ZZEF1,12930.402637343119,-0.2873401864923067,0.07692177488996274,-3.735485652838215,0.00018735326163397273,0.0008613943063630929,0.000861394306363093
TERF2IP,4786.66645154201,-0.04930447592719349,0.09801779466366305,-0.5030155605558788,0.6149533320088714,0.7008015179588278,0.7008015179588277
IRF9,8735.687096574504,0.41210033764031195,0.12599010852331358,3.2708943779031325,0.001072079432167452,0.0037160465586393485,0.0037160465586393485
TAF9,755.1839484385201,0.22486919430054694,0.0755954313634858,2.974640004622866,0.0029333256552292446,0.008345165448731848,0.008345165448731848
NBN,10552.680205041355,0.5256378248617576,0.15876274570101054,3.3108385883654554,0.000930168458239766,0.003351958408071229,0.003351958408071229
NUCKS1,10351.578868986478,-0.0738836433440961,0.10857392492744718,-0.6804915949521737,0.49619324198976655,0.5879066848219983,0.5879066848219983
ATG5,9791.112054656754,0.03310777407790275,0.04994686626110392,0.6628598860402459,0.5074202949819431,0.5990794509822233,0.5990794509822233
PHF20L1,8959.261754591173,-0.32653916038619213,0.07710600147275057,-4.2349383206129785,2.286144469920071e-05,0.00014942120718431834,0.00014942120718431837
NPC1,12683.971283089666,0.15390313224538146,0.10959662545930622,1.4042688960576297,0.16023879273496455,0.23809627449474674,0.23809627449474674
CPSF6,10461.334802609612,-0.2155278980128046,0.10734848455126972,-2.007740481048601,0.04467087652572159,0.08444400099380263,0.08444400099380263
APBA2,12962.104297751233,-0.5723347100253037,0.24303281950379982,-2.3549688111829488,0.01852426041202353,0.040052454944915744,0.04005245494491574
TACC1,11233.43356539861,-0.5638036561436505,0.07118466743450244,-7.920296272542265,2.3694530892123513e-15,2.494161146539317e-13,2.4941611465393175e-13
ILF2,1508.723987613185,0.005626018818621111,0.07471692645562875,0.07529778171432369,0.9399777864094018,0.9523584462101335,0.9523584462101335
HOOK3,10818.10746690171,-0.3518053516146778,0.06966148873717751,-5.0502129367632005,4.413178440247923e-07,5.657921077240927e-06,5.6579210772409264e-06
OFD1,9869.41509901479,0.2973565711616307,0.09438720740343413,3.1503906020935193,0.0016305230816965853,0.005293906109404498,0.005293906109404498
PIK3CB,12730.698568730577,0.12620292069976025,0.06416772220932626,1.9667664108142155,0.04921014661918061,0.09087746374733262,0.09087746374733262
SKIL,6591.4104982908175,-0.40818667625346855,0.11797603938336325,-3.459911676870806,0.0005403525949622574,0.0021231929075137814,0.0021231929075137814
ELK4,12683.36129226406,0.41470099232108576,0.10553174926189805,3.9296325060614947,8.50757847040277e-05,0.000452530769702275,0.000452530769702275
PSTPIP2,11337.216236300024,-0.9753559097172739,0.2180698516568344,-4.472676540598298,7.724657963226789e-06,5.874264610818851e-05,5.8742646108188504e-05
DICER1,12287.951737894464,-0.48184248217009984,0.05969036863767694,-8.072365662455598,6.894901545623493e-16,8.111648877204109e-14,8.111648877204109e-14
SNW1,5936.975048013531,0.12100933675005802,0.02895547982927832,4.1791514926891145,2.9259873457417077e-05,0.00018402436136740301,0.00018402436136740301
DMTF1,12480.59581255095,0.21176499615570368,0.08143277397549384,2.600488548006871,0.009309112608430316,0.022297275708815126,0.02229727570881513
PRDX6,2013.1039575936757,-0.026781480554686828,0.05236633705599786,-0.5114255084530371,0.6090531370049725,0.6948695231089247,0.6948695231089248
RAB9A,4541.6979045554135,0.5241992674885275,0.15190160006922687,3.4509134021605536,0.000558692802535268,0.002186664589179131,0.002186664589179131
NRF1,12923.862611168952,-0.193377819907332,0.06880827939795366,-2.8103859244747085,0.0049482126758885825,0.01298591991841239,0.012985919918412388
RAB5A,6528.230411860852,-0.07253411272350961,0.02258058580068043,-3.2122334364471588,0.0013170730970485888,0.004404926745981902,0.004404926745981902
CMPK1,5491.258363834629,-0.2963734726638588,0.09779800579880271,-3.03046539899372,0.0024417716309381465,0.0071922581176381345,0.007192258117638134
ARSB,12870.17005326804,0.12271061343626491,0.17918687544727935,0.6848192041407017,0.4934580154222926,0.5860546501452406,0.5860546501452406
YLPM1,12786.21362209939,-0.3279345368397618,0.11239390483610762,-2.917725274497356,0.0035259485185042136,0.009862793058753044,0.009862793058753044
TNPO1,11386.259513314004,-0.07570041876913933,0.040600010087023845,-1.8645418709719461,0.06224564730150669,0.11016928725930387,0.11016928725930387
SUN2,11404.180304623655,-0.743642966876054,0.18171436205759528,-4.09237309839248,4.269809221074429e-05,0.0002508714576285584,0.0002508714576285584
C1orf21,11412.199021040762,0.01671564559425047,0.2736411866791214,0.06108600023669558,0.9512907185213823,0.9608997156781639,0.9608997156781639
C9orf78,4239.93650854835,-0.0776935952586047,0.13687727675937938,-0.567614998617956,0.5702964205073453,0.6551366117258418,0.6551366117258418
NOSIP,2083.3972198152624,-0.46339289142822787,0.1102484763361688,-4.2031682144545375,2.632048401952826e-05,0.00016890759772800767,0.00016890759772800767
PLCG2,12487.752184313184,-0.3012050205137735,0.19887862905388132,-1.514516778130894,0.12989482170720174,0.20123132719938303,0.20123132719938303
DDX18,5323.907835025017,-0.20546822488070804,0.14301474124961994,-1.4366926310210282,0.15080534973652124,0.22824807800852664,0.22824807800852667
APRT,799.8364230540416,-0.29594179966850276,0.17696894996335824,-1.6722809268506034,0.09446893888381198,0.15448722630222728,0.15448722630222728
NDUFA11,968.8931193554362,-0.2524049315128428,0.10144195514778301,-2.488171005232829,0.01284019762927013,0.029149143312758523,0.029149143312758526
PAM,12810.358163155674,-0.010726765163489046,0.12352758382725916,-0.0868370029684167,0.930801074586883,0.9454556369597592,0.9454556369597593
C1QBP,1323.19028860609,-0.2848543542915514,0.169174189356195,-1.6837932274159901,0.09222163654461489,0.15205546009004928,0.1520554600900493
MIR155HG,6356.556520206922,1.3187891298479826,0.3535116586588435,3.7305392836299083,0.00019107034709620838,0.000876469482092699,0.0008764694820926989
NFKBIZ,11473.829450071682,0.1494178380619957,0.16037152979838376,0.9316980280093429,0.35149260588833975,0.44380379531356023,0.4438037953135603
GALM,11047.280572785998,0.7044544546283085,0.16536021097369374,4.260120681270637,2.0431655502734237e-05,0.0001362110366848949,0.0001362110366848949
EVI2B,2772.6182013023936,-0.6975528483931009,0.16596869571827616,-4.2029181790833805,2.6349585245569195e-05,0.00016890759772800767,0.00016890759772800767
BTBD7,12411.747661862513,-0.1772311135505325,0.06093731475190714,-2.908416858735735,0.003632637548836524,0.010076664490531274,0.010076664490531274
MRPS6,6525.594524808334,-0.25962733771092644,0.1134410157203699,-2.2886549107679293,0.022099410748170362,0.0464761529929976,0.04647615299299761
SGK3,11280.27466175467,-0.11035848570037661,0.08837397467186661,-1.2487668016533,0.21175037970905564,0.295947420977017,0.295947420977017
ANKRD10,11336.952655386085,0.0678261400378978,0.11631547872517971,0.5831222188248188,0.5598110273375732,0.6453153052882687,0.6453153052882687
CFDP1,9900.55498360431,-0.17254023078952593,0.06321875128874072,-2.7292571787993447,0.006347717812027333,0.01598921363231066,0.01598921363231066
EMILIN2,9797.832775896963,-0.40371894256656865,0.2574274025838633,-1.5682827022855397,0.1168151709727948,0.18468801734829218,0.18468801734829218
AP3S1,3759.3663270206002,0.10563232599673508,0.07422678518038571,1.4231025328663731,0.15470643422804764,0.23157274879973253,0.23157274879973255
HTATIP2,1361.6126705051674,0.11825218231176618,0.0906346395135695,1.3047128884322632,0.1919906311419447,0.2729077912465454,0.2729077912465454
PRR14L,12097.900605690193,-0.09285842741703393,0.03587951834637245,-2.5880622621686404,0.009651753319768662,0.023007755231868085,0.02300775523186809
TRIM5,10751.580331468644,0.7558544640254082,0.1847780424236267,4.090607596613226,4.302445498329777e-05,0.0002508714576285584,0.0002508714576285584
ZRANB2,8375.283930854841,0.10552589890409697,0.08137453124516929,1.2967927100699752,0.19470251965265006,0.2757826057402975,0.27578260574029756
MSL3,7337.240866493648,0.13466757857878542,0.1315864115647845,1.023415540992118,0.3061114144972248,0.39807928189061725,0.39807928189061725
RNF24,11814.876820510719,0.22909632288416856,0.10094736184260317,2.2694632004487136,0.023240172626187664,0.048568803816484145,0.048568803816484145
RPN2,4531.479252010309,-0.38507620429982486,0.060729368274862326,-6.340856413275407,2.2849142093022893e-10,7.616380697674298e-09,7.616380697674298e-09
TBC1D15,11277.110608790792,-0.20460660390774602,0.1442054750073629,-1.4188546162848474,0.15594140586720295,0.23292218949544877,0.23292218949544877
UBE2W,11988.413912504688,-0.43693379882992156,0.080791131234497,-5.408190133663524,6.366481843891288e-08,1.0882874946822715e-06,1.0882874946822715e-06
PEA15,5580.597859819594,-0.2427040479302225,0.23230853152441563,-1.0447487500247674,0.29613910713244096,0.3876166323723049,0.3876166323723049
BTAF1,12422.873154112065,0.09630160779589986,0.09125893564183372,1.0552567495840326,0.2913079159372266,0.38279621016718346,0.38279621016718346
MIA3,9096.591625301713,0.08838318120998619,0.04748764727645538,1.8611825659724148,0.06271839950690095,0.11080989312173312,0.11080989312173312
GBP3,7366.987325878957,0.7047972656485106,0.201988806661105,3.4892887249490667,0.00048430773411419197,0.0019218560877547301,0.0019218560877547301
CSGALNACT2,11125.954947402848,-0.3486030906160599,0.07117361910566203,-4.897925593730665,9.68536938163418e-07,1.035868383062479e-05,1.035868383062479e-05
CKLF,4143.224083622906,-0.9268394293992809,0.13964422830647683,-6.637148134508996,3.1981021045802455e-11,1.2339042232788497e-09,1.2339042232788499e-09
R3HCC1L,12243.40147562595,-0.009596254564296204,0.05442311482281703,-0.1763268161981965,0.8600371957975399,0.8958720789557708,0.8958720789557707
ANP32A,7850.241143547121,-0.5147858364806382,0.08496919925279461,-6.05849932690412,1.3739732282651052e-09,3.523008277602834e-08,3.523008277602834e-08
IDH2,4333.0685272514775,0.1233196799376422,0.13734690244337341,0.8978701211589792,0.3692547955754836,0.46070467320709113,0.4607046732070912
STOM,6874.666894491241,0.601438134765933,0.1822755186954149,3.2996100577332337,0.000968192554330922,0.003464016294565016,0.003464016294565016
NDUFA1,1606.521701318973,-0.09019416924537381,0.15407118952338097,-0.5854058083434636,0.5582748841664944,0.6439156680121043,0.6439156680121043
CWF19L2,11062.635128911083,-0.15461286184982545,0.11571943877034098,-1.3361010344741915,0.18151625193400378,0.2613624937854626,0.2613624937854626
PSIP1,8715.231849244607,-0.24912507998554353,0.17453692238962382,-1.4273488759553947,0.15347935905350968,0.23044948806833285,0.23044948806833285
ARID4A,10518.62116248246,-0.2240355291291507,0.0909102628031495,-2.464359052775604,0.013725853594585745,0.03091408467249042,0.030914084672490415
MAPK14,12122.066183796633,-0.7342439629156865,0.09907816412496724,-7.410754623890537,1.2558275461665224e-13,8.37218364111015e-12,8.372183641110149e-12
ARHGAP31,12431.464349386219,-0.7006467364177742,0.2493403513755542,-2.8100013999036455,0.004954128448874326,0.01298591991841239,0.012985919918412388
MTR,12449.571180539491,-0.0802124652658616,0.10736563083430382,-0.7470962974143242,0.45500543503373003,0.5490251715615899,0.54902517156159
SPG21,3223.1060504297034,-0.7103935314444321,0.08218180607750503,-8.644170350484453,5.419764581583442e-18,9.032940969305738e-16,9.032940969305738e-16
USP10,10154.685213580357,-0.14056834760132889,0.07942724106695438,-1.7697750257098153,0.07676462583912153,0.13066319291765366,0.13066319291765366
GGNBP2,8915.267654318317,-0.013786738446096406,0.05391238301275114,-0.25572489427587763,0.7981632713088632,0.8482075146746686,0.8482075146746687
FKBP15,11230.000999259717,-0.2129166123940824,0.188101139872285,-1.131926220854623,0.25766545386837814,0.3484319862993619,0.3484319862993619
NDUFA9,5883.925758652003,0.5379495484001238,0.12658275892684492,4.24978530220705,2.139755107273998e-05,0.00014170563624331113,0.00014170563624331113
MGA,12385.381454362994,-0.19670747423191356,0.046387563354151035,-4.240521812498069,2.2300076205341008e-05,0.00014671102766671714,0.00014671102766671714
SYTL3,10945.197076293225,0.7548940777097402,0.19786954706690776,3.8151099494581637,0.00013612231126363926,0.0006672662316845062,0.0006672662316845062
PJA2,10350.421818518613,-0.35774290025646277,0.07106771584779603,-5.033831409787138,4.807725274277495e-07,6.085728195287968e-06,6.085728195287968e-06
GNB4,9887.549286595335,0.05090888776767513,0.277457621018617,0.18348347246969013,0.8544186856942498,0.8922755749648998,0.8922755749648997
BCL11A,12515.111797108699,0.640774224970014,0.2752552379432797,2.327927452926635,0.019915956223112003,0.04260097587831445,0.04260097587831445
BAZ1B,11175.932402968707,-0.05071370966329172,0.05870386393441815,-0.8638904880255798,0.38764805260909985,0.4794657422499689,0.4794657422499689
TSC22D3,1472.8455364464828,-0.7628617211960534,0.17643035213257655,-4.323868948710196,1.5331639329469613e-05,0.00010501122828403844,0.00010501122828403846
UBE2L3,6522.730037291632,0.03446470710307157,0.03318025774546939,1.0387112531631122,0.2989390459828908,0.39051475634603633,0.3905147563460363
COPB1,8291.155044211526,-0.05889789193092586,0.046650401677699405,-1.2625377234228874,0.20675536102554104,0.2901829628428646,0.29018296284286466
TMEM14B,7140.934058844486,-0.4165000139628245,0.13720496537264842,-3.0356045266409364,0.002400539997940524,0.007102189343019302,0.007102189343019302
PANK2,7861.168986798126,0.10196416027863192,0.109628838294347,0.9300852026258286,0.3523269716335944,0.44429630723025776,0.44429630723025776
EXOC6,12236.99153194719,0.08678710505734534,0.08584985061168249,1.0109173683935953,0.3120559804435703,0.40291282174766985,0.4029128217476699
TMED10,4695.241645145573,-0.6266679102921773,0.09230897560014777,-6.7888079812162285,1.130638034356396e-11,4.776035342183061e-10,4.776035342183061e-10
RAC2,5025.474042576067,-0.08029432838386633,0.0854054155950932,-0.9401549986542012,0.3471380610582506,0.4388900532276648,0.4388900532276648
TNFAIP6,1062.3063930413562,1.4623782791160398,0.43465116365659356,3.364487205816907,0.0007668603964511256,0.002840223690559724,0.002840223690559724
DYNLRB1,2550.517623542421,-0.02296757888954867,0.06687080117629107,-0.34346199664932064,0.7312509261493538,0.7991813400539387,0.7991813400539386
