ensembl_id,baseMean,log2FoldChange,lfcSE,stat,pvalue,padj,gene_symbol
ENSG00000108700,7069.722897786377,9.822491290356563,0.3707526416157543,26.493381807206465,1.1552982686325705e-154,5.677135692060452e-151,CCL8
ENSG00000172183,3031.6515320668723,5.817667110994657,0.22589844138675283,25.753462818428357,2.948030886789514e-146,7.243311888841836e-143,ISG20
ENSG00000146425,915.7674276217397,2.7534658482532657,0.10818504314825285,25.451446596735337,6.803924648826132e-143,1.1144828574777204e-139,DYNLT1
ENSG00000136689,885.1821738264193,6.68840421790031,0.2713318732972834,24.65027103753562,3.6555738862402656e-134,4.490872519246166e-131,IL1RN
ENSG00000138385,359.38381537614174,3.422983989607213,0.13912002404988394,24.60453851258566,1.12951948657097e-133,1.1100917514019492e-130,SSB
ENSG00000185201,473.02960255720757,4.943980604208604,0.20515586775385203,24.09865561408382,2.582166349641701e-128,2.1147942403565534e-125,IFITM2
ENSG00000034510,2555.7323905730204,2.2266388309739487,0.09443208267317052,23.57926213149769,6.29160085492155e-123,4.416703800154928e-120,TMSB10
ENSG00000122643,215.5177535869529,5.8585483684385995,0.2568590461300207,22.808417522009456,3.782921736042036e-115,2.3236596763638208e-112,NT5C3A
ENSG00000101608,1192.116446090079,1.971885512436033,0.08677657034236272,22.723708769040794,2.6119654930954793e-114,1.4261331592301317e-111,MYL12A
ENSG00000185507,682.112458102749,3.4876172737782904,0.15510163863232576,22.486011782543557,5.688886989399707e-112,2.795519066591016e-109,IRF7
ENSG00000089009,562.6810184751178,-1.6756069721993465,0.0757695261174048,-22.114523583043074,2.2911481030021057e-108,1.0235183434683953e-105,RPL6
ENSG00000188313,764.3493836197748,3.0354239685441056,0.13960254490119198,21.743328323223054,7.98902756820898e-105,3.2715067891815775e-102,PLSCR1
ENSG00000135114,454.6845672038803,4.461043998675944,0.2061924348106272,21.635342745591462,8.352636059156631e-104,3.1572964303612064e-101,OASL
ENSG00000175550,284.7699601535942,1.647791952997801,0.07734787655431875,21.303648224145018,1.0501514539532125e-100,3.686031603375776e-98,DRAP1
ENSG00000183726,368.2758230903288,1.7755765784260724,0.08354439260629729,21.253090997901825,3.0866160255209066e-100,1.011175409960649e-97,TMEM50A
ENSG00000177409,347.0843861837102,4.011513697949934,0.19066650224949896,21.039425649612113,2.8581866176002628e-98,8.778205649304807e-96,SAMD9L
ENSG00000100220,148.9410677237267,3.5404511915998618,0.16873937013278026,20.98177318555768,9.623729587008136e-98,2.7818239523857636e-95,RTCB
ENSG00000132475,4583.632135134661,1.1372460603848682,0.05421343596550679,20.977199473363743,1.0595220912727114e-97,2.8924953091745023e-95,H3F3B
ENSG00000124357,231.18139966993613,2.4874681033589274,0.1196991540065009,20.780999865912438,6.4305392246594245e-96,1.6631405131566533e-93,NAGK
ENSG00000110077,240.65782370702559,2.873554909101946,0.13840651732202294,20.761702300594717,9.610148633837832e-96,2.361213519333955e-93,MS4A6A
ENSG00000130066,3848.0877770541047,2.0500131098920558,0.09990932686200918,20.518736080801073,1.4647102540156142e-93,3.427421994396537e-91,SAT1
ENSG00000119917,1718.0947418202409,7.844598039792435,0.3832403076001262,20.46913616397967,4.0574869586919186e-93,9.062950415914586e-91,IFIT3
ENSG00000115956,395.52915377965934,2.1463410910830825,0.1056547300549332,20.314671098654387,9.53867222830811e-92,2.037958057822002e-89,PLEK
ENSG00000106211,666.5981119092119,3.186659216837547,0.15809752695264262,20.156287566674564,2.3701188171138346e-90,4.852818278040576e-88,HSPB1
ENSG00000123609,235.26085129861457,2.9374883378419607,0.14576442374478965,20.152299596676873,2.5689871478018634e-90,5.049601137719342e-88,NMI
ENSG00000109861,446.84536697688753,4.514254111809688,0.2262637239052013,19.95129415310536,1.4605849305352092e-88,2.7605055187115454e-86,CTSC
ENSG00000131203,1535.1644887459884,6.4286090560783595,0.3227853856314071,19.91604744899843,2.9540957556304364e-88,5.376454275247394e-86,IDO1
ENSG00000136810,1229.074392675694,2.1431191254020714,0.10975247987476931,19.52684010281527,6.493513590484516e-85,1.1396116351300324e-82,TXN
ENSG00000041357,471.42805628491493,2.0869415152118984,0.10755976995252826,19.402621594793057,7.33345674473399e-84,1.2426416015042352e-81,PSMA4
ENSG00000147604,1073.1463585796198,-1.2704806642877446,0.06583143129021024,-19.298998052875042,5.476072441829452e-83,8.969806659716643e-81,RPL7
ENSG00000107201,200.55297859170946,5.182727362579694,0.2711895126552952,19.11109066067529,2.0415712884265524e-81,3.2362197778477677e-79,DDX58
ENSG00000144848,238.4865487225798,1.7125281872170328,0.08981796774433248,19.066654815568274,4.7791618182599735e-81,7.339000367165472e-79,ATG3
ENSG00000104951,414.79340825924965,3.109527392646826,0.1641166620237456,18.94705482248302,4.6699945934803956e-80,6.954046494655352e-78,IL4I1
ENSG00000173193,134.87702990974924,2.904325048925045,0.15361871638632085,18.906062472369833,1.0167089355607093e-79,1.4694434439250958e-77,PARP14
ENSG00000185338,81.41041541504339,4.421855872960772,0.23501036434343212,18.81557813551958,5.62910566995112e-79,7.903264360611374e-77,SOCS1
ENSG00000125148,426.5718414843064,5.792591245622587,0.3083698955428537,18.784554943099494,1.0102971783446115e-78,1.3790556484403947e-76,MT2A
ENSG00000105402,170.17322749218414,2.4141576449141704,0.12874831355661265,18.750984601073064,1.9003986539141664e-78,2.523934860901139e-76,NAPA
ENSG00000168899,285.96003820296903,4.249677304142908,0.22748801865383267,18.68088407156783,7.083619507037197e-78,9.16023848883705e-76,VAMP5
ENSG00000128383,3726.449335335874,6.208218809247752,0.33348942368209766,18.61593912245266,2.3863927412040335e-77,3.006854853917082e-75,APOBEC3A
ENSG00000163565,164.14238805262073,3.3966162728461495,0.18327981360553813,18.532407939678933,1.1311015473026999e-76,1.3895582508613667e-74,IFI16
ENSG00000102524,619.0601878011029,5.919406582370804,0.3250660963302476,18.209855316184814,4.310845148268344e-74,5.166705624046499e-72,TNFSF13B
ENSG00000133106,357.0001793856759,3.6351037263615167,0.1999815226947911,18.177197959980326,7.823020777542185e-74,9.152934309724358e-72,EPSTI1
ENSG00000204389,831.3365693895882,3.4774733909628233,0.1929029786085329,18.02705907418788,1.194799225716907e-72,1.3654054407378792e-70,HSPA1A
ENSG00000117228,616.6214263302137,3.414585176011187,0.18958716604734668,18.010634618370965,1.607747125811144e-72,1.7955612218718093e-70,GBP1
ENSG00000152061,206.83367564327105,6.240178056186051,0.34752378367582154,17.956117967474245,4.2983893648648084e-72,4.693841186432371e-70,RABGAP1L
ENSG00000162654,208.64465476871447,4.2515981672312355,0.23732500057733386,17.914666204101938,9.06110462708133e-72,9.679623508147316e-70,GBP4
ENSG00000135535,178.0840905712787,1.6685728692606934,0.09346529322117259,17.852325839413442,2.7724573594669576e-71,2.8986926520043894e-69,CD164
ENSG00000124226,139.1504574745448,2.367337401111445,0.13315435486556546,17.778895804808958,1.0298838081942018e-70,1.0543435486388142e-68,RNF114
ENSG00000168310,110.33557999288138,3.031754644505886,0.17269178328214133,17.555870852017605,5.363798033232774e-69,5.379123170470583e-67,IRF2
ENSG00000130303,752.045497145908,2.8014195084630678,0.15999594215826785,17.509315990601227,1.2164697398416289e-68,1.1955464603163528e-66,BST2
ENSG00000163823,199.4336229773681,2.0747031120744643,0.1186300501936962,17.488849652233483,1.7423890832145719e-68,1.6788431284149818e-66,CCR1
ENSG00000106588,339.43117538336594,2.0158679523375627,0.11535905802644864,17.47472618817137,2.232145665146669e-68,2.1093776535636022e-66,PSMA2
ENSG00000188820,688.7872469911276,5.579905057068822,0.3203991025813663,17.415482790410717,6.295559868275229e-68,5.83705305522726e-66,FAM26F
ENSG00000205413,229.9652295827012,4.250382231901727,0.245060108970892,17.344243621496894,2.1802919124151478e-67,1.9840656402977845e-65,SAMD9
ENSG00000152558,228.7739889612396,2.50174451980967,0.14519799122749805,17.22988382043044,1.5846929413086388e-66,1.4158511115619366e-64,TMEM123
ENSG00000086300,167.66961644948591,2.704157170545419,0.15711152803132505,17.211704350595213,2.1695162895202126e-66,1.9037505440539866e-64,SNX10
ENSG00000124795,141.71138968642597,1.8326295549116174,0.1067589848609152,17.166045155816658,4.768219929511695e-66,4.110707497126398e-64,DEK
ENSG00000254087,154.9536895297097,2.176904621278054,0.12685587301627815,17.160455953022478,5.249986041817399e-66,4.4480054154294305e-64,LYN
ENSG00000258227,149.61539407909584,-4.736092615592742,0.2765182868821547,-17.127592785974223,9.239949456200367e-66,7.695781631825186e-64,CLEC5A
ENSG00000196141,122.30765809294293,3.714955670912154,0.21736175982654077,17.091118851249487,1.7282586493972644e-65,1.4154438338563597e-63,SPATS2L
ENSG00000156587,534.2566030247895,3.0986145588509153,0.18150498756147995,17.071787395381314,2.407160391582499e-65,1.9391452728256393e-63,UBE2L6
ENSG00000164825,177.3824400508707,6.668332790627348,0.39186053332584414,17.017107423478198,6.132632275494575e-65,4.8606056454484425e-63,DEFB1
ENSG00000121858,1715.5571573912584,8.41987284262335,0.4961405074200712,16.970742595493075,1.3521137750272927e-64,1.0546487445212883e-62,TNFSF10
ENSG00000068079,368.19620812857954,3.981387040938849,0.23474492662935986,16.960481736949674,1.6101889716330584e-64,1.2363232197820078e-62,IFI35
ENSG00000102871,95.89216693197577,2.150026077802563,0.12690954963025586,16.94140499329285,2.227406837432027e-64,1.683919569098612e-62,TRADD
ENSG00000187608,18883.85888341723,7.735769202227635,0.45893774152320566,16.855813985907467,9.50898537951698e-64,7.079871841658551e-62,ISG15
ENSG00000115267,177.1841004004566,4.536810338997427,0.2715981232717841,16.704129926765027,1.222988929104906e-62,8.969802384509715e-61,IFIH1
ENSG00000135899,133.14936335438833,3.735122651432141,0.223874133146471,16.68402954345965,1.7126652094192208e-62,1.237652476336184e-60,SP110
ENSG00000107262,93.09534512199517,2.2826108195507318,0.13726781965586135,16.62888523525305,4.3052999975311524e-62,3.066122346067838e-60,BAG1
ENSG00000205302,161.81082412404976,1.6625390942279719,0.10000835515381909,16.62400198134329,4.670796358685269e-62,3.278899043797059e-60,SNX2
ENSG00000152766,105.69458235727855,4.295940365586908,0.25848140228395616,16.619920534428157,4.99988561643621e-62,3.4604842139672586e-60,ANKRD22
ENSG00000112335,394.70085437077194,1.2476939152803515,0.07541925877422938,16.543439110365348,1.7853239532454953e-61,1.2184835980900507e-59,SNX3
ENSG00000213689,77.56772998573925,2.975444382517683,0.17987274182432805,16.541941554566606,1.830269756517512e-61,1.2320473402091855e-59,TREX1
ENSG00000059378,68.76313658094456,3.685521165548964,0.22290553965501744,16.534004364597248,2.087996277590769e-61,1.386542392983924e-59,PARP12
ENSG00000025708,2328.0407573474877,1.7066205523391424,0.1032534009263182,16.528468186311752,2.2888677049702795e-61,1.499666120296527e-59,TYMP
ENSG00000164430,84.33245419384407,2.4435394937395523,0.14915068994637715,16.38302507764501,2.5284879724149185e-60,1.6348670916377514e-58,MB21D1
ENSG00000055332,155.42201167515464,4.499710245029321,0.27481615490098105,16.37352886569063,2.9556796817080683e-60,1.8862610332355127e-58,EIF2AK2
ENSG00000038427,127.23998531261736,-4.41598145408778,0.2698160783501521,-16.36663567675522,3.3101341064210833e-60,2.0853844870452823e-58,VCAN
ENSG00000067082,274.4184981078334,2.166733015309185,0.13294864922873792,16.297518085959073,1.027818182151678e-59,6.393289300118159e-58,KLF6
ENSG00000186818,292.8460369192999,1.4782391843410967,0.09104132997899785,16.2370121864664,2.760455473305861e-59,1.695609774478125e-57,LILRB4
ENSG00000136682,51.84934093156237,3.452933533312036,0.21311855535933882,16.201937590511772,4.88629126999757e-59,2.9643500371318586e-57,CBWD2
ENSG00000108107,1156.0666414514503,0.8264196701550893,0.05133261190724728,16.099310739308265,2.5796216980044755e-58,1.5458854907309749e-56,RPL28
ENSG00000106605,104.78957238528938,2.7472810017282523,0.17072691724927352,16.091668765488368,2.918632731442326e-58,1.7279712340129626e-56,BLVRA
ENSG00000102760,116.88008929368513,-2.6460225619749247,0.1646302818110061,-16.072514320375955,3.976256539201952e-58,2.326110075433142e-56,RGCC
ENSG00000141504,177.14617250977835,1.5079868863181747,0.09412962070013212,16.020322562672966,9.217089881276563e-58,5.328562314893298e-56,SAT2
ENSG00000136867,174.13442873676502,2.3684961923878785,0.14841831529528957,15.958247387969434,2.4964367899571848e-57,1.4264523704476285e-55,SLC31A2
ENSG00000135094,265.0100748753219,3.2421135625967894,0.20325098626077198,15.951280838741624,2.791132310241007e-57,1.5765085255775069e-55,SDS
ENSG00000004468,117.93088105400305,7.366652780051599,0.46256761427415627,15.925569695602391,4.211602389744717e-57,2.351797061727902e-55,CD38
ENSG00000026751,214.02169502729714,3.757117868133739,0.23755272491287702,15.815932524081425,2.4160566275751913e-56,1.333989018865673e-54,SLAMF7
ENSG00000089127,655.9400341091678,5.2116899962883245,0.33084802174063555,15.752519748701923,6.599831813169703e-56,3.603508169990658e-54,OAS1
ENSG00000086061,546.5838768650523,1.6301490609888325,0.10382032308857655,15.701637333550151,1.473883133992049e-55,7.958968923557065e-54,DNAJA1
ENSG00000140105,266.7019373259717,3.727360297347454,0.23851247001998388,15.62752797384202,4.727922653476502e-55,2.5253273825199486e-53,WARS
ENSG00000174748,1262.2898925065158,-0.952779612707187,0.0611016150677354,-15.593362166465885,8.07683773283718e-55,4.267696840770097e-53,RPL15
ENSG00000003402,238.49733000206876,2.607169626665446,0.1675262587785303,15.562752046603775,1.3037055202544502e-54,6.815328645245073e-53,CFLAR
ENSG00000080824,925.5006412726298,1.6559623954774763,0.1064162864284505,15.561174431611748,1.3362430101452165e-54,6.871669138046125e-53,HSP90AA1
ENSG00000163563,235.44168920194727,4.193626301040023,0.26949805500757756,15.560877798996025,1.3424506252593162e-54,6.871669138046125e-53,MNDA
ENSG00000136147,71.2750271988667,2.5304640693285467,0.16262647442409647,15.559976186470204,1.361495486512211e-54,6.897308062598974e-53,PHF11
ENSG00000131979,100.5622819068522,3.9385060762245594,0.2533717544831913,15.544377013365313,1.7370351228121714e-54,8.709990401529602e-53,GCH1
ENSG00000235750,38.732354527464686,4.848695711890284,0.3122276188045217,15.529361977826621,2.195533177207667e-54,1.0897828315958056e-52,KIAA0040
ENSG00000196954,386.4209296356935,1.5478405630075178,0.10003553411383852,15.472907469520829,5.286445666621502e-54,2.5977594005778062e-52,CASP4
ENSG00000138496,80.20908433685909,3.33127248861299,0.21645173255373062,15.390371097103857,1.8993981647996856e-53,9.241230279035302e-52,PARP9
ENSG00000097033,151.12682103456248,1.439518615883677,0.09379456341209669,15.347569875228208,3.677045635266615e-53,1.7714708089902105e-51,SH3GLB1
ENSG00000173821,167.7362097318993,2.41526164573647,0.1574264850351459,15.342155706501714,3.9969804436316657e-53,1.9069089223306802e-51,RNF213
ENSG00000198755,321.74607197186765,-1.4319646967476496,0.0933433406816458,-15.340834025123105,4.079201215793273e-53,1.9274225744623214e-51,RPL10A
ENSG00000008130,68.79090177758476,3.772660633520698,0.2459532387281345,15.338934559389255,4.200323591552671e-53,1.9657514408466502e-51,NADK
ENSG00000204525,2058.5750884242543,1.1415034724961008,0.07443734676727215,15.335090812210215,4.456491063130191e-53,2.0659619890775245e-51,HLA-C
ENSG00000121797,139.92458043983962,1.8921458363912032,0.12345257973283515,15.32690398601644,5.0551294725083625e-53,2.321580021299635e-51,CCRL2
ENSG00000138760,133.14338800436536,2.7361476526100317,0.17867698269251509,15.313375071475566,6.224816937264231e-53,2.832291706455225e-51,SCARB2
ENSG00000002549,461.5105725235928,2.9388768883280525,0.19197586268744574,15.308574980141191,6.701618068567112e-53,3.021261576966861e-51,LAP3
ENSG00000139278,101.18705374573514,-2.2695396973489617,0.14841212154102074,-15.29214510097591,8.626138082243025e-53,3.853531139649293e-51,GLIPR1
ENSG00000110848,57.2869951890799,3.670584930974489,0.24018539065829728,15.282298898006216,1.0033772765272257e-52,4.4419783214908e-51,CD69
ENSG00000135077,110.92002923577962,1.8993434836041911,0.12434687731417611,15.27455714714323,1.1299301646487003e-52,4.9575685973961726e-51,HAVCR2
ENSG00000105967,82.29564960053506,2.056569859307704,0.1351496294152158,15.21698482050122,2.7281802362007595e-52,1.1863962549283655e-50,TFEC
ENSG00000074800,284.66128018672214,-1.2895984079653244,0.08487793400975405,-15.193565006154905,3.9011318180280484e-52,1.6815931362973537e-50,ENO1
ENSG00000108688,1805.130857722143,3.561646339539391,0.2347021538938594,15.175175346495086,5.163955870592781e-52,2.206580795486341e-50,CCL7
ENSG00000136048,148.08702556741645,2.356357874393034,0.15630777746776517,15.075115983137676,2.361009128794392e-51,1.0001723154220382e-49,DRAM1
ENSG00000175130,668.7974929012281,-1.6138494140760662,0.10730743271570461,-15.039493287960068,4.0463542206727014e-51,1.6994687726825346e-49,MARCKSL1
ENSG00000123130,149.8132393131548,2.3955405079509644,0.15934144093618124,15.03400806391864,4.3958365742292374e-51,1.8306051632002096e-49,ACOT9
ENSG00000160791,104.37398544726551,2.1530133380580594,0.14335493350297607,15.018759978800189,5.533316701900308e-51,2.2849343086670686e-49,CCR5
ENSG00000108518,2232.513651711825,-0.8558994831728417,0.05716889979199031,-14.971417786367093,1.1288872311156575e-50,4.6227932114186176e-49,PFN1
ENSG00000111335,110.25156752708264,5.071353851957774,0.34031550390637677,14.90191834854794,3.202509025726565e-50,1.300589202679367e-48,OAS2
ENSG00000168394,288.2589394394879,2.2072104199452114,0.14866326937317256,14.84704614160409,7.270220663636164e-50,2.9283495361564024e-48,TAP1
ENSG00000196776,304.36049755620854,2.2208165313588673,0.14993785361774378,14.811580116524048,1.2330720866534454e-49,4.926273360825228e-48,CD47
ENSG00000117475,51.74172545119755,3.411570417816681,0.23120023566025716,14.755912372121871,2.8185378942385997e-49,1.116959291313587e-47,BLZF1
ENSG00000011600,2789.471798272043,0.6335763245303382,0.042961599153005875,14.747503282498482,3.192587209943555e-49,1.2550698839730102e-47,TYROBP
ENSG00000131669,646.0147531699539,1.5796728996215532,0.10727435005375134,14.725541556113233,4.41915266179039e-49,1.723469538098252e-47,NINJ1
ENSG00000114978,302.52585381349206,1.283231889850927,0.08733285849407438,14.693574812256895,7.087397511231807e-49,2.7423205803301654e-47,MOB1A
ENSG00000169248,1418.814271658248,9.900492349837057,0.6738942476047062,14.69146291874048,7.311801460852582e-49,2.8070462795804367e-47,CXCL11
ENSG00000240065,701.8730148676927,2.381490644897677,0.1622926484677662,14.674051273312466,9.452844901003792e-49,3.6008744064753983e-47,PSMB9
ENSG00000138433,124.12361695562015,2.0796540092782276,0.1419052760376919,14.655226834031485,1.2473935954055938e-48,4.715147790633144e-47,CIR1
ENSG00000119922,1330.962975708666,8.578708783285133,0.5857564937055851,14.64552057974622,1.4389490128102358e-48,5.39770644957977e-47,IFIT2
ENSG00000204592,1063.1579203831889,1.488632082287486,0.1017553379032848,14.629523256090833,1.820583578906612e-48,6.777536141475069e-47,HLA-E
ENSG00000143546,1191.107138001268,-1.864213730864236,0.12772657255176265,-14.595347652570434,3.0067606129085313e-48,1.1109189211904152e-46,S100A8
ENSG00000111348,208.2318117657377,-1.3930821056362788,0.095614959555361,-14.569708674401364,4.3775379338365475e-48,1.6053150303636414e-46,ARHGDIB
ENSG00000180573,129.34641704157917,1.4972722427687106,0.10281917286287803,14.562189143123206,4.886747963424283e-48,1.778776258686439e-46,HIST1H2AC
ENSG00000158517,126.88853120460347,2.4563885429228303,0.16906724700539338,14.529062171601279,7.929864810507831e-48,2.8652467410908443e-46,NCF1
ENSG00000185885,53.165654426416225,6.282972959701643,0.43271062949248706,14.520033785790627,9.046564275254453e-48,3.2448771422336042e-46,IFITM1
ENSG00000197860,96.66808901065437,2.241777160656544,0.15459903340701506,14.500589759539995,1.2011343662288622e-47,4.277082808441036e-46,SGTB
ENSG00000101596,103.66697607124823,2.6648056208968223,0.1841719437605132,14.469118186437697,1.8989100154452394e-47,6.713125047408566e-46,SMCHD1
ENSG00000135211,81.95313964176513,2.155700803592669,0.14901887230105504,14.46595837363216,1.9881630590347226e-47,6.9784523372118765e-46,TMEM60
ENSG00000185745,1526.2272218173111,8.634113894873161,0.5991436734931331,14.410757013479703,4.428298957476315e-47,1.5433092962438734e-45,IFIT1
ENSG00000181381,84.1105020446629,2.0060698215001644,0.1396580267006082,14.364156997582926,8.685714155872388e-47,3.005746433940628e-45,DDX60L
ENSG00000095794,143.1235009195043,1.735599013966758,0.12087432956934374,14.358706436266699,9.39646375995587e-47,3.228966637512108e-45,CREM
ENSG00000168961,144.46627471472385,3.5351264722414975,0.24687979117422226,14.319221737135909,1.6597143711992847e-46,5.663775291717559e-45,LGALS9
ENSG00000125826,147.55460533067384,2.51072397859787,0.17550677514478982,14.30556727241196,2.0198404912550457e-46,6.845169775191238e-45,RBCK1
ENSG00000170458,531.3847372549235,-2.513713117981187,0.1760854570383127,-14.275529394992871,3.109177199210069e-46,1.046472380610841e-44,CD14
ENSG00000239713,102.868112096477,3.1701346979658616,0.2229607117443321,14.218355660799283,7.048983951226767e-46,2.3563746351243766e-44,APOBEC3G
ENSG00000123240,96.75946556866623,4.01001622859061,0.2845915583521954,14.090425773023199,4.349314258618722e-45,1.4343980044867382e-43,OPTN
ENSG00000130813,72.7063101496776,2.7332738873874844,0.19397559393226158,14.090813343981687,4.325509084214625e-45,1.4343980044867382e-43,C19orf66
ENSG00000197272,125.3782945058807,7.016241223313147,0.4983301723084902,14.079503135061541,5.076545510612501e-45,1.6630763092766552e-43,IL27
ENSG00000128284,110.43756216759465,3.2347920357925983,0.2298409471549656,14.074045881875021,5.484003475153859e-45,1.7846617931725868e-43,APOL3
ENSG00000021355,231.0651793109983,2.0783359641469743,0.1479941416050612,14.043366457661849,8.459660982946612e-45,2.7349193467236614e-43,SERPINB1
ENSG00000148175,65.33427764011202,4.04316400182591,0.28792578101936456,14.042382684564066,8.577937190810844e-45,2.7550315918721887e-43,STOM
ENSG00000135604,204.09585909781225,1.9641348824555596,0.13997153003587148,14.032388457511301,9.876826000404336e-45,3.1516053874017473e-43,STX11
ENSG00000163644,61.67787222211547,4.957464296991592,0.3539219201787417,14.007225928498347,1.407981174888935e-44,4.463754511873694e-43,PPM1K
ENSG00000114127,83.29386714191862,2.586720084084416,0.18487660688248295,13.991602981596628,1.7541314944179833e-44,5.525514207416647e-43,XRN1
ENSG00000161016,1143.5349114144656,-0.7726769287216642,0.05523408567522595,-13.989132241003704,1.8161434538670824e-44,5.68441333267697e-43,RPL8
ENSG00000132530,175.0785196566461,4.016616630532136,0.28719726427240444,13.985567170035456,1.9094848674012012e-44,5.9387396445629766e-43,XAF1
ENSG00000187116,44.064727766932975,2.9525838553610466,0.21141127980511348,13.966065850804387,2.511202667493294e-44,7.761037678026444e-43,LILRA5
ENSG00000198604,217.22317360695195,1.413241403969303,0.1013757450201373,13.940626563963368,3.587766515831628e-44,1.1018927911747888e-42,BAZ1A
ENSG00000116863,45.11309812840491,2.572527300288357,0.18491760359479614,13.911749072443374,5.374878652653221e-44,1.640506440940244e-42,ADPRHL2
ENSG00000183019,53.11091215787079,-4.840387775896327,0.3486357557375061,-13.883796186242982,7.942355302921759e-44,2.4091811085529335e-42,C19orf59
ENSG00000163568,50.80459584034085,4.073090190869451,0.2933827909682368,13.883193957720671,8.009383918698819e-44,2.4146081335267483e-42,AIM2
ENSG00000234745,4357.059337859495,0.9556226000518427,0.0690269493370419,13.844195770347152,1.3791566063465748e-43,4.132424124138457e-42,HLA-B
ENSG00000171863,544.0923021195164,-0.9800057351015625,0.07091519458422856,-13.819404160804694,1.946745180674502e-43,5.797761101717881e-42,RPS7
ENSG00000134531,95.77089138234854,2.3161947239939313,0.16766301659017993,13.814583389343547,2.0815498736964022e-43,6.16188920442417e-42,EMP1
ENSG00000122406,185.92914018230485,-1.5312576287443946,0.11133567807395507,-13.753521379977153,4.850972227360541e-43,1.4274058398353113e-41,RPL5
ENSG00000173221,372.4076922312738,1.4864221164475866,0.10832198841659754,13.722256562822022,7.47036633800539e-43,2.1850821538665768e-41,GLRX
ENSG00000103187,357.25850540343333,-0.9950474057496099,0.07258934514111731,-13.707898918432011,9.105660503978713e-43,2.6476459003876566e-41,COTL1
ENSG00000075624,4331.189035001117,-0.8152687204839586,0.05952122922175877,-13.6971082610963,1.056487264311663e-42,3.05386965695736e-41,ACTB
ENSG00000147403,2247.207123573878,-0.670486440323537,0.04909398118888341,-13.657202453064828,1.8287537925915553e-42,5.255260898710469e-41,RPL10
ENSG00000169245,10776.145779023755,9.785758072048534,0.716888046462363,13.650329532398322,2.009677192856842e-42,5.741601003313094e-41,CXCL10
ENSG00000136514,75.08049135770372,4.613388251002482,0.3388195391113855,13.616063179537736,3.214337047523335e-42,9.130203613600964e-41,RTP4
ENSG00000140749,599.0634499926215,1.5999473912606093,0.11761810102483644,13.602901061315057,3.8485932796880545e-42,1.0868958262291437e-40,IGSF6
ENSG00000160710,81.00554812100484,2.2149828125857876,0.16296580553521342,13.59170290547349,4.4852188328055614e-42,1.2594494482518016e-40,ADAR
ENSG00000108771,52.92693726051768,5.366854144873146,0.3958025957666524,13.55942129302559,6.96836841623373e-42,1.9456001362143493e-40,DHX58
ENSG00000085514,253.50600359100125,1.360883883914224,0.10041301434311493,13.55286356870071,7.619853733025643e-42,2.115478036389153e-40,PILRA
ENSG00000125691,200.4999926670256,-1.5900348556042256,0.11754204474754898,-13.527371069809313,1.0781064829954829e-41,2.9763007064268557e-40,RPL23
ENSG00000108691,9180.50317249924,2.573063964019753,0.19072016483667342,13.491305265089517,1.7595755375466554e-41,4.83047720195769e-40,CCL2
ENSG00000019582,1852.9867011367005,0.7992459235496815,0.059265355805231644,13.485887542400077,1.8937281200867397e-41,5.169877767836799e-40,CD74
ENSG00000164096,269.32173124951277,1.1985289938265222,0.0888868577923403,13.483759282238953,1.9491683321033613e-41,5.291830488373435e-40,C4orf3
ENSG00000206503,2111.987633555452,1.103381947001339,0.08194811586081431,13.464396776069757,2.5337902698513464e-41,6.8412337285986356e-40,HLA-A
ENSG00000167461,135.4896469074754,2.0957489899577144,0.15578667449744252,13.452684555456758,2.9689447895713235e-41,7.972346828389881e-40,RAB8A
ENSG00000101160,122.7713068308301,1.641780281243393,0.12207759441411768,13.44866180499973,3.134943518913154e-41,8.37234372388002e-40,CTSZ
ENSG00000096384,403.707802306173,1.4854064476404332,0.11073559001481835,13.41399316553657,5.006866812064885e-41,1.329932081864154e-39,HSP90AB1
ENSG00000150459,391.3306709343475,1.3053087552430278,0.09747044209688613,13.391841948819154,6.74860672251928e-41,1.782938356691384e-39,SAP18
ENSG00000153823,84.27669753046963,-2.6581090685304187,0.19919345543581302,-13.344359445518796,1.277640619316925e-40,3.357393584664904e-39,PID1
ENSG00000125538,327.53229552432265,-3.6541763335039397,0.2755662874070532,-13.260607340208374,3.9171050280701306e-40,1.0238645802093948e-38,IL1B
ENSG00000213047,51.58383352907145,2.417887644031049,0.18268435804003322,13.235329340573296,5.485575027715876e-40,1.426249507206128e-38,DENND1B
ENSG00000221963,57.40700581640584,2.475749970121293,0.18710760817857852,13.231690545466208,5.757756313715401e-40,1.4891376066103936e-38,APOL6
ENSG00000154451,98.70453987848403,3.729584984517724,0.2822205443923128,13.21514347067963,7.174938332341466e-40,1.8459501028861763e-38,GBP5
ENSG00000188404,42.17798086093855,2.905522734149252,0.22024617910840716,13.192159545792288,9.735579909317142e-40,2.4916999830408563e-38,SELL
ENSG00000100316,1142.1398380046164,-0.8964761620125603,0.0680063344079273,-13.182245004342722,1.1103670093192647e-39,2.827120976059517e-38,RPL3
ENSG00000115271,84.43833685975237,1.9336937466308475,0.14700436788747293,13.153988377481594,1.6142959727401527e-39,4.0889950567242833e-38,GCA
ENSG00000162614,48.81528029845491,6.871965942448195,0.5235246807673104,13.126345700409415,2.3261355157854134e-39,5.861861499779242e-38,NEXN
ENSG00000129515,117.40438627290305,1.5170769826305754,0.1162697401262157,13.047908948482423,6.531557897065545e-39,1.6375548727642903e-37,SNX6
ENSG00000132274,83.14652143931505,4.328280556257367,0.33218624408545955,13.029680287254328,8.295451149555894e-39,2.069230809589729e-37,TRIM22
ENSG00000157601,774.2090076382831,6.255089914294299,0.4808167531084295,13.009301098299515,1.0832829677071543e-38,2.6885113653095736e-37,MX1
ENSG00000169136,223.64305943007804,2.0849180450373264,0.16041117695530188,12.997336498679784,1.2667888861077607e-38,3.1281409981575556e-37,ATF5
ENSG00000180628,67.25158920772843,2.140005389969992,0.16490749607458333,12.977004932523649,1.652157912076707e-38,4.059351989972469e-37,PCGF5
ENSG00000147872,107.33738175507337,-1.9961802161952122,0.15389238536664224,-12.971273474248877,1.7804740646114654e-38,4.352860474378478e-37,PLIN2
ENSG00000134321,1765.5797404293658,8.368415888336196,0.6460705930329715,12.952788717794379,2.2657123741282975e-38,5.511737923993294e-37,RSAD2
ENSG00000116663,71.20027277026111,2.9161597400943573,0.2252120010424129,12.948509522568353,2.395601086455213e-38,5.79900676790193e-37,FBXO6
ENSG00000145703,53.256756867773014,2.586113158131259,0.20007734916141395,12.925566881860734,3.229078546835161e-38,7.778280381935286e-37,IQGAP2
ENSG00000251230,94.22367157479141,4.194077170937674,0.3247111421006208,12.916332786751193,3.640847344996937e-38,8.727377489421928e-37,RP11-701P16.5
ENSG00000120690,84.32403532930955,1.6354360291880186,0.1266812437602143,12.909851376922193,3.960647657761687e-38,9.447875043806277e-37,ELF1
ENSG00000135148,31.57868300235127,3.431558856934442,0.2661070680978216,12.89540665516255,4.777363872467437e-38,1.1341046410292264e-36,TRAFD1
ENSG00000138642,37.2737630665246,5.269088938069596,0.40903533703147965,12.881745074421488,5.703128050769553e-38,1.3473640019943069e-36,HERC6
ENSG00000213719,1278.0879653395727,0.8871661782503861,0.06901172745067184,12.85529591886414,8.031790975671737e-38,1.8884316198301874e-36,CLIC1
ENSG00000101017,92.57749393102745,2.8438842440854577,0.22145645696950642,12.841730979544426,9.571023838377062e-38,2.2396195781802324e-36,CD40
ENSG00000163840,46.81899663782386,3.226210306666723,0.25255392767781887,12.774342241797859,2.2806755428982856e-37,5.311487970522358e-36,DTX3L
ENSG00000111331,99.97457477459011,5.454844909198383,0.42974986644596647,12.693069469247256,6.460336328729853e-37,1.4974572037442688e-35,OAS3
ENSG00000165997,32.139927803046504,4.658813703853691,0.36764577963410683,12.672017365438808,8.451259657136188e-37,1.9497413124491658e-35,ARL5B
ENSG00000117226,68.42639597885594,3.2006908257114635,0.25269452469591924,12.666245260212998,9.09653122807245e-37,2.0888016100349545e-35,GBP3
ENSG00000112773,53.10805655391542,3.931457492228381,0.31140571511794757,12.624872638382081,1.5399038984241908e-36,3.519575700863476e-35,FAM46A
ENSG00000145425,1098.1781353267938,-0.8832507661758882,0.07010817847166441,-12.598398438391483,2.1547539890227703e-36,4.902065325026803e-35,RPS3A
ENSG00000100129,56.19948273387682,-2.320067075457678,0.18429262815630504,-12.58903895759709,2.426091010040068e-36,5.493922222735896e-35,EIF3L
ENSG00000124201,49.2322361798953,2.4288443421033974,0.19308381658336224,12.579222770100802,2.7471939339620474e-36,6.192527977747478e-35,ZNFX1
ENSG00000137575,1041.1400438717876,0.7350851094477856,0.05845283288032128,12.575696903396093,2.8725592151026034e-36,6.445550677175431e-35,SDCBP
ENSG00000184602,57.10337962412622,2.706871784609566,0.21548225732298598,12.561924207765468,3.4191503265175854e-36,7.637138502048824e-35,SNN
ENSG00000101439,1305.7126435200996,1.3637837230663956,0.10874002882595624,12.541689916683751,4.414794177058469e-36,9.816424699577067e-35,CST3
ENSG00000125952,70.80602953575655,1.7331772634221545,0.13834906171678527,12.527567891787704,5.2755782333050265e-36,1.1677563711018425e-34,MAX
ENSG00000115415,145.72912280036695,2.3283787588676126,0.18608679033404157,12.512326934587756,6.392379315574722e-36,1.4023282123542046e-34,STAT1
ENSG00000133321,56.034262272223316,2.3296784939239337,0.18619005600773111,12.512367974298257,6.389076955247353e-36,1.4023282123542046e-34,RARRES3
ENSG00000153113,125.31887941629968,1.591662285338452,0.12760151095304278,12.473694656516898,1.0389481668145886e-35,2.2690627963230614e-34,CAST
ENSG00000100596,66.88338956030708,3.6187191238129066,0.29087846886309093,12.440656532457702,1.5720642177419218e-35,3.418196268134426e-34,SPTLC2
ENSG00000121966,143.19988136194527,-1.2382146478065366,0.09968752242906867,-12.420959189627487,2.0113539695588818e-35,4.33499710807559e-34,CXCR4
ENSG00000172216,414.1361521867138,-1.073192980765128,0.08640102311703397,-12.421067969431808,2.0086207828461745e-35,4.33499710807559e-34,CEBPB
ENSG00000085265,631.5980186352349,1.29111647396339,0.10395440328799606,12.420026791808628,2.0349333749172475e-35,4.366664892726355e-34,FCN1
ENSG00000099985,74.72413370875361,-3.5273058031698183,0.28435929580016633,-12.40439772944379,2.4736570604428366e-35,5.285022084789609e-34,OSM
ENSG00000127951,324.12908945505313,2.3326351022333136,0.1884162764738945,12.380220784994155,3.3442155941299446e-35,7.114058627512792e-34,FGL2
ENSG00000010278,142.8296283098571,-3.3321037925009054,0.27070305982216786,-12.309073250556732,8.094732476938315e-35,1.7145480772273655e-33,CD9
ENSG00000134108,55.19709503213856,1.7622399956939423,0.14328360217341865,12.298964912684651,9.174223487890751e-35,1.9348555459010794e-33,ARL8B
ENSG00000139289,114.66617905284573,-2.4247144718915266,0.19782783896779635,-12.25668988016513,1.5469065827042466e-34,3.248503823678918e-33,PHLDA1
ENSG00000137364,74.07812839280611,1.5783486336806143,0.12892086701789776,12.242770857734738,1.8365394440102297e-34,3.8403212033473484e-33,TPMT
ENSG00000137752,316.34784284343567,1.2255216585136197,0.10015971347098966,12.235674564590092,2.0043272749689715e-34,4.173417046270138e-33,CASP1
ENSG00000196684,30.00452756854202,5.682953918740099,0.46560659450919883,12.205484170022473,2.9057485157610064e-34,6.024830466856365e-33,HSH2D
ENSG00000197872,50.235112521448016,1.9493178149172627,0.15975514336832622,12.201909583737029,3.036189550039324e-34,6.268838423904722e-33,FAM49A
ENSG00000171860,345.0401763970166,1.4235589371164483,0.1167138124538809,12.197004854750702,3.2246845715401344e-34,6.630167357551557e-33,C3AR1
ENSG00000159228,45.02398157563989,3.5082587610209393,0.2876622730487993,12.195755542909843,3.274526636878339e-34,6.7045932890084e-33,CBR1
ENSG00000101290,35.86831450483728,2.2273183028999073,0.18284802030626027,12.18125467899118,3.912166794485441e-34,7.976924327013053e-33,CDS2
ENSG00000137947,92.91252767654827,1.7695343228313787,0.14535074537283485,12.17423631569552,4.263660374118359e-34,8.657697139841989e-33,GTF2B
ENSG00000184182,96.19243178093109,1.9741356622551367,0.16230566164243898,12.163073316593094,4.888434368576669e-34,9.885500612010597e-33,UBE2F
ENSG00000155130,85.57281356178271,3.002455177716368,0.24687471566221164,12.161857765233853,4.961731729550511e-34,9.992602343857055e-33,MARCKS
ENSG00000120306,212.38235306189893,1.2445223228509033,0.10237245519408375,12.156808396276755,5.278075846879388e-34,1.0586312127169515e-32,CYSTM1
ENSG00000067066,153.47011102192803,1.6147208733592144,0.13291277997321668,12.148725455028462,5.8266842793610215e-34,1.1639157133650431e-32,SP100
ENSG00000162616,35.951292135200504,2.3536588845851627,0.19393785278897957,12.136150064248357,6.7948574299527525e-34,1.3493560851894497e-32,DNAJB4
ENSG00000174444,229.38603760491822,-1.4324859357465685,0.11803639091693424,-12.135968616277431,6.809937100671215e-34,1.3493560851894497e-32,RPL4
ENSG00000117410,682.5389627281409,-0.6366119610588092,0.05246285582527656,-12.134527391703488,6.930900202974468e-34,1.367808979815925e-32,ATP6V0B
ENSG00000197536,41.98862172994955,3.0225781293020164,0.24935427991995537,12.121621214090599,8.11380507890332e-34,1.5948495263092364e-32,C5orf56
ENSG00000013374,88.49671069205127,2.455597142482088,0.20268480623815038,12.11534889101067,8.759061444208595e-34,1.7148218301530291e-32,NUB1
ENSG00000111669,204.51943187478426,-1.0204771180923555,0.08429006160441713,-12.106731193074353,9.72947767519854e-34,1.8972481466637152e-32,TPI1
ENSG00000196531,471.28269113162855,-0.9808730081227227,0.08126283821533292,-12.070375951225989,1.5144086042518773e-33,2.9414244590093774e-32,NACA
ENSG00000114450,37.34896767737413,2.610899897254509,0.21644893507270316,12.062428934462222,1.6679023531352033e-33,3.226800064293854e-32,GNB4
ENSG00000196975,67.86655409358738,1.9153912176846075,0.15911093365005552,12.03808672191736,2.2409275066121572e-33,4.3183991245067215e-32,ANXA4
ENSG00000166710,21797.047395111393,0.8447814402967624,0.07020560772751344,12.032962431941092,2.384485653003397e-33,4.577094726116677e-32,B2M
ENSG00000111144,46.14932149974122,-4.031030997562267,0.3355828250119495,-12.012030107377303,3.0720959071224995e-33,5.874038633307378e-32,LTA4H
ENSG00000163131,648.3181173577389,1.459883352555934,0.12182002627167149,11.98393562401834,4.3134899446019064e-33,8.215693638672003e-32,CTSS
ENSG00000140280,108.4776245224681,1.910550378705625,0.15953591048767743,11.975676027205148,4.765373150876629e-33,9.041329599771333e-32,LYSMD2
ENSG00000160932,1392.6332116292888,6.049805968563668,0.5056038106895557,11.965507064341118,5.3867507738899655e-33,1.0180958962652034e-31,LY6E
ENSG00000116954,117.42138448876115,1.4908262892341033,0.12471383275647455,11.953977007067058,6.18910154248711e-33,1.1652584283441249e-31,RRAGC
ENSG00000038945,35.73651244875494,3.982661379153347,0.33341125912076264,11.945191622070611,6.879162246957284e-33,1.2853309232527792e-31,MSR1
ENSG00000120280,36.32068317805869,2.3767143405987987,0.19896548023271463,11.945360259573363,6.865223055375447e-33,1.2853309232527792e-31,CXorf21
ENSG00000104312,67.23752762690366,2.099837591308658,0.1762505235724823,11.91393675744236,1.0013539776954229e-32,1.863883881210344e-31,RIPK2
ENSG00000137331,191.50863560796074,-2.3660102037118107,0.19884121287450768,-11.898993018137757,1.1978378632971718e-32,2.2211982114121896e-31,IER3
ENSG00000067167,113.19421953185058,1.3874996614092594,0.116622485985336,11.897359670275957,1.2215095315548799e-32,2.256578134609278e-31,TRAM1
ENSG00000101084,355.4958069406729,0.786110983604219,0.06610858599099974,11.891208559675487,1.314899918665486e-32,2.420006816600074e-31,C20orf24
ENSG00000133574,54.10355437143837,2.6290496137412442,0.22110476056787584,11.890515640590044,1.3258548712320704e-32,2.4310637452367143e-31,GIMAP4
ENSG00000106785,23.970022397664685,3.137869217387878,0.264483029915727,11.864160881655458,1.817151814181744e-32,3.319510786204123e-31,TRIM14
ENSG00000166128,72.16328988882087,1.485835157161418,0.12531459127364195,11.856840788132079,1.9831748449741532e-32,3.6093782178529585e-31,RAB8B
ENSG00000108179,147.5308423693944,-1.5637481859811313,0.13192412651892424,-11.853390484695117,2.0665691183855372e-32,3.7472769917883875e-31,PPIF
ENSG00000140464,41.567962523215925,4.1141897087944,0.34716948897392774,11.85066614279394,2.1348694125947275e-32,3.8568927549597395e-31,PML
ENSG00000020577,34.46168109065206,6.058516818543875,0.5123582414238825,11.82476698668259,2.907082595757155e-32,5.232748672362879e-31,SAMD4A
ENSG00000142089,2381.0628396508173,6.1633021610146805,0.522038639847271,11.806218334370483,3.6250193767940485e-32,6.5012208823233405e-31,IFITM3
ENSG00000116288,105.3759996268854,-1.679601944945468,0.14242432068703711,-11.792943345934725,4.2444335118139775e-32,7.584416828019594e-31,PARK7
ENSG00000123610,211.36708105641142,2.9592640809626496,0.2511177629112332,11.784367806783584,4.699329171093711e-32,8.366849111142933e-31,TNFAIP6
ENSG00000137965,147.13824636296394,4.672352061185984,0.3981683070965265,11.734615683646773,8.471022096184554e-32,1.502765436124581e-30,IFI44
ENSG00000136213,25.092034719888655,3.2788179901247565,0.28020534949517995,11.701482487867914,1.252460820453228e-31,2.2138821840673248e-30,CHST12
ENSG00000166927,347.8689246065094,1.4498205875018972,0.12390929474920696,11.700660474553917,1.264653244335563e-31,2.227421520668443e-30,MS4A7
ENSG00000011422,606.677737949196,-1.242291115914524,0.1062880179795243,-11.687969533441137,1.4685561919788897e-31,2.5773161169229515e-30,PLAUR
ENSG00000180817,48.69295560182419,2.3182977302130796,0.19850111796440023,11.679015987350006,1.631735105622741e-31,2.8535040245658895e-30,PPA1
ENSG00000100911,984.3805606356709,1.6685670780023323,0.14339569386431494,11.636103100705226,2.7007575395898213e-31,4.7062136700511995e-30,PSME2
ENSG00000174021,413.010665614612,1.094430476991724,0.09411405280752151,11.628767908125385,2.943148851037283e-31,5.110471185158024e-30,GNG5
ENSG00000138646,193.82750987981697,6.763645853347294,0.5818635544797163,11.624109812815359,3.1081634874536326e-31,5.377998372305335e-30,HERC5
ENSG00000186480,153.64153970538047,-2.206254378022529,0.1904617494775752,-11.58371370668467,4.983917608174758e-31,8.593323202305531e-30,INSIG1
ENSG00000115828,65.458568294369,-1.708069761653544,0.14753139923773323,-11.577669367191097,5.348030196542107e-31,9.188888246785985e-30,QPCT
ENSG00000170581,54.026849692977976,2.9785310168538137,0.25750330679653755,11.566962202964081,6.059012918490723e-31,1.0374212362879238e-29,STAT2
ENSG00000104325,86.92327474305091,2.0650185000824894,0.17889470936968324,11.543206097924111,7.989090266788657e-31,1.3631385267708146e-29,DECR1
ENSG00000134326,197.9196171765047,7.592711455143389,0.6578250654629171,11.542143730568146,8.088393728656834e-31,1.375306809087186e-29,CMPK2
ENSG00000113368,31.225641689292154,3.207306964347217,0.2785511343017828,11.51424844270214,1.1183026515377015e-30,1.8949445619504365e-29,LMNB1
ENSG00000135655,58.83885691013604,1.6999958628042504,0.14810994571888458,11.477931846865125,1.7030552684667188e-30,2.875880958503593e-29,USP15
ENSG00000086065,188.35765528780902,1.4930960164716287,0.1300924910261874,11.477188304212508,1.7177610785218503e-30,2.8907801163891687e-29,CHMP5
ENSG00000179144,73.11269704911028,1.7154047616574772,0.1496023791592229,11.466427013381649,1.945263657123513e-30,3.2624660788754076e-29,GIMAP7
ENSG00000204267,50.192856733898125,2.0670162705242574,0.18047738731664145,11.45304850240184,2.2701866434461068e-30,3.7944548183313504e-29,TAP2
ENSG00000132256,27.771938257395796,3.5631173254333466,0.3113601775334566,11.443715614693465,2.5282104955058977e-30,4.21139877115796e-29,TRIM5
ENSG00000079263,31.150770555291725,4.401860925456796,0.3847703302558039,11.440229610558434,2.6318806967895814e-30,4.3692776162243253e-29,SP140
ENSG00000183734,37.61753645918563,2.4270413740405945,0.21227982178669305,11.433217503260291,2.8533630143535812e-30,4.7210188055668345e-29,ASCL2
ENSG00000169429,1702.7179444226529,-2.5815299086829313,0.2262592130340253,-11.409612338281738,3.743941365202159e-30,6.173734184095103e-29,IL8
ENSG00000135046,1965.841792092683,0.9995315605858358,0.08807541191909597,11.348587974859344,7.537000512177711e-30,1.2386896493926847e-28,ANXA1
ENSG00000125844,32.34855439756144,2.3330785420059375,0.2059508932632248,11.328324461424119,9.500473346013098e-30,1.5561775340769454e-28,RRBP1
ENSG00000140968,45.923304683246734,2.6503917777277812,0.23435713623250515,11.309200224644895,1.1816165093693923e-29,1.9290576501797986e-28,IRF8
ENSG00000173786,35.09030691556542,3.428168394372979,0.30344202952745847,11.297605673517168,1.3484443612385548e-29,2.194124367922602e-28,CNP
ENSG00000117091,558.0309568475996,1.5939950489969335,0.14147591436330642,11.266900490945732,1.9118199072882605e-29,3.100555453602149e-28,CD48
ENSG00000140511,25.15824878637229,4.607981267145863,0.40911418390539894,11.263313393728202,1.991281193244981e-29,3.218801244607183e-28,HAPLN3
ENSG00000111912,33.52458191455841,6.915931824934836,0.6142651968901565,11.258869719378794,2.0942751097079353e-29,3.3741861931491124e-28,NCOA7
ENSG00000076685,39.078961523080565,2.3012241257099317,0.20506118566601755,11.222134107124143,3.175142638229487e-29,5.098905530803823e-28,NT5C2
ENSG00000115525,24.043020980845537,3.1161524989279132,0.2781062765022879,11.204898135056212,3.857973130744695e-29,6.175270346735972e-28,ST3GAL5
ENSG00000114439,47.77280865880311,1.6993092075657672,0.15167296137124595,11.203771537145718,3.9073669728790406e-29,6.234026397638833e-28,BBX
ENSG00000170542,75.85281702742805,1.926796236394714,0.172085232047106,11.196755314060185,4.2294167871944917e-29,6.726004560606385e-28,SERPINB9
ENSG00000104320,28.99185801573134,2.5076551251217394,0.2240383306545325,11.192973621056606,4.413783540200923e-29,6.996558811789463e-28,NBN
ENSG00000112343,64.847686045427,1.763559232239665,0.15779053333347698,11.176584519887077,5.30942480147267e-29,8.389232628436238e-28,TRIM38
ENSG00000217555,96.23481568708479,-1.8716229678332352,0.16746671260314552,-11.176089497072272,5.339113656353129e-29,8.409104008756178e-28,CKLF
ENSG00000104518,76.09067882875794,2.393613066770432,0.21436611062452837,11.166005017290024,5.981089075587817e-29,9.390118759565028e-28,GSDMD
ENSG00000156136,50.00003628309873,1.886744913600592,0.16907049666182689,11.159516005766754,6.434089151028182e-29,1.00691446140613e-27,DCK
ENSG00000147684,67.78250511074663,-1.4623581003590567,0.13113092862176506,-11.15189311727588,7.009888042510674e-29,1.0935425346316652e-27,NDUFB9
ENSG00000198355,148.81281399433985,1.501275004581486,0.13476268047637716,11.140139089505924,7.999431934250657e-29,1.2439622950920168e-27,PIM3
ENSG00000178685,24.383278807214506,2.955688995769571,0.26669096028490424,11.082824077021689,1.520011607902815e-28,2.3562577417143322e-27,PARP10
ENSG00000120265,136.06726445048926,1.5186798616730823,0.13716341130511295,11.072047911486083,1.714373681085969e-28,2.649192537376243e-27,PCMT1
ENSG00000010030,41.58549687058077,4.877861156844806,0.44203686883631305,11.034964503495036,2.5915382033754207e-28,3.992106185387717e-27,ETV7
ENSG00000254999,216.19979618791683,-1.0745964879157577,0.09742252972335713,-11.030266725440226,2.7305401933409025e-28,4.193085784399123e-27,BRK1
ENSG00000163666,72.62587243120419,8.798722955093542,0.7978350854495905,11.028247711286534,2.792529611635263e-28,4.2749191624846364e-27,HESX1
ENSG00000105939,31.971990798127514,2.2964214102287865,0.20871279861696532,11.002781935013164,3.7052164564495427e-28,5.654482505277345e-27,ZC3HAV1
ENSG00000145287,83.91378243997028,3.0569534935904454,0.2778931320630844,11.000464354392491,3.8016916594431745e-28,5.783750097369585e-27,PLAC8
ENSG00000107099,47.28933346243326,1.9377084114910885,0.1762472354868816,10.994262724962377,4.072278506630284e-28,6.176289068389263e-27,DOCK8
ENSG00000268734,49.522655359139165,-2.461155683648002,0.22387472817631163,-10.993450237535203,4.109115387610471e-28,6.2129824660670326e-27,CTB-61M7.2
ENSG00000070190,39.908067529278405,2.410083152505484,0.2199999070686533,10.954928048007728,6.292835793172918e-28,9.485581315230589e-27,DAPP1
ENSG00000130589,37.1567307318477,4.197300229756292,0.38315840655866196,10.954477724903263,6.324211836411719e-28,9.503723842240729e-27,HELZ2
ENSG00000170345,68.63940171476682,-1.8793092901861934,0.17157496149551657,-10.95328405616633,6.408132894306881e-28,9.600477147141467e-27,FOS
ENSG00000121064,54.63475370464164,2.2393744742757744,0.20492328797698345,10.927867185730967,8.481853745221976e-28,1.2668641125842184e-26,SCPEP1
ENSG00000143384,148.63357649687137,1.3126950055251623,0.12013349782171535,10.926968991390503,8.566205310944127e-28,1.2755858453933163e-26,MCL1
ENSG00000188290,176.7721796708172,7.656331641910028,0.7029107126076376,10.892324593413568,1.2539796663695515e-27,1.861648362700899e-26,HES4
ENSG00000136816,24.959727232637483,3.048034872943986,0.2798591486995484,10.891317604257774,1.2679242693264504e-27,1.8766806805633066e-26,TOR1B
ENSG00000152778,39.86278194429907,4.324882710797087,0.39918885731077214,10.834176935530357,2.3708781791020258e-27,3.4986472588910975e-26,IFIT5
ENSG00000138035,38.74697048622465,4.789200124841607,0.4431475415026644,10.807236137657355,3.1811024585376466e-27,4.680220802770657e-26,PNPT1
ENSG00000103642,226.79325968515735,1.0306752449245902,0.09552862458435486,10.78917705985048,3.872415070496966e-27,5.680312733260325e-26,LACTB
ENSG00000146859,34.86550400091706,3.649027340281614,0.34012727597881115,10.728417266096992,7.486747901781602e-27,1.0949368806355593e-25,TMEM140
ENSG00000128016,307.55408055303405,1.0525499833471033,0.0981981619290026,10.718632229675523,8.322493035266654e-27,1.2135528419970426e-25,ZFP36
ENSG00000256262,35.864361105400256,3.719353744162194,0.3474939514909563,10.703362542582248,9.815052795100288e-27,1.4269576755953494e-25,USP30-AS1
ENSG00000132963,261.7077160078053,0.9958505725758864,0.09305977273919995,10.70119282761154,1.0047636554020843e-26,1.4564627146447914e-25,POMP
ENSG00000113387,373.55474021797346,0.9603678606304348,0.089784996439526,10.696306718431329,1.0591605406430373e-26,1.5307984990352604e-25,SUB1
ENSG00000159202,70.84472304642014,2.25964682586753,0.2113183691953651,10.693092297047178,1.0965286803905057e-26,1.580158925348664e-25,UBE2Z
ENSG00000131042,129.66425584377612,1.1175123687340365,0.10455592266537528,10.688178538776471,1.1561928280496211e-26,1.6612665371449818e-25,LILRB2
ENSG00000112149,83.4269138163687,1.8078032840436962,0.17008297548813764,10.62894906944864,2.185614127453381e-26,3.1312267703515785e-25,CD83
ENSG00000126709,1276.8323629207348,4.982134611504127,0.4696039869284978,10.609225539353673,2.699775276304999e-26,3.8565975894659197e-25,IFI6
ENSG00000176046,53.105301931788944,8.288109364901167,0.7817568689684762,10.601901555194878,2.919821051792772e-26,4.158840767683965e-25,NUPR1
ENSG00000162772,65.49679263528435,2.5890274496601,0.24431140976358287,10.597243297664525,3.068932706540236e-26,4.358594023103676e-25,ATF3
ENSG00000088827,23.367018789624836,5.199315112986854,0.49284699408826704,10.549552245124733,5.1039742322579055e-26,7.227933538131223e-25,SIGLEC1
ENSG00000122026,1293.5767276871893,-0.662643589228119,0.06301879736932033,-10.515014835092936,7.366921181309379e-26,1.040260077153859e-24,RPL21
ENSG00000110324,70.58062622760134,1.733557784334813,0.1649688684867013,10.50839349410074,7.902826109941553e-26,1.1127360316404811e-24,IL10RA
ENSG00000110057,43.152843418877744,2.7209956031257385,0.2594092093135345,10.489202023036166,9.684280623377566e-26,1.3596729995222101e-24,UNC93B1
ENSG00000149932,114.33977752359306,1.3229938890566713,0.12628733449610652,10.476061549129138,1.1128200496550402e-25,1.5579480695170563e-24,TMEM219
ENSG00000146192,16.200380581821186,4.289005346714928,0.4100055706182917,10.460846520321843,1.3068285341407224e-25,1.8243623343089517e-24,FGD2
ENSG00000111237,213.48299722610082,0.9185912785184405,0.08788019367760597,10.452768025163332,1.4230999225310516e-25,1.9810518468321777e-24,VPS29
ENSG00000143162,160.3292669510293,1.5296655534612837,0.14637947043909938,10.450000596891728,1.4652430646127935e-25,2.0339560507082676e-24,CREG1
ENSG00000122694,130.07746417714523,1.4879224361891006,0.1425282514360927,10.439491267148956,1.6368553831873154e-25,2.265776719149991e-24,GLIPR2
ENSG00000096968,20.963282553916947,3.051228793508735,0.292455942707888,10.4331229013745,1.7503900737909822e-25,2.4161283209575526e-24,JAK2
ENSG00000137154,1359.401825808427,-0.7938239844455155,0.07612974926333546,-10.427250741358028,1.8619782181854226e-25,2.5629582532669935e-24,RPS6
ENSG00000213064,34.2224291831384,2.132227313974281,0.20474213304748073,10.414208752430097,2.1356605926866563e-25,2.931462612419617e-24,SFT2D2
ENSG00000183486,224.72592886380096,5.14200389321888,0.49399739210207966,10.408969714067512,2.2565047283224633e-25,3.0887087005505807e-24,MX2
ENSG00000188610,15.898562616582675,4.413310265441631,0.42462912707685463,10.393329105383899,2.659064811938562e-25,3.6296234682961375e-24,FAM72B
ENSG00000136026,64.19910229315451,1.683771218943707,0.16247604121090756,10.363196975965401,3.645689367241495e-25,4.962581038954212e-24,CKAP4
ENSG00000084234,147.2962566601204,-0.9685777571309406,0.09373603103482102,-10.333035722102782,4.995413766755954e-25,6.762386570203515e-24,APLP2
ENSG00000144674,37.848709922652574,2.3355766923755987,0.22602437067553385,10.33329585387234,4.981881029943548e-25,6.762386570203515e-24,GOLGA4
ENSG00000135486,147.5901791375491,-1.259429025666184,0.12204982058315067,-10.318974822319827,5.783739513103266e-25,7.808048342689409e-24,HNRNPA1
ENSG00000065911,59.570623951258796,1.5078632376245233,0.1463929329634,10.300109486852806,7.038115105136247e-25,9.475424007298498e-24,MTHFD2
ENSG00000136156,424.496487984704,1.0347514644610178,0.10097203765649476,10.247901186081098,1.2094107371628038e-24,1.6237826126825186e-23,ITM2B
ENSG00000143344,63.220104789038686,2.455282915188709,0.24008737831946017,10.22662220885977,1.5068364544560306e-24,2.0176006368384016e-23,RGL1
ENSG00000149273,1191.9705062436294,-0.6264802291004746,0.06130209364193976,-10.219556819049144,1.6208018388525171e-24,2.1642989772068666e-23,RPS3
ENSG00000134308,79.10010326644877,1.2422230524246751,0.12167559306077605,10.209303453357272,1.8015343318964517e-24,2.3991164517450307e-23,YWHAQ
ENSG00000187037,21.35523330983621,3.975259338705026,0.38994212201866113,10.194485576797433,2.098525442786472e-24,2.787068655635871e-23,GPR141
ENSG00000231389,652.8534631934253,0.9918980003097726,0.09732723566388397,10.191371341679279,2.1668576182480562e-24,2.8700642415285576e-23,HLA-DPA1
ENSG00000055130,35.168214502784295,2.320673292633666,0.22773459586910216,10.190253631765056,2.1919160040938765e-24,2.895450334440137e-23,CUL1
ENSG00000100225,69.14795318162334,1.4486632983106669,0.14269827503610596,10.151932796273266,3.2486480196113596e-24,4.279854254254751e-23,FBXO7
ENSG00000135047,1212.4776170883824,1.417683647230377,0.13975168867774426,10.144304234487194,3.5127255639528024e-24,4.615383267717666e-23,CTSL
ENSG00000133313,72.58856306432408,2.1430931166231084,0.2114482721937487,10.135306826529211,3.85162476363333e-24,5.0471690902651155e-23,CNDP2
ENSG00000173083,353.12263480201943,1.792947773244146,0.1771824283185423,10.119218876607485,4.540245040604058e-24,5.933713864236262e-23,HPSE
ENSG00000135821,335.53238805097243,0.9860600799091922,0.09769902063956568,10.09283484577595,5.9428014365696945e-24,7.746134286287395e-23,GLUL
ENSG00000151327,161.9253263475172,1.4731770876188386,0.14600356612044663,10.090007571483092,6.1164800529381495e-24,7.951424068819595e-23,FAM177A1
ENSG00000129277,1209.1689828615436,2.878956428220784,0.2856275384114547,10.079407763804497,6.813555570569152e-24,8.83425120680127e-23,CCL4
ENSG00000003400,21.04192809736059,2.8547116308891938,0.2832990804975008,10.076671007459824,7.005963305103605e-24,9.059816758231344e-23,CASP10
ENSG00000142669,2174.65059607588,-0.4314468195361296,0.042838669694361474,-10.071433651286274,7.389301410022883e-24,9.530453314659435e-23,SH3BGRL3
ENSG00000147894,33.092427665191366,1.9004166076141649,0.188934512978642,10.05859955205218,8.418736231105565e-24,1.0829756502526897e-22,C9orf72
ENSG00000150991,619.9415901924716,0.7208917408345094,0.07177503086396256,10.043767758189304,9.786311002522925e-24,1.2556118085221319e-22,UBC
ENSG00000155363,17.971264795886636,3.5366818498761052,0.3523770844562935,10.036639741579936,1.0519680388158735e-23,1.3461903496721882e-22,MOV10
ENSG00000139921,51.84507287503291,1.649054220300976,0.16481823745966434,10.00528974049092,1.4446816959439246e-23,1.8439391828229727e-22,TMX1
ENSG00000139679,105.54869056425021,1.2415644629227267,0.1241538987417716,10.000205192952206,1.520816087568102e-23,1.9360855581113093e-22,LPAR6
ENSG00000017483,17.82202808029979,5.519282398102854,0.5521125551379996,9.996661634914856,1.5762124270542792e-23,2.001423221329387e-22,SLC38A5
ENSG00000204388,42.4083070443199,2.0995584514390635,0.21015966821724513,9.990301513365159,1.680697364742681e-23,2.128594549058127e-22,HSPA1B
ENSG00000143549,236.04475217565474,0.8699131088186368,0.08721836976257048,9.973966621787943,1.98153339500547e-23,2.503150412096884e-22,TPM3
ENSG00000164032,162.49104954556077,-1.2208844653868878,0.12243688826048486,-9.971541115855969,2.0305333897433695e-23,2.5584720710766456e-22,H2AFZ
ENSG00000163486,15.419935686212774,3.6529313179955776,0.3666905583342161,9.961890850394227,2.2376576714529277e-23,2.8122377998771577e-22,SRGAP2
ENSG00000137198,88.55619906617152,6.988242712861679,0.7033206613934988,9.93606913099322,2.9004759585807656e-23,3.6359537909351743e-22,GMPR
ENSG00000169439,32.61273736422312,-3.940251793455095,0.3970940394786148,-9.922717043621839,3.316041277936384e-23,4.1463172620303795e-22,SDC2
ENSG00000099860,69.8779730053493,2.174085432881536,0.22008875407759557,9.878221365708809,5.174313813591677e-23,6.453446213195304e-22,GADD45B
ENSG00000136770,54.399381425864476,1.4304320527595538,0.14482580064110193,9.876914516801873,5.242219329421433e-23,6.521586274627069e-22,DNAJC1
ENSG00000117289,119.40115103683779,1.3808985063800212,0.14020787119263378,9.84893711482705,6.927265031562584e-23,8.596106152802661e-22,TXNIP
ENSG00000247596,59.60130884926255,-1.6483797634028485,0.16767809668507977,-9.830620671337353,8.310499357021221e-23,1.0286597944685713e-21,TWF2
ENSG00000196116,21.648292439456018,2.556906610854698,0.2603376920011318,9.821499880407565,9.097967735847761e-23,1.1233018455767812e-21,TDRD7
ENSG00000158869,2531.2522983185268,0.4127870156235033,0.04203823898917,9.819322253956607,9.296645329657246e-23,1.1449552669156819e-21,FCER1G
ENSG00000166165,19.918942606345098,4.890586428233732,0.4996308396782444,9.788399834131946,1.2627846016180324e-22,1.5513308830877528e-21,CKB
ENSG00000185339,27.743325173260835,2.560388669807153,0.2616925409949164,9.783957387829753,1.3194814095640344e-22,1.6169405602487944e-21,TCN2
ENSG00000132669,23.7887081334315,3.564284660279591,0.3645270831627421,9.77783222402799,1.4018070469446257e-22,1.71355219619052e-21,RIN2
ENSG00000164733,1236.7710377250214,0.9953516084738531,0.101984849403037,9.759798776976108,1.6748720710890794e-22,2.042263364102168e-21,CTSB
ENSG00000151012,134.6501213142622,-1.1956816895560123,0.12255462721815882,-9.756316156285033,1.733374637825702e-22,2.108367071850371e-21,SLC7A11
ENSG00000185880,49.795601333766584,1.9803488630789323,0.20301310707424733,9.754783282808758,1.7597613039289098e-22,2.1334314526361877e-21,TRIM69
ENSG00000213512,31.57492404154054,3.52635254385648,0.3615060326107472,9.75461603887947,1.7626641631467078e-22,2.1334314526361877e-21,GBP7
ENSG00000111640,2005.3040142411398,-0.6530923101959547,0.06702338814131703,-9.7442449316189,1.952247473512576e-22,2.357086998732383e-21,GAPDH
ENSG00000204264,281.96632769613245,1.2960922695424315,0.13304749467683008,9.74157591385404,2.0042175107345569e-22,2.4139031489582384e-21,PSMB8
ENSG00000060491,59.08203963751285,1.5474088833649042,0.15896714791008906,9.734142580453856,2.156284286073763e-22,2.59070439651992e-21,OGFR
ENSG00000116514,46.15190689658061,1.613028528971308,0.16591452307218657,9.722045418950497,2.428532983795728e-22,2.9106856298468798e-21,RNF19B
ENSG00000105404,131.69561879313446,1.0292132350672152,0.10589230263269837,9.71943389159436,2.491628693940142e-22,2.979042190272958e-21,RABAC1
ENSG00000179271,84.8481674382895,-1.3279841410765272,0.1369436629982955,-9.697302613360476,3.0957456852246763e-22,3.69235298475584e-21,GADD45GIP1
ENSG00000136560,93.44076799690995,1.4612423073849978,0.15068936248865816,9.69705016500405,3.1034126238432893e-22,3.69253502023388e-21,TANK
ENSG00000134028,37.87243864341846,3.137532302360967,0.3237032197893386,9.692620000514138,3.241057885673936e-22,3.846994794734716e-21,ADAMDEC1
ENSG00000179021,29.47138533507563,1.9660578034418612,0.20324525654417122,9.673326880396731,3.9144179075065147e-22,4.6350480957800036e-21,C3orf38
ENSG00000148834,980.0766859406104,0.6552313692453656,0.06786711976619783,9.654621729972291,4.698902136230056e-22,5.550578148421754e-21,GSTO1
ENSG00000154305,29.898700449458513,1.795798414829315,0.1860876793421907,9.650281099626582,4.902116920545041e-22,5.776739220037969e-21,MIA3
ENSG00000106991,87.69626477377275,-1.3673144154137389,0.14189025142627293,-9.636422528465276,5.610938294876837e-22,6.5962083208193244e-21,ENG
ENSG00000130202,111.1307740975345,1.4521007609161474,0.1507344472281849,9.633503075232214,5.7727212346906395e-22,6.770203376436707e-21,PVRL2
ENSG00000168461,110.4062278294345,1.3834519568956183,0.1438971884896511,9.614169473471778,6.966930396798161e-22,8.151308564253848e-21,RAB31
ENSG00000115935,59.665242985839996,1.5033353974899166,0.1564923310414324,9.606447724853037,7.509508915143768e-22,8.765255774113177e-21,WIPF1
ENSG00000224397,175.79829613999505,-1.2022536666865196,0.12519341206022508,-9.603170381746349,7.7522453252547945e-22,9.027140646517076e-21,RP11-290F20.3
ENSG00000062194,89.18869455639627,1.2368540224185254,0.12880269251425688,9.602703159963996,7.787476558067705e-22,9.046728086606313e-21,GPBP1
ENSG00000120217,26.430897736719956,4.456343925163727,0.464541480436518,9.592994625530991,8.556477482173888e-22,9.916634515896813e-21,CD274
ENSG00000149131,87.022264266971,6.150924783949051,0.641626578482756,9.586455720855648,9.116287775631188e-22,1.0540573677518037e-20,SERPING1
ENSG00000110852,88.44622579425231,1.8618307409066237,0.19460642357374666,9.56715974075274,1.0988285152816858e-21,1.2675219070643672e-20,CLEC2B
ENSG00000128394,12.776221948997506,3.5823357801950064,0.3744716147138274,9.566374698206806,1.1072011033540144e-21,1.2741888107451116e-20,APOBEC3F
ENSG00000168404,18.2701639736198,3.0726563656633012,0.3212400565269765,9.564985135673052,1.122176007131773e-21,1.2884048829545637e-20,MLKL
ENSG00000188811,13.68656664219803,3.364847299326752,0.3520549200191621,9.557734057923707,1.2036305511328788e-21,1.378704085843116e-20,NHLRC3
ENSG00000137767,282.8288957220125,0.9508141800645896,0.09964476825123747,9.542038149632422,1.4005232868895678e-21,1.600504984133799e-20,SQRDL
ENSG00000163191,3107.3027077441106,0.4955530164844357,0.05211134585731256,9.50950332085689,1.9157501731556495e-21,2.1842218911570444e-20,S100A11
ENSG00000154099,24.200719678525104,6.064506939524121,0.63847239578364,9.498463801368805,2.130093465338302e-21,2.4229813168223186e-20,DNAAF1
ENSG00000189043,112.41129766582205,-1.0642479449944944,0.11207580217221938,-9.495786997438893,2.185541724748411e-21,2.480312248363439e-20,NDUFA4
ENSG00000092010,272.7847897305914,0.8354764795084452,0.08826644985884614,9.465391219931488,2.9246418968211448e-21,3.3114493734974894e-20,PSME1
ENSG00000179044,16.042565611386923,5.291570220510156,0.5595443450903568,9.456927349798626,3.1712495961682754e-21,3.582418509326645e-20,EXOC3L1
ENSG00000102794,68.79678877151147,6.792861909601596,0.7184023743771076,9.455511495895822,3.214464823302739e-21,3.6229082893829495e-20,IRG1
ENSG00000137414,13.188688996641414,4.759945850618798,0.5036845027866332,9.450252736156083,3.380135586996173e-21,3.800912190960914e-20,FAM8A1
ENSG00000123595,79.22372900898804,1.6231033686377492,0.17184910667420972,9.444933407275819,3.55630381349785e-21,3.989880579801012e-20,RAB9A
ENSG00000234883,24.35264868320627,3.4419086240421297,0.364620386659431,9.43970427867765,3.738329556089284e-21,4.184544746838893e-20,MIR155HG
ENSG00000132792,50.50743973894861,1.5800064069210549,0.16749152224160258,9.433351525947284,3.971904374675157e-21,4.4358950220803915e-20,CTNNBL1
ENSG00000072401,96.55422038159438,1.2971192280178325,0.1376391792417383,9.424055237496567,4.339948779509578e-21,4.8250018783959423e-20,UBE2D1
ENSG00000143891,14.656264172474325,5.039059523667765,0.5346978676051811,9.42412496656633,4.337066387483551e-21,4.8250018783959423e-20,GALM
ENSG00000231925,103.93581805033071,1.387542852356702,0.14726881562993527,9.421837518157217,4.4326177526499304e-21,4.916903755422519e-20,TAPBP
ENSG00000211455,37.66760811230772,-1.8243869916359363,0.19438187534264526,-9.385581800875267,6.257003496424896e-21,6.924980896718906e-20,STK38L
ENSG00000116260,45.65023020446081,-2.221245447936673,0.2366950246233111,-9.384419682972549,6.326385336016545e-21,6.986035402513551e-20,QSOX1
ENSG00000143947,1084.6050982588686,-0.5431838058451207,0.05793854252023771,-9.375172074019446,6.906302446065113e-21,7.609320677121964e-20,RPS27A
ENSG00000137628,15.997464726150428,3.845701248623754,0.41024771832559936,9.37409539855516,6.977147770517126e-21,7.670179898058425e-20,DDX60
ENSG00000110079,58.90849962860618,2.5496544171523037,0.2727117194123731,9.349266040514078,8.825803314532197e-21,9.680803010627503e-20,MS4A4A
ENSG00000018280,54.32203412088509,-1.8348452937479054,0.19651575089721146,-9.336886663642703,9.920837236718325e-21,1.0857682445709097e-19,SLC11A1
ENSG00000147996,14.205107987112628,3.075891164370032,0.3297205657948716,9.3287816516839,1.0709482947274654e-20,1.1694755378423923e-19,CBWD5
ENSG00000109332,365.10073769468124,0.8080127207150406,0.08683088367244444,9.305591358060328,1.3324874923174688e-20,1.4518500082589893e-19,UBE2D3
ENSG00000164136,33.24890344871797,2.7718656298552045,0.29788648550031205,9.305107028268663,1.3385745225963654e-20,1.4552555761147212e-19,IL15
ENSG00000169504,48.514132999191425,1.816127719347536,0.19521200403840466,9.30336086806549,1.3607493091979194e-20,1.4760975950107232e-19,CLIC4
ENSG00000198087,14.567580940903891,3.491597975855922,0.3754954060443125,9.298643657557493,1.4224864601020774e-20,1.5396692654056407e-19,CD2AP
ENSG00000069493,19.665163914642363,2.4866651225313325,0.2674890260272145,9.296325757597014,1.4538291253722342e-20,1.5666921758945525e-19,CLEC2D
ENSG00000105968,102.81740910940586,-1.0592035503735937,0.11393667846332266,-9.296422931221063,1.4525015336001226e-20,1.5666921758945525e-19,H2AFV
ENSG00000132109,29.95796332540506,1.692528523654429,0.18256362432907455,9.270896816792007,1.8458727767754067e-20,1.9848181236486538e-19,TRIM21
ENSG00000165949,795.6229234246716,7.352972717070998,0.7934676495305617,9.266884064424339,1.916631785352492e-20,2.0564036229742676e-19,IFI27
ENSG00000179750,2030.5530951042224,7.37077745522528,0.7980423713462245,9.236072820032666,2.5571048877056844e-20,2.737606409190791e-19,APOBEC3B
ENSG00000126264,59.810915167685074,1.3633411440037673,0.14770387559440498,9.230232710667009,2.7004456522895314e-20,2.8847804207284256e-19,HCST
ENSG00000006747,20.955507370997264,6.66167711305607,0.7228027862786636,9.216451900183712,3.0709373708686126e-20,3.273446039142812e-19,SCIN
ENSG00000116459,62.23279481863461,-1.309660448495497,0.14212228702153873,-9.215025144487134,3.112053582736979e-20,3.3100933561838777e-19,ATP5F1
ENSG00000138600,162.03040743830556,0.9219288113263284,0.10005563934604769,9.214161414108695,3.1372085112779257e-20,3.32964203551182e-19,SPPL2A
ENSG00000174600,19.31888511474181,3.8322433979201276,0.417151302017292,9.186698877332693,4.0508177716131746e-20,4.290025545195504e-19,CMKLR1
ENSG00000111224,17.004328511560672,3.150921569847508,0.34340116952938043,9.175628534305048,4.489476634266115e-20,4.744363049630901e-19,PARP11
ENSG00000177917,35.06101688006734,1.8607369848032498,0.20281626097729463,9.17449604798483,4.536915717425163e-20,4.784206831636748e-19,ARL6IP6
ENSG00000147274,36.63772058155273,-1.5913016772733763,0.17376074036553316,-9.158004701901142,5.286571305433207e-20,5.562786165931217e-19,RBMX
ENSG00000137959,200.44447816332146,6.2116366838063675,0.6788962780336802,9.149610750256914,5.71390577783738e-20,5.99960106672925e-19,IFI44L
ENSG00000161929,17.47666581992874,3.355335908104185,0.36706182682027494,9.14106470065345,6.184045557513655e-20,6.479402957275501e-19,SCIMP
ENSG00000103966,43.71646228095782,1.6960365364128533,0.1856469760025691,9.135815583601978,6.491559675526527e-20,6.787132818199436e-19,EHD4
ENSG00000125779,44.296849989094504,1.6015384718943106,0.1753342866682256,9.134200174577405,6.589203184915531e-20,6.874595424771746e-19,PANK2
ENSG00000198839,41.40954030612727,1.702465776957537,0.18652221418808299,9.127415650560666,7.015393524691275e-20,7.303738089053586e-19,ZNF277
ENSG00000175416,52.891457668558004,-1.6958741566222644,0.18615085106495446,-9.110214360666635,8.221935807806951e-20,8.541774325489083e-19,CLTB
ENSG00000204397,649.8743612596058,1.2327297692733297,0.1353664612957148,9.106611471362687,8.499512710520666e-20,8.811520139134715e-19,CARD16
ENSG00000093167,46.11633109322591,1.5655074025309945,0.17206327805898397,9.098439947159049,9.163861002357636e-20,9.480255361175878e-19,LRRFIP2
ENSG00000145741,381.2417404763334,-0.7068848677754889,0.07779326871123163,-9.086709936298517,1.0208127246921485e-19,1.0538390187263064e-18,BTF3
ENSG00000004779,42.980507417843356,-1.536698941150295,0.1695616308017516,-9.06277519203018,1.271729487102227e-19,1.3073804810921223e-18,NDUFAB1
ENSG00000104870,173.73475469542757,0.767436555864511,0.08467798364618931,9.062999882839645,1.269111697430852e-19,1.3073804810921223e-18,FCGRT
ENSG00000177556,152.27056712909786,1.0790832741945013,0.11913967137100712,9.0572960440203,1.337242825055162e-19,1.3718603846181767e-18,ATOX1
ENSG00000121594,22.764447194440624,5.711883282980616,0.6313961448841175,9.046433573060442,1.4771401632836022e-19,1.5122222421615879e-18,CD80
ENSG00000143119,277.56778229957024,0.8864076201888311,0.09811048711740294,9.034789717516336,1.6431804747408725e-19,1.6787087012217561e-18,CD53
ENSG00000198668,464.0831227954474,1.8973412235246858,0.21009115486405555,9.031038097498227,1.7005087291681363e-19,1.7336721774133239e-18,CALM1
ENSG00000177575,35.53510441394709,2.101294313241086,0.2328040026001008,9.026023134364168,1.7802393181282763e-19,1.8112000019218116e-18,CD163
ENSG00000157045,46.98004384252985,1.3217115799535293,0.14690753991608432,8.996894105697432,2.321933343574507e-19,2.3574339773399025e-18,NTAN1
ENSG00000135929,39.54698347142582,-2.513705055298735,0.28013116243728314,-8.97331461958115,2.8772278857671704e-19,2.915195429002036e-18,CYP27A1
ENSG00000172123,15.84138048871706,2.544131858560009,0.28444870000952704,8.94407975313228,3.7506165189345096e-19,3.792290035811559e-18,SLFN12
ENSG00000115649,27.733659801731573,1.7156555870060677,0.19224237811157827,8.924440094110228,4.479593817662742e-19,4.5200665338798176e-18,CNPPD1
ENSG00000188846,484.7172436752667,-0.7062274030299994,0.07915070874990394,-8.922565750630204,4.556082529740097e-19,4.587825727693204e-18,RPL14
ENSG00000104972,56.78991209315355,1.508991038906489,0.17000089904157492,8.876370933411678,6.9077206958266e-19,6.941623619487099e-18,LILRB1
ENSG00000138755,15.034407413160311,5.970764758317704,0.6738753261747921,8.860340372172919,7.977050799843455e-19,7.999842373557294e-18,CXCL9
ENSG00000104904,2179.0482848630404,-0.4557318572096027,0.051525935789556755,-8.844708014055518,9.17679512541955e-19,9.184271129595045e-18,OAZ1
ENSG00000059728,139.70128556499668,1.1768098097902617,0.13334827878398786,8.825084361955561,1.093773279917281e-18,1.0924394100637234e-17,MXD1
ENSG00000108424,58.860326242946314,1.3353024950955545,0.15146489903443128,8.815920411976185,1.1870578921654469e-18,1.1832053716229222e-17,KPNB1
ENSG00000137642,20.21863475418219,-2.997329980702065,0.34017194254257854,-8.811220461919477,1.237906403896074e-18,1.2313911070334631e-17,SORL1
ENSG00000162909,119.07627110044405,1.0687281554198236,0.12140944527222379,8.802677197177907,1.3359039585895098e-18,1.3261882934361316e-17,CAPN2
ENSG00000064012,25.39424210433763,1.9029639669593106,0.21673137390339575,8.780288394275226,1.630560155444493e-18,1.6154380249706128e-17,CASP8
ENSG00000134470,24.011662186305696,4.439519297514345,0.5059837061812354,8.77403608709127,1.7237395133495303e-18,1.7043170962977047e-17,IL15RA
ENSG00000213533,11.193234311792562,4.442733010501509,0.5068472864014425,8.765427239522978,1.860696711249256e-18,1.8360368753170373e-17,TMEM110
ENSG00000100342,18.622367398742057,2.591003820451597,0.2974582504320037,8.7104789216256,3.025935902196496e-18,2.9798495036860886e-17,APOL1
ENSG00000120539,10.292091350642767,4.3447561449727665,0.49968636921252796,8.694966308206103,3.4693271580311316e-18,3.409654730912996e-17,MASTL
ENSG00000089157,293.66735293282704,-0.6472864972807563,0.07453910326373073,-8.683851414076686,3.825885063806866e-18,3.7525746913267345e-17,RPLP0
ENSG00000005059,246.60622364320295,0.9231065506307236,0.10645748488700853,8.671128682125893,4.278578392922774e-18,4.1882339089287874e-17,CCDC109B
ENSG00000196126,1548.0166800518991,0.5977654122481191,0.06922839335018824,8.634685615544386,5.888876819255051e-18,5.753069719645987e-17,HLA-DRB1
ENSG00000101347,89.9521846602823,1.5484377521009327,0.17940840974380598,8.630798045153465,6.0925374939996905e-18,5.940224056649698e-17,SAMHD1
ENSG00000166920,4239.635989183923,0.6449244514328984,0.07511086666159283,8.586300226551293,8.9814777660986e-18,8.739600345070994e-17,C15orf48
ENSG00000065978,503.02081052661606,-0.8422729665896449,0.098284246082443,-8.569765757608067,1.0369575009149775e-17,1.0070373832996441e-16,YBX1
ENSG00000010256,103.88892022401977,-1.020427342374862,0.11919115776847783,-8.561267139941581,1.1163370296771062e-17,1.0819881979947336e-16,UQCRC1
ENSG00000133101,39.89684858637905,8.558609914441268,1.0017888532969583,8.543327155492173,1.3041151762109412e-17,1.261500388956804e-16,CCNA1
ENSG00000269996,10.719046199693441,3.6044405951663863,0.42274029405021907,8.526371027073658,1.5101037184745467e-17,1.4578879513917335e-16,RP11-343N15.5
ENSG00000149781,94.77148778401896,-1.1356693591372884,0.13323188489408622,-8.524005796661198,1.541279097532934e-17,1.4850677422111447e-16,FERMT3
ENSG00000204628,520.612141457091,-0.7100293327421104,0.08345556480951265,-8.507872834636641,1.7715333212200213e-17,1.7035840979403494e-16,GNB2L1
ENSG00000221869,70.70886336767694,1.6452008164654224,0.1937320028853022,8.49214787419223,2.028526741758189e-17,1.9469102361327618e-16,CEBPD
ENSG00000122068,38.80275682464987,1.4591580189761295,0.17220499941229855,8.473377799459632,2.3837788821514487e-17,2.28340924500823e-16,FYTTD1
ENSG00000125753,109.9249026610389,-0.992852481330161,0.11720006574568459,-8.471432801791911,2.4239280363507374e-17,2.3173506557641095e-16,VASP
ENSG00000204138,15.10074086500488,2.4217076293293043,0.28590676640369433,8.470270430430821,2.448239739746838e-17,2.336048559439993e-16,PHACTR4
ENSG00000155307,345.20734745131057,1.25470020177175,0.14826467577020816,8.462570030614572,2.6154858332134398e-17,2.4907940667462874e-16,SAMSN1
ENSG00000065243,21.08476982339711,1.920802591319951,0.22731016071420107,8.450139603460102,2.90954706315004e-17,2.7654766476439644e-16,PKN2
ENSG00000114013,171.58313697044866,1.1712609042965778,0.13866489475744792,8.446700993393769,2.9964989090255405e-17,2.842624640724229e-16,CD86
ENSG00000111786,74.32321916755976,-1.26747863818331,0.15011475488722015,-8.443398113233807,3.0824304612979456e-17,2.918509303818517e-16,SRSF9
ENSG00000135363,17.27679541649044,2.567336378866236,0.30436594862156713,8.43503154834948,3.311134769538058e-17,3.1290223572134645e-16,LMO2
ENSG00000155962,28.537335078958236,2.183953051539399,0.2590232203295631,8.431495248806995,3.412761525149726e-17,3.2188695075980336e-16,CLIC2
ENSG00000163682,685.5241667384339,-0.5266307898046015,0.06262002403773109,-8.409942313137492,4.102124244170751e-17,3.8616548919262586e-16,RPL9
ENSG00000179262,68.4574957709103,-1.0686499154355218,0.12720505322670012,-8.401002069713485,4.426845979862871e-17,4.159373067886453e-16,RAD23A
ENSG00000112245,26.156065160370513,1.8882878011058302,0.2248089539470989,8.399522207421391,4.482989350850004e-17,4.2040858149001756e-16,PTP4A1
ENSG00000133104,84.03176228693047,1.3743189588778415,0.16387397656613992,8.386438089046818,5.01093417807373e-17,4.690234390677011e-16,SPG20
ENSG00000117899,52.359111814717565,1.232433573040012,0.1470672244210885,8.380069576286155,5.2896425173487545e-17,4.94169264833684e-16,MESDC2
ENSG00000188921,28.46379287317497,2.2547035048901356,0.2694672917168865,8.367262277081927,5.89723372400714e-17,5.4988627172241155e-16,PTPLAD2
ENSG00000142227,2148.796697762444,0.40502941985081187,0.048442583462737485,8.36102022020284,6.21781874607825e-17,5.786810855725098e-16,EMP3
ENSG00000126353,59.74541761955604,1.6435929467761228,0.19684339121975433,8.34974919194127,6.840807336623482e-17,6.35457982082567e-16,CCR7
ENSG00000173418,28.652618286460054,-1.6775143969773096,0.20137629702594206,-8.330247510516125,8.067351383518475e-17,7.479804660115054e-16,NAA20
ENSG00000147416,206.82106752676884,0.8228312866698121,0.0988416539785602,8.324742186611859,8.451247474516535e-17,7.820984950993269e-16,ATP6V1B2
ENSG00000159314,26.47043745322032,2.1548070914031165,0.25894269111606294,8.321559809685038,8.681319208816416e-17,8.018797479722531e-16,ARHGAP27
ENSG00000143110,126.19474405673813,-1.4444141425340016,0.1736090655378095,-8.319923490512824,8.802011148864885e-17,8.115024912855918e-16,C1orf162
ENSG00000100591,58.94294659454964,1.1092386574224644,0.13333373737498477,8.31926472069756,8.851066649407396e-17,8.1449703211962435e-16,AHSA1
ENSG00000163931,49.48066654499289,-1.428188473833299,0.17184472525308356,-8.310924130664707,9.495962632434385e-17,8.722086051548144e-16,TKT
ENSG00000138166,32.82843117349673,3.1580554596198476,0.3801033947896414,8.3084116135495,9.699158045227368e-17,8.892101237732703e-16,DUSP5
ENSG00000112096,4517.914346484077,1.3918917753009168,0.16754712538875616,8.307464375000997,9.776872136406508e-17,8.946657295773106e-16,SOD2
ENSG00000166750,33.73319263236593,2.4146610978718095,0.2908518195650084,8.302031947000104,1.0234567571729516e-16,9.348079005107591e-16,SLFN5
ENSG00000185404,20.58528198247612,2.4509603814701544,0.2954429618254249,8.29588346368667,1.0778115601721995e-16,9.826282016115376e-16,SP140L
ENSG00000126262,12.92769445657811,3.7593781197624057,0.4531902794561251,8.29536353752787,1.0825363249980855e-16,9.851080557482577e-16,FFAR2
ENSG00000172936,47.24252925791292,1.3452088897107504,0.16263535942934937,8.271318699886567,1.32485377279575e-16,1.2033884361401694e-15,MYD88
ENSG00000221914,33.18292173126603,1.6183796893647182,0.1957051549899874,8.269479102109075,1.3454555552020136e-16,1.2198466048455157e-15,PPP2R2A
ENSG00000269640,20.802112445849463,3.250152879427801,0.39326911221152944,8.264449911030965,1.4034037361670167e-16,1.27004161317214e-15,CTD-2521M24.9
ENSG00000125347,110.98807407842645,1.131848411841038,0.13705062965771023,8.258615189641066,1.473722031242117e-16,1.3312261142506916e-15,IRF1
ENSG00000168297,12.887882190742042,-3.181977363329296,0.38596488856002653,-8.244214584390685,1.6624857656597856e-16,1.4989825784315937e-15,PXK
ENSG00000103121,33.12506390811149,1.4489228254020594,0.17577423019856545,8.243090149023931,1.6781903474661298e-16,1.5103713127195168e-15,CMC2
ENSG00000253982,35.22938920968345,-1.5375877767465476,0.18672622662992536,-8.234449999323923,1.8038443213108538e-16,1.6204919551958932e-15,CTD-2336O2.1
ENSG00000141574,9.7685744994237,4.404391680102347,0.5352136000897498,8.229222275674191,1.8843283686739826e-16,1.6897061320554653e-15,SECTM1
ENSG00000121774,127.77139775709756,0.8523732387752601,0.10360184058704408,8.227394744585778,1.913291244703612e-16,1.7094387593588271e-15,KHDRBS1
ENSG00000135124,82.2764212514721,1.09937949804622,0.13362098991886479,8.227595819442499,1.9100832279223205e-16,1.7094387593588271e-15,P2RX4
ENSG00000059377,14.672540083660348,-2.863282892962427,0.3486679082507089,-8.212063184500447,2.1741980566246397e-16,1.939021642514243e-15,TBXAS1
ENSG00000092295,27.331407473876716,8.04420510787453,0.9817509911015755,8.19373260713342,2.5324733317541877e-16,2.254451802942043e-15,TGM1
ENSG00000185215,64.61446776644317,1.1681561959145799,0.14270915724214162,8.185572800577276,2.7101149575261434e-16,2.408228734409307e-15,TNFAIP2
ENSG00000060558,57.59495204670145,-1.1790661701893348,0.1440639593898754,-8.184324345816902,2.7383563704204605e-16,2.4289319863260186e-15,GNA15
ENSG00000134758,20.582143554546985,2.230848756874736,0.2725876307514195,8.183969135815671,2.746444483258299e-16,2.431716791122753e-15,RNF138
ENSG00000163739,101.87300284089022,-2.869312737018748,0.35067565977322773,-8.18224093133311,2.786132819496794e-16,2.462420265289073e-15,CXCL1
ENSG00000103569,97.55293948669438,1.4301222028844194,0.17514786121091439,8.165227899427531,3.20828934591804e-16,2.8304369561653945e-15,AQP9
ENSG00000002587,22.52253203259476,-2.919572590111925,0.35773022809949107,-8.16138072989443,3.312163451165649e-16,2.9168407166716844e-15,HS3ST1
ENSG00000109971,472.3963001811083,0.8918013961115171,0.10947331592380387,8.146290158345373,3.752590724961767e-16,3.298789055896623e-15,HSPA8
ENSG00000175482,96.50790810547093,-1.19273046346925,0.14643888573537076,-8.144902615720728,3.7958728361919815e-16,3.330878413758464e-15,POLD4
ENSG00000100599,20.40076178649477,-2.563162121497753,0.3148809604429506,-8.140098778573629,3.9495553884066963e-16,3.4595570728396625e-15,RIN3
ENSG00000108106,10.52690410622099,2.867044452549141,0.35229365367921334,8.138223390080636,4.011202350555294e-16,3.5073039769801983e-15,UBE2S
ENSG00000108679,20.821035000232026,3.4316934607054157,0.4218746780657488,8.134390706831162,4.140152899946866e-16,3.613625461871918e-15,LGALS3BP
ENSG00000106392,22.033306531024607,2.1104957902945327,0.2595376223703462,8.131752811093294,4.2312697214332136e-16,3.686606278567874e-15,C1GALT1
ENSG00000070756,611.6402583798911,-0.6386418219781685,0.07854375092098,-8.131032889181506,4.2564782953438473e-16,3.702006078463658e-15,PABPC1
ENSG00000008394,144.83478391084464,-0.9026632014761595,0.11103847955205096,-8.129282795636827,4.3183779383534137e-16,3.749206570506833e-15,MGST1
ENSG00000120594,34.0424216190625,-2.0308957969268104,0.24985473496162672,-8.128306222568566,4.353303428205319e-16,3.772862971111276e-15,PLXDC2
ENSG00000196371,9.68920032644501,3.5909882083028606,0.4423674820378677,8.117658630241415,4.752633820403537e-16,4.111697639694187e-15,FUT4
ENSG00000106400,48.58567799183536,-1.2286185149010678,0.15153153415153442,-8.108005517006289,5.145740150544464e-16,4.443966098378822e-15,ZNHIT1
ENSG00000160213,1147.9772435390523,0.9707161358331025,0.11974924883278348,8.106239874528145,5.221032157143553e-16,4.501079301790074e-15,CSTB
ENSG00000198805,26.926022110863492,-1.8143624840621309,0.22390646464658268,-8.10321616629492,5.352501094388365e-16,4.606338069671528e-15,PNP
ENSG00000171051,92.6860531620766,-1.1011361644023845,0.13594983342669478,-8.099577150244365,5.515054275925698e-16,4.737932991590713e-15,FPR1
ENSG00000133639,482.47350516879715,-0.8768084102676736,0.10827677462021053,-8.097843820552926,5.594182267937322e-16,4.797523850723211e-15,BTG1
ENSG00000198034,1472.7458986668516,-0.5599818084648418,0.0691769896226694,-8.094914385828304,5.730464149991585e-16,4.905836382065966e-15,RPS4X
ENSG00000203446,10.150790451255183,4.241736825760394,0.5242778262699913,8.090627932786147,5.935791715494465e-16,5.072779215641704e-15,AC004988.1
ENSG00000100985,24.90100244337662,-4.471229225157138,0.5527498646575079,-8.089064350884247,6.012480132571913e-16,5.129397113100413e-15,MMP9
ENSG00000119508,17.695125415024577,2.6386907047586488,0.3264072000636809,8.084045646798996,6.265286433824695e-16,5.335808931683631e-15,NR4A3
ENSG00000166136,66.27491030142563,-1.1126759118662881,0.13780361382127787,-8.074359452643636,6.783178084941875e-16,5.766874932422902e-15,NDUFB8
ENSG00000196923,104.70302307627234,-0.9321602509886472,0.11546527627605757,-8.07307860035785,6.854744848348987e-16,5.817653917925202e-15,PDLIM7
ENSG00000204103,425.9109203459566,0.7485717898320641,0.09273667113242201,8.072014885709576,6.914744266722089e-16,5.858457470115922e-15,MAFB
ENSG00000175857,99.81412502260088,-1.5816459820933941,0.19629451023235814,-8.057515109419844,7.786097163877998e-16,6.585349649448621e-15,GAPT
ENSG00000156467,106.20857362796457,-0.9649670570092088,0.11981129417336525,-8.054057538289463,8.009353739157984e-16,6.76253681687669e-15,UQCRB
ENSG00000141447,10.56734393693325,3.4595730378888487,0.4297314706991459,8.05054615213622,8.24253854654307e-16,6.947484462729442e-15,OSBPL1A
ENSG00000104823,23.932556848509087,-1.7194114180599855,0.21419816457582652,-8.027199586256543,9.97227791889769e-16,8.391057139291653e-15,ECH1
ENSG00000169902,20.979170013109744,-4.945584999129853,0.617054405725592,-8.014828114409715,1.1029114726977159e-15,9.264456370660814e-15,TPST1
ENSG00000162645,133.48602264075106,1.7684149786259604,0.2206763233027563,8.013614474624847,1.1138549256653555e-15,9.340414854470234e-15,GBP2
ENSG00000085491,33.728222060707004,1.5129904160775245,0.18883582648718913,8.01220003758221,1.1267440072719597e-15,9.429693113210783e-15,SLC25A24
ENSG00000168062,14.31803618458532,6.468193276084887,0.8073105622406723,8.012026075978197,1.1283393468799226e-15,9.429693113210783e-15,BATF2
ENSG00000155629,20.1576978514035,2.0036171183103306,0.2501816102572476,8.008650660814455,1.1597382502734116e-15,9.675643059157122e-15,PIK3AP1
ENSG00000111846,11.911623285559916,2.8010956544330927,0.3498137272583026,8.007392038005309,1.1716652457383326e-15,9.758581385691809e-15,GCNT2
ENSG00000173801,12.992292490108309,5.61728887751634,0.702868897129098,7.991944017526494,1.32827356877634e-15,1.1044223886576878e-14,JUP
ENSG00000059804,23.12018293843709,-1.9121114564749757,0.23958873718823132,-7.980806939905268,1.4537970332025418e-15,1.2067497670873801e-14,SLC2A3
ENSG00000166527,23.658607534210457,2.0426049165091444,0.2559688754257152,7.979895653766425,1.4645704906234724e-15,1.2136423930731439e-14,CLEC4D
ENSG00000102879,62.654767565640746,-1.5923965556276738,0.19990084888259388,-7.965931933400258,1.6398319112239515e-15,1.3565882174670873e-14,CORO1A
ENSG00000133961,35.15522588535272,-1.4149075210519524,0.17787945264123675,-7.954305570670182,1.801390224922923e-15,1.4877363975245788e-14,NUMB
ENSG00000161970,919.2045692633178,-0.5531768619414308,0.06955351986174581,-7.953254745999939,1.8167423477519235e-15,1.4978979692706293e-14,RPL26
ENSG00000130489,47.32590513047927,1.4545185331888713,0.18309594979561847,7.944023528715315,1.9572644332825506e-15,1.611054845083828e-14,SCO2
ENSG00000141526,183.14469514316588,-0.7383331812022252,0.09300857792405133,-7.938334266384883,2.0491448760221416e-15,1.683862528557325e-14,SLC16A3
ENSG00000014914,31.631838937179307,1.7590077598625071,0.22179632483505599,7.930734475292295,2.1785356468523903e-15,1.7871993603727287e-14,MTMR11
ENSG00000005022,104.89144741119004,-1.1905887514760203,0.15015488433328308,-7.929071083917557,2.2079114597350687e-15,1.808279485523021e-14,SLC25A5
ENSG00000175895,36.98345602579302,1.3543489191281384,0.17084463796331625,7.927371530495116,2.23832875782704e-15,1.8301410176309608e-14,PLEKHF2
ENSG00000158122,51.7771375947697,1.321746506526674,0.16676832822713072,7.925644638750091,2.269657959723751e-15,1.8526742880535735e-14,AAED1
ENSG00000184009,712.3974585403546,-0.6972219574474613,0.08806288098240438,-7.917319416188207,2.4268572516930476e-15,1.9777075513797078e-14,ACTG1
ENSG00000169567,135.45244873296397,-0.7523908012035725,0.09514025186272303,-7.908227973678166,2.6107839011231662e-15,2.1240715380992116e-14,HINT1
ENSG00000110492,13.151261771430192,6.331944228575244,0.8018409809843923,7.896758058937991,2.8625124754846107e-15,2.3250225296746077e-14,MDK
ENSG00000107593,10.905822502329553,3.238042721584617,0.41079934724908396,7.882297630870536,3.2141530630692383e-15,2.6063280778749565e-14,PKD2L1
ENSG00000076067,9.401763128944268,3.557547559402622,0.45138352704949436,7.881429751450668,3.236560588213335e-15,2.6201744201779783e-14,RBMS2
ENSG00000137409,103.56191459413779,0.8232059885395017,0.10456745881426949,7.872487271605814,3.4765905321613734e-15,2.8098628083948996e-14,MTCH1
ENSG00000006075,1369.7710491117264,2.4317482498614504,0.3093871452777539,7.8598878039303655,3.8447768279932135e-15,3.102337164656593e-14,CCL3
ENSG00000197766,259.5532077307121,1.0385576474842049,0.1322155019638204,7.855036906098929,3.99654452949475e-15,3.2195114455634756e-14,CFD
ENSG00000115738,46.41518778494131,-1.7710888100520423,0.2256327064559703,-7.8494329916556245,4.179223970085744e-15,3.3611631078561936e-14,ID2
ENSG00000148303,297.04477794993164,-0.7126149508798285,0.09095249695194085,-7.835023498655271,4.687550337631741e-15,3.7638271828631334e-14,RPL7A
ENSG00000249915,87.29457211049895,-1.0007427180908335,0.12774254512716834,-7.834059647822024,4.7236451016745184e-15,3.786621864539737e-14,PDCD6
ENSG00000124256,20.97292934495146,7.647386743143157,0.9786447287612626,7.814262437016317,5.5285798818518695e-15,4.4246647458338907e-14,ZBP1
ENSG00000085449,18.138323884265777,2.0947868172978517,0.2685873403187754,7.799276074634173,6.226331679089612e-15,4.9749908733408704e-14,WDFY1
ENSG00000026103,11.155868664715562,3.1988567513214936,0.41042877064831845,7.793938875845715,6.495197617480816e-15,5.181396281217651e-14,FAS
ENSG00000167601,11.694655203002418,5.4399895534105775,0.6987301925370316,7.785536694297444,6.941789242307015e-15,5.5286794711015676e-14,AXL
ENSG00000076053,32.14588429486383,1.3297293162962749,0.1710508890645219,7.773881349395905,7.61170406381696e-15,6.0524132313263e-14,RBM7
ENSG00000106560,20.81643861077068,1.826164258525852,0.23493494620100125,7.773063514201316,7.661030266684346e-15,6.081793655975263e-14,GIMAP2
ENSG00000074416,30.551335113812023,2.656138714883214,0.34177125660243135,7.771685487211676,7.744855980833299e-15,6.138422949970134e-14,MGLL
ENSG00000167658,120.87425989858608,-1.0384221546405867,0.13388397905581403,-7.756134542488355,8.755713524368062e-15,6.928434180152118e-14,EEF2
ENSG00000164691,24.17089262772268,1.960350559023611,0.25276894418485757,7.755504005230751,8.799330075202577e-15,6.951753696068403e-14,TAGAP
ENSG00000136888,506.2628121558689,0.5852460490627632,0.07575317589772912,7.725696541790896,1.1124335439780584e-14,8.774475818793225e-14,ATP6V1G1
ENSG00000144655,14.920175106910873,2.127732624212892,0.2755185800309944,7.722646596006459,1.1393875865366785e-14,8.972677243976344e-14,CSRNP1
ENSG00000092330,47.19920058119766,1.145756413642018,0.14853782613686037,7.713566594049495,1.2234946744632423e-14,9.619604528499796e-14,TINF2
ENSG00000157500,17.463313049164693,2.6930209947883275,0.34914993083802315,7.713078986796843,1.228180215008239e-14,9.641018492892151e-14,APPL1
ENSG00000168653,67.11139111992486,-1.0204263954398152,0.13231167645424494,-7.712292843577502,1.235771669091727e-14,9.685138727139946e-14,NDUFS5
ENSG00000143106,139.73745763315856,0.9060605919513569,0.11756028836727936,7.707199467907578,1.286087061013664e-14,1.0063426461498638e-13,PSMA5
ENSG00000111911,20.93853876450011,1.7370291243085487,0.22539665303381487,7.706543557450043,1.2927113016381029e-14,1.0099178594991474e-13,HINT3
ENSG00000132965,54.758595351856,-1.552137455631202,0.2014595202834082,-7.704463176759749,1.3139445932083014e-14,1.024876782702475e-13,ALOX5AP
ENSG00000123349,783.8014863692179,-0.5184868329779139,0.06734563338840939,-7.69889311141513,1.372499155175909e-14,1.0688527493715399e-13,PFDN5
ENSG00000223865,694.9826824849428,0.6393802581593492,0.08306261471687848,7.697569602626848,1.3867855485415542e-14,1.0782696496096831e-13,HLA-DPB1
ENSG00000197324,51.41062703021308,1.165280505802343,0.15141669619723142,7.6958521422530515,1.4055426917860256e-14,1.0911274545713317e-13,LRP10
ENSG00000113532,44.877084015132425,1.3851952624304396,0.1801244497839207,7.6902123176067185,1.4689106021199247e-14,1.1369147153765623e-13,ST8SIA4
ENSG00000169554,116.7010397422014,0.8445961431410968,0.10982771456881082,7.690191373434511,1.4691510872285654e-14,1.1369147153765623e-13,ZEB2
ENSG00000119048,156.84648799187687,0.8382618553602942,0.10911994631007589,7.682022248968894,1.5659663071724827e-14,1.2099305712964748e-13,UBE2B
ENSG00000170340,19.074704436156082,2.4147591190065105,0.3143650585407503,7.681385234782675,1.573774326994561e-14,1.2140544808243758e-13,B3GNT2
ENSG00000165806,21.657349757595437,1.8801810545250472,0.2452570100127939,7.666166420388828,1.7721322802978847e-14,1.3649307249817877e-13,CASP7
ENSG00000163683,41.57974527736616,1.7632184416574939,0.23020059099710696,7.659487032679482,1.8667719608756177e-14,1.4355739304761795e-13,SMIM14
ENSG00000128335,23.799278532365257,2.0756107185608634,0.2710099517543355,7.658798893268534,1.8768001675916517e-14,1.441030628678965e-13,APOL2
ENSG00000150540,33.16129396764495,-1.5564648301891655,0.2033261498639144,-7.655015507011286,1.9328891739121492e-14,1.4817811857417008e-13,HNMT
ENSG00000196189,32.331276829354366,1.4633126069626234,0.1913039455307434,7.649150167305161,2.0231187236322167e-14,1.5485366679016686e-13,SEMA4A
ENSG00000157191,89.44660702627934,1.1521637567842447,0.15064530225521164,7.648189087452178,2.0382934430666083e-14,1.5577253466919617e-13,NECAP2
ENSG00000254470,23.119100804859272,1.8199348946985803,0.23801967868661336,7.646153060708827,2.070811560486199e-14,1.580119255936208e-13,AP5B1
ENSG00000174695,68.76842329750805,-1.2452453025789234,0.16314403623906204,-7.632796952223319,2.297145364827986e-14,1.750104236087554e-13,TMEM167A
ENSG00000082397,38.44238688328439,-1.3796888124242375,0.18138364492962736,-7.606467567456396,2.81688875179589e-14,2.1427540752825084e-13,EPB41L3
ENSG00000075142,93.29189798961735,1.0365460643189184,0.1365066724201149,7.59337288018295,3.116839510890721e-14,2.367256469322566e-13,SRI
ENSG00000187210,8.016338008482167,4.1931135399252915,0.5522828847275357,7.592329322307227,3.142052126939448e-14,2.3827228629290813e-13,GCNT1
ENSG00000185787,89.36723566078919,-0.9269846395458005,0.12215027570723715,-7.588887001512339,3.2266498762750824e-14,2.4431059309731515e-13,MORF4L1
ENSG00000143222,40.30589236569868,-1.2543445693323192,0.16536103425455206,-7.585490590252459,3.312313612444418e-14,2.50410909100798e-13,UFC1
ENSG00000170802,18.18496591243009,2.0254708289379098,0.26704924159224147,7.584634267677903,3.3342623037586945e-14,2.516830255095273e-13,FOXN2
ENSG00000130775,70.44073361337257,0.923361361829903,0.12197261809117775,7.5702348304081335,3.725501551909802e-14,2.807839666577418e-13,THEMIS2
ENSG00000131724,60.4501613734421,-1.023669037370514,0.13525463084132802,-7.568458329322685,3.776794294714431e-14,2.842138922546204e-13,IL13RA1
ENSG00000232533,20.51449934030107,-1.9472321559293397,0.2577292347141465,-7.555340619736291,4.177651028005812e-14,3.138987332052073e-13,AC093673.5
ENSG00000131143,526.5859162044388,-0.4766131645236985,0.06310095407509853,-7.553184757816269,4.247417882142947e-14,3.186536102725258e-13,COX4I1
ENSG00000008952,162.99087408692833,-0.8154198972546942,0.10805564440764102,-7.5462961858661854,4.4781099702416736e-14,3.3544866453914e-13,SEC62
ENSG00000233276,723.3569164498539,-0.7250324994804438,0.0960938143630324,-7.545048599500347,4.521188659475151e-14,3.38160138092251e-13,GPX1
ENSG00000108622,38.22495583906756,1.360795748484511,0.18038656502827044,7.543775492766022,4.5655685888206336e-14,3.4096054780341326e-13,ICAM2
ENSG00000126883,38.93941013905586,-1.5219366710458049,0.20175655373841267,-7.543431144343747,4.5776458377976394e-14,3.41343727571132e-13,NUP214
ENSG00000091317,130.40208635233682,0.7746632654457862,0.10284960192702994,7.532000619656232,4.996872117764621e-14,3.720398422226568e-13,CMTM6
ENSG00000038210,11.29770521539459,3.6828758918116407,0.48914057117868043,7.529279125092868,5.102121215434262e-14,3.7930141683273773e-13,PI4K2B
ENSG00000113070,11.920711850882475,-4.511129350235752,0.6006933898192515,-7.509870137897056,5.918604554982464e-14,4.3933569158887954e-13,HBEGF
ENSG00000102921,28.103361301782584,1.511382072965722,0.20148218370431098,7.501318703115604,6.317896890976371e-14,4.682676519194252e-13,N4BP1
ENSG00000067225,668.467570806229,-0.6050588230963977,0.08066614937241673,-7.500777312463282,6.344048895670871e-14,4.694978354416666e-13,PKM
ENSG00000136986,56.31700138369105,1.1942688020818948,0.1593448723572458,7.494868108491026,6.636506208762589e-14,4.904028798475092e-13,DERL1
ENSG00000080822,70.6662391397204,0.9211253787212539,0.12292614028048084,7.493323849748476,6.715093671152467e-14,4.954650195201685e-13,CLDND1
ENSG00000265681,76.81713918392529,-1.201733696750914,0.1604524235062232,-7.489657497783473,6.905357506815823e-14,5.087395320613637e-13,RPL17
ENSG00000166002,113.29726750897,0.9103509398788462,0.12156646804153398,7.488503651910153,6.966324930120568e-14,5.124628848295279e-13,SMCO4
ENSG00000146376,20.557812389181812,-2.3114684451285754,0.3087833459148414,-7.485728993188802,7.115108091471143e-14,5.22625428422858e-13,ARHGAP18
ENSG00000113269,132.6038950920775,-0.7947276835920695,0.10628401710839129,-7.477395992490432,7.580972186804742e-14,5.560133929247538e-13,RNF130
ENSG00000164305,19.485614673351307,1.90674694728533,0.2554534095646246,7.464167147093651,8.382813452465049e-14,6.139067854756073e-13,CASP3
ENSG00000109756,13.42209849828647,2.5533418560264005,0.3426001481121628,7.452833485613293,9.13565593539189e-14,6.68044840275532e-13,RAPGEF2
ENSG00000125354,28.52419966386995,1.5605726669802686,0.2094070770928965,7.4523396660943435,9.169926677601093e-14,6.695545273957172e-13,SEPT6
ENSG00000099800,21.28092059841847,-1.749885568765008,0.2349190777396198,-7.448886593640344,9.41312406982517e-14,6.862921614112891e-13,TIMM13
ENSG00000171621,11.919142041623353,3.020011461649702,0.4055926897174606,7.445921828012897,9.62698012287694e-14,7.008441529454413e-13,SPSB1
ENSG00000042753,126.12515926753011,-0.7998477080144095,0.10752830718651202,-7.438485073767996,1.0184648046996379e-13,7.403455695701213e-13,AP2S1
ENSG00000151726,76.03616913858113,1.882562811891843,0.2535794147775462,7.423957554059862,1.136716017130003e-13,8.250845654618663e-13,ACSL1
ENSG00000153071,15.684214481400469,-2.8053140088384674,0.3780994561618927,-7.4195134722365275,1.1755134325209607e-13,8.519871692342185e-13,DAB2
ENSG00000180596,22.774411162588187,1.6924470091985166,0.22827872893239992,7.413949679471451,1.2259245083519171e-13,8.872154689309751e-13,HIST1H2BC
ENSG00000166295,55.845395382513715,-1.0352234772736044,0.13966285504642373,-7.412303557230715,1.2412423793056965e-13,8.969801546923813e-13,ANAPC16
ENSG00000087191,40.19274887422341,-1.2773496507337523,0.17235961924630314,-7.410956558846944,1.2539165684235228e-13,9.048085194175023e-13,PSMC5
ENSG00000168610,60.24260360533671,1.066998556385677,0.14432520062453405,7.3930162699825575,1.4353490543834356e-13,1.0342089814135193e-12,STAT3
ENSG00000159399,28.04006065138856,1.6273774668991536,0.22027219912731902,7.388029326199794,1.4902088114607817e-13,1.0721648754785185e-12,HK2
ENSG00000131507,91.06842844890426,0.873053628470865,0.1182824523841464,7.381091707799946,1.5699681425698972e-13,1.1278981655831104e-12,NDFIP1
ENSG00000131446,128.39100219193858,0.8794634708782122,0.11953954269617469,7.357092482054102,1.8795913540508232e-13,1.3483667027453643e-12,MGAT1
ENSG00000152492,25.987180672883323,1.7213131627492138,0.23408260097925748,7.353443423596197,1.9316478799935157e-13,1.383690624240253e-12,CCDC50
ENSG00000108654,205.20547994909396,-0.6265473144085372,0.08555125969529392,-7.323648028563193,2.413191231540382e-13,1.7261166974948234e-12,DDX5
ENSG00000144118,36.44447827304524,1.2064951302791738,0.16491944272371895,7.315663395130149,2.5611292695196407e-13,1.8292716904679524e-12,RALB
ENSG00000142937,569.7125706889674,-0.5857699999607061,0.08008110905263131,-7.314708885658956,2.579399719548972e-13,1.8396473471500213e-12,RPS8
ENSG00000197265,34.616736266751076,1.2241059376365122,0.16736545788781496,7.313969997662422,2.5936307722402025e-13,1.8471161760562835e-12,GTF2E2
ENSG00000134109,15.638935165451965,2.179112166050521,0.2980845596256897,7.310382559857754,2.663828803774562e-13,1.894363927894095e-12,EDEM1
ENSG00000116679,20.792402630741506,-1.7198573561227175,0.2353418169623183,-7.307912288270011,2.713247966147838e-13,1.9267197262500686e-12,IVNS1ABP
ENSG00000175073,14.633788055317925,1.935178225432961,0.2648283167743159,7.3072934533737985,2.7257684882353696e-13,1.9328176552941713e-12,VCPIP1
ENSG00000170873,25.860059035241616,-1.7762819103836192,0.24318152756573796,-7.304345556853393,2.7861949049379997e-13,1.972818697819212e-12,MTSS1
ENSG00000140988,2128.1982143730097,-0.38878869147785916,0.05324232152876532,-7.302249043889035,2.8299682111376047e-13,2.00093004165902e-12,RPS2
ENSG00000120675,79.04422759038005,1.3805389978646831,0.18956550598661165,7.282648763969674,3.273286629339125e-13,2.3110532322661582e-12,DNAJC15
ENSG00000117859,11.94865737025453,2.7480726527003623,0.37759209922685943,7.277887059414623,3.390890183266568e-13,2.3906505538840625e-12,OSBPL9
ENSG00000156508,466.55104738160964,-0.4892846493153036,0.0672400382807786,-7.276686061244728,3.4212015007687695e-13,2.4085650680197327e-12,EEF1A1
ENSG00000050344,8.959642679741126,2.7998916711576562,0.38494786138737,7.273430903257173,3.504700999873686e-13,2.463819844546394e-12,NFE2L3
ENSG00000135441,169.90205200153437,0.7471964676019267,0.10285617744638202,7.2644782856278445,3.7448077168477413e-13,2.6288550172271144e-12,BLOC1S1
ENSG00000138670,24.814872696406976,1.5173178855307428,0.20899510820434022,7.26006411617644,3.8690688248550696e-13,2.7122117268670206e-12,RASGEF1B
ENSG00000102898,27.730277059604923,-1.520654525773421,0.2096693281661135,-7.252632223672987,4.0874888403181174e-13,2.861242188222682e-12,NUTF2
ENSG00000099783,138.10452939648314,-0.7680593384243525,0.10603755210385525,-7.24327677493064,4.3797183529711827e-13,3.061441818847851e-12,HNRNPM
ENSG00000138119,31.760287642937747,1.530965044628903,0.21139102700892076,7.2423369444356585,4.4101850870460416e-13,3.078359306497763e-12,MYOF
ENSG00000227017,11.039792091362553,3.7997922355766054,0.5247902816986467,7.240591847999543,4.467309290252714e-13,3.1138096244399767e-12,AC007036.6
ENSG00000123737,32.99056724299045,2.805549937927962,0.3878634204005102,7.233345013641487,4.712401858286729e-13,3.2799918883315846e-12,EXOSC9
ENSG00000065882,13.855981837665016,1.9483861175021036,0.2694424312394501,7.2311777641681,4.788230898699917e-13,3.3280575157300418e-12,TBC1D1
ENSG00000168209,67.20450414895168,-1.2183553345843268,0.16877951885667217,-7.218620735724197,5.251749800869648e-13,3.645070412637493e-12,DDIT4
ENSG00000198736,42.61778176818635,1.2750910496049175,0.17699332444990548,7.204175940351961,5.839592508459585e-13,4.047356500221495e-12,MSRB1
ENSG00000118181,361.5572407242285,-0.4866438694068909,0.06766131677519276,-7.192349965989921,6.368553402898133e-13,4.4077565382875254e-12,RPS25
ENSG00000167208,37.63415593811526,1.2702806946261338,0.17673824470513105,7.187356062890983,6.60579811210241e-13,4.565526290136603e-12,SNX20
ENSG00000075415,119.16029743704341,-0.7732557497871251,0.10774974854357355,-7.17640421661331,7.156875086981756e-13,4.939450024919712e-12,SLC25A3
ENSG00000134371,36.71909131993886,1.1481716950341987,0.16004534799052555,7.174039792160461,7.281643065636014e-13,5.018512485909589e-12,CDC73
ENSG00000182196,49.17699533938783,-1.2135253034407154,0.16918290385957396,-7.172860116220559,7.344689116976298e-13,5.054874274624865e-12,ARL6IP4
ENSG00000119397,17.38253078332242,1.9088725513719875,0.2664347040132802,7.1645041828966916,7.806858489604416e-13,5.365440925582671e-12,CNTRL
ENSG00000175489,34.483785693038186,-1.9443357493548277,0.2717397994485047,-7.15513794188725,8.358882528326743e-13,5.736808483826483e-12,LRRC25
ENSG00000211450,79.37200747937851,-0.9892489527158964,0.13833434131764114,-7.151145140774542,8.605693869386382e-13,5.897960902951838e-12,C11orf31
ENSG00000145685,86.21176646835019,0.9150072350590103,0.12796454716701433,7.150474528423709,8.647842876277772e-13,5.9185933000040345e-12,LHFPL2
ENSG00000114391,416.2354371757143,-0.5100616309629665,0.07138849067419234,-7.144872039539547,9.007976312436664e-13,6.1564945200714555e-12,RPL24
ENSG00000138594,54.00863493930234,0.9351496760765841,0.13090659202717667,7.1436408327125624,9.089070626854164e-13,6.203290702827967e-12,TMOD3
ENSG00000132334,124.59936817995603,0.8274199898806878,0.11591680098168057,7.138050592091933,9.466379270987774e-13,6.45184295944992e-12,PTPRE
ENSG00000198898,103.12526671483249,0.7511184876051881,0.10535556806764987,7.1293667850842715,1.0083171242997949e-12,6.862701314140155e-12,CAPZA2
ENSG00000120708,123.24333799825368,-0.9252315762979503,0.12980172014739802,-7.128037866118351,1.0180977240837458e-12,6.919684946262139e-12,TGFBI
ENSG00000183520,15.65710871362494,-1.9041209339352214,0.26783074331761747,-7.109418845457729,1.1653259837755613e-12,7.909408679935231e-12,UTP11L
ENSG00000164442,41.37436506303722,1.489331178313489,0.20982673888040398,7.097909381141222,1.2665818371565188e-12,8.584804341775357e-12,CITED2
ENSG00000158042,11.133977964851624,2.358530111215416,0.33247074425279194,7.093947819427154,1.3033929215002574e-12,8.822138865361247e-12,MRPL17
ENSG00000082996,120.1935166964966,0.7367158098978096,0.10394595877536238,7.087488716034899,1.3656743424356852e-12,9.230981731401592e-12,RNF13
ENSG00000167703,107.54824566084257,-1.1000996717056328,0.15536063237866332,-7.080942288033044,1.4317752521200797e-12,9.664482951810539e-12,SLC43A2
ENSG00000196628,10.066862237321125,2.944927546169361,0.41601656767821366,7.078870831046433,1.453337679315265e-12,9.796572505014009e-12,TCF4
ENSG00000102144,191.69470423021534,-0.7321409579288625,0.10348811310347784,-7.074638197304788,1.498391762027473e-12,1.0086434409045208e-11,PGK1
ENSG00000096060,9.935856285528399,2.70909230396139,0.3830391597395745,7.07262491334641,1.5203002371454544e-12,1.0219911580482575e-11,FKBP5
ENSG00000153250,41.44794568170765,1.3442569080764928,0.19027219594612124,7.064915088577322,1.607142363912742e-12,1.0774212245930716e-11,RBMS1
ENSG00000158373,7.876154859785017,2.9174381120013804,0.41293928728120455,7.0650533912862,1.6055425006041246e-12,1.0774212245930716e-11,HIST1H2BD
ENSG00000125818,40.00197915922335,1.0758347953925067,0.15236907736920846,7.060716084705498,1.6564673610345736e-12,1.108975560234863e-11,PSMF1
ENSG00000146386,61.739424015651494,0.9257748165982196,0.13117073129281764,7.057784975914906,1.6917756940074753e-12,1.1310728925649979e-11,ABRACL
ENSG00000123689,87.47690198526345,-2.283812568049931,0.3238574735507412,-7.051906330925257,1.7648299708821544e-12,1.1783117495808296e-11,G0S2
ENSG00000180353,114.79002636687295,-0.7248834724242582,0.10297980808760256,-7.039083543519682,1.935083276793151e-12,1.2902305593163559e-11,HCLS1
ENSG00000012061,14.684816297436184,-2.233637057801352,0.31749642232591374,-7.035156621413824,1.990373016448791e-12,1.3252971548549265e-11,ERCC1
ENSG00000100418,72.05455045827304,0.8884331634612461,0.12632250370054926,7.033055373627645,2.020591278393954e-12,1.3435975023041798e-11,DESI1
ENSG00000136240,102.35608242219159,-0.7809803481161774,0.11108895409189824,-7.030225052529635,2.0620067307773284e-12,1.3692839290594314e-11,KDELR2
ENSG00000168090,27.480848250795027,-1.314698639546441,0.18733667561589407,-7.017839060206421,2.2532586944124346e-12,1.4942662920840355e-11,COPS6
ENSG00000073169,16.19815842613995,2.6769600630520545,0.38155639848283246,7.0158961393291905,2.2847973621933884e-12,1.5131393851507157e-11,SELO
ENSG00000105856,56.510648811104275,1.5668222203436384,0.22335414311513035,7.0149682405309255,2.3000119468021088e-12,1.5211653710074782e-11,HBP1
ENSG00000135074,11.204062001521763,5.292512444832103,0.7544841906830859,7.014742668153764,2.30372560390946e-12,1.5215736045176192e-11,ADAM19
ENSG00000110218,9.951378448889157,2.6439142890620437,0.3770425569859881,7.012243684630801,2.3452625414679033e-12,1.5469288763454064e-11,PANX1
ENSG00000124788,14.166164573912235,-2.252609744119688,0.32152842082121497,-7.005942859938487,2.4532803008083748e-12,1.6160079622214953e-11,ATXN1
ENSG00000123213,18.25333063873579,2.089389990251125,0.2985557529833577,6.998324330958691,2.590418857299928e-12,1.704058669982844e-11,NLN
ENSG00000169976,62.01192297079681,-1.080203937953451,0.15440769848980496,-6.995790679599913,2.6376709627161774e-12,1.7328228757737027e-11,SF3B5
ENSG00000197329,15.82032117654539,2.159752301179838,0.3088681021401794,6.992474412911816,2.700797822064048e-12,1.7719253000831416e-11,PELI1
ENSG00000115159,8.345508942835698,3.004038209915921,0.4296905986058025,6.9911657822232725,2.7261139169857054e-12,1.786149838409034e-11,GPD2
ENSG00000100138,38.13719897533548,-1.2757561124915293,0.18304370076179677,-6.969680503519374,3.176615641927761e-12,2.0785471723612543e-11,NHP2L1
ENSG00000136436,38.72137582909738,1.208257990860058,0.17338076661123727,6.968812138022624,3.1962816475917496e-12,2.0886340447162047e-11,CALCOCO2
ENSG00000130811,60.5777055708494,-0.9723327949749865,0.13958641365894026,-6.965812570776012,3.2651361000542318e-12,2.130793996768459e-11,EIF3G
ENSG00000136754,38.98590552187815,1.0851983080848966,0.15586390565904162,6.962473470020764,3.3434957684489368e-12,2.179036897368445e-11,ABI1
ENSG00000265206,58.87900539809325,1.13585193130718,0.16332116924323167,6.954713443274297,3.5327938794643497e-12,2.2993574998262005e-11,MIR142
ENSG00000196550,7.139294655366706,4.130267801464135,0.5943783354439262,6.948886853992319,3.681796792508688e-12,2.393167915130647e-11,FAM72A
ENSG00000186395,63.87503845674618,-0.9711710384381879,0.13978731879762032,-6.947490278744231,3.71841678802409e-12,2.4137780840621375e-11,KRT10
ENSG00000047249,47.05196849731052,1.248773426749771,0.18001713345331333,6.936969847226432,4.005992881651136e-12,2.5936032964998263e-11,ATP6V1H
ENSG00000196419,52.21899566643514,-1.028294080881687,0.14823230586996985,-6.937044356469175,4.003881454885918e-12,2.5936032964998263e-11,XRCC6
ENSG00000130429,847.130601805939,-0.5289209784003869,0.07632076358704362,-6.93023698324446,4.2013620861390025e-12,2.7165122751693496e-11,ARPC1B
ENSG00000197728,134.67013985823084,-0.7530037443049762,0.10873503906962599,-6.925125063162092,4.355905311566003e-12,2.8127357031583885e-11,RPS26
ENSG00000104979,62.63674479953595,-0.9412250449502824,0.13592651608036596,-6.924513863018363,4.374752003230055e-12,2.8211983390908778e-11,C19orf53
ENSG00000102572,38.41415378514931,-1.5233058381899793,0.22013775060272478,-6.919784698531958,4.523305730961675e-12,2.9131748836101796e-11,STK24
ENSG00000152818,13.55053409396848,1.8267500012984415,0.2641941070563015,6.914423722968012,4.697690905015476e-12,3.021525275817546e-11,UTRN
ENSG00000177721,14.626645214225084,2.4702500028633505,0.3575806368789521,6.9082320128524675,4.907309431125394e-12,3.15222464634643e-11,ANXA2R
ENSG00000101294,68.29029829041961,0.9230280611281152,0.13369705140333338,6.903877471041235,5.060195042001701e-12,3.2461877854303336e-11,HM13
ENSG00000116478,18.6243855564083,-1.7587940113614589,0.2547814781129779,-6.903147059149863,5.086292641428124e-12,3.2586756245081876e-11,HDAC1
ENSG00000104660,52.65674507090615,1.031714577670771,0.14951318742332875,6.90049216026406,5.182268152548124e-12,3.315841888231964e-11,LEPROTL1
ENSG00000119408,18.76691576942537,-2.0705624760965935,0.30017054318086533,-6.897953590499361,5.275697449824675e-12,3.371130073325313e-11,NEK6
ENSG00000129450,25.1222250812337,-1.4119885662469815,0.2047020853440004,-6.897773238968938,5.2823975507946495e-12,3.371130073325313e-11,SIGLEC9
ENSG00000205581,90.20742802266491,-0.8215880661433936,0.1198083303128424,-6.857520374401934,7.006603458174642e-12,4.465687340268507e-11,HMGN1
ENSG00000196072,166.40343491321423,0.7686005697395166,0.11208885780254586,6.857064875203497,7.028971601374697e-12,4.4741407317558634e-11,BLOC1S2
ENSG00000107771,22.1610687634288,1.4084284568639673,0.20552075111323878,6.852974452628119,7.233000738633328e-12,4.598055062049699e-11,CCSER2
ENSG00000093072,27.65913419652052,1.5768940922758854,0.23060176066900911,6.838170219087171,8.021105806780505e-12,5.0924695005839016e-11,CECR1
ENSG00000116001,13.75173468608521,1.87260519095167,0.27410984503826563,6.831586770224379,8.398046948615254e-12,5.324903574902627e-11,TIA1
ENSG00000171155,23.13649182440836,1.8241247691889673,0.2670426308626088,6.8308373209799,8.442042351259455e-12,5.345901561093938e-11,C1GALT1C1
ENSG00000125384,130.77329186512344,1.401007496270973,0.20529973344654018,6.82420514021658,8.841346721552035e-12,5.591554413089665e-11,PTGER2
ENSG00000184988,36.42804219988149,1.3431365046364032,0.19694092122705414,6.8199970644389065,9.10423709719715e-12,5.7504140225741377e-11,TMEM106A
ENSG00000114942,149.8926434552244,-0.7620998693254091,0.11185502410962343,-6.813282419737479,9.5396598505464e-12,6.017700706750323e-11,EEF1B2
ENSG00000008083,24.62890138674424,-1.4462601425928518,0.21240862460948007,-6.808857904201615,9.83765857337413e-12,6.189789273951405e-11,JARID2
ENSG00000175294,8.636477639360466,-3.639140054620944,0.5344674346581253,-6.808908866353546,9.834174816579222e-12,6.189789273951405e-11,CATSPER1
ENSG00000142541,1495.2133148010785,-0.4450317982099047,0.0653769859402833,-6.807162976531314,9.954214612626731e-12,6.25511644583731e-11,RPL13A
ENSG00000112851,34.0901167418579,1.3609887092159891,0.1999742335190262,6.805820356283552,1.0047502649628e-11,6.305674076663089e-11,ERBB2IP
ENSG00000142599,7.852894512900444,2.69916728782282,0.39664991486058626,6.8049107958879,1.011118689045876e-11,6.337547497412545e-11,RERE
ENSG00000038274,37.92490711318405,1.2549545145855776,0.1846628755597154,6.795922086568811,1.0762193283068829e-11,6.736995897197482e-11,MAT2B
ENSG00000157551,15.108025594676405,-4.299915170983101,0.6342575428533621,-6.779446645031425,1.2063703835162006e-11,7.542117130532583e-11,KCNJ15
ENSG00000139410,87.84396056763865,0.9618320681784048,0.1418970647516533,6.778378889385715,1.2153179050583881e-11,7.588401760428105e-11,SDSL
ENSG00000164111,2004.3762691098923,0.42515091103744396,0.06272692172380724,6.777806073593486,1.2201447129029636e-11,7.608871978686755e-11,ANXA5
ENSG00000023909,75.33291573639121,0.9174668319025693,0.1355130877058288,6.770318996008727,1.284987549576564e-11,8.003078350594722e-11,GCLM
ENSG00000177426,60.628970577267275,-0.8855284750639297,0.13102534280514797,-6.758451884997758,1.3947395062996815e-11,8.67563282779321e-11,TGIF1
ENSG00000134333,147.8673477160568,-0.9509153198991004,0.14087224270249935,-6.750196501856567,1.4764505534259578e-11,9.172285738982499e-11,LDHA
ENSG00000168016,6.187660924855296,3.6217095971191378,0.5369948203172882,6.744403223441184,1.536572657903637e-11,9.533734900174838e-11,TRANK1
ENSG00000143466,16.68930411981153,2.363135886904122,0.3504914889732013,6.742348847976757,1.5584634085566634e-11,9.657363416957686e-11,IKBKE
ENSG00000196976,12.9851325576563,-2.131172932665772,0.31615586221719033,-6.740893297754875,1.5741578285943053e-11,9.742331951778861e-11,LAGE3
ENSG00000131370,21.673499858499927,-1.869138398234643,0.27753857986722036,-6.734697565754187,1.6427125795353504e-11,1.0153823416146807e-10,SH3BP5
ENSG00000205268,19.952821907652186,1.6889728461459288,0.25106834005727596,6.727143875490734,1.730256388956117e-11,1.0681507406193917e-10,PDE7A
ENSG00000023902,47.580688711672636,1.1105300244890817,0.16512513630199915,6.725384453024894,1.7512941966184987e-11,1.0787034919942377e-10,PLEKHO1
ENSG00000126432,46.86378665894698,-1.228499775171313,0.1826671120461701,-6.7253473348875366,1.751740713494916e-11,1.0787034919942377e-10,PRDX5
ENSG00000251442,11.663573980005294,-3.4198185818595506,0.5086917074044328,-6.722772422041158,1.7829895438644042e-11,1.096572042371675e-10,LINC01094
ENSG00000170515,21.025767588874903,-1.4616116524579958,0.21759907249830385,-6.716993945226439,1.8551167436745158e-11,1.1395054598020713e-10,PA2G4
ENSG00000177700,62.36748106598833,-0.8854204144861693,0.13189057928702244,-6.713295364025226,1.9027740152830186e-11,1.1673197891511553e-10,POLR2L
ENSG00000179091,41.39549809770028,-1.0785922813450546,0.16071056318103008,-6.711396313944155,1.927707502375482e-11,1.1811414796350521e-10,CYC1
ENSG00000198160,25.683440321293965,1.3191591589351817,0.19707792020434398,6.693591842086554,2.1775825462258022e-11,1.3325828931698122e-10,MIER1
ENSG00000136161,65.52258949304246,0.9190252263963352,0.1376000322540782,6.678960835556761,2.4064245540071163e-11,1.4707923206953941e-10,RCBTB2
ENSG00000107551,9.955459998430928,2.917212250854364,0.4368740340973216,6.677467698170641,2.4310617013307932e-11,1.4840046211601887e-10,RASSF4
ENSG00000175390,79.08642320310972,-0.8652279670652937,0.12975933733195177,-6.667943786209835,2.5941209926298944e-11,1.5815769922808065e-10,EIF3F
ENSG00000137726,7.688712643769325,2.5836052033520356,0.38786742927840917,6.661052226423315,2.718740005880161e-11,1.655161246279145e-10,FXYD6
ENSG00000163041,49.51241609735187,-0.9283371877906057,0.13937112679712818,-6.660900353786439,2.7215512555831284e-11,1.655161246279145e-10,H3F3A
ENSG00000112941,7.584260515786591,2.8012824543249852,0.42067488470855785,6.65901996090331,2.7565950007997414e-11,1.674401462784911e-10,PAPD7
ENSG00000160255,41.756206262607535,1.4140403118373486,0.21270442103225695,6.6479121824313525,2.9727957441368466e-11,1.8034960847763534e-10,ITGB2
ENSG00000197646,6.4050079627142935,3.9302278103193764,0.5913192127169115,6.646541708430733,3.000594511596851e-11,1.8181160826124446e-10,PDCD1LG2
ENSG00000125735,15.438330375254019,-2.1351011934645694,0.3212957602702078,-6.645282812536841,3.0263541199117853e-11,1.8314660277397186e-10,TNFSF14
ENSG00000169756,346.5123515268254,-0.7874031599619045,0.1185160684239718,-6.64385150834652,3.055904542029293e-11,1.847074405846488e-10,LIMS1
ENSG00000100353,36.12605532358305,-1.1773200726540078,0.17721188406849553,-6.643572911842372,3.061689135463571e-11,1.84829734787076e-10,EIF3D
ENSG00000108669,46.30362978871773,1.0792038763227123,0.16257563440800996,6.638164939367696,3.176123497093365e-11,1.915027099965251e-10,CYTH1
ENSG00000163399,54.49652462708194,-0.9343855957192662,0.14077272308073824,-6.637547212774753,3.189458193436604e-11,1.9207104856063078e-10,ATP1A1
ENSG00000155287,7.7016416309876785,2.8043363713592355,0.42251797329636387,6.637200186966269,3.1969733656935955e-11,1.9228796963302726e-10,SLC25A28
ENSG00000149798,40.019062270621575,1.1983882916956703,0.18095738995470295,6.622488819028886,3.5320078437526484e-11,2.1217954210514075e-10,CDC42EP2
ENSG00000184990,37.752836996913544,-1.2077894555157818,0.18266916981236464,-6.611895465208535,3.794299115144438e-11,2.2765794690866626e-10,SIVA1
ENSG00000135842,15.503422574907287,1.6811966097538058,0.2550244173411861,6.59229664077462,4.330741737984388e-11,2.595276207372596e-10,FAM129A
ENSG00000129226,511.1873544340637,0.6099384093792207,0.0926302737590609,6.584655152436682,4.5594238586644276e-11,2.728990114674421e-10,CD68
ENSG00000178952,39.5205607727278,-1.0881918751062516,0.16527971291829546,-6.583940980368168,4.5813904715248697e-11,2.7388020410064733e-10,TUFM
ENSG00000141480,102.04947857692132,-0.8249953318010381,0.1254368906300431,-6.576975303335887,4.8011448190395683e-11,2.866685983081463e-10,ARRB2
ENSG00000182197,6.079317566248494,4.14686594170636,0.6307286266493976,6.574722894274901,4.874386029853861e-11,2.906885066832752e-10,EXT1
ENSG00000081237,202.27730727312007,0.7025482725250122,0.10695488635977989,6.568641194772039,5.0776471417788936e-11,3.024431279357755e-10,PTPRC
ENSG00000161011,355.6018634347397,0.5293062928925645,0.08065693234710478,6.562440170854876,5.293428211878649e-11,3.1491411904566203e-10,SQSTM1
ENSG00000112715,11.752828635876444,-3.4498576695527206,0.526061623603692,-6.55789647973194,5.4572069413173405e-11,3.2426499286134717e-10,VEGFA
ENSG00000072110,41.554202820430554,-1.1619106491173345,0.17719542572601338,-6.557227108751255,5.481749783952915e-11,3.2532993283024913e-10,ACTN1
ENSG00000136869,25.77685582761607,1.6622758224140164,0.253759303989384,6.550600495355856,5.7306176859498885e-11,3.396894488390561e-10,TLR4
ENSG00000123416,97.45215177155161,0.7356458390338807,0.11230626859450782,6.550354207653342,5.740077125204835e-11,3.398402288344164e-10,TUBA1B
ENSG00000112419,14.277547305286419,2.1707351873279057,0.331479490894434,6.548625923946582,5.8068881869992185e-11,3.433820523575711e-10,PHACTR2
ENSG00000149925,295.3271248513023,-0.5689716545747606,0.0869335745266364,-6.5449011808484645,5.953473887722454e-11,3.5162705149360746e-10,ALDOA
ENSG00000130487,6.701675593107848,2.982288953117713,0.45568420996319914,6.544639660344082,5.963900821788862e-11,3.518200316719144e-10,KLHDC7B
ENSG00000100079,73.70366760647089,2.121810259215319,0.3243711973247668,6.541302916889136,6.098516345476474e-11,3.593298479816714e-10,LGALS2
ENSG00000214226,8.873030413843798,2.551551445639532,0.3906500802311291,6.531552339960866,6.509146662524901e-11,3.8306522993589655e-10,C17orf67
ENSG00000175938,14.790514042319616,-1.8156473990581201,0.27808000720325343,-6.529226668679681,6.611013784389898e-11,3.885947576135402e-10,ORAI3
ENSG00000116741,22.44074348536203,-1.5045081820302744,0.23056462451492923,-6.525320981896146,6.785605982839753e-11,3.9838073834736615e-10,RGS2
ENSG00000180304,61.27867837162788,-0.9799413266786015,0.150225560182705,-6.523133117205837,6.885370213047023e-11,4.037554800347622e-10,OAZ2
ENSG00000175315,11.609332873125762,-4.408519364187109,0.6762700725578774,-6.518873957430392,7.083714509944306e-11,4.148912169471552e-10,CST6
ENSG00000110172,44.87729094292834,1.081142577170967,0.16592845125540018,6.515715472489116,7.234399149470369e-11,4.232123502440166e-10,CHORDC1
ENSG00000155158,10.497121723644305,2.8539347864290585,0.43803065628592525,6.515376824598659,7.250740188554539e-11,4.236639391980619e-10,TTC39B
ENSG00000163947,7.66038685491437,2.8965124789242322,0.44549348780599957,6.501806554320689,7.936111339234114e-11,4.631597520308365e-10,ARHGEF3
ENSG00000132823,81.1644810347957,0.8841889867083864,0.1361163844206712,6.495830685421217,8.25764872026869e-11,4.813533310960894e-10,OSER1
ENSG00000153898,6.137739802751667,3.6221693017522343,0.5578989390288993,6.492518713258577,8.441302950750952e-11,4.911441646115318e-10,MCOLN2
ENSG00000167552,39.10579071531441,1.2025644217299274,0.18522528372611297,6.492442055092884,8.445600714219461e-11,4.911441646115318e-10,TUBA1A
ENSG00000223960,6.108111048008597,3.457445257071727,0.532702805228371,6.490383048742369,8.561840710810925e-11,4.973154285215708e-10,AC009948.5
ENSG00000145779,135.5804978879292,1.3099028592187212,0.20189991787671388,6.487882080361157,8.70513674695079e-11,5.050418178809467e-10,TNFAIP8
ENSG00000078401,11.855991091116868,6.7667382530581355,1.0434496111262814,6.484968877178684,8.875010354323765e-11,5.142901047305069e-10,EDN1
ENSG00000126947,9.89215410836734,2.797184553612386,0.43196624900341113,6.475470155517399,9.451716877971909e-11,5.470640369652999e-10,ARMCX1
ENSG00000162290,19.28831389408454,1.8791265436521722,0.2902006028676128,6.475267539362814,9.464409259466024e-11,5.47154201188424e-10,DCP1A
ENSG00000163320,67.69785153219127,0.800351519895268,0.12365193543826551,6.472616195278655,9.63203968625584e-11,5.561908697798025e-10,CGGBP1
ENSG00000135390,135.77984041460277,-0.6893463569558097,0.10658412328420898,-6.467627032195518,9.955384205961008e-11,5.741873003297229e-10,ATP5G2
ENSG00000078081,6.907298500859202,5.005005023523874,0.774820127812817,6.459570220061445,1.0500075565039882e-10,6.048929815545836e-10,LAMP3
ENSG00000144843,9.4272204038412,2.4086271051718824,0.37321111923654304,6.453792454252367,1.0908518164942707e-10,6.276868649008017e-10,ADPRH
ENSG00000138495,75.00532544829028,0.8166852533887095,0.1265637425328569,6.452758404933323,1.0983238110724523e-10,6.312471587847989e-10,COX17
ENSG00000197930,26.32015066810904,1.4226724922086256,0.2207781119012938,6.443901888447523,1.1644037282317488e-10,6.684439159498614e-10,ERO1L
ENSG00000165233,139.12900245659802,0.7603707821122925,0.11814085525758834,6.436137443346068,1.2255206993224726e-10,7.027081349440642e-10,C9orf89
ENSG00000111639,56.39035460427009,-0.8706107188629987,0.13527497660274235,-6.43585931949331,1.2277671092940935e-10,7.031757080502536e-10,MRPL51
ENSG00000140264,1188.6098844453481,0.32292630363184616,0.05021298019604563,6.431131997564192,1.2665710903386013e-10,7.245553361960288e-10,SERF2
ENSG00000143771,60.42791874702292,0.9444328056996667,0.14712397075100808,6.419299322052831,1.3690299398423417e-10,7.822573400447985e-10,CNIH4
ENSG00000170866,92.14360937559059,1.0539114554018856,0.16429292752386335,6.414831552921268,1.4097865397621246e-10,8.046098787910662e-10,LILRA3
ENSG00000204642,101.10981667992584,1.1320730737188653,0.17649961848340176,6.414025613462314,1.4172638040418905e-10,8.079390177565952e-10,HLA-F
ENSG00000174749,11.873132359493336,1.9955887009314237,0.31139337055524846,6.408577990511072,1.4688313812862338e-10,8.363658641530188e-10,C4orf32
ENSG00000064393,11.727810540693996,-2.93615109817883,0.4582123100368728,-6.407839845993128,1.4759582649644702e-10,8.394512631985424e-10,HIPK2
ENSG00000169490,67.27155196801013,0.9219107362405577,0.14389714712210114,6.406733939334378,1.4866992248525344e-10,8.445826579104456e-10,TM2D2
ENSG00000150093,22.11398632071669,-1.529943811889208,0.23895661045326352,-6.402600911467326,1.5275210114501216e-10,8.667711605387872e-10,ITGB1
ENSG00000173660,87.72042136886208,-0.8087069949510771,0.12631828121745742,-6.402137419514796,1.5321666471193654e-10,8.684044871908376e-10,UQCRH
ENSG00000143543,149.0023181845291,-0.6466758116020681,0.1010476900412629,-6.399709002135501,1.5567335514451147e-10,8.813120589632827e-10,JTB
ENSG00000135677,17.357403020839417,1.6110898298275094,0.25183188466219314,6.397481526172202,1.5796058440228757e-10,8.932316590941786e-10,GNS
ENSG00000117009,54.79013319133985,1.3542823981532974,0.211791887243686,6.394401673162633,1.611772254286457e-10,9.103734319038678e-10,KMO
ENSG00000172613,12.211385972429186,1.7534457243333372,0.2744853644071089,6.388121013740741,1.6793642297347997e-10,9.474622072235138e-10,RAD9A
ENSG00000175197,48.67088191917131,1.0485755003309714,0.16425246984465078,6.383925315233976,1.7260529529786548e-10,9.726862627221457e-10,DDIT3
ENSG00000244509,6.9947113490574395,2.7376138122505327,0.4289264273617231,6.382478760027166,1.742442011133882e-10,9.807972557516491e-10,APOBEC3C
ENSG00000118515,79.77136903493921,0.8854633663951169,0.13883377036739242,6.377867316085538,1.7957097987762835e-10,1.0096244795408074e-09,SGK1
ENSG00000114125,98.15734330275319,-0.7689148479493499,0.12089189223237774,-6.360350837021775,2.0129344824665819e-10,1.1304640053532324e-09,RNF7
ENSG00000100558,9.90340012943523,-3.0362625367958023,0.47748140587447835,-6.358912618251742,2.0318694529778237e-10,1.1397952616361903e-09,PLEK2
ENSG00000163219,19.483255223167554,2.0214859428115353,0.31805042599214695,6.355866169666593,2.07255412368098e-10,1.161292014112695e-09,ARHGAP25
ENSG00000122557,21.352462043545366,1.546736246591342,0.2436190921688089,6.348994378156435,2.1672695287126762e-10,1.2129797795095774e-09,HERPUD2
ENSG00000106591,34.84737094080339,1.3546152685373773,0.21353007982069716,6.343908407072474,2.2400803983387728e-10,1.2523043319040649e-09,MRPL32
ENSG00000185043,169.73381780086308,-0.6909606479706151,0.10899214610940718,-6.339545303356293,2.304442475565948e-10,1.286821627833076e-09,CIB1
ENSG00000101150,60.45158215445723,0.8620496144162066,0.13599328118965576,6.338913267442935,2.3139144483191624e-10,1.2906442223655351e-09,TPD52L2
ENSG00000065135,51.20575096194108,0.8636909491040983,0.13628374756381784,6.337446427349352,2.3360439512185553e-10,1.301510201393195e-09,GNAI3
ENSG00000239306,14.38626555741656,-1.778275173353729,0.28120883377253153,-6.323681761690913,2.554034565809862e-10,1.4213506066126458e-09,RBM14
ENSG00000177697,41.55443301488138,-1.1404094611833333,0.18034490907449316,-6.323491286977647,2.5571862927540836e-10,1.421494733325064e-09,CD151
ENSG00000141753,8.712343508940393,4.842673825275438,0.7661359157683666,6.3209069377966225,2.600325977039266e-10,1.4438420170814638e-09,IGFBP4
ENSG00000088205,19.33402670259376,-1.550330636469843,0.24529877322359755,-6.320172808433362,2.612709642299371e-10,1.449080720345272e-09,DDX18
ENSG00000168685,44.167702498827936,1.1593463016496888,0.18359162178874905,6.314810503627984,2.704927119235041e-10,1.4985357231027049e-09,IL7R
ENSG00000005302,31.655813401489805,1.4386126902482974,0.22787140990589427,6.313265410708662,2.7320834400912924e-10,1.511131894030202e-09,MSL3
ENSG00000150753,106.91985755570579,-0.7915535954761731,0.12538137180863101,-6.313167451097262,2.7338141102825593e-10,1.511131894030202e-09,CCT5
ENSG00000133328,10.532234342063774,6.939849996400728,1.1004154506884414,6.306572660406596,2.8528208230203e-10,1.575141744305815e-09,HRASLS2
ENSG00000165609,16.23370776786543,-1.6736779198313998,0.2654345119698442,-6.305426929643366,2.8740057014335104e-10,1.585057689881512e-09,NUDT5
ENSG00000087884,12.452864220627953,1.9982087381428233,0.3169499354328603,6.304493280346811,2.8913826689826574e-10,1.5928536362534505e-09,AAMDC
ENSG00000172590,20.026022154958206,-1.4103392174515677,0.22373500141156263,-6.303614582222812,2.9078305880363915e-10,1.6001208857346952e-09,MRPL52
ENSG00000143013,17.06039288245446,1.8118750992551715,0.2878419885089609,6.2946865696724625,3.080216020860119e-10,1.6930851819358643e-09,LMO4
ENSG00000171604,11.019306984391957,-2.103940614115172,0.33516409322169216,-6.277344908553595,3.4440351886572883e-10,1.8909484823532865e-09,CXXC5
ENSG00000204516,8.10981336409153,2.4966665341407768,0.39794028930832853,6.273972757270456,3.5195011547148184e-10,1.930226414538908e-09,MICB
ENSG00000145545,20.214316519842193,1.5710094198545976,0.250531725572966,6.270700512127553,3.594273611431082e-10,1.969036848001375e-09,SRD5A1
ENSG00000178982,146.90287415885206,-0.5758886968279155,0.0918560874752178,-6.26946686558239,3.622863746438336e-10,1.982489136970822e-09,EIF3K
ENSG00000101986,9.783600266576101,2.123239480824025,0.3389034265593461,6.265028071211372,3.727582517735541e-10,2.0375239702060564e-09,ABCD1
ENSG00000140853,7.983796555078231,2.2832474091350985,0.36461554113216327,6.262068265234704,3.7990454883899794e-10,2.074278836660929e-09,NLRC5
ENSG00000023318,110.79770727935579,0.6570376030359594,0.10494403287971747,6.260838134446661,3.8291382418754667e-10,2.088389047788684e-09,ERP44
ENSG00000168028,186.3499997427465,-0.5345341175431565,0.08546658254474794,-6.254305503127953,3.992887232746633e-10,2.1752824680395737e-09,RPSA
ENSG00000088826,7.764556363381745,-2.813152566043381,0.45013551949791075,-6.249568061594477,4.115893543032223e-10,2.2398118350454424e-09,SMOX
ENSG00000132780,12.025058183876599,1.7335847628679764,0.2774183848195349,6.248990181367038,4.1311488385059255e-10,2.245626702701119e-09,NASP
ENSG00000142347,48.93023532474804,-0.8977822311316708,0.14370602949788136,-6.247352559030285,4.174680411354642e-10,2.2642803025824186e-09,MYO1F
ENSG00000186063,8.655958971469506,3.075448702973268,0.4922682871885016,6.247505238531856,4.1706030038296063e-10,2.2642803025824186e-09,AIDA
ENSG00000100991,19.65097315366123,1.4672866224726633,0.2349653522977631,6.244693560662611,4.246317879982127e-10,2.3005960377323235e-09,TRPC4AP
ENSG00000168003,269.42375548296013,-0.5425468208905878,0.08694202801888408,-6.240328564371019,4.3665272384903874e-10,2.363118375544247e-09,SLC3A2
ENSG00000160075,70.89376201175365,-1.0421340362697205,0.1671006492173305,-6.236564855677638,4.4728392320673136e-10,2.417990317533419e-09,SSU72
ENSG00000139180,42.22936014805321,1.0756313650978937,0.17249464567043685,6.235737700247016,4.496539980335422e-10,2.428131589381128e-09,NDUFA9
ENSG00000163319,55.6608793151836,0.9815799564644756,0.15744673117683627,6.234362245107612,4.53622299162573e-10,2.446871545647512e-09,MRPS18C
ENSG00000102218,18.791813562541936,1.4444203287718103,0.23248833062922905,6.212872383153556,5.202470064114283e-10,2.8031730148089463e-09,RP2
ENSG00000169385,14.179569836504541,2.6375211657421382,0.4245405714458109,6.2126480792161365,5.209904416908987e-10,2.804104085946414e-09,RNASE2
ENSG00000171055,40.452957334631684,0.918526755121191,0.1479103178850846,6.210024887072574,5.297621077189284e-10,2.8481958395304313e-09,FEZ2
ENSG00000146070,533.1101046844393,0.63235430752697,0.10194389554992923,6.202963935366397,5.540954089691737e-10,2.9757648521033002e-09,PLA2G7
ENSG00000169564,361.5923681220175,0.44827899637283103,0.07227339255196236,6.202545370352334,5.555716057906382e-10,2.9804354485318734e-09,PCBP1
ENSG00000104213,10.510166627044649,6.953930102685694,1.1236936863303209,6.188457038853129,6.075596069385845e-10,3.2557774356556212e-09,PDGFRL
ENSG00000091436,12.488161334515583,-1.8578909394447787,0.3002729276061744,-6.187340811095404,6.118758475497694e-10,3.2753354192370006e-09,MLTK
ENSG00000182179,5.619529106309812,3.2278293888019456,0.5220151973995882,6.183401182343608,6.273501058598453e-10,3.3545140589720127e-09,UBA7
ENSG00000182578,17.735797865059634,-1.5270945449896702,0.24707633061806225,-6.180658993800168,6.383456980254707e-10,3.409598652279525e-09,CSF1R
ENSG00000110047,13.074474311096584,-2.0449599136207186,0.3309843023621578,-6.17841963811068,6.474643078547416e-10,3.454548978065364e-09,EHD1
ENSG00000182853,27.074365022582846,-1.464197825101974,0.23728146299780173,-6.170721499283486,6.797906966748139e-10,3.6230927152494962e-09,VMO1
ENSG00000095303,8.166382574068836,-2.511330132997724,0.40742934752985543,-6.163842021256704,7.10007801264088e-10,3.778795943231264e-09,PTGS1
ENSG00000109943,11.575760459038364,1.983383155050217,0.3217833147435807,6.16372280405749,7.105428269323745e-10,3.778795943231264e-09,CRTAM
ENSG00000272666,10.815168009067314,2.0766976100536225,0.33696221009408905,6.1629985435866885,7.138016421850403e-10,3.792022994267338e-09,CTA-384D8.35
ENSG00000136286,64.71797535906089,0.8352512000341149,0.13563401913787324,6.158124675086671,7.361139704431322e-10,3.906332668204699e-09,MYO1G
ENSG00000175606,26.514943075652788,-1.3390318962281489,0.2175053470796054,-6.156317139817592,7.445605286453428e-10,3.946893676119973e-09,TMEM70
ENSG00000113494,8.270308584956616,6.283284717523686,1.020902556414343,6.154637068979535,7.524961812115402e-10,3.984661890596453e-09,PRLR
ENSG00000178104,136.03741994356426,0.9190754408263138,0.14934803486180198,6.153917202035988,7.559215970105468e-10,3.99849163370272e-09,PDE4DIP
ENSG00000136758,26.003562662933614,1.2565953927542783,0.20431363885834683,6.1503255474074905,7.732406735005289e-10,4.0857039457866655e-09,YME1L1
ENSG00000013306,40.72040391122325,-1.319087858547875,0.21448510373485044,-6.150020843305511,7.747276506932648e-10,4.089163990877232e-09,SLC25A39
ENSG00000213977,23.772061814660482,-1.419000345809919,0.230779187569569,-6.148736204308535,7.81027505861221e-10,4.117992665023648e-09,TAX1BP3
ENSG00000013364,70.93332515407974,0.9696487496664263,0.15781013282657286,6.144401074245545,8.026579522939522e-10,4.227503941663967e-09,MVP
ENSG00000027697,92.2232680450306,-0.8040550930411643,0.13092231284721711,-6.141467222470133,8.176269889183121e-10,4.301733429919256e-09,IFNGR1
ENSG00000114354,55.15558501529629,0.9742500787964853,0.1586827640152474,6.1396087019436605,8.272500006910333e-10,4.347707490262822e-09,TFG
ENSG00000138376,7.8479061484366435,2.783059059112734,0.4538831729608914,6.131663883808565,8.696468652923111e-10,4.565646042784633e-09,BARD1
ENSG00000119655,1200.6225299817288,0.4181626651290079,0.06821685071957426,6.1299028131332305,8.793277078786449e-10,4.611543603538592e-09,NPC2
ENSG00000128294,29.81211303191528,-1.1171216528182726,0.18231175188784565,-6.127535066996132,8.925093301483338e-10,4.675683207195002e-09,TPST2
ENSG00000161570,46.60928042033362,1.2996402145680415,0.2121317720409545,6.12657030139328,8.979354185060389e-10,4.699099730073136e-09,CCL5
ENSG00000151849,4.9705335356430975,4.12214070215943,0.6728749403946922,6.126161719949746,9.002430703221146e-10,4.706164305917947e-09,CENPJ
ENSG00000213593,13.560045050909618,-1.785747905153237,0.2916719635950628,-6.122453056998122,9.214556912879152e-10,4.811937584472705e-09,TMX2
ENSG00000052795,28.230190634949714,1.7981202066489559,0.29396800746353746,6.116720734898293,9.552054477495396e-10,4.982887017241229e-09,FNIP2
ENSG00000164054,32.990267260974704,1.2023416441727066,0.19659388213399362,6.115865006181727,9.603459689906892e-10,5.004390341060707e-09,SHISA5
ENSG00000175634,19.477524361346354,-1.4084200421502866,0.23034280588404296,-6.114452052213432,9.688929499729798e-10,5.043580462041549e-09,RPS6KB2
ENSG00000138069,121.36255862025911,0.734899883253286,0.120462035687839,6.100676275782681,1.0562062870162814e-09,5.4922726924846635e-09,RAB1A
ENSG00000120533,158.68527276441563,0.570515333408468,0.093582748501006,6.096372916449821,1.0850213204102724e-09,5.636146689742155e-09,ENY2
ENSG00000197471,5.488620361682188,3.537554898608459,0.5803919072558257,6.095114102011715,1.0935941920963797e-09,5.6746798943628395e-09,SPN
ENSG00000159352,76.08669658758151,-0.762183635080407,0.12517908471502237,-6.088745870091344,1.137985864512556e-09,5.8988001457960965e-09,PSMD4
ENSG00000155115,57.695183670758425,-0.8068410140199692,0.13274840784579667,-6.077971307627377,1.2171252615767352e-09,6.302374642137067e-09,GTF3C6
ENSG00000134440,12.681923088908412,-1.7804302311641877,0.2931163166801181,-6.07414234502406,1.2465212157933294e-09,6.447795004640443e-09,NARS
ENSG00000100226,8.379898191641942,2.191950580340223,0.3611897958836472,6.068694645643679,1.28954060579223e-09,6.66330445516616e-09,GTPBP1
ENSG00000005893,68.42425632698689,0.8037019410198023,0.1324913471658004,6.066071167757433,1.3107706628091143e-09,6.765889744794105e-09,LAMP2
ENSG00000177156,475.9151467672098,-0.4713275512855729,0.07770590333059998,-6.065530816626744,1.3151854868243004e-09,6.7815545459125005e-09,TALDO1
ENSG00000104805,37.33946294528681,1.14907461261982,0.1895570881664487,6.061892086097175,1.3452946876285814e-09,6.929536787218919e-09,NUCB1
ENSG00000030110,11.73008196733742,1.9152685919517831,0.31643429582043586,6.052658062824592,1.4247508507711428e-09,7.331126367214027e-09,BAK1
ENSG00000135334,97.12378533801166,0.7307802892298418,0.12074549190674656,6.0522366316933285,1.4284842397619547e-09,7.342648069236659e-09,AKIRIN2
ENSG00000187051,68.56902896469794,-0.9925540079339098,0.16401057101105238,-6.051768503793718,1.432642486544709e-09,7.3563272506590395e-09,RPS19BP1
ENSG00000167565,62.75120438399737,0.7716081404499667,0.12755852514892352,6.049051912046808,1.4570070961086568e-09,7.473625125551086e-09,SERTAD3
ENSG00000010244,59.74441551670507,0.7815703846031485,0.1293059568364365,6.04434941533114,1.500140873004973e-09,7.686853232478037e-09,ZNF207
ENSG00000162433,12.41311329954372,2.458187171155071,0.40752189135245664,6.032037108477786,1.6190558590639522e-09,8.287542178583607e-09,AK4
ENSG00000174851,20.813063614639795,-1.560039853895146,0.2586616459253915,-6.031198975456627,1.6274765254060859e-09,8.313326035182438e-09,YIF1A
ENSG00000245556,7.133583430057589,2.4657534916474324,0.4088227136993705,6.031351510133153,1.6259408494141883e-09,8.313326035182438e-09,CTD-2037K23.2
ENSG00000104964,20.47025399250196,1.4188768286351965,0.23533366991343221,6.02921302828079,1.6475999401591832e-09,8.407379133896393e-09,AES
ENSG00000167378,8.525613768508638,-2.5918858458926324,0.4300608548331994,-6.0267885736726825,1.6724955855869494e-09,8.525563597068744e-09,IRGQ
ENSG00000257727,24.186363976206362,-1.3813742674233755,0.22941120786519026,-6.0213896272893415,1.72925925051927e-09,8.805782338913671e-09,CNPY2
ENSG00000139597,14.70501685400808,2.06925277285503,0.3436843660826921,6.020794010621821,1.7356352678851463e-09,8.829101145328788e-09,N4BP2L1
ENSG00000108846,6.94701980812637,-2.963394405031884,0.49223471242311195,-6.020287334966796,1.7410772080822115e-09,8.84762502638675e-09,ABCC3
ENSG00000100387,136.18728901020586,0.6727899288593285,0.11185833992162826,6.014660411827208,1.8026418559531648e-09,9.151014545613484e-09,RBX1
ENSG00000162704,643.1847682980517,0.3671582681676678,0.06108636330895906,6.010478415791034,1.849766367202151e-09,9.380548945749608e-09,ARPC5
ENSG00000105373,89.98878088457899,-0.7535738204138814,0.12575212169859132,-5.992533646629702,2.0659667377991102e-09,1.0466144896437966e-08,GLTSCR2
ENSG00000169155,25.263826310455045,1.325606493619878,0.22125160896257814,5.991398208742911,2.0804452683400685e-09,1.0528638567068072e-08,ZBTB43
ENSG00000185722,10.466895663013998,2.0245556590582776,0.3379534785507167,5.99063417764008,2.090243393324969e-09,1.0567341599587344e-08,ANKFY1
ENSG00000140406,38.56804619901783,0.990863348683648,0.1656432094182085,5.981913488418114,2.2053140032128792e-09,1.113762899464346e-08,MESDC1
ENSG00000115919,633.4771197940343,0.49845914944550435,0.08347532198582046,5.971335450855465,2.353193281112937e-09,1.1872270824834674e-08,KYNU
ENSG00000185753,15.848516365878718,1.4984805176122906,0.25120509212920067,5.9651677635642315,2.443828210225261e-09,1.2316894179535316e-08,CXorf38
ENSG00000142507,116.77409268984611,-0.6045451017401446,0.10148440417146362,-5.9570246943434935,2.568714411847829e-09,1.2933055962930566e-08,PSMB6
ENSG00000073737,64.9228857670467,1.0529094167774964,0.17695763145458318,5.950065041686147,2.6803595374189873e-09,1.3481358000897549e-08,DHRS9
ENSG00000103313,11.162470454106856,2.481725705939734,0.4171569914549316,5.949140867288694,2.695535815665243e-09,1.354382719650205e-08,MEFV
ENSG00000069849,164.73723376459606,-0.5453883931738297,0.09171247134093254,-5.946720061074348,2.73568672571546e-09,1.3731526629382807e-08,ATP1B3
ENSG00000254415,9.46799147843085,2.2030671470717955,0.37052850817721616,5.94574263100456,2.752062674356604e-09,1.3799628552845257e-08,SIGLEC14
ENSG00000135052,6.730734804680203,3.3213175699012902,0.5589786414486002,5.941761140093034,2.8197609202703017e-09,1.4124673967592519e-08,GOLM1
ENSG00000121060,33.093514647420605,1.2867796320200455,0.21677469464722635,5.936023271139272,2.9201836988599467e-09,1.4612813336250282e-08,TRIM25
ENSG00000006327,6.912003349610005,-4.154306830579165,0.7000083225494231,-5.934653484474616,2.9446674906543058e-09,1.4720341860707282e-08,TNFRSF12A
ENSG00000171109,7.015859572814844,2.4972354072334237,0.42105096662197505,5.930957544803534,3.011730870645127e-09,1.504029014059975e-08,MFN1
ENSG00000173559,24.754005820399005,1.2066155857976062,0.20355039254515994,5.927847009825368,3.0693225039324885e-09,1.5312335821648984e-08,NABP1
ENSG00000137801,121.99808221278195,-1.6632799583625857,0.28065079615388355,-5.9265107427330905,3.094391510436109e-09,1.54217443025183e-08,THBS1
ENSG00000142657,81.59695383043106,-0.7699013288191374,0.12997643313777113,-5.923391727506979,3.1536839651451574e-09,1.5701320166892912e-08,PGD
ENSG00000183172,60.767615278774144,-0.7664571357331426,0.12942001651728563,-5.9222456955162945,3.17574672554766e-09,1.5795161345487046e-08,SMDT1
ENSG00000136404,9.856680767887063,-2.589919562560765,0.4374187927809047,-5.920915162549978,3.2015499431344555e-09,1.5907397796322258e-08,TM6SF1
ENSG00000127946,10.502359347473814,-2.051426373299572,0.34664028733190483,-5.918026404516999,3.2582766888369605e-09,1.6172900655499822e-08,HIP1
ENSG00000120963,259.1865859897134,0.5912366038128993,0.09995987317748996,5.914739435124057,3.3240137161182594e-09,1.6482546317865922e-08,ZNF706
ENSG00000005486,28.592348376226333,-1.1075134058649758,0.1872801501565511,-5.913672137379129,3.345635277696266e-09,1.6573036042942996e-08,RHBDD2
ENSG00000100028,26.812167760699907,-1.1985965735270676,0.20285851292459636,-5.908534752853052,3.451640031721136e-09,1.7080925595042963e-08,SNRPD3
ENSG00000093144,16.48239833291249,-1.8281623802423317,0.30970277780945266,-5.902957645950223,3.570419607318322e-09,1.7650947636179312e-08,ECHDC1
ENSG00000120129,235.569614164975,-0.592977775675677,0.10052855496555752,-5.898600411384004,3.6659784533908107e-09,1.8105143839158236e-08,DUSP1
ENSG00000125863,45.14871456304792,-1.2050485551365386,0.2043718125728259,-5.896354002864907,3.7162126303002755e-09,1.831641811965452e-08,MKKS
ENSG00000169021,159.13138631056998,0.6146773885208465,0.10424652299503248,5.896382640504345,3.7155680388473625e-09,1.831641811965452e-08,UQCRFS1
ENSG00000149418,7.806789807986606,-2.634826475718672,0.44741376124888294,-5.889015278305211,3.885035335967671e-09,1.9129322285516167e-08,ST14
ENSG00000166801,20.806363663890735,1.379526121822874,0.23432144042083428,5.8873234960714065,3.924999840883347e-09,1.9306755974074843e-08,FAM111A
ENSG00000123342,23.405511881687517,-1.487040519432543,0.25275263297478723,-5.88338290260612,4.019645162212831e-09,1.975253632711385e-08,MMP19
ENSG00000168118,21.75416943224371,-1.375476810316851,0.23393603282119738,-5.879713329019985,4.109776208314569e-09,2.0175265022635158e-08,RAB4A
ENSG00000141552,64.17633152788763,-0.7778453274730344,0.13239225408288788,-5.8753084375015066,4.220567718092292e-09,2.0698472821063396e-08,ANAPC11
ENSG00000130560,9.99195574367305,-2.1367394550866763,0.3637571957666685,-5.87408161255258,4.251938760686018e-09,2.0831532472593315e-08,UBAC1
ENSG00000169660,6.637733783291857,3.101285111611517,0.5280876812575653,5.87267081145739,4.288294820374024e-09,2.0988725843942185e-08,HEXDC
ENSG00000121380,8.536473221547523,6.5742389293651184,1.1197318965835836,5.871261638097292,4.324910876823702e-09,2.114687766040962e-08,BCL2L14
ENSG00000179331,8.527728540961714,2.0946436934994273,0.3583370555669365,5.8454565637523155,5.051807492887545e-09,2.4676522882752876e-08,RAB39A
ENSG00000083457,26.004120083602125,-1.3626544518692514,0.23342891979756977,-5.837556259314181,5.297201065511796e-09,2.5849499539150912e-08,ITGAE
ENSG00000162244,599.4403446337755,-0.4066802843698463,0.06967152159714764,-5.837109267131262,5.311426530860984e-09,2.5893204337947297e-08,RPL29
ENSG00000113648,123.52017400174842,-0.6531924673030751,0.11193012577327906,-5.835716370284031,5.3559940580202074e-09,2.6084593459971555e-08,H2AFY
ENSG00000140859,13.564093919356656,-2.0425213050690942,0.35030548754736285,-5.830686008859442,5.519996789283204e-09,2.685669725003729e-08,KIFC3
ENSG00000085063,48.8461190034326,0.8883878063898496,0.152397839541562,5.829398953832073,5.5627368118601905e-09,2.7037872100376828e-08,CD59
ENSG00000234127,14.123491427047401,1.8355722239226844,0.31537281889627516,5.820324751976791,5.873339660022835e-09,2.851935878394487e-08,TRIM26
ENSG00000108298,1156.6623494467285,-0.35364065876620826,0.06076402506110137,-5.819901798977343,5.888221195892356e-09,2.8563394823904278e-08,RPL19
ENSG00000104783,8.383413280578928,-2.4383492900322383,0.41936364798650977,-5.814403088440026,6.085062569833216e-09,2.9489149376884042e-08,KCNN4
ENSG00000189403,174.27128314719562,-0.5317950985015509,0.091626417681462,-5.803949471759656,6.477080299697358e-09,3.1358002554396864e-08,HMGB1
ENSG00000164088,6.62290817054722,-3.828307289494643,0.6601021812195087,-5.799567700900518,6.648609276578204e-09,3.21567578593556e-08,PPM1M
ENSG00000271646,8.635607543250487,2.4925163173891827,0.4301568133602422,5.7944364473003995,6.8550975712914136e-09,3.312286083119568e-08,RP11-326I11.3
ENSG00000152689,7.635454798851789,2.3999648658066874,0.41437771894481573,5.791732412442523,6.966407209079915e-09,3.36276277263445e-08,RASGRP3
ENSG00000186283,17.77559748802383,1.5027398629530089,0.2595532840619165,5.789716236433864,7.050543546354983e-09,3.4000364069468484e-08,TOR3A
ENSG00000109113,16.590394299057433,-1.469104019082381,0.2538828501530999,-5.786542959465209,7.18497182304336e-09,3.461465837101477e-08,RAB34
ENSG00000253958,21.62655441708238,1.668646125991829,0.2884398020627121,5.785075825384996,7.247962902896399e-09,3.4883927232941144e-08,CLDN23
ENSG00000070961,55.47334018985267,-1.2121400612948057,0.20961445847967858,-5.782712080485224,7.350581029888924e-09,3.534320467795907e-08,ATP2B1
ENSG00000172594,9.883995146238675,-2.2796913055850934,0.39428007632821177,-5.781908451512531,7.385790030809916e-09,3.5477783197849395e-08,SMPDL3A
ENSG00000184588,26.165656042570312,1.286778925419737,0.22259321730918644,5.780854156182016,7.432230149210644e-09,3.5665995071504984e-08,PDE4B
ENSG00000168528,17.02773661649657,-1.5719001532344963,0.27235276596458613,-5.771559351223515,7.854128492068152e-09,3.765384137563209e-08,SERINC2
ENSG00000164253,18.305314749934894,1.3025458322362522,0.22576001352955932,5.769603801275935,7.945812248355652e-09,3.805625866317707e-08,WDR41
ENSG00000137161,35.10078206855244,-1.0671322209288117,0.18516255807102508,-5.7632181799923,8.252500023504687e-09,3.9448234548153724e-08,CNPY3
ENSG00000169508,108.21283090951151,-0.7050904243831639,0.1223397991284722,-5.763377326153121,8.244718580676945e-09,3.9448234548153724e-08,GPR183
ENSG00000158470,22.5022238819413,1.9363756236716347,0.336188215950318,5.75979624448762,8.421553288357774e-09,4.0217213662769784e-08,B4GALT5
ENSG00000010404,41.49531116740107,-0.9635306001170122,0.16740883956850902,-5.755553903846905,8.635815942632091e-09,4.120038790494573e-08,IDS
ENSG00000240857,17.47564355023806,1.2963016561557856,0.22534978059705224,5.752398128461912,8.79862889984392e-09,4.193643299110866e-08,RDH14
ENSG00000110700,948.4965227051541,-0.4046401494680747,0.07038317960217035,-5.74910300664503,8.971814886762913e-09,4.2720444141039685e-08,RPS13
ENSG00000125037,66.63520500418113,-0.7411773950733398,0.12893633690872505,-5.748398107494124,9.009291164133286e-09,4.285736377594479e-08,EMC3
ENSG00000047365,6.080769927023681,2.9327776771663707,0.5109737770355307,5.739585491414444,9.49085627841383e-09,4.510451426704599e-08,ARAP2
ENSG00000168300,20.894544231437948,1.3716749103608024,0.23906606436469652,5.7376395684010815,9.600515663185322e-09,4.5581578713905965e-08,PCMTD1
ENSG00000145016,10.019866123904485,2.782232274408265,0.48563916577157973,5.72901131231431,1.0101765899838083e-08,4.791513284923198e-08,KIAA0226
ENSG00000146094,8.400008474810216,-2.5877419616518536,0.4519050915441667,-5.726295211256636,1.0264753762295285e-08,4.864127289095374e-08,DOK3
ENSG00000196405,17.332505094706754,1.3031159942000614,0.22763684021553685,5.724539107844813,1.0371491537391505e-08,4.909972005273782e-08,EVL
ENSG00000140990,37.66234492140732,-0.9707654134322409,0.16961052082369288,-5.7234976269033115,1.0435302593421394e-08,4.935426077389098e-08,NDUFB10
ENSG00000117676,10.235225674947845,-1.936235807226972,0.3383256915323723,-5.722993717849848,1.0466313681808128e-08,4.94533321465434e-08,RPS6KA1
ENSG00000170175,11.026944885691577,1.8619592721746423,0.3253569461784055,5.722820102797682,1.0477018864603202e-08,4.945635994299725e-08,CHRNB1
ENSG00000143870,150.83007274529797,0.722142394462483,0.12621761008033383,5.721407607091121,1.0564510376612601e-08,4.982150095074311e-08,PDIA6
ENSG00000137200,6.5904949297335484,3.8263455709513634,0.669044208433604,5.719122178652101,1.0707578323866942e-08,5.044778512318519e-08,CMTR1
ENSG00000154518,63.09841695187186,-0.8240147749407772,0.14422176545551119,-5.713525779816953,1.1065910072358412e-08,5.2086093961273214e-08,ATP5G3
ENSG00000122257,26.22486206466433,1.0634366163385238,0.18626956915834972,5.709126945123737,1.135571708589819e-08,5.339903709100833e-08,RBBP6
ENSG00000178449,33.65128748843228,-0.9609947729671434,0.16843456767595041,-5.705448627481217,1.1603705203236951e-08,5.451300895669826e-08,COX14
ENSG00000115165,157.55767747512397,-0.7315573460994919,0.12829828280794156,-5.702004189678905,1.184069173199252e-08,5.55732179283775e-08,CYTIP
ENSG00000124225,7.311717734739192,-2.5147749977310765,0.44121923391078083,-5.699604197761674,1.2008590829014052e-08,5.630745737955634e-08,PMEPA1
ENSG00000213024,46.29546746846569,1.011812098728278,0.177537146080465,5.699157168324061,1.2040118759364028e-08,5.640147148094837e-08,NUP62
ENSG00000130770,25.73227887781156,-1.1445145619713954,0.20111136308487093,-5.69094925525615,1.2633505209742802e-08,5.912480438159631e-08,ATPIF1
ENSG00000196139,7.436976100261412,-3.1588766155952994,0.5552863855267494,-5.688734134186924,1.2798454600475228e-08,5.983977726616106e-08,AKR1C3
ENSG00000082898,25.503642969245192,1.0800598268667978,0.18998393283320753,5.685006151625538,1.3080795114974246e-08,6.110173687736069e-08,XPO1
ENSG00000105518,23.105955970627658,-1.1400388692858614,0.20078624457499872,-5.677873360792044,1.36379618374158e-08,6.364382190794041e-08,TMEM205
ENSG00000172785,37.5808956198191,1.4642637878422369,0.25813064916809814,5.67256849413759,1.406722468334014e-08,6.558476479500328e-08,CBWD1
ENSG00000175193,18.65079542204378,-1.290558373815883,0.2275596401136402,-5.671297305494927,1.4172020889962545e-08,6.601072099836584e-08,PARL
ENSG00000120742,320.5484645310586,-0.39087694057502964,0.0690296177322979,-5.6624526314324966,1.4922457676790726e-08,6.944030021188412e-08,SERP1
ENSG00000197696,24.91967943286256,-2.402234733958114,0.42427726092951307,-5.661945513401452,1.49666351122894e-08,6.957998575382226e-08,NMB
ENSG00000174886,83.43266550380982,-0.6439181926458689,0.11374549699349668,-5.661043378997979,1.5045538494277923e-08,6.988069580423603e-08,NDUFA11
ENSG00000139684,34.66383071400798,0.9488936412631691,0.16770339909083815,5.658165823754066,1.529992737648181e-08,7.099513043251333e-08,ESD
ENSG00000146457,250.40743309318398,1.091253721626107,0.1929103464908702,5.656792087498284,1.542284041206665e-08,7.149796017442973e-08,WTAP
ENSG00000147677,102.40109474309914,-0.6052212915492015,0.10704359931274632,-5.653969928467587,1.5678365296346527e-08,7.261403116517138e-08,EIF3H
ENSG00000173141,28.413971793655023,-1.1063849055689816,0.19602130608578605,-5.64420739592862,1.659439402605938e-08,7.678422998498663e-08,MRP63
ENSG00000166333,84.32229114870448,0.7053946235048136,0.12505602291569032,5.640628952196675,1.6943012283730748e-08,7.832357701058597e-08,ILK
ENSG00000111843,10.976688991350258,-1.897466268113755,0.33649619278724363,-5.63889371941116,1.7114612245048607e-08,7.90424855001587e-08,TMEM14C
ENSG00000118680,587.4652049913167,0.3975915980610199,0.0705142238516442,5.638459538284334,1.7157812404005556e-08,7.916759638805944e-08,MYL12B
ENSG00000141682,28.20269889165943,1.5592581783498154,0.2773797534909857,5.6213842529083085,1.8943339971345562e-08,8.732417694108076e-08,PMAIP1
ENSG00000178980,85.07659129408691,0.9132514993713328,0.16250803400056454,5.6197313873611945,1.9125457699978642e-08,8.808106760796163e-08,SEPW1
ENSG00000134072,6.959360322301608,-2.962493088859451,0.5276044436889474,-5.6149888885431904,1.96574876750916e-08,9.044653037022483e-08,CAMK1
ENSG00000087253,15.424044542494732,1.5994775459635262,0.2851294178495474,5.609654584317615,2.0273084020803145e-08,9.319170708908014e-08,LPCAT2
ENSG00000109099,14.445974831629453,-1.9040660245802528,0.33945767066813315,-5.6091412541439984,2.033330171803751e-08,9.338116321723022e-08,PMP22
ENSG00000091542,14.133429066692095,-1.510722088657646,0.2693461295770967,-5.608850184814785,2.0367523567244843e-08,9.345099048500574e-08,ALKBH5
ENSG00000089195,10.803533882596,-1.8036034050139411,0.32172200456439654,-5.606092773964822,2.0694506532171904e-08,9.486269132378054e-08,TRMT6
ENSG00000116044,149.6131968299317,0.5349578774009408,0.09556287716130278,5.597967466990064,2.1687943718043224e-08,9.932391000043281e-08,NFE2L2
ENSG00000166228,28.734314501361112,1.1485799786822415,0.20530845021870756,5.594411615589624,2.2137120392148822e-08,1.012866011238541e-07,PCBD1
ENSG00000090674,29.617394187553447,-1.1407502708849782,0.2039650678817209,-5.592870792691315,2.2334550205051837e-08,1.0209486484430207e-07,MCOLN1
ENSG00000180644,6.121972634109447,2.850656406326472,0.5104837436331172,5.584225632805318,2.3474378234001415e-08,1.0720547829171279e-07,PRF1
ENSG00000117318,53.988736548666246,-1.4369641189187368,0.2574726473763493,-5.581036019015713,2.3909011949373333e-08,1.0908902945145828e-07,ID3
ENSG00000124702,8.305396433106548,-2.449193748907705,0.43893484232913205,-5.579857219607996,2.4071609878882613e-08,1.0972902685049087e-07,KLHDC3
ENSG00000197448,39.926253923580234,1.0926277917305514,0.19583291895817445,5.579387763524642,2.4136662770936934e-08,1.0992359671583326e-07,GSTK1
ENSG00000177879,92.52881413736658,0.7631542023385988,0.136907604461382,5.574228001000954,2.4862993421602844e-08,1.1312662006829293e-07,AP3S1
ENSG00000242485,49.821520643444686,-0.8185809617673749,0.14716024371585676,-5.562514311595772,2.659152158768713e-08,1.2087949776308469e-07,MRPL20
ENSG00000059588,4.471709227154202,4.744148687316963,0.8534990035922835,5.558470094691808,2.7214957541096014e-08,1.2359916946113291e-07,TARBP1
ENSG00000136874,8.103485425216693,1.8714511830077267,0.3369436848471924,5.554195751899758,2.7889280932703725e-08,1.265447151461737e-07,STX17
ENSG00000179921,10.499286337400491,2.3235010689336093,0.4186145428827922,5.550454728430602,2.8492749117145042e-08,1.291636246878697e-07,GPBAR1
ENSG00000089041,7.884333858987814,2.1674507760539705,0.39073629229798873,5.54709357379324,2.9045731295377185e-08,1.3154905399583733e-07,P2RX7
ENSG00000137876,37.08142082932816,-0.9404986394766334,0.16956153924592268,-5.546650753816206,2.9119356495698923e-08,1.3176106613247192e-07,RSL24D1
ENSG00000090487,93.48449991775188,-0.7442783668626904,0.13430414048511968,-5.541738059409667,2.994840704541995e-08,1.353877389339408e-07,SPG21
ENSG00000152795,41.57389200496441,-0.9332871893193373,0.16853251233744768,-5.5377278625660304,3.064208933968597e-08,1.383963483595743e-07,HNRNPDL
ENSG00000068697,234.80676447728717,0.44421428010409303,0.08031321734354904,5.531023345807642,3.1836794559152637e-08,1.436602465231185e-07,LAPTM4A
ENSG00000034677,10.76799689027998,1.7053296438343826,0.30857506386992156,5.526466145538113,3.2674527444536514e-08,1.4722322229434083e-07,RNF19A
ENSG00000168214,33.575210898615026,-1.0711521554998973,0.19382447935167704,-5.526402852120595,3.268631166526777e-08,1.4722322229434083e-07,RBPJ
ENSG00000125810,6.0685185398953125,-3.9271332137091615,0.7106526197618918,-5.5260940500366695,3.2743864818091984e-08,1.4734739168141394e-07,CD93
ENSG00000183943,12.985477619882245,1.7149010567355574,0.31037671947437345,5.525224506656821,3.2906455051255274e-08,1.479435682725237e-07,PRKX
ENSG00000187840,9.060037998054968,-1.9971546128751383,0.3614866318801145,-5.524836706928311,3.2979219451652566e-08,1.4813517768319992e-07,EIF4EBP1
ENSG00000120910,11.381948183390314,1.5918084786229452,0.2885630507283218,5.516328145981557,3.4615565575578906e-08,1.5534327784328288e-07,PPP3CC
ENSG00000122547,16.437860345079308,-1.4657053016781179,0.2660947186535139,-5.5082089155878196,3.625030449617729e-08,1.6238285897376043e-07,EEPD1
ENSG00000239282,6.2021218993813285,-3.344099730250992,0.6071005160282792,-5.508313107899288,3.6228859574361664e-08,1.6238285897376043e-07,GATSL3
ENSG00000151689,9.0302279420285,-1.9144663691543597,0.34843153954250744,-5.494526619685648,3.917598333756903e-08,1.7532858116649746e-07,INPP1
ENSG00000139832,55.722120586418626,1.1655285824364774,0.21221091229375943,5.492312199398393,3.9670530583430055e-08,1.7738033420106943e-07,RAB20
ENSG00000135678,23.527459918242663,1.144983272805839,0.2087765322252768,5.484252758688241,4.1522074604847537e-08,1.854904314620189e-07,CPM
ENSG00000099817,73.34859164731536,-0.8061722407508115,0.14700814861253883,-5.483860917639299,4.161419864757021e-08,1.8573312638888285e-07,POLR2E
ENSG00000137210,20.86492097547589,-1.264728322443101,0.23099389524657285,-5.475159077659066,4.3711875282236584e-08,1.9491847108612574e-07,TMEM14B
ENSG00000147443,50.126891686481244,-1.070252271844855,0.19549905918696622,-5.474462518110205,4.3884151040998396e-08,1.955092640212748e-07,DOK2
ENSG00000171490,32.67718273104045,-1.181803018868552,0.21589848676550027,-5.4738828260161725,4.402802440260248e-08,1.9597256513984473e-07,RSL1D1
ENSG00000083799,39.183745998512805,0.8248757668652745,0.15071448760211445,5.473102022168849,4.422253453283256e-08,1.9666021239306716e-07,CYLD
ENSG00000127666,24.25606398959389,1.1078493286253346,0.20251057284809268,5.470575254637965,4.485771805661585e-08,1.9930454478319193e-07,TICAM1
ENSG00000139974,7.932135328060054,-2.170426372737524,0.3968997132510298,-5.468450342176942,4.539872137092094e-08,2.0152603145140515e-07,SLC38A6
ENSG00000165175,10.101212748182439,-2.0652520468117306,0.377912742945013,-5.464891262246292,4.631906486587105e-08,2.0542588876434148e-07,MID1IP1
ENSG00000160888,194.0396656655012,0.4864717782020082,0.08902834966368918,5.464234483057244,4.649086708076298e-08,2.0600191238491368e-07,IER2
ENSG00000114902,52.163706256000495,-0.8438649431919205,0.15444266094631903,-5.463936829508719,4.656893143209125e-08,2.061619180696364e-07,SPCS1
ENSG00000122417,10.410760993587557,2.930520914547623,0.5364913932475021,5.462381971886867,4.697878750289875e-08,2.0778916452677267e-07,ODF2L
ENSG00000063046,11.697670845272311,-1.6867020355260778,0.30929542200916127,-5.453368900740206,4.942438723115361e-08,2.1840956731464825e-07,EIF4B
ENSG00000108528,24.283943428937,-1.1820636931495152,0.21679410568498722,-5.452471548590502,4.967452180094558e-08,2.1931770002681638e-07,SLC25A11
ENSG00000136244,4.514219909609174,4.86341017063996,0.8920543411198963,5.4519214205430275,4.982847480373099e-08,2.1979993284159252e-07,IL6
ENSG00000145494,44.58980118352751,-0.8034815675367307,0.14741962851935614,-5.450302484185366,5.028422107216633e-08,2.2161135636648014e-07,NDUFS6
ENSG00000196329,29.747158127526248,1.1343442854668542,0.20814007423833514,5.449908142955447,5.039584238724761e-08,2.2190427373739672e-07,GIMAP5
ENSG00000143889,23.737535640608776,1.260457763807898,0.2314279116867305,5.446437962565644,5.1388514735036406e-08,2.2599494480082782e-07,HNRNPLL
ENSG00000163297,19.84980066639248,1.1596040001905743,0.21291436470635092,5.446339901912617,5.1416839293310034e-08,2.2599494480082782e-07,ANTXR2
ENSG00000119421,23.872991678667976,-1.061719303496286,0.195137661110614,-5.440873368336875,5.301999332308933e-08,2.3283310740809737e-07,NDUFA8
ENSG00000130332,19.348490004295954,-1.218915449949576,0.2242186553590759,-5.436280259541914,5.440435968943413e-08,2.3869912813739224e-07,LSM7
ENSG00000118257,14.847599347834542,1.4311678243094934,0.2633487097371464,5.4344971947573635,5.495116161736254e-08,2.408831473574661e-07,NRP2
ENSG00000100216,18.60234135885998,-1.406966770387718,0.25897433463504205,-5.432842495263004,5.546336058805735e-08,2.4291172364502125e-07,TOMM22
ENSG00000149100,48.85828802725951,-0.9923184638190081,0.18280873453571306,-5.428178617062476,5.693204921233671e-08,2.4912207464774944e-07,EIF3M
ENSG00000150347,23.412342150626298,1.1797091821239531,0.21752748627413013,5.423264904726904,5.8520166524373604e-08,2.558435038263095e-07,ARID5B
ENSG00000077721,127.34654754391656,0.580750913158207,0.10711141108092569,5.421933174976412,5.89579240100202e-08,2.5752821207576824e-07,UBE2A
ENSG00000158406,10.130255507933,1.7437646697585059,0.32175385313736554,5.419561110940434,5.974552517218984e-08,2.6073668800722995e-07,HIST1H4H
ENSG00000110321,105.51118847074339,-0.5563831185416892,0.10271307417399365,-5.416867550855198,6.065223598433953e-08,2.644588177702257e-07,EIF4G2
ENSG00000196230,35.88194434780205,-1.0203592245143867,0.18838035320800572,-5.4164842943453175,6.078232706910132e-08,2.6479109505103186e-07,TUBB
ENSG00000159199,14.921534133764478,-2.0995820999563644,0.38774581807833747,-5.414841378204573,6.134306210641784e-08,2.6699717200260167e-07,ATP5G1
ENSG00000100142,34.99452566707677,-0.9451764694313803,0.17457942015784506,-5.414019983436789,6.162528411742113e-08,2.6798818243628976e-07,POLR2F
ENSG00000099968,20.962812260917346,1.4108255864017147,0.26060241413454466,5.413708814198971,6.173252659244059e-08,2.682171845050867e-07,BCL2L13
ENSG00000113811,247.56391687659436,0.5884359851023299,0.10884567767325781,5.406149308645466,6.439412293482681e-08,2.792874846440767e-07,SELK
ENSG00000146776,7.8713318556528655,2.3405379696232607,0.43293591495567274,5.406199598531582,6.437605457951945e-08,2.792874846440767e-07,ATXN7L1
ENSG00000118508,117.42764151780344,0.573169091941435,0.10606607733314116,5.403886957572475,6.521205113832282e-08,2.825855549327322e-07,RAB32
ENSG00000179918,21.669892162906688,-1.2375930270097122,0.22911466704433836,-5.40163160645762,6.603746275817844e-08,2.8591021321029856e-07,SEPHS2
ENSG00000100030,25.34443451121507,-1.0412952055082982,0.19303520536911417,-5.394327959592528,6.87804914455729e-08,2.975240624679096e-07,MAPK1
ENSG00000173846,14.082041253799659,-1.56826768232707,0.2909993910333907,-5.389247299651975,7.07533896637904e-08,3.057890561194952e-07,PLK3
ENSG00000241468,81.08538374949472,-0.8184398768274146,0.1520495166397769,-5.38271935955176,7.336888150684002e-08,3.168143090725939e-07,ATP5J2
ENSG00000167996,80156.32322577,-0.4063402076406019,0.07549697757055852,-5.382204966560966,7.357891302211121e-08,3.1744229902603556e-07,FTH1
ENSG00000170921,5.844883499900864,-3.2337122214936307,0.6008916445468979,-5.381523026388577,7.385825356996798e-08,3.1836794565159886e-07,TANC2
ENSG00000187474,114.9552897900477,0.9328890220691781,0.17349636503026114,5.376994624103301,7.573943406262644e-08,3.261906914844403e-07,FPR3
ENSG00000182512,6.971980745515732,-2.4354930310031073,0.4529974850289012,-5.376394155582835,7.59923377064326e-08,3.2699329902750416e-07,GLRX5
ENSG00000127311,6.690018782151634,3.7396210539018506,0.6958614561454414,5.374088506951642,7.697104539535175e-08,3.30914888077654e-07,HELB
ENSG00000171204,18.706635051669913,1.145173977886221,0.21334776192806235,5.367639986175981,7.977358733832314e-08,3.426638183396153e-07,TMEM126B
ENSG00000100644,66.2853340728355,-0.9434346333361465,0.17591969034919497,-5.362871157080022,8.190943299876015e-08,3.515309639789584e-07,HIF1A
ENSG00000160310,67.42655333903475,0.7107542538783185,0.13262153327652998,5.359267355146018,8.356012040936843e-08,3.583022964150405e-07,PRMT2
ENSG00000077585,45.150295103105236,0.8637816660959424,0.16123987881874335,5.357121776722224,8.455813158446705e-08,3.622656134316225e-07,GPR137B
ENSG00000109046,52.73979379131373,0.8812816950190013,0.16460103382006866,5.354047143970932,8.600843547880106e-08,3.681580591836484e-07,WSB1
ENSG00000162613,35.895011051052265,0.922279516309501,0.17283958514692815,5.336043334780549,9.499670705305323e-08,4.0627834504673937e-07,FUBP1
ENSG00000125734,45.38948469042502,-0.8237103839032602,0.15437937605609225,-5.335624517642648,9.521625967990507e-08,4.0686321744961176e-07,GPR108
ENSG00000123338,19.65401550993608,-1.2812161020434274,0.24013501186272793,-5.335398999525436,9.533468433053292e-08,4.0701532476128476e-07,NCKAP1L
ENSG00000107223,178.2441285455731,-0.46393594311751957,0.08698404029451501,-5.333575464495574,9.629751563137003e-08,4.1076909011506275e-07,EDF1
ENSG00000065615,80.94422369428145,0.7658050027855978,0.1437307692020001,5.328051933746565,9.92717421034635e-08,4.2308876036116184e-07,CYB5R4
ENSG00000170144,80.21308059289055,-0.7021585843609294,0.13185525178982374,-5.325222733487816,1.0082941000892238e-07,4.2935504400679775e-07,HNRNPA3
ENSG00000119335,17.308799485571,-1.2952345440089645,0.2433780721958595,-5.321903211422512,1.0268720670515835e-07,4.36887388527401e-07,SET
ENSG00000125656,8.231475600723652,-2.0188054627205485,0.37948117681986737,-5.3199093552902035,1.0381896496987606e-07,4.4132040991519976e-07,CLPP
ENSG00000106952,7.767384877044208,-2.7085892124813373,0.5092177917023163,-5.31911739263178,1.0427184302400724e-07,4.428624344165701e-07,TNFSF8
ENSG00000105329,39.071478513923346,0.8889565646731512,0.167164698300006,5.317848646953944,1.0500135388468386e-07,4.4557569342775173e-07,TGFB1
ENSG00000002330,13.704438339670688,-1.4981884623068642,0.28197371933221843,-5.3132202031272096,1.0770475628019589e-07,4.5665329798177964e-07,BAD
ENSG00000065427,39.19949400612673,1.1493648591313508,0.21633837644913556,5.31281078279509,1.079471091773097e-07,4.572862883597413e-07,KARS
ENSG00000153029,17.55262108950577,1.1848619561900886,0.22311580296238967,5.3105245816667646,1.0931013880943527e-07,4.626615177515633e-07,MR1
ENSG00000099901,27.263104240646584,-1.2043342331868836,0.2268140294061608,-5.309787213516039,1.0975329810393172e-07,4.6413744137927754e-07,RANBP1
ENSG00000138744,15.10731601654636,1.3509687454535921,0.25466935185166945,5.304795161376369,1.1279958858907467e-07,4.7660978359992515e-07,NAAA
ENSG00000181374,6.438191972065899,3.2601663785376727,0.614837546617161,5.302484203307237,1.1423735454451143e-07,4.822700689276024e-07,CCL13
ENSG00000106052,144.88136611462375,0.627562254830724,0.11836251130430402,5.302035652296134,1.1451846893604361e-07,4.830418509456809e-07,TAX1BP1
ENSG00000166900,29.98974967851119,1.0330333828785407,0.19497609212270361,5.298256681790635,1.1691353843526787e-07,4.927213789630414e-07,STX3
ENSG00000139163,21.286408963260538,1.1380543796499782,0.21500062819125232,5.293260718464645,1.2015442679772683e-07,5.059458897035387e-07,ETNK1
ENSG00000023445,82.08130407716659,1.3539669702309194,0.25589500242853264,5.291103606484306,1.2158046299005935e-07,5.115123246003011e-07,BIRC3
ENSG00000160190,8.358457409569695,1.875573819881227,0.3544912165584119,5.290889399433613,1.2172296275264474e-07,5.116737715709976e-07,SLC37A1
ENSG00000112308,33.34632907881314,1.0305881245175472,0.1949199468512468,5.287237869524153,1.2417711984627596e-07,5.21543903354359e-07,C6orf62
ENSG00000104714,23.568864150885403,1.2047472392821228,0.22796343096647664,5.284826755653138,1.2582377451194796e-07,5.280085635796005e-07,ERICH1
ENSG00000083845,413.16411178329156,-0.3591609608609553,0.06796712047325308,-5.284333930290529,1.2616293711736605e-07,5.289800964118915e-07,RPS5
ENSG00000044115,50.79235272362358,0.7617211718017796,0.14419140962967708,5.282708406541608,1.272879047575632e-07,5.332419130252904e-07,CTNNA1
ENSG00000125505,99.90900374452994,0.6688243215582369,0.126825027305665,5.27359887687059,1.3377412666932382e-07,5.599370174216842e-07,MBOAT7
ENSG00000100242,9.196705331177801,-1.8629924658387926,0.3534395544454759,-5.271035577106554,1.3565616887983004e-07,5.673314160642425e-07,SUN2
ENSG00000158716,14.815222589188007,-1.3707930117806193,0.26015894394419015,-5.2690597178726435,1.3712435222358595e-07,5.729839003628413e-07,DUSP23
ENSG00000070010,55.24580795889787,-0.7753420495755807,0.14719740458142344,-5.267362232237552,1.383979516638359e-07,5.778143878301525e-07,UFD1L
ENSG00000116691,17.240683182669283,1.2342126228625638,0.23445067035380338,5.264274233040348,1.4074423464984575e-07,5.871113489552988e-07,MIIP
ENSG00000172322,17.56639783041082,1.6911951513987182,0.3213434541975522,5.262889687987927,1.41808671004399e-07,5.910498806748232e-07,CLEC12A
ENSG00000204435,77.48187134869269,-0.6139938880298492,0.11676259390421283,-5.258481055444385,1.4525014572665652e-07,6.048806916108392e-07,CSNK2B
ENSG00000128604,14.691726698050278,1.210942973275512,0.23080052829723618,5.2467079785710045,1.5484103376340768e-07,6.442750549647632e-07,IRF5
ENSG00000155366,65.89302201037718,0.6812638287393282,0.12986465192896762,5.245952756350979,1.5547674263564823e-07,6.463728539015021e-07,RHOC
ENSG00000205726,5.739739431600831,2.5494939562116943,0.48627612344449833,5.242893560458112,1.5807773879406816e-07,6.56630607298437e-07,ITSN1
ENSG00000173960,11.551426945047023,1.4617088920671282,0.2794454950231582,5.230747741866418,1.688257562690298e-07,7.006839242449429e-07,UBXN2A
ENSG00000159388,71.2866564657099,-0.7927323600376677,0.15167519408586588,-5.226512910139337,1.7273676346989998e-07,7.163109330726485e-07,BTG2
ENSG00000115561,53.33391499750684,0.707281740416386,0.135498984817705,5.2198305497855575,1.7908691016862307e-07,7.420177711371111e-07,CHMP3
ENSG00000023734,33.8089250700374,-0.9483647593548514,0.18173158142587834,-5.218491755334528,1.803860068238965e-07,7.46770714012323e-07,STRAP
ENSG00000165502,521.9592585074984,0.3197501027610823,0.06130952821183003,5.215341107442818,1.834792794540553e-07,7.589370195599561e-07,RPL36AL
ENSG00000173391,172.69089286946212,-0.7136875025689225,0.13685317453583085,-5.214986827960393,1.8383029757099242e-07,7.597494384052623e-07,OLR1
ENSG00000119899,11.64203940950886,1.4362951373540984,0.2755841944636995,5.211819713206703,1.8699723280496382e-07,7.721885731122624e-07,SLC17A5
ENSG00000131495,63.062785654618594,-1.1927908675070868,0.22896475448826853,-5.209495540800373,1.8935475855882876e-07,7.812672406029257e-07,NDUFA2
ENSG00000100949,9.8490483827471,1.6092555751459736,0.3092777797670893,5.203269295187875,1.9581279911913655e-07,8.072349789189907e-07,RABGGTA
ENSG00000119900,22.838469716522376,1.2675788753257726,0.24371698343042453,5.201028083820989,1.9818914906579163e-07,8.163465871829841e-07,OGFRL1
ENSG00000148572,51.655000469971874,0.7682289268614237,0.1477781650341877,5.198527987431012,2.008728840193936e-07,8.267080000597153e-07,NRBF2
ENSG00000115944,60.90428535641765,-0.7549478283662816,0.14524111681486873,-5.197893302683525,2.0155975817913027e-07,8.288407127131767e-07,COX7A2L
ENSG00000122861,5.71194655919256,-3.3017128585644255,0.6353759730362549,-5.1964710638751646,2.031071987632693e-07,8.345056644838674e-07,PLAU
ENSG00000253738,12.841740409494282,-1.6568146741568603,0.3191495556121062,-5.191342569721608,2.0878307946336648e-07,8.571094841127677e-07,GS1-251I9.4
ENSG00000136052,7.546392023940111,2.183546970910861,0.4212631418792656,5.183332586777002,2.1795586973296492e-07,8.936129068554694e-07,SLC41A2
ENSG00000166889,12.750739329973143,1.340332556503517,0.25858862767477575,5.183261802948425,2.1803863966620023e-07,8.936129068554694e-07,PATL1
ENSG00000124562,22.25223178931989,-1.1686719431654162,0.2255550443144296,-5.181315925421101,2.2032595181682155e-07,9.022347726898841e-07,SNRPC
ENSG00000163453,21.286682040962926,1.3114487938265922,0.25318458015873585,5.179813055772867,2.221083750324672e-07,9.080595565912625e-07,IGFBP7
ENSG00000225470,13.176009840005028,1.4038613221604124,0.2710259010639297,5.179805017341383,2.2211794607706504e-07,9.080595565912625e-07,JPX
ENSG00000115839,14.720512162475229,1.2525408509613922,0.2424326041577774,5.166552804697123,2.3845085814543647e-07,9.740212110778678e-07,RAB3GAP1
ENSG00000176788,38.435848951511716,0.9922577667259861,0.1920914454683383,5.165548961885115,2.3973426078982766e-07,9.784502969445291e-07,BASP1
ENSG00000100567,176.21579041474428,0.47136419104781185,0.09135577341382764,5.159654102128876,2.474065098547413e-07,1.008925800353692e-06,PSMA3
ENSG00000127948,20.887653638489198,-1.2176149172018023,0.23610372355831113,-5.157118654679263,2.5077889813039866e-07,1.0218304356656543e-06,POR
ENSG00000255302,60.86160668555655,-0.8986000678754004,0.1743470217093328,-5.154089006312509,2.5486687470306794e-07,1.0376270275815043e-06,EID1
ENSG00000116667,11.181118382891414,1.7684819217903809,0.3436190584694492,5.146635142030735,2.6520042739348495e-07,1.078803725340716e-06,C1orf21
ENSG00000116251,87.09546269723538,-0.6121425344913273,0.1190010064215247,-5.14401140712205,2.6893319353816715e-07,1.0930833027680342e-06,RPL22
ENSG00000229117,36.389442509912165,-0.8197987897056399,0.15948713116488722,-5.140219049134965,2.7441836266185824e-07,1.1144560612565053e-06,RPL41
ENSG00000166523,188.4365493331258,0.8028474262219621,0.15619883784704552,5.139906527397687,2.7487517405587733e-07,1.1153894346082422e-06,CLEC4E
ENSG00000123992,29.12186233253269,0.9742052092341368,0.18970247738962784,5.135437463124045,2.8148847308284446e-07,1.1412824725487604e-06,DNPEP
ENSG00000180233,7.340722049715184,1.8501357398565286,0.36032602384280715,5.134615924004572,2.8272078821790736e-07,1.1453338444375902e-06,ZNRF2
ENSG00000160194,8.211460441373994,-1.8762458895587222,0.36589450625805603,-5.127832906666967,2.9309639760444393e-07,1.1863885484581857e-06,NDUFV3
ENSG00000107581,23.936095377779452,-1.1883848369056065,0.2318057402646805,-5.126641107112724,2.9495700954676934e-07,1.1929372386113782e-06,EIF3A
ENSG00000140307,54.661645853167265,-0.7243371487510603,0.1413762937333552,-5.123469639946898,2.9996396387852544e-07,1.2121899000814755e-06,GTF2A2
ENSG00000107020,18.033510998739004,1.2600910128709921,0.2459850573496413,5.122632351931476,3.0129946557789114e-07,1.2155874990556297e-06,PLGRKT
ENSG00000167088,24.482163497605075,-1.0707320966916265,0.2090182227257783,-5.122673433580835,3.012338052824627e-07,1.2155874990556297e-06,SNRPD1
ENSG00000043462,32.263471860865465,1.0792435886107612,0.21082469528633488,5.119151658893515,3.069130861823024e-07,1.2341824103926628e-06,LCP2
ENSG00000099624,47.22272484476244,-0.749751335145423,0.14645621746632997,-5.119286487907484,3.066937677557819e-07,1.2341824103926628e-06,ATP5D
ENSG00000128989,31.717504237230493,0.8704736774322259,0.17003268624085896,5.119449069922713,3.064295064023046e-07,1.2341824103926628e-06,ARPP19
ENSG00000144381,85.39704793115635,0.9959524465183545,0.1945531539188659,5.119179136688241,3.0686837738745e-07,1.2341824103926628e-06,HSPD1
ENSG00000143862,18.260597076239904,1.196483350052128,0.23385941322241344,5.116250543715361,3.11669010023562e-07,1.2522825145182206e-06,ARL8A
ENSG00000084070,31.744554027323918,1.0705863551920347,0.2094826307116605,5.110621112380571,3.211013844263222e-07,1.2891276168880288e-06,SMAP2
ENSG00000198818,177.0836221069945,0.5321004679398816,0.1043171803561586,5.100794194428856,3.382311923337013e-07,1.3567902686757618e-06,SFT2D1
ENSG00000105643,8.084293489738263,-2.087898906520928,0.40960263090832505,-5.097376698706386,3.443925873388717e-07,1.3792544206872172e-06,ARRDC2
ENSG00000138688,8.080124790853446,2.348402113402645,0.4607040870234407,5.097419752829669,3.4431429553853117e-07,1.3792544206872172e-06,KIAA1109
ENSG00000168264,28.60187854814373,-1.001904027194509,0.19673181448045252,-5.092740235433855,3.529250926131298e-07,1.412275167020293e-06,IRF2BP2
ENSG00000167283,253.25874388386822,-0.4883063419506418,0.09610625156535715,-5.080900919526225,3.7564902229221245e-07,1.5019847807517754e-06,ATP5L
ENSG00000182899,640.6710980771487,-0.344490392173076,0.06784934981466514,-5.077283616041622,3.8286914860041144e-07,1.5296089400182292e-06,RPL35A
ENSG00000151247,16.16517209785009,-1.293930550346547,0.25486954279120433,-5.076834745242857,3.8377437904345025e-07,1.531979933890751e-06,EIF4E
ENSG00000139433,14.988440091159339,-1.2953476823663235,0.2553492872322946,-5.07284628207295,3.9190907593019925e-07,1.5631827914943175e-06,GLTP
ENSG00000168818,9.028900090112211,1.8586675356157507,0.36706068615778187,5.0636518856633925,4.1130040450096146e-07,1.6391972325366784e-06,STX18
ENSG00000170315,708.292468927498,0.3600541497777319,0.07111240987511497,5.063169008194857,4.123439921317961e-07,1.6420246169656773e-06,UBB
ENSG00000163412,4.793069058481738,2.4710665176272153,0.4887803442200621,5.055576695847398,4.2909213965244266e-07,1.7073350398802454e-06,EIF4E3
ENSG00000104973,15.29116840790639,1.2980136341307735,0.25725504689601303,5.045629424154518,4.5203078194573783e-07,1.7971515068619382e-06,MED25
ENSG00000088930,33.69948588427149,-0.8598693165097968,0.17048937494608424,-5.04353609591051,4.5700650808845806e-07,1.8154648187119508e-06,XRN2
ENSG00000111729,20.313916773607758,-1.20459630019892,0.23890395324945182,-5.042178180036809,4.602624060330827e-07,1.8269220220085367e-06,CLEC4A
ENSG00000166272,9.811569846093803,-1.5984781543179738,0.31718979212000764,-5.039500620856031,4.6674811536811857e-07,1.8511704914599958e-06,WBP1L
ENSG00000118640,66.93159894873625,-0.653418542815848,0.12969604546704264,-5.038076068262928,4.702345690117493e-07,1.8634940904223679e-06,VAMP8
ENSG00000185088,144.28546975436018,0.7252777897252356,0.14413623285093177,5.031890839517989,4.856657904021674e-07,1.9230956438648272e-06,RPS27L
ENSG00000185650,83.1687557109191,-1.0423031923206476,0.20717448791468812,-5.031040273404007,4.878256516459246e-07,1.930092795642571e-06,ZFP36L1
ENSG00000071626,19.68901517857465,-1.1148118872292023,0.22172591664081137,-5.027882640508645,4.959252193334228e-07,1.958984347109678e-06,DAZAP1
ENSG00000172081,14.772479584378203,-1.2698248942348591,0.2525492951336479,-5.028027869026021,4.955498686711436e-07,1.958984347109678e-06,MOB3A
ENSG00000157933,7.674788366024377,-2.123266261571736,0.4228290803536125,-5.02157103242768,5.12505433266523e-07,2.0228527703387104e-06,SKI
ENSG00000172239,23.226861116355902,1.0561346547758221,0.21032963112441977,5.02133079932551,5.131469558093779e-07,2.023759342574063e-06,PAIP1
ENSG00000134419,611.6413958245537,-0.43199974364700716,0.08605767473622303,-5.019886314278623,5.170206904247541e-07,2.0357689685474693e-06,RPS15A
ENSG00000156411,53.35158588816651,-0.7049207092664702,0.1404219147374458,-5.0200192084298045,5.166631282309833e-07,2.0357689685474693e-06,C14orf2
ENSG00000132510,12.6890774751222,-1.434421275972837,0.285879322285185,-5.017576173424322,5.232745664361446e-07,2.058743970750372e-06,KDM6B
ENSG00000178726,4.887151013278473,-4.586907623502399,0.9145400876030011,-5.015534787025717,5.288615422556031e-07,2.079060494915227e-06,THBD
ENSG00000213619,15.530472940066216,-1.1961907762711694,0.23883332274542357,-5.008475209911178,5.486294023344122e-07,2.155047868162511e-06,NDUFS3
ENSG00000164327,9.234457059499867,1.5150798706086606,0.3026197746018041,5.0065461604491865,5.541537693965935e-07,2.175009283398451e-06,RICTOR
ENSG00000186010,86.58707394743197,-0.5627717136091995,0.11246324063956532,-5.0040503048710185,5.613809704881393e-07,2.201616990405999e-06,NDUFA13
ENSG00000010322,7.029582735538638,-1.9770296017947788,0.3953135260961707,-5.001168620053272,5.698384561871158e-07,2.2330033283121908e-06,NISCH
ENSG00000068305,29.383078675410097,1.0744370326448038,0.21487913857666785,5.000192386109412,5.727313704426593e-07,2.2425513580519747e-06,MEF2A
ENSG00000125868,18.710416036736227,-1.1777252113006564,0.23572022201392762,-4.996284159409412,5.84455221214789e-07,2.2866345199438478e-06,DSTN
ENSG00000146535,12.742499402374222,-1.3891586943770315,0.27807204444446865,-4.9956790771696875,5.862908966693911e-07,2.2919916199151852e-06,GNA12
ENSG00000103507,44.773990673884235,-0.8311794495487732,0.16643330938476114,-4.994069111653903,5.912022569300069e-07,2.3093544440016324e-06,BCKDK
ENSG00000026297,104.14394090131105,0.8721139926352754,0.17468812961020813,4.9924055777646394,5.963186850516686e-07,2.3258294099444037e-06,RNASET2
ENSG00000084733,239.4286218404173,0.5592811040560937,0.11202672343597082,4.992390091420931,5.9636651537036e-07,2.3258294099444037e-06,RAB10
ENSG00000060971,24.516458099160943,-1.036531365960994,0.207641780866106,-4.991920997968046,5.978170869374081e-07,2.329637720230312e-06,ACAA1
ENSG00000116977,11.541295891396153,1.44915285573589,0.2907993580389923,4.983342692048096,6.249512387958349e-07,2.431520496787595e-06,LGALS8
ENSG00000178741,79.54762822203594,-0.6330421061981338,0.1270286654673758,-4.983458685242311,6.245765448584659e-07,2.431520496787595e-06,COX5A
ENSG00000166275,26.194040010923004,-1.037541105085107,0.20824248647403312,-4.9823699411814495,6.281020638251374e-07,2.4418461563581685e-06,C10orf32
ENSG00000182154,50.41203454758222,-0.7280861529640091,0.1461739764447964,-4.980956054369745,6.327090809054475e-07,2.4578121925449558e-06,MRPL41
ENSG00000141933,24.09457871012059,-0.9782258691403716,0.1965545714504744,-4.976866535952607,6.462184595266651e-07,2.5083076699162973e-06,TPGS1
ENSG00000130844,5.193908719354798,-2.628654932310681,0.5282018282076792,-4.976610817933675,6.470723737004291e-07,2.509639814020449e-06,ZNF331
ENSG00000079332,53.13040471578426,0.7594729694908278,0.1526347673402202,4.975753445464859,6.499433231501857e-07,2.516801804539017e-06,SAR1A
ENSG00000165637,59.85991162938664,-0.6736793568233084,0.13538874126693734,-4.975889062260043,6.494883884582409e-07,2.516801804539017e-06,VDAC2
ENSG00000167526,1926.886019232744,-0.2778377721311984,0.05589325692205733,-4.970863882894512,6.665523470949342e-07,2.5790852233263833e-06,RPL13
ENSG00000158092,27.36143329036756,0.8744108396549546,0.17601548823117502,4.967806233656677,6.771457280992651e-07,2.6180126733908645e-06,NCK1
ENSG00000169871,11.774352618548264,1.4528619340421278,0.29278312767360215,4.962246102042445,6.968262424523209e-07,2.691984398907787e-06,TRIM56
ENSG00000176101,36.2769063802416,-0.7993356391671708,0.16111922829086814,-4.961143667620678,7.007933338527498e-07,2.705183379852641e-06,SSNA1
ENSG00000182004,15.778112045836938,-1.174206918804964,0.23670165908121474,-4.96070421881615,7.023807413104852e-07,2.709182859340443e-06,SNRPE
ENSG00000101224,5.0536420092120915,2.30393333633801,0.4646018904939666,4.958940941648901,7.087850843068317e-07,2.7317411013990363e-06,CDC25B
ENSG00000004478,43.388921561939505,0.9076508555202256,0.18304037831903483,4.958746610205387,7.094943417857216e-07,2.732331657942818e-06,FKBP4
ENSG00000126457,13.434109431288704,-1.9767678522641408,0.39998413376637587,-4.942115662564601,7.727934441461259e-07,2.9737721100501664e-06,PRMT1
ENSG00000142961,14.67649499754618,1.4930625888684335,0.30227883701386304,4.939355343622547,7.83812644232373e-07,3.013814815147012e-06,MOB3C
ENSG00000090238,8.141946733272714,-2.0756695092621826,0.42032569765916106,-4.938240799508117,7.883046650691973e-07,3.0287170634480343e-06,YPEL3
ENSG00000133657,7.923013525881038,-1.9030267525211504,0.3856261713389229,-4.934900413822276,8.019166638662907e-07,3.078608192374181e-06,ATP13A3
ENSG00000187024,6.415991471938516,-2.2461695427972357,0.455271832663632,-4.933688802260628,8.06909680867447e-07,3.0953584479177473e-06,PTRH1
ENSG00000088986,558.9146880938113,-0.3530779771892307,0.07157257379879368,-4.933146294023335,8.091550347262734e-07,3.101550577726137e-06,DYNLL1
ENSG00000244482,10.584777376412656,1.5538236775167218,0.3152209797522266,4.929315551071743,8.251820062468418e-07,3.160517832187826e-06,LILRA6
ENSG00000100292,213.9693117739144,0.7661575671493293,0.15560264112350444,4.923808243982292,8.487601063947943e-07,3.24829218288475e-06,HMOX1
ENSG00000182923,10.028676137566789,1.4653660216133797,0.29764547327824475,4.923192701283003,8.514353492354881e-07,3.2559947907729097e-06,CEP63
ENSG00000105520,4.904404011574142,-2.743178430346887,0.5573038862183697,-4.922230937524849,8.556315848460267e-07,3.2694973623121115e-06,DKFZP761J1410
ENSG00000147119,30.6189403460787,1.0070039028821955,0.20476253450117718,4.917910912439924,8.747270237709368e-07,3.3398668180344862e-06,CHST7
ENSG00000087077,20.216881782168386,1.054207571096718,0.21448236248170907,4.915124763168441,8.872593741131393e-07,3.3850873947142595e-06,TRIP6
ENSG00000125534,184.81502037481658,0.47588519483693226,0.09692053182760507,4.910055546160239,9.105059844623998e-07,3.4710833263368756e-06,PPDPF
ENSG00000007080,17.64165453831718,-1.1956498402909252,0.2438690798675081,-4.9028349183935545,9.446336655653107e-07,3.598395219060416e-06,CCDC124
ENSG00000163541,17.286888159551424,-1.1311885840267906,0.23076588221040728,-4.901888325915516,9.491979361648455e-07,3.612981145092216e-06,SUCLG1
ENSG00000123384,8.289297459947877,-1.7628097919443548,0.3598348752730375,-4.898940911735584,9.635461297864797e-07,3.6647567196368124e-06,LRP1
ENSG00000181163,100.04356410954206,-0.9699415748171273,0.19800255331321923,-4.89863165189987,9.650636723869433e-07,3.667689780440402e-06,NPM1
ENSG00000090382,2151.681589393475,0.5759253634570334,0.11758580918262909,4.897915551718758,9.685864238625007e-07,3.678233142859605e-06,LYZ
ENSG00000172663,10.208216391463854,-1.5823772449136766,0.32319115399362847,-4.896103205055149,9.775573994310522e-07,3.7094340237870197e-06,TMEM134
ENSG00000138801,14.756916614373894,-1.2158742562894773,0.24834510039770247,-4.895905956438696,9.78538577303622e-07,3.7099802478129717e-06,PAPSS1
ENSG00000198060,30.125273639190056,0.8512741538158123,0.17387949399992877,4.895770825144918,9.792113108289427e-07,3.7099802478129717e-06,MARCH5
ENSG00000100906,1321.6978978870286,0.6864569091326078,0.14032731896048453,4.891826582434106,9.990445282333517e-07,3.7822070968711017e-06,NFKBIA
ENSG00000141664,6.890046221716848,2.1312712441637816,0.4366788434509232,4.880637741277034,1.0574332710677731e-06,4.000174822191715e-06,ZCCHC2
ENSG00000136250,12.260025261744037,1.3708846598346136,0.2809721435462647,4.879076774416552,1.0658357225347728e-06,4.028859031181441e-06,AOAH
ENSG00000173992,12.532634527173975,-1.3291738049989592,0.2727229675494736,-4.873714219752463,1.095193880300209e-06,4.136650828435993e-06,CCS
ENSG00000100083,32.18040555551149,-0.9724165132213216,0.19953665077936975,-4.873372933860332,1.0970884108154246e-06,4.140624002109828e-06,GGA1
ENSG00000130479,14.956780769530445,-1.4811394688255237,0.30425255823051867,-4.868124946720514,1.1266209377518277e-06,4.24882217046238e-06,MAP1S
ENSG00000131116,9.882423498429223,-1.7425434330447025,0.3581414261871951,-4.865517657635902,1.1415761794559285e-06,4.3019212774895955e-06,ZNF428
ENSG00000026508,277.5996527340701,-0.6980929139751376,0.14352940764809297,-4.863762245063603,1.1517525162243875e-06,4.336943957644935e-06,CD44
ENSG00000225434,6.044448538191854,3.052064617656095,0.6279078900411958,4.860688432272852,1.1697823756251354e-06,4.4014629355451115e-06,RP11-63P12.6
ENSG00000134186,16.783082185575413,-1.160904111696549,0.2388764338336654,-4.859851987345518,1.1747354675401366e-06,4.4167177410040025e-06,PRPF38B
ENSG00000119383,5.846894317015972,2.0194190692658687,0.41660781860399043,4.847290374992799,1.2515916893356574e-06,4.702080704430749e-06,PPP2R4
ENSG00000106066,87.74482680735889,0.628620662594073,0.12970013561313476,4.846723248378874,1.2551732881442475e-06,4.711933948006747e-06,CPVL
ENSG00000161642,27.007593289918745,0.8611831354594046,0.17817583163199685,4.833333048435471,1.3426588339516554e-06,5.036508022930103e-06,ZNF385A
ENSG00000138398,45.47708245169443,-0.7356839604901958,0.15265533852480517,-4.81924816779764,1.4410021794404038e-06,5.4012850570329095e-06,PPIG
ENSG00000204161,20.756665538159538,-1.388875631272303,0.2886856246381632,-4.811031491481819,1.5015335414253998e-06,5.623884011100926e-06,C10orf128
ENSG00000107968,38.00249567020863,-0.8502133164248341,0.17682485166823467,-4.808222986778102,1.522778541930907e-06,5.69911177079092e-06,MAP3K8
ENSG00000123136,35.5814767326782,-0.7835875779079702,0.16310496650021555,-4.804192016476302,1.553776644950097e-06,5.810698959881869e-06,DDX39A
ENSG00000132170,6.505329181088846,-2.307914730682282,0.4806237931496261,-4.8019152684016,1.5715519469849643e-06,5.866958472017071e-06,PPARG
ENSG00000177105,221.02627809342553,0.41995156308134457,0.08745698528505177,4.801806987887599,1.5724021790082382e-06,5.866958472017071e-06,RHOG
ENSG00000213928,28.264303818343045,0.9079718424027493,0.18908226578710977,4.80199366462557,1.570936645957083e-06,5.866958472017071e-06,IRF9
ENSG00000182782,4.669892108953786,-2.8710819411174797,0.5980156833148099,-4.801014457017296,1.5786387062688745e-06,5.8857591825533006e-06,HCAR2
ENSG00000128626,13.998349925812729,-1.3977328675721752,0.2912189412874491,-4.799594632797377,1.5898709918211977e-06,5.92314333116707e-06,MRPS12
ENSG00000128891,30.625251643303073,0.8364355093283707,0.17453838859065404,4.792272439790127,1.6490276403640009e-06,6.138880170264167e-06,C15orf57
ENSG00000109475,1026.5627863059988,-0.3582643181615802,0.07477806628372369,-4.791034804273357,1.6592333885383245e-06,6.172197480149377e-06,RPL34
ENSG00000089902,15.451483921535447,-1.1882373618635294,0.24826669639091642,-4.786132732005873,1.7002563497143533e-06,6.320014903552444e-06,RCOR1
ENSG00000162910,9.67432836653461,-1.475677426991845,0.3087558444011565,-4.779431559761975,1.7579149882480029e-06,6.529398527778296e-06,MRPL55
ENSG00000072506,22.896053888896983,-1.0654651500705492,0.2231896589162318,-4.773810557551157,1.8077243789239833e-06,6.70933353325714e-06,HSD17B10
ENSG00000184678,15.362821134472654,1.4812828493389216,0.3103390605483346,4.773111211723267,1.8140155380105703e-06,6.7276017764407115e-06,HIST2H2BE
ENSG00000172432,6.030911427367318,2.0679193971253675,0.4332850695883888,4.772653253641638,1.8181466200523093e-06,6.737837474311499e-06,GTPBP2
ENSG00000160593,8.402313535019635,-1.6384935028548806,0.34332815770296654,-4.772383115376275,1.8205876815962308e-06,6.741799447900436e-06,AMICA1
ENSG00000172354,141.63712375589625,0.4617129524035496,0.09680970415774189,4.769283786377797,1.8488205725138941e-06,6.841192991967828e-06,GNB2
ENSG00000104412,16.369093633952176,1.0881501166753391,0.22829475315679965,4.766426304716539,1.8752227484949315e-06,6.933667860123471e-06,EMC2
ENSG00000124614,225.0578996343694,-0.45019507902647904,0.09457450632681215,-4.7602160086438365,1.9338587231467604e-06,7.145099071836978e-06,RPS10
ENSG00000163735,5.016293929708967,-3.25267606929962,0.6841598630541563,-4.754263213833323,1.991714170317586e-06,7.347810385090553e-06,CXCL5
ENSG00000196154,1617.1232170372832,-0.40371894048407364,0.0849170429922569,-4.754274598573651,1.9916019508282045e-06,7.347810385090553e-06,S100A4
ENSG00000069424,7.316082954892853,-1.9435840710544978,0.40909928088333974,-4.750886060855084,2.0252723172124055e-06,7.4660076269930696e-06,KCNAB2
ENSG00000204308,25.02198283779549,-1.015215665275045,0.21396348840621493,-4.744807970917137,2.0870422803689135e-06,7.687950349125068e-06,RNF5
ENSG00000114395,15.193250487437012,-1.191296677507935,0.2514680210942646,-4.737368482576831,2.165112761479018e-06,7.96956113101715e-06,CYB561D2
ENSG00000100997,47.22347511284286,0.7914963429507461,0.16741437130335893,4.727768212422669,2.270011032250575e-06,8.349426805747997e-06,ABHD12
ENSG00000187688,16.305491246778026,1.3990845646142804,0.296522335252196,4.718310893593703,2.3781088157548944e-06,8.740483710261445e-06,TRPV2
ENSG00000154813,74.61163996923767,0.7472370654785851,0.15840419645545387,4.717280742551046,2.390177655334445e-06,8.778275783492873e-06,DPH3
ENSG00000105640,1133.2476386609874,-0.2876900752391044,0.06100661757192273,-4.715719157842786,2.408584758250088e-06,8.83927221959741e-06,RPL18A
ENSG00000169689,12.142934450958785,-1.3472196230622402,0.2857233501975291,-4.715119090304895,2.415694157162777e-06,8.858747080819319e-06,STRA13
ENSG00000099246,68.52020409233155,0.6015738420933291,0.12764609426363527,4.712826080294019,2.443046999737709e-06,8.952373569508652e-06,RAB18
ENSG00000144746,98.9340462497512,-0.4976180230464692,0.10573440746836621,-4.7063017135207135,2.522511042208151e-06,9.23667605172195e-06,ARL6IP5
ENSG00000175727,5.140152269474192,-2.2784229561249743,0.4849636627057119,-4.698131285575469,2.6255265159453513e-06,9.606729187904286e-06,MLXIP
ENSG00000091106,6.098928443975973,-2.062534141699906,0.4393293125097819,-4.694733729277357,2.6695422262194765e-06,9.76051376461496e-06,NLRC4
ENSG00000168002,41.58146690708035,-0.723871362922499,0.15428221797246142,-4.691865157472044,2.7072554523703475e-06,9.891043340481702e-06,POLR2G
ENSG00000213240,48.05509513876959,0.7501715148259701,0.15991197644568012,4.69115279230379,2.7166998979235756e-06,9.918174813073143e-06,NOTCH2NL
ENSG00000213722,76.18076394868999,0.6567786929939008,0.14013821047388686,4.686649635191995,2.7771379176086964e-06,1.0131296011231726e-05,DDAH2
ENSG00000035687,18.57817630191898,-1.172540313999958,0.2503357791598479,-4.68387027190089,2.815082145795771e-06,1.02621021249558e-05,ADSS
ENSG00000065809,17.576322303487167,-1.1804137994748833,0.25203057286773134,-4.6836135237226895,2.818612296824438e-06,1.0267354208002437e-05,FAM107B
ENSG00000110330,19.803323554852142,1.0753722893588271,0.2296438653041601,4.682782568280287,2.8300666372392337e-06,1.0301442559550811e-05,BIRC2
ENSG00000164463,10.288128258195602,1.458547361714289,0.3117402334834195,4.678726725185007,2.886618609950868e-06,1.0499514322204711e-05,CREBRF
ENSG00000084112,5.4798757128498625,-2.449188736950965,0.5239483457740467,-4.674485102787558,2.9469202469124612e-06,1.0710921666662599e-05,SSH1
ENSG00000153485,28.222014577534,-1.0692799376831863,0.2288221377689374,-4.672974162853666,2.9686912462301086e-06,1.0782075967461015e-05,TMEM251
ENSG00000110955,95.51031213961647,-0.5082536415578973,0.1088121004054545,-4.670929424797867,2.998399524685382e-06,1.0881931509825678e-05,ATP5B
ENSG00000213281,19.837703678684612,0.9512262304307544,0.2036851889852769,4.670080505949367,3.010817186914491e-06,1.0918934063836023e-05,NRAS
ENSG00000177733,92.21732689303349,-0.5733877075974679,0.12284044187043486,-4.667743772871192,3.045253357689627e-06,1.1035674778530109e-05,HNRNPA0
ENSG00000145979,24.887384059201672,-1.197098363899728,0.2565850089470661,-4.665503915494499,3.0786163306084418e-06,1.114835714709645e-05,TBC1D7
ENSG00000149806,884.1448473336402,-0.2775732443408406,0.05952742543112929,-4.662947243736941,3.1171268350702743e-06,1.127950019700687e-05,FAU
ENSG00000090621,15.56803934552878,-1.1547704286247729,0.247669092541264,-4.662553638712014,3.123096502108379e-06,1.1292786027491225e-05,PABPC4
ENSG00000102172,23.94213479587595,-0.996874800011959,0.21381755440824915,-4.662268272457144,3.1274314062501323e-06,1.1300145536994963e-05,SMS
ENSG00000139370,6.773354433888507,1.9817742132140286,0.42508434401999057,4.662072929980294,3.130402116042233e-06,1.1302568698186283e-05,SLC15A4
ENSG00000122034,25.85862642872622,-0.8832716797814826,0.18959246559325268,-4.658791039072372,3.1807187197047993e-06,1.1475808949067095e-05,GTF3A
ENSG00000198019,7.50150090481897,1.7922522253143132,0.3847524111635747,4.658196214792141,3.189920977164673e-06,1.1500566164187235e-05,FCGR1B
ENSG00000178896,9.41933555972665,-1.8872651502584925,0.4052803441209913,-4.6566905541687795,3.213328640794886e-06,1.1576464032893013e-05,EXOSC4
ENSG00000100612,67.90277990163042,-0.6490573255536175,0.139404076017557,-4.655942237096949,3.225023507492581e-06,1.1610084626973292e-05,DHRS7
ENSG00000198546,6.192329965902649,-2.1441996362420204,0.4605498909160415,-4.6557380178229355,3.2282221759150725e-06,1.161309207353343e-05,ZNF511
ENSG00000213203,12.730128108816197,1.225143578399369,0.26323722869104943,4.65414251810586,3.2533173092882045e-06,1.1694807064990664e-05,GIMAP1
ENSG00000104408,45.952368526246445,-0.8337289793325499,0.17917483565053652,-4.6531588897821505,3.2688816185896846e-06,1.1742166866776104e-05,EIF3E
ENSG00000102317,45.00026435932892,-0.7900641396226015,0.1698574003612357,-4.65133775709726,3.297886771140439e-06,1.1837703136146179e-05,RBM3
ENSG00000165219,7.905299874899372,-1.7422664223445914,0.3749887758050423,-4.646182858684817,3.3813330648956643e-06,1.2128372759779047e-05,GAPVD1
ENSG00000181817,37.94246604803614,-0.8735276950036137,0.1880554073715739,-4.64505491872208,3.399860003134069e-06,1.2185931477316423e-05,LSM10
ENSG00000170270,11.581930190003728,-1.4461207395099347,0.31152850940210686,-4.6420173302448795,3.4502391419746694e-06,1.2357489171766418e-05,C14orf142
ENSG00000055950,15.655347102636801,-1.2214861332940485,0.26321659785410073,-4.640612116607898,3.47378639243777e-06,1.2432764990851568e-05,MRPL43
ENSG00000105287,6.031309018316517,1.8173605270124704,0.39212477521216493,4.634648565699937,3.5754437681057652e-06,1.278728579073634e-05,PRKD2
ENSG00000112799,28.140057706383537,1.1720122023556037,0.25307686519846284,4.631052314625881,3.638119264651016e-06,1.3001976775632796e-05,LY86
ENSG00000140374,24.861586148677382,-0.8904637705109079,0.19229135459266594,-4.630805021875229,3.6424675720832095e-06,1.3008056431116927e-05,ETFA
ENSG00000175756,108.71596631355834,-0.5057745040619618,0.10925753444690557,-4.629195657968525,3.6708880190270993e-06,1.3100031754175139e-05,AURKAIP1
ENSG00000139318,128.667191807261,0.5504712614910203,0.11895711469280155,4.627476573490992,3.701480858837517e-06,1.3199620421137559e-05,DUSP6
ENSG00000112394,4.671637625162115,-2.7644649410504747,0.5980326284500107,-4.62259885086112,3.789621253477273e-06,1.3504132588533226e-05,SLC16A10
ENSG00000095906,7.458538328494313,-1.6247279866081294,0.35192933968471085,-4.6166312478058895,3.900193943642001e-06,1.3888081912359995e-05,NUBP2
ENSG00000165169,34.03467032819912,0.9586533073157694,0.2077053635879049,4.615448011336736,3.922482266741784e-06,1.3957333713808203e-05,DYNLT3
ENSG00000124733,25.07894796609777,-0.8831196560638851,0.1914594974867521,-4.612566457430464,3.977273189916362e-06,1.414205532217728e-05,MEA1
ENSG00000060982,10.915107923568875,-1.4566931772119311,0.3160201001608311,-4.609495334222668,4.0364759146790815e-06,1.4342185571028927e-05,BCAT1
ENSG00000132386,9.303525719464208,-1.8521859421321,0.40183298662923084,-4.6093426964996835,4.039440269488186e-06,1.4342347893255019e-05,SERPINF1
ENSG00000029153,6.160938043257916,1.8274189814576827,0.3966255292079136,4.607416434103862,4.0770296947555445e-06,1.4465360231067685e-05,ARNTL2
ENSG00000145833,18.492375937669344,-1.0925696472739528,0.2372062286179103,-4.605990549404393,4.10507033375419e-06,1.4554340274219402e-05,DDX46
ENSG00000103381,23.93047833519632,0.9344662699942067,0.20289961624110228,4.605559573280788,4.113581975263802e-06,1.4574002758793312e-05,CPPED1
ENSG00000124126,6.649189097412777,-1.8494903774486493,0.40167117856144213,-4.604488636880726,4.134805921268172e-06,1.463864286535432e-05,PREX1
ENSG00000184014,34.044519220293054,0.912049954992215,0.19813881098059746,4.603085839056169,4.162765534473729e-06,1.472701932066516e-05,DENND5A
ENSG00000119321,22.3516506953343,0.895674593759558,0.19469189056118613,4.600472013384003,4.215346555041971e-06,1.490231149027068e-05,FKBP15
ENSG00000130830,87.56421128133502,0.60909275550861,0.13260816885786847,4.593176730774747,4.36549052196403e-06,1.5422013245816854e-05,MPP1
ENSG00000140577,16.17933653220674,-1.09720662071791,0.23891274423133377,-4.592499342167825,4.379688915363125e-06,1.5461056990010343e-05,CRTC3
ENSG00000001629,6.8913644671473,1.7797980799457,0.3880092094560598,4.586999577769697,4.496615902241839e-06,1.5862433986802866e-05,ANKIB1
ENSG00000115241,16.032938172647338,-1.1008000844224102,0.2404400623468387,-4.578272329818682,4.6883206878805795e-06,1.6526834906919056e-05,PPM1G
ENSG00000110446,18.06578540182601,1.0010972821466282,0.21871518502058215,4.577173194684311,4.7130124826996625e-06,1.660196655196139e-05,SLC15A3
ENSG00000160404,12.873627689240504,-1.3929317385184132,0.30441792358981334,-4.575721830345684,4.745807909393548e-06,1.6705515807134594e-05,TOR2A
ENSG00000114062,29.086579846548997,1.0147826774005153,0.22197009168459073,4.57170905187747,4.837623304623538e-06,1.7016521774459604e-05,UBE3A
ENSG00000108278,18.26945938535885,-1.1564873849088988,0.25304398450573656,-4.570301827833734,4.870222724132434e-06,1.711893738654276e-05,ZNHIT3
ENSG00000156875,23.38675784216354,0.8686605954211826,0.19011426962908115,4.5691498966172635,4.897064592721014e-06,1.720098313697717e-05,HIAT1
ENSG00000168701,62.403681936555245,-0.6482544244756389,0.1421692052716291,-4.559738680659297,5.1217314642254685e-06,1.7977277439431395e-05,TMEM208
ENSG00000084623,52.732032780770716,-0.8095954754586405,0.17812427778888043,-4.545115834340131,5.490505131420854e-06,1.9257917356032885e-05,EIF3I
ENSG00000183023,19.70771243579052,1.1115624065318956,0.24468911639261973,4.54275377229415,5.5524092683688165e-06,1.9461154882142914e-05,SLC8A1
ENSG00000137818,2290.065638455917,0.22766197395158,0.05012745016161682,4.541662765960984,5.581227052774676e-06,1.954821791684587e-05,RPLP1
ENSG00000101558,92.68322238985282,-0.6451948918673676,0.14209149946953134,-4.540700142345367,5.606772591042333e-06,1.9623704068648165e-05,VAPA
ENSG00000171522,13.247682774364346,1.2804313685430777,0.2821561352166178,4.538024195575478,5.678374651782841e-06,1.986016586395792e-05,PTGER4
ENSG00000116157,5.15405873947092,-2.721211662183813,0.6000280574652775,-4.535140696052008,5.756509840395144e-06,2.011912471956027e-05,GPX7
ENSG00000113845,18.455606369542092,-1.0066926382011743,0.2220686123159435,-4.533250456705351,5.8082876056136065e-06,2.0285661189754982e-05,TIMMDC1
ENSG00000116161,103.44598732969273,0.6556141752781683,0.1448894177920218,4.524927943455848,6.041608634002138e-06,2.107059249644181e-05,CACYBP
ENSG00000162385,59.0791556325172,-0.6123411719517401,0.13532408848760094,-4.5249975728293625,6.039619883684171e-06,2.107059249644181e-05,MAGOH
ENSG00000071859,35.38474893012195,-0.7511726328403308,0.16605081192858412,-4.523751640331627,6.075301011558856e-06,2.1173070333900862e-05,FAM50A
ENSG00000182287,211.07741429270996,-0.5786361668459814,0.12795387439107891,-4.522224665721608,6.119305805367312e-06,2.131131731224307e-05,AP1S2
ENSG00000051620,22.015119117655082,1.1068428416678449,0.24481668893447656,4.521108615941144,6.151661210121643e-06,2.1408826619361016e-05,HEBP2
ENSG00000187514,568.3425351231637,-0.3505194381976234,0.07761287794557513,-4.516253584146433,6.294328387334482e-06,2.1889829933023103e-05,PTMA
ENSG00000117984,336.4257700416699,0.6006980611528472,0.13301992266804566,4.515850326059076,6.306319649112921e-06,2.1916021750877576e-05,CTSD
ENSG00000179115,6.980826655469929,-1.692842086960186,0.3748901878398183,-4.515567869926479,6.3147317640199225e-06,2.1929746917592862e-05,FARSA
ENSG00000184840,90.62296562423751,-0.5345436960469918,0.11851986830788341,-4.510161069858667,6.4778421792379644e-06,2.2480308240660564e-05,TMED9
ENSG00000184743,10.600612055622838,1.3103740532101475,0.29125254672545675,4.499099039450957,6.824206150026093e-06,2.366559563954003e-05,ATL3
ENSG00000135378,9.823188585118968,1.517459250292041,0.3373188379646357,4.4985902935285536,6.840554241956255e-06,2.3705559622689027e-05,PRRG4
ENSG00000073578,23.6018623463994,0.8829424586005375,0.19640583957941368,4.4955000344759775,6.940664701721822e-06,2.40355365357724e-05,SDHA
ENSG00000171307,5.033996793142482,-2.1582018629236535,0.4803578211457375,-4.492904597193743,7.025826450742748e-06,2.4313317731654832e-05,ZDHHC16
ENSG00000170955,5.950210439736688,1.9161042400100083,0.42711513524605094,4.486153924061216,7.252035894112046e-06,2.5078468954022935e-05,PRKCDBP
ENSG00000197629,63.2337390966643,0.7365336438156745,0.16444993135534097,4.478771366734009,7.507388913760745e-06,2.5943255360211182e-05,MPEG1
ENSG00000196262,101.46770338426036,-0.4669877603494342,0.10428674082021516,-4.477920746938448,7.537357150741178e-06,2.602851232518774e-05,PPIA
ENSG00000104946,7.8285398559190185,1.5197871426028637,0.3395335067617267,4.47610357250956,7.601761790047775e-06,2.6232484154701382e-05,TBC1D17
ENSG00000100883,29.178995308597397,0.7804006342925159,0.17440860644290548,4.474553465043529,7.65711655241333e-06,2.6404961921795862e-05,SRP54
ENSG00000145416,6.9440503441614965,2.269166446469939,0.5074375846094231,4.471813904396787,7.755890765631074e-06,2.6726821334019003e-05,MARCH1
ENSG00000143353,12.449406722759283,-1.4301660509114131,0.32020827379379546,-4.46636195238477,7.956095989300197e-06,2.7397516251871878e-05,LYPLAL1
ENSG00000163961,6.101549196645218,-1.9401256525017312,0.4344069365689876,-4.466147957546766,7.964054160258682e-06,2.7405715786772525e-05,RNF168
ENSG00000104998,4.8365381537327155,-2.1922358657771936,0.4910058754863527,-4.464785403241321,8.014904430532156e-06,2.756139984019245e-05,IL27RA
ENSG00000064666,13.572231694324124,-1.187961611823228,0.266201713677533,-4.462636980850849,8.095714198012062e-06,2.7819817880441452e-05,CNN2
ENSG00000143155,50.72225043737984,0.668536651998949,0.15006336775978185,4.455028978618737,8.388186389200906e-06,2.880471552518047e-05,TIPRL
ENSG00000162777,8.742308782747955,1.4013047051212053,0.31458088619354213,4.454513184437625,8.408376224059476e-06,2.885388321580186e-05,DENND2D
ENSG00000159256,25.498235409819294,0.837913956743016,0.18813183359876492,4.453865891351823,8.433779070171228e-06,2.8920858583964698e-05,MORC3
ENSG00000166925,59.37083378427149,0.6413021225846346,0.14405410040633412,4.451814427883069,8.514773727123875e-06,2.9178241349432858e-05,TSC22D4
ENSG00000159348,7.486643389549679,-1.683182305428672,0.37834092031098526,-4.448850798494504,8.633095826968868e-06,2.956308912454705e-05,CYB5R1
ENSG00000068400,19.65615207383716,0.9374924005139661,0.21075572950749036,4.448241586146995,8.657612403785352e-06,2.9620740375004557e-05,GRIPAP1
ENSG00000149357,143.1537985522553,-0.42400412136888244,0.09532181614462655,-4.448133056188987,8.661986959479354e-06,2.9620740375004557e-05,LAMTOR1
ENSG00000140995,11.806460339579681,-1.286866144895268,0.28978077936845936,-4.44082643334672,8.961405380189922e-06,3.062332826025958e-05,DEF8
ENSG00000110717,12.385947842545026,-1.3951900191764632,0.3142209118242204,-4.440156484419319,8.989348850723109e-06,3.0697470641037774e-05,NDUFS8
ENSG00000102030,12.271013048339135,-1.234401045039682,0.27802910471217734,-4.439826709212926,9.003134285045049e-06,3.072319574771623e-05,NAA10
ENSG00000133398,60.130052466514506,0.5948668085274262,0.13400665397215605,4.439084111830954,9.03425072207572e-06,3.080798615425405e-05,MED10
ENSG00000112110,79.73001835819028,0.7433884510351371,0.16777462058477538,4.430875471177167,9.385127843773475e-06,3.1982328865674655e-05,MRPL18
ENSG00000136938,33.31105272875739,-0.8312831318453049,0.18769799325366004,-4.428833347844517,9.47441945216893e-06,3.2264239215494196e-05,ANP32B
ENSG00000055070,44.08711663259203,0.7274170440670692,0.1642592323358508,4.4284697652778755,9.49040193243225e-06,3.2296284692501436e-05,SZRD1
ENSG00000166226,16.370115956926863,-1.0627947133219766,0.2402618226921534,-4.423485601720968,9.712110734071763e-06,3.3027897679743006e-05,CCT2
ENSG00000159131,9.876713825842899,1.3664206600863997,0.30900010984182835,4.4220717616762215,9.77589742459844e-06,3.322182568774325e-05,GART
ENSG00000172725,34.92119825461084,-0.8139251834930767,0.1840877447357144,-4.421397984214477,9.806436117975377e-06,3.330257573167312e-05,CORO1B
ENSG00000143727,35.60782464597001,-0.8126366616169242,0.18386785941712835,-4.419677610828934,9.884825276529172e-06,3.3545601801701894e-05,ACP1
ENSG00000103994,19.73750246602944,-1.050109943333451,0.23762131311224272,-4.419258228900627,9.904025035837527e-06,3.3587563165014224e-05,ZNF106
ENSG00000172243,25.770838311006685,1.046136014289484,0.23696402512675616,4.414746135958349,1.0112859495719602e-05,3.427213211170078e-05,CLEC7A
ENSG00000078304,36.039200102927296,0.7805782986053521,0.17705167989582818,4.408759629192,1.0396433490044572e-05,3.519911602871805e-05,PPP2R5C
ENSG00000186407,221.4139937087113,0.568825203437066,0.12902420636987635,4.408670430464832,1.040071560311327e-05,3.519911602871805e-05,CD300E
ENSG00000121316,16.819916863578783,1.3236237449843755,0.30026756222762646,4.408147637276132,1.0425846925813317e-05,3.525988423499424e-05,PLBD1
ENSG00000167978,34.3082054673621,-0.7470076490962332,0.16957133686438933,-4.405270742741357,1.0565183728109977e-05,3.5706542530902636e-05,SRRM2
ENSG00000170222,7.022714553699087,1.6070246012651008,0.3648185629742333,4.404996796664108,1.0578544106737128e-05,3.572712422027921e-05,ADPRM
ENSG00000101966,20.282195013494857,1.09939059185277,0.24959638533504608,4.404673530736439,1.0594330571096476e-05,3.575586567745061e-05,XIAP
ENSG00000165813,18.84534036572268,1.1096719770705112,0.2519520722766085,4.4042978771464325,1.0612703609612342e-05,3.579329137792385e-05,C10orf118
ENSG00000157227,10.505678684753132,-1.5231222263675896,0.34600416062083716,-4.402034425350964,1.072405357067095e-05,3.614403240485394e-05,MMP14
ENSG00000093000,17.31292969260337,1.1364516938396851,0.2582470789234332,4.4006371672325,1.0793347280402696e-05,3.632774557253345e-05,NUP50
ENSG00000156110,9.86264060633994,-1.7378561440786116,0.3949043702071504,-4.400701220822156,1.0790161366067616e-05,3.632774557253345e-05,ADK
ENSG00000110934,26.695341626154057,1.0699176118476614,0.24318348811711032,4.399630995227847,1.084351054858157e-05,3.647160221473637e-05,BIN2
ENSG00000174173,9.612680216737358,-1.4782284282794773,0.33602663491732665,-4.399140647416742,1.0868037713259197e-05,3.652909529613932e-05,TRMT10C
ENSG00000182934,14.164167214605598,-1.2192531347981643,0.27737152032000245,-4.395740173293627,1.1039592355391943e-05,3.708035327026385e-05,SRPR
ENSG00000136603,57.21802937779493,-0.7406834278841549,0.1685470241895743,-4.394520944202887,1.110173004928562e-05,3.7263593894938204e-05,SKIL
ENSG00000155329,30.525480537654285,0.7343650686623678,0.1671627121963803,4.393115300735529,1.1173782695375461e-05,3.7479841750904444e-05,ZCCHC10
ENSG00000237765,11.84408870979225,-1.387446100379264,0.3158493844762708,-4.392745937054376,1.1192790051403126e-05,3.751798793492153e-05,FAM200B
ENSG00000089063,41.65165066407005,-0.7824883514752138,0.17820109475392884,-4.391041214172799,1.1280915327558688e-05,3.778760594384689e-05,TMEM230
ENSG00000186184,30.883504155292847,-0.7428779701951231,0.1692084759357672,-4.390311809658549,1.1318823726016298e-05,3.7888760074689433e-05,POLR1D
ENSG00000032444,12.40803490727729,-1.2260880974670043,0.2792927291677726,-4.389974995483992,1.1336369547555012e-05,3.792166096438756e-05,PNPLA6
ENSG00000170248,26.501632241543398,-0.8070118025059504,0.18394473612687712,-4.387251407669032,1.1479207672162195e-05,3.837335136122791e-05,PDCD6IP
ENSG00000166278,5.725978457490633,2.5477932906758,0.5808339621918565,4.386439940704143,1.1522096038994985e-05,3.849053700586088e-05,C2
ENSG00000198053,46.40804123318221,0.6320116336488648,0.14419502931530495,4.383033428058554,1.1703814615156427e-05,3.907102243130345e-05,SIRPA
ENSG00000054267,63.3351557896942,0.7080327216856983,0.16158305506280787,4.3818500733909485,1.1767577785858294e-05,3.925721469090812e-05,ARID4B
ENSG00000026025,1966.7749266790124,-0.3054679424007267,0.06973296101854046,-4.38053881462899,1.1838620101436424e-05,3.9467421423648975e-05,VIM
ENSG00000169084,8.89950308203362,1.4559888251889643,0.3326035939974494,4.377549886608049,1.2002089541256528e-05,3.998526644456582e-05,DHRSX
ENSG00000143702,15.97835433824119,-1.0567630754361184,0.2414184630600331,-4.377308437976987,1.2015388392750457e-05,4.000245160025457e-05,CEP170
ENSG00000179218,142.41650105489174,-0.50895942469327,0.11637779239095174,-4.3733380246938,1.2236103910909165e-05,4.0709691684636175e-05,CALR
ENSG00000116898,13.89183265284634,-1.2003002959252362,0.27460280691860334,-4.371041612407932,1.2365522148343608e-05,4.111243290728044e-05,MRPS15
ENSG00000141298,7.908144222341981,-1.9408802637563671,0.4441272304006516,-4.370099671676244,1.2418983718559604e-05,4.126226233468688e-05,SSH2
ENSG00000159720,117.61332355996305,-0.4532885669995033,0.10378760479010962,-4.367463416428117,1.2569784222358304e-05,4.173508085720859e-05,ATP6V0D1
ENSG00000130755,147.0549030217578,-0.6212422883140355,0.14233693585081353,-4.364589448273449,1.2736172773800639e-05,4.225898245135472e-05,GMFG
ENSG00000225697,4.985913743209243,-2.67937876674439,0.614017122987199,-4.363687373585264,1.2788830334053503e-05,4.2405069002387935e-05,SLC26A6
ENSG00000142864,45.809714413244976,-0.7832399819774014,0.17954478778509558,-4.362365466798697,1.2866370492558413e-05,4.2633408361720866e-05,SERBP1
ENSG00000171735,74.11610584651783,0.5344955628666226,0.12254271232331375,4.361708278958461,1.2905086428402232e-05,4.273288053178475e-05,CAMTA1
ENSG00000131652,8.98016563699107,-1.597533962732995,0.36678208237785487,-4.355539813657618,1.327393862830864e-05,4.392466964276677e-05,THOC6
ENSG00000130414,15.912218602607325,-1.049665438414516,0.24106106909210867,-4.354354862723364,1.3345936637262652e-05,4.4133198274231945e-05,NDUFA10
ENSG00000248323,23.356977779661015,-0.8730763463992331,0.20060435534673782,-4.352230263845221,1.34759617403035e-05,4.4533205105481775e-05,LUCAT1
ENSG00000141505,20.657797754373338,-1.3626533630114364,0.31321698718499513,-4.350509131890133,1.3582179835581122e-05,4.4854053569923136e-05,ASGR1
ENSG00000099940,43.91641050426084,0.6543450227962568,0.15052145815612414,4.347187642293207,1.3789424416975974e-05,4.550787883480184e-05,SNAP29
ENSG00000114383,19.97505731199611,-1.0203936275595513,0.23478135958497393,-4.346144129002893,1.385515478492783e-05,4.569411450545997e-05,TUSC2
ENSG00000172869,7.019021022037936,1.4917588122038552,0.3433383718026041,4.344864817677628,1.3936145763024189e-05,4.593039589503747e-05,DMXL1
ENSG00000151466,10.564483480768509,1.5284506860550817,0.3518578215368913,4.343944037904037,1.3994717983606801e-05,4.6092522903112484e-05,SCLT1
ENSG00000177600,958.9845894365408,0.2523308525404003,0.05810641171541167,4.342564703121637,1.4082899087560385e-05,4.635188621317598e-05,RPLP2
ENSG00000168066,30.302974296431316,-0.9512674205253904,0.21909682350556905,-4.341767284915524,1.4134119642037345e-05,4.648933328043609e-05,SF1
ENSG00000086062,9.765694653346884,1.3243187994840868,0.305137660826792,4.340069973322047,1.4243735237480404e-05,4.681853843276168e-05,B4GALT1
ENSG00000134215,17.109962791983612,0.9552764023399037,0.22017845385685497,4.338646155454245,1.433631294831095e-05,4.709133812032086e-05,VAV3
ENSG00000155096,29.240606066533793,0.9227356535030733,0.21309255471258745,4.330210667133022,1.4896675911438354e-05,4.8899176975056145e-05,AZIN1
ENSG00000188186,148.6800095615838,-0.44387002865637915,0.10251202679560177,-4.329931253250991,1.491558988242567e-05,4.8899176975056145e-05,LAMTOR4
ENSG00000196839,242.45974448387983,0.7044094236934272,0.16268426886375661,4.329917260060035,1.491653770565917e-05,4.8899176975056145e-05,ADA
ENSG00000135823,16.74463103733727,-1.2364230872424167,0.28567717405143217,-4.328042978399864,1.5044011758539236e-05,4.9284182520974535e-05,STX6
ENSG00000073803,19.42909386788681,1.0080335191130254,0.2330760850081028,4.324911837600076,1.5259287661120477e-05,4.995612229629982e-05,MAP3K13
ENSG00000063177,532.1370268886094,-0.3734755376353837,0.08638365841477813,-4.323451269476348,1.5360707955238156e-05,5.025467303065266e-05,RPL18
ENSG00000126522,7.129944264613954,-1.787813706887502,0.41367833379596086,-4.321748471771083,1.5479759807139815e-05,5.061047218382238e-05,ASL
ENSG00000163584,13.601041717278795,-1.215469618638916,0.28133406165246094,-4.320378455063917,1.5576183195948142e-05,5.08918645112295e-05,RPL22L1
ENSG00000163512,50.44384850192402,0.6744914772575347,0.1562751109914628,4.316051820269586,1.5884470464456325e-05,5.186464309789926e-05,AZI2
ENSG00000171612,12.961236169706911,-1.2614118494670328,0.29243992100929034,-4.3134051093761565,1.607591558323529e-05,5.2454879930954994e-05,SLC25A33
ENSG00000173334,10.028097664641146,-1.4318443941569663,0.33198143097951754,-4.313025550652885,1.61035499484274e-05,5.251018211451377e-05,TRIB1
ENSG00000127483,34.144858235507925,-0.7589658700039027,0.17606406027671587,-4.310737062470634,1.6271128844286654e-05,5.3021437096037546e-05,HP1BP3
ENSG00000103811,107.56905647312999,-0.6096205998288265,0.14143047716681081,-4.310390603503421,1.62966433751083e-05,5.306938737261908e-05,CTSH
ENSG00000178585,18.779923162020047,-1.040388404816756,0.2420730204063165,-4.29782882483342,1.724792768694594e-05,5.6130011028908845e-05,CTNNBIP1
ENSG00000171311,14.267050015881022,-1.1119424004112584,0.2587518178819685,-4.297331742490323,1.728663860388021e-05,5.6218757180322534e-05,EXOSC1
ENSG00000166913,262.0246677883499,0.3580142467661524,0.08333861801187034,4.2958985318806056,1.7398715699747122e-05,5.654582602417815e-05,YWHAB
ENSG00000128228,98.1647209590852,-0.8682074783258913,0.20222174646061375,-4.29334378483864,1.7600216170139078e-05,5.7162896404536305e-05,SDF2L1
ENSG00000100650,163.3098183500615,-0.4300944948433471,0.10018959428163766,-4.292806033671833,1.7642912543603854e-05,5.726372010519771e-05,SRSF5
ENSG00000197045,34.331879695437635,0.8338755077696594,0.19428117915503626,4.292106478848511,1.769860351786115e-05,5.740655952922092e-05,GMFB
ENSG00000042980,12.152877895686657,1.0998772698047843,0.25641613317907713,4.289423041243067,1.79137871953416e-05,5.806619411471545e-05,ADAM28
ENSG00000129197,9.34894285527432,-1.528300393242815,0.3563886146960871,-4.288297465804523,1.8004786638942355e-05,5.832269053642896e-05,RPAIN
ENSG00000140750,9.11341848972595,1.2942041556830313,0.30194209830046087,4.2862660191066695,1.8170138884935606e-05,5.881954050103661e-05,ARHGAP17
ENSG00000111142,13.905361265317701,-1.0987834390698543,0.25638607282550285,-4.285659618561612,1.8219777362157005e-05,5.894139957711621e-05,METAP2
ENSG00000145782,45.68270825071118,0.6715504891005359,0.15680275353136536,4.282772298167616,1.8457903593604948e-05,5.967245938090441e-05,ATG12
ENSG00000125454,23.375990214232985,-0.9160974769161413,0.21453436879224896,-4.270166510258656,1.953270851109032e-05,6.310567365121489e-05,SLC25A19
ENSG00000166441,646.9619551033643,-0.2683238711073619,0.06285188094124829,-4.269146238569719,1.962225931703265e-05,6.335333921412512e-05,RPL27A
ENSG00000090316,14.43689537703859,-1.3332155981652787,0.31234594528380555,-4.268394126115147,1.968852358126513e-05,6.348386146872497e-05,MAEA
ENSG00000146701,22.765019167630733,-0.9114974667779638,0.21354401838000917,-4.268428934197172,1.9685452145790107e-05,6.348386146872497e-05,MDH2
ENSG00000132670,14.757269740144952,1.3565460201350321,0.3180173874163579,4.265634753985956,1.99334656462386e-05,6.423150831843703e-05,PTPRA
ENSG00000156232,16.440607632351885,0.9770068907354975,0.22916463220711478,4.263340644347321,2.0139314075365214e-05,6.48522866096623e-05,WHAMM
ENSG00000138613,12.65490570745527,-1.1974623121413832,0.28088522944375954,-4.263172949723033,2.0154440289899995e-05,6.48584935065937e-05,APH1B
ENSG00000108932,3.3809182188749847,-3.452771901616148,0.8102575042181124,-4.261326656823779,2.03216944782753e-05,6.535393106429635e-05,SLC16A6
ENSG00000116350,28.109805337047938,0.8256659368015087,0.19382990104055423,4.259744922579092,2.0466032836612234e-05,6.568914785049805e-05,SRSF4
ENSG00000124831,106.91524948907396,0.5474119943891131,0.12849957575317592,4.260029585160585,2.043998463237265e-05,6.568914785049805e-05,LRRFIP1
ENSG00000129538,16.112706729681967,-1.4353061768263604,0.3369433739118397,-4.259784545286545,2.0462405246642153e-05,6.568914785049805e-05,RNASE1
ENSG00000134046,14.895079925411938,1.064565725131718,0.2499818795239493,4.2585715699034425,2.0573735131388354e-05,6.599173266034098e-05,MBD2
ENSG00000125971,94.483400590206,0.47318984704608935,0.11115379472628295,4.257073257924508,2.0712050185017872e-05,6.63920512780025e-05,DYNLRB1
ENSG00000163171,32.74336491542141,0.7829425215417645,0.18394393961245376,4.256419228550415,2.0772703373555973e-05,6.654306673901829e-05,CDC42EP3
ENSG00000181924,9.709451971487251,-1.4000032340703064,0.3291622595724924,-4.253231326971066,2.107077096086216e-05,6.745392084799782e-05,COA4
ENSG00000171631,53.59639441101443,1.0337126800057082,0.24321171067304168,4.250258662073085,2.1352379111099967e-05,6.831093160933934e-05,P2RY6
ENSG00000198900,54.583126603356334,0.5645309498204513,0.13285811187278837,4.249126695109061,2.1460552239085432e-05,6.861233162190359e-05,TOP1
ENSG00000136783,37.5289139066832,0.7152754297844373,0.16836256097448576,4.248423317181737,2.1528031080687982e-05,6.878331907054664e-05,NIPSNAP3A
ENSG00000110756,13.88345995124526,1.1051291024543437,0.260144791294544,4.248130808058664,2.1556152480422682e-05,6.882841669187594e-05,HPS5
ENSG00000129667,9.997519558412938,1.773807412198558,0.4177185497403937,4.246417625697865,2.172155877243533e-05,6.931151935568e-05,RHBDF2
ENSG00000198624,5.890999334861888,-1.8058194568244714,0.42573119993941205,-4.24168925622897,2.218437065483021e-05,7.074237339249556e-05,CCDC69
ENSG00000066044,15.156258111901145,-1.1508549393310508,0.2715189789952697,-4.238580093331525,2.249379342781838e-05,7.168255570966246e-05,ELAVL1
ENSG00000165672,32.4272999338317,-0.844107772714111,0.19922748003927362,-4.236904329401307,2.2662263951969782e-05,7.217262803627965e-05,PRDX3
ENSG00000175334,48.50877842485251,-0.6426654335986696,0.15168877128550376,-4.2367370251095595,2.267914942184074e-05,7.21796245200294e-05,BANF1
ENSG00000134107,15.926366735339236,-1.0189369915110351,0.24056520063005138,-4.235595958361359,2.2794633240351125e-05,7.250021213144689e-05,BHLHE40
ENSG00000163734,401.83683040550216,-1.3567497006672486,0.3203412620079921,-4.23532607745486,2.282202876689622e-05,7.254039415299355e-05,CXCL3
ENSG00000170776,42.457743590167475,-0.743143875225362,0.1756276887521152,-4.231359420064177,2.3228315300115127e-05,7.378406036507158e-05,AKAP13
ENSG00000078369,56.00867805910285,0.6048516852927442,0.14305495907938956,4.228107079860662,2.3566563439585364e-05,7.481013743031168e-05,GNB1
ENSG00000106829,27.88110099549774,0.7691694392658166,0.18195738938284442,4.227195399289108,2.366221736048236e-05,7.506529122621712e-05,TLE4
ENSG00000103671,18.40966745804635,1.0622718068187675,0.25131010401537585,4.226936322280837,2.3689467167101583e-05,7.510325268331431e-05,TRIP4
ENSG00000102103,24.462301115419578,-0.882857526598445,0.20896352721813688,-4.224935989316598,2.3900870421619562e-05,7.5724614604667e-05,PQBP1
ENSG00000103275,97.16943927259305,-0.4650621173398436,0.11008943112783845,-4.224402947452807,2.3957506603228976e-05,7.58399838695858e-05,UBE2I
ENSG00000163220,947.0909981332525,-0.7329022143978275,0.17349660574197587,-4.224302897820373,2.396815119036767e-05,7.58399838695858e-05,S100A9
ENSG00000139637,7.389965733215612,-1.8049265148534124,0.42733743780131933,-4.22365642509555,2.4037039957809028e-05,7.600901824496368e-05,C12orf10
ENSG00000005810,16.36634527780783,1.0621279594013568,0.25172671247637174,4.219369287242621,2.4498671032711647e-05,7.741895141784247e-05,MYCBP2
ENSG00000079246,71.77599039821601,-0.570279067849192,0.13523076364859515,-4.217080880583465,2.4748522655729332e-05,7.815825214026602e-05,XRCC5
ENSG00000251562,23455.78694246056,0.16372297639990246,0.038885950551326126,4.210337514671325,2.549894602843369e-05,8.047644237875603e-05,MALAT1
ENSG00000072778,43.75902762462168,-0.6602321946379863,0.1568465858304307,-4.209413874980827,2.5603401397309775e-05,8.075424548548153e-05,ACADVL
ENSG00000067334,62.30882732058561,-0.7074927177850522,0.16810577118649836,-4.20861647278101,2.5693907673267693e-05,8.098772437872831e-05,DNTTIP2
ENSG00000117395,6.583769447908818,-1.7514131998894886,0.41624540953289846,-4.207645681558113,2.5804504614638614e-05,8.128418953611163e-05,EBNA1BP2
ENSG00000157020,16.438433371409467,-1.011234133399561,0.24060644590214922,-4.202855537007573,2.635688085083233e-05,8.297098814925695e-05,SEC13
ENSG00000189266,22.75678694494275,0.7980888396488585,0.19014091181243775,4.197354646306334,2.7005087028244366e-05,8.495710477387503e-05,PNRC2
ENSG00000176261,21.27904271354473,-0.8557037874336234,0.2039987384300713,-4.194652349416121,2.7329041728672183e-05,8.59212482755567e-05,ZBTB8OS
ENSG00000079308,13.02037105644762,-1.120321604716093,0.26710816124320585,-4.19426197800083,2.7376144282240357e-05,8.601430498908511e-05,TNS1
ENSG00000138678,11.436804144945604,-1.7142307996150488,0.4087421158135861,-4.193917713135422,2.7417747624657442e-05,8.60899756086688e-05,AGPAT9
ENSG00000164934,10.983260460074948,-1.262325367845852,0.3010192859358589,-4.19350329637958,2.746790834566054e-05,8.619240205017617e-05,DCAF13
ENSG00000162076,5.080563326220561,-2.1026414757543552,0.502120732661235,-4.187521723332108,2.8201703516272375e-05,8.843852653411771e-05,FLYWCH2
ENSG00000102409,19.48779695080765,-0.9435133321584727,0.2253820280679715,-4.186284684038448,2.835576656084446e-05,8.886494698978934e-05,BEX4
ENSG00000148926,85.42255602970981,0.744837886270703,0.1779477215612154,4.185711846917202,2.842737943275846e-05,8.903259562305614e-05,ADM
ENSG00000204577,18.92074442105966,0.8492383496442102,0.20292857236412373,4.184912650547721,2.852757778470126e-05,8.928950142294394e-05,LILRB3
ENSG00000104765,90.88205887066076,0.5992922503285111,0.14330004578699565,4.182079964016985,2.8885433405577068e-05,9.035201766709467e-05,BNIP3L
ENSG00000140319,424.46660296481804,0.27370754793719654,0.06545482553768654,4.181625200110044,2.8943280137385095e-05,9.04753680630473e-05,SRP14
ENSG00000105281,5.624947287965115,-2.296191902848188,0.549545517003691,-4.178347073719766,2.9363532992097506e-05,9.16827845787753e-05,SLC1A5
ENSG00000112697,22.74787186251941,0.9822674714530593,0.23508662532664112,4.178321374464615,2.9366850412493348e-05,9.16827845787753e-05,TMEM30A
ENSG00000060688,19.110122697665076,-0.985121996264653,0.23601591620531256,-4.173964248274196,2.993447515100506e-05,9.33955624711358e-05,SNRNP40
ENSG00000108175,9.750526765435623,-1.4139875451621748,0.33904555169384054,-4.170494312926457,3.03939640643083e-05,9.476899708883944e-05,ZMIZ1
ENSG00000167515,10.564673639938396,-1.4676176783392312,0.35198103819527415,-4.1695930151925324,3.0514406033362504e-05,9.508420497650181e-05,TRAPPC2L
ENSG00000115875,156.6774453327759,0.49909119437243105,0.11993481727972778,4.161353689382665,3.163666610573363e-05,9.85187435003644e-05,SRSF7
ENSG00000135723,6.1969474516375485,-2.0256028830614112,0.48694248500696574,-4.159840115475722,3.1847045207574434e-05,9.911107039266673e-05,FHOD1
ENSG00000143321,6.9123012287199135,-1.6061053128089084,0.3863641143208568,-4.156973314232582,3.2249164358545805e-05,0.00010029898332778107,HDGF
ENSG00000136653,33.4735199269001,-0.804096313948386,0.19356836115320572,-4.154068925096488,3.2661472144326895e-05,0.00010151706142771813,RASSF5
ENSG00000140564,8.951705044628106,-1.3468621317659222,0.32461738949831853,-4.149075728344179,3.338203742474331e-05,0.00010369110739898144,FURIN
ENSG00000167077,12.761841464690452,-1.1365463333130048,0.27402201233843776,-4.147646109208499,3.359110959394507e-05,0.0001042746131046406,MEI1
ENSG00000107937,7.32696574793332,-1.4978488259624372,0.36123917526351124,-4.146418573981654,3.37716202621225e-05,0.00010476877649499365,GTPBP4
ENSG00000153147,35.31796056775763,0.7088122319663044,0.17104177051886799,4.144088486783488,3.411679995891152e-05,0.0001057728422700891,SMARCA5
ENSG00000010327,5.921830599794574,-1.7856161108124726,0.43096604984477604,-4.143287183423404,3.423627763269128e-05,0.00010607633561604348,STAB1
ENSG00000136235,23.381484128722807,-1.083616738326592,0.2615775123466565,-4.142621927264623,3.433577191400141e-05,0.0001063175697450554,GPNMB
ENSG00000133606,52.71526526582956,0.6213671500573622,0.15002017590673536,4.141890557731743,3.4445470858569975e-05,0.0001065900779590761,MKRN1
ENSG00000111913,6.045321419623265,1.5727255393636996,0.3800381577627527,4.138335867698602,3.498340001057848e-05,0.00010818654981244976,FAM65B
ENSG00000152213,5.567104678825868,-1.8778575364940144,0.45431944638400434,-4.133341752020875,3.575264920451832e-05,0.00011049592339056795,ARL11
ENSG00000197956,1701.610213348071,-0.3538936182037803,0.08563715292713171,-4.1324776234084615,3.5887371393393514e-05,0.00011084257889826256,S100A6
ENSG00000267321,6.264910679350761,-1.796841129465846,0.4348522671833599,-4.132072579739338,3.5950685627101215e-05,0.00011096838515802472,RP11-1094M14.11
ENSG00000140836,6.585316132076712,-1.627473073509301,0.3939587475699704,-4.13107484869402,3.6107098269907435e-05,0.00011138121839191785,ZFHX3
ENSG00000148400,10.761895134027695,-1.5055262482588498,0.36460131776975374,-4.129239733602915,3.639647489284755e-05,0.0001122034364011624,NOTCH1
ENSG00000137267,13.48072072101977,1.138504272068189,0.27583901406131633,4.127422931605718,3.668513197798604e-05,0.00011295159056379913,TUBB2A
ENSG00000163479,128.19183747885103,-0.43125900945666173,0.10448549196275504,-4.127453499576655,3.668025735105497e-05,0.00011295159056379913,SSR2
ENSG00000118939,11.722909206337736,-1.6154906344724758,0.39147862658602645,-4.126638147683078,3.6810491053364354e-05,0.00011326659551423445,UCHL3
ENSG00000245904,6.497423163401048,-1.7877790079965505,0.43346887567934184,-4.124353807859225,3.717770374534131e-05,0.0001143249287888656,RP11-796E2.4
ENSG00000131795,146.58003489155163,-0.4297764979434288,0.1043074585869457,-4.1202853924888565,3.784033878613302e-05,0.00011628982163543319,RBM8A
ENSG00000172270,73.5795356063609,-0.6275557995342641,0.15237807146590598,-4.11841279717651,3.814908770683086e-05,0.00011716538561960429,BSG
ENSG00000171421,19.990398273202583,-0.9747083162209267,0.23673291721017992,-4.117333270368759,3.8328162511757486e-05,0.00011764184296238369,MRPL36
ENSG00000205155,122.51050964368662,-0.4272045177225455,0.10379641391614176,-4.115792652217143,3.858510678049539e-05,0.00011835656349522745,PSENEN
ENSG00000103194,17.890463927885826,-1.3499853725246242,0.32807378061848147,-4.114883456945706,3.8737508620187605e-05,0.00011874991725489824,USP10
ENSG00000213676,19.138795467017395,-0.9030106214057212,0.2194922613633967,-4.114088650764206,3.887120412873164e-05,0.00011908547200036614,ATF6B
ENSG00000163249,8.395721573135344,1.459011037695476,0.35491298760753415,4.110897850007289,3.9412354664471255e-05,0.00012066810643066152,CCNYL1
ENSG00000265666,15.868874523362809,-1.2612302966210875,0.30699904832025,-4.108254743856466,3.986602461747369e-05,0.00012198109898522148,CTD-2267D19.2
ENSG00000092020,47.84424152643672,0.5502699756254049,0.13412239571264192,4.102744904768639,4.0827732046138504e-05,0.00012484597092391077,PPP2R3C
ENSG00000151465,21.17428601506207,-0.8784636894872202,0.21413689285322832,-4.102346297185364,4.0898153732417605e-05,0.00012498353696585829,CDC123
ENSG00000139687,15.747996392479205,0.9499431532817346,0.2316464737586483,4.1008314863082145,4.116682688571162e-05,0.0001257264060387737,RB1
ENSG00000169189,9.774379080174121,-1.301893335239968,0.31753296159269356,-4.1000258011322135,4.1310407965075976e-05,0.00012608654952818841,NSMCE1
ENSG00000115523,28.61027810274064,1.1537501045248215,0.2814963613766079,4.098632390424558,4.155984972337949e-05,0.0001267691505528782,GNLY
ENSG00000149231,24.164813597330955,0.8540666078000002,0.20841769501862936,4.097860345896541,4.1698672051242184e-05,0.00012711369383362536,CCDC82
ENSG00000170017,25.645998382959377,-0.8112028133635649,0.19802566235323463,-4.096452973436119,4.195286627211186e-05,0.00012780929005651437,ALCAM
ENSG00000177989,46.541410333143176,0.7688059484167634,0.18774989428763655,4.094840912341274,4.224583694643488e-05,0.0001286220834911902,ODF3B
ENSG00000104529,511.25730089909223,-0.2896111122166153,0.07074581345946897,-4.093685520805222,4.2457006993164874e-05,0.00012918497360025523,EEF1D
ENSG00000171867,19.67236429117002,-0.9554810299907681,0.23355519709503786,-4.091028766968373,4.2946385070723834e-05,0.0001305931536123372,PRNP
ENSG00000160216,11.992770947285202,1.2542771521726161,0.3066910643923076,4.089708823626476,4.3191505765112645e-05,0.0001312573032342384,AGPAT3
ENSG00000186577,46.18049056546549,0.6235728436090829,0.15252484988177015,4.088336058632061,4.344784331434817e-05,0.00013195469842194494,C6orf1
ENSG00000112081,101.68326166034446,-0.5249192890851491,0.1284682987275885,-4.085983034602317,4.3890585475105187e-05,0.00013321700866254904,SRSF3
ENSG00000120688,27.24291351937594,0.9625542872495474,0.23565004683395505,4.084676834067372,4.413820231538683e-05,0.0001338858803566734,WBP4
ENSG00000198561,9.099989232236847,-1.3499801242761762,0.33059833426183555,-4.08344502790805,4.437292972156239e-05,0.00013451485296221935,CTNND1
ENSG00000118705,39.19360142406521,-0.7527683371288432,0.18439228370114874,-4.082428624556123,4.4567501976868305e-05,0.00013502139624804616,RPN2
ENSG00000160014,162.37691055141255,0.35246008703771914,0.08635211127692895,4.08166148836117,4.471489206649204e-05,0.00013538446063754891,CALM3
ENSG00000012779,17.63611769621007,-0.9048206281877204,0.22182006898953385,-4.079074685665221,4.52153103614649e-05,0.00013673109853306985,ALOX5
ENSG00000165283,10.143393668696048,-1.1800552737544818,0.2892914702413433,-4.0791222526195225,4.520606076384414e-05,0.00013673109853306985,STOML2
ENSG00000204673,14.01668181961444,1.2324961106618402,0.302324163908414,4.07673701872938,4.567209776859264e-05,0.00013802748366227813,AKT1S1
ENSG00000141522,127.77016234904482,0.37932950628727446,0.09308570204771519,4.075056619252142,4.600315297624612e-05,0.0001389425284113543,ARHGDIA
ENSG00000131828,11.45109369446276,-1.211131947080564,0.29731474196638014,-4.073568431455433,4.62982394673833e-05,0.00013974788006309674,PDHA1
ENSG00000160679,42.64898650994762,0.6136678209099047,0.15067438026955943,4.072807997033344,4.64497148416501e-05,0.00014011902930133126,CHTOP
ENSG00000169967,10.67031616440563,-1.2727577391770626,0.3125441979405731,-4.072248813331239,4.656140162422136e-05,0.00014036977152234584,MAP3K2
ENSG00000105618,8.541941842741963,-1.3415447577693291,0.32964959976219016,-4.069608331807841,4.709223878206264e-05,0.00014179611603863716,PRPF31
ENSG00000177954,637.497036489682,-0.2714054743013391,0.06669003746983378,-4.069655447773669,4.7082716600394334e-05,0.00014179611603863716,RPS27
ENSG00000014641,35.81242945881513,-0.7211780961500146,0.17727554586746763,-4.068119449984219,4.739408550394186e-05,0.00014261759716250477,MDH1
ENSG00000047579,24.347593050876362,0.7980405655166796,0.19649659697860525,4.06134547767039,4.879070723241249e-05,0.0001467304377846236,DTNBP1
ENSG00000039319,33.805871386927144,-0.7449509273839465,0.18344106971327354,-4.060982246496587,4.88666877931775e-05,0.00014686905432151326,ZFYVE16
ENSG00000179632,28.334746170280006,-0.7604132004578477,0.18739422982978943,-4.057826119558391,4.953162332580549e-05,0.00014877652629768226,MAF1
ENSG00000196843,66.44730465926361,0.6643778519330487,0.16381930469573827,4.055552873740968,5.0015856416453286e-05,0.00015013922934053236,ARID5A
ENSG00000104131,17.535532800395004,-0.9734335307631521,0.24014994205438547,-4.0534406231199664,5.046981417821805e-05,0.00015140944253465416,EIF3J
ENSG00000115539,11.187456850017742,-1.3093729192230974,0.32313084638937206,-4.05214461526618,5.075027805515129e-05,0.00015215794164918453,PDCL3
ENSG00000100345,28.81183499133362,-0.7335052580676622,0.18109979233841042,-4.050282159887873,5.1155912426253334e-05,0.0001532805815015908,MYH9
ENSG00000154978,24.91768304269203,0.7922921271721012,0.19564677570462183,4.04960482644634,5.130419307473184e-05,0.00015363120339380394,VOPP1
ENSG00000110931,14.844407280582828,1.0083108612753668,0.24900725200256169,4.04932327539197,5.136594951240706e-05,0.0001537224579195909,CAMKK2
ENSG00000117862,41.281886153729644,-0.7970455674992175,0.1971044008580194,-4.043773573951578,5.2597717729044306e-05,0.00015731295491206557,TXNDC12
ENSG00000100632,79.13727932347771,-0.48335119153202727,0.11954909337192772,-4.043118838453081,5.2744869855316515e-05,0.00015756127080183911,ERH
ENSG00000154122,9.789571296452134,-1.2729894916400752,0.3148525510670474,-4.043129037150453,5.274257470499316e-05,0.00015756127080183911,ANKH
ENSG00000137776,28.476719017704596,-0.7148005331481574,0.1768178736939524,-4.0425807539422145,5.2866096574587294e-05,0.0001578274596400498,SLTM
ENSG00000039560,4.958912540801138,-1.9110179687169666,0.4731306710072189,-4.03909128243307,5.365868130383431e-05,0.00016009639339832534,RAI14
ENSG00000162889,12.52606568744318,-1.1478271344466746,0.28420884388704176,-4.038674936177834,5.375399684846798e-05,0.000160283459049376,MAPKAPK2
ENSG00000028137,67.66560264361894,-0.5538802564919179,0.13724112055723742,-4.0358185232167205,5.441226373817374e-05,0.0001621478859972018,TNFRSF1B
ENSG00000134375,28.868223503931723,-0.7563691592873535,0.18751009357743598,-4.033751702944972,5.4893321714717e-05,0.0001634278799589025,TIMM17A
ENSG00000167680,36.27551841824079,-0.6443100633123535,0.15973226712558053,-4.033687588030044,5.490830887508099e-05,0.0001634278799589025,SEMA6B
ENSG00000106153,305.93286627545956,-0.28675225104551716,0.07109284241877561,-4.033489747904438,5.495457936717623e-05,0.00016346658777863438,CHCHD2
ENSG00000122783,6.245324846576893,-1.7059627183243502,0.4231627564822905,-4.031457618118019,5.543199345742567e-05,0.00016478694243786434,C7orf49
ENSG00000092148,13.761947639741258,-1.002248922775242,0.24871123753340937,-4.029769353065962,5.583160777903855e-05,0.00016587455902430197,HECTD1
ENSG00000103363,119.36786721489395,-0.4311250032728084,0.10715534424327254,-4.023364455757188,5.737260894693457e-05,0.0001703498491632849,TCEB2
ENSG00000226328,6.121530635284262,1.9502598951698369,0.4847878653437925,4.022914009588069,5.7482487752463686e-05,0.00017057303430894117,CTA-217C2.1
ENSG00000140379,51.134645796945506,1.0615049531560565,0.2639404647835079,4.021759050953918,5.776513199020245e-05,0.00017130830331916406,BCL2A1
ENSG00000154640,65.34660044823889,0.7230014435805634,0.17981303048803227,4.020851223174751,5.7988221177535374e-05,0.00017186617543209218,BTG3
ENSG00000144579,9.323217319730876,-1.551812783247033,0.3860712932007011,-4.01949798023526,5.8322281752046534e-05,0.0001727520750630239,CTDSP1
ENSG00000188906,21.12883134317134,-0.8589904013441273,0.21376946911454783,-4.0183025429316075,5.8618901946582756e-05,0.0001735260747984986,LRRK2
ENSG00000107175,34.38021396066676,0.6892451023054481,0.17164645943977946,4.015492685109903,5.9321738839049223e-05,0.0001755009179139602,CREB3
ENSG00000107745,18.33400541865049,1.0209576255500077,0.25445272744967085,4.0123666025625395,6.0113049317051425e-05,0.00017773497252947696,MICU1
ENSG00000163950,32.17644853222809,-0.7551864877658063,0.18833642676091378,-4.009773896392799,6.077691732185812e-05,0.00017957222990779213,SLBP
ENSG00000168291,10.2044667517968,-1.253359954070671,0.31258548552510357,-4.009654997144819,6.0807527587823786e-05,0.00017957222990779213,PDHB
ENSG00000120860,26.436248225829743,0.70190170320364,0.1752860353063937,4.004321861560398,6.219563741824691e-05,0.0001835611785425017,CCDC53
ENSG00000102007,149.95842183459615,-0.5095399508432127,0.12734384792380588,-4.001292242622413,6.2997493907646e-05,0.00018581613749230042,PLP2
ENSG00000147168,90.43335201769793,0.5117338814237066,0.12792273590943307,4.0003356540623445,6.32527026342643e-05,0.00018645697705145457,IL2RG
ENSG00000168101,9.777676709920897,-1.2081635760419254,0.30214056080245727,-3.9986805241678085,6.369658870472944e-05,0.00018765289981717052,NUDT16L1
ENSG00000182718,1533.2739653463952,0.2880057593866377,0.07203193265613123,3.998306706020655,6.379724964679941e-05,0.0001878368392836263,ANXA2
ENSG00000005075,79.4998102440529,-0.5432141153212795,0.13596402748926548,-3.995278202274252,6.46183280906719e-05,0.00019014039774704292,POLR2J
ENSG00000197405,152.5707511870784,-0.4912482385894549,0.12305480123613474,-3.9921094801232435,6.548812401186152e-05,0.00019258446522698236,C5AR1
ENSG00000108561,22.070418428301288,-0.9382751309764417,0.2350820299173227,-3.9912669262998492,6.572125828280971e-05,0.00019315446363739647,C1QBP
ENSG00000104522,8.654468216126215,-1.324353442282119,0.3319253123306063,-3.989913974873445,6.60972633874085e-05,0.00019414342635130027,TSTA3
ENSG00000091039,47.82387864834514,-0.6616379406288567,0.16590938341339803,-3.987947679729765,6.664735683550601e-05,0.0001956422410332596,OSBPL8
ENSG00000147400,5.410154238856508,-2.013051443303133,0.504852514139125,-3.9874050082444175,6.679993651292416e-05,0.00019597306747731898,CETN2
ENSG00000053371,6.7167438011175395,-1.8062736486763076,0.45305156116839934,-3.9869052520600747,6.694074228160012e-05,0.0001961726959857123,AKR7A2
ENSG00000120526,7.0763198248988015,1.5092866853778886,0.37856334581435364,3.986880140577684,6.694782482052087e-05,0.0001961726959857123,NUDCD1
ENSG00000035681,62.91559015900458,0.5565766721270337,0.13964386894372294,3.985686420299171,6.728532552862309e-05,0.0001970441535444898,NSMAF
ENSG00000071553,37.8391975879217,-0.6050492158767539,0.15186681206351535,-3.9840779407663063,6.774263811622429e-05,0.00019826523150871125,ATP6AP1
ENSG00000140403,10.073054010931084,1.2505286373404472,0.3139823915784242,3.982798624642297,6.810846330762758e-05,0.00019912259002106538,DNAJA4
ENSG00000198382,11.159596552697888,1.5536088364252851,0.390082472577953,3.982770172055901,6.811662064009175e-05,0.00019912259002106538,UVRAG
ENSG00000048740,24.680492587240096,0.871720662871034,0.2191885006787794,3.9770364785173657,6.977946388264613e-05,0.00020386223871541207,CELF2
ENSG00000163221,85.85964267449523,-0.7736149625024773,0.1945421215775342,-3.9765936355030203,6.990947895519023e-05,0.00020412072464991374,S100A12
ENSG00000105379,27.36409392769391,-0.7861515695073529,0.19771156352471794,-3.9762548810609557,7.000908915244716e-05,0.00020429018057905305,ETFB
ENSG00000106299,7.224072271357965,1.5182092350588385,0.3818898603210352,3.975515961022264,7.022683347358121e-05,0.00020480395233779116,WASL
ENSG00000230055,11.768005068499114,-1.0878204226313766,0.27412862400138654,-3.96828469334116,7.239182050756612e-05,0.0002109925302337959,CISD3
ENSG00000115756,15.21807345482408,-0.9713962549365811,0.24480406315289038,-3.968056095253221,7.246127982402377e-05,0.00021106978604342193,HPCAL1
ENSG00000196924,118.76731620573807,-0.4288595774462246,0.1080960672456359,-3.9673929715841596,7.2663126163489e-05,0.00021153234713707642,FLNA
ENSG00000010610,6.731650529598361,1.405686713830219,0.3543996028601645,3.966389077430375,7.296971091012562e-05,0.00021229908786995697,CD4
ENSG00000167863,68.8126332860015,-0.48045305147259165,0.12113939125212388,-3.9661174330374402,7.305287996660358e-05,0.0002124152971336627,ATP5H
ENSG00000105677,23.48153816748865,-0.8460091524498852,0.2133169723536302,-3.965972060804415,7.309742523989434e-05,0.00021241912928967523,TMEM147
ENSG00000141452,11.083183721390442,1.0941800904132324,0.2760863652218041,3.9631804690325168,7.395783046034636e-05,0.00021479242250717614,C18orf8
ENSG00000176390,16.81569416703267,0.9166360022967249,0.23147045322745785,3.9600561951463376,7.493212842646576e-05,0.00021749349030576062,CRLF3
ENSG00000115750,8.629463398348975,1.364778164403656,0.34479274385814057,3.958256630148725,7.549881501855806e-05,0.00021900895926870971,TAF1B
ENSG00000115350,39.20036436463367,-0.7453180759967595,0.18830415912735987,-3.9580542429371524,7.556280006923739e-05,0.00021906525046621388,POLE4
ENSG00000197858,9.882534245791135,-1.219550768396411,0.3082960864834328,-3.9557776496846544,7.628609032767916e-05,0.00022103174992347605,GPAA1
ENSG00000092820,44.1920828122996,0.6342315735211989,0.16034141703377147,3.9555068506574047,7.637255951325206e-05,0.00022115189006960555,EZR
ENSG00000134684,4.490357306649724,-1.9064071117471526,0.4825599760215181,-3.950611750822333,7.795168986197302e-05,0.00022559163956521522,YARS
ENSG00000133731,7.368425438217427,1.3805406535986102,0.3496404735390182,3.9484577961611427,7.865627917179418e-05,0.0002274967368158897,IMPA1
ENSG00000215301,76.43911408363131,0.4947818326970721,0.12535938417229753,3.9469070142928406,7.916728536779307e-05,0.0002288400237043148,DDX3X
ENSG00000227500,7.625533359609433,-1.3796726714845926,0.3497333904818081,-3.9449269330100134,7.982431498694216e-05,0.000230603576628944,SCAMP4
ENSG00000132294,28.07701351376206,0.6986767890723957,0.17711748663747426,3.944708127563113,7.989723435229363e-05,0.00023067861904064096,EFR3A
ENSG00000169413,49.52023242877976,-0.7908855251989122,0.20054686153504592,-3.9436444886010027,8.025260187489762e-05,0.00023156857640237635,RNASE6
ENSG00000109519,10.281555574845324,-1.1794152036062386,0.29911917536142674,-3.9429608689618343,8.048179107901458e-05,0.0002320936158229329,GRPEL1
ENSG00000182944,83.01713415928654,0.5244115750678703,0.1330070717186493,3.942734535026538,8.055780765756678e-05,0.00023217657878550334,EWSR1
ENSG00000135698,20.957775292595812,-0.925146305869867,0.2348891670312416,-3.938650375250457,8.194123158510201e-05,0.0002360253294309445,MPHOSPH6
ENSG00000102265,7951.484794744118,-0.4663804698015261,0.1184321489694218,-3.9379549713477013,8.217901091951548e-05,0.00023657156394756829,TIMP1
ENSG00000162585,27.159507780891833,-0.7504025768244638,0.19064863294839451,-3.9360501316974332,8.283367659360192e-05,0.00023831656134716618,C1orf86
ENSG00000238057,10.474225393630132,1.1051794563651474,0.2808637827190271,3.9349304693754554,8.322078514602383e-05,0.0002392901920465542,ZEB2-AS1
ENSG00000155438,10.96773313486948,-1.1516459684204317,0.2928597305858636,-3.9324149008693445,8.409675480017413e-05,0.00024166751642576358,NIFK
ENSG00000100055,10.82118342143035,-1.103279058072825,0.2809454166976138,-3.9270228040783537,8.600382972906715e-05,0.00024700340110381995,CYTH4
ENSG00000092094,8.665115089727394,-1.4237207181991913,0.36260704341762295,-3.926346010216517,8.624606409789332e-05,0.0002474099001617325,OSGEP
ENSG00000119535,28.286861854122513,0.7169394479797988,0.18259324015434839,3.926429299210424,8.621621900788606e-05,0.0002474099001617325,CSF3R
ENSG00000008513,19.663307267351414,-0.9178640210505828,0.23384797014318381,-3.9250459197425567,8.671319507017484e-05,0.00024860480780329006,ST3GAL1
ENSG00000230989,252.7331469347372,0.3426894597143258,0.08731898967142447,3.9245696841413684,8.688490706310361e-05,0.00024895185615632137,HSBP1
ENSG00000170348,49.60261496939508,-0.6405819605458499,0.16333722753776775,-3.921836865987768,8.787648255323707e-05,0.0002516462909479062,TMED10
ENSG00000108588,17.604534475809963,-0.915771845935204,0.2336045706433362,-3.9201794871273736,8.848304376217825e-05,0.0002532356884375911,CCDC47
ENSG00000137393,9.592122343390486,1.6500427148656904,0.4210387354582829,3.918980787052024,8.892420196108379e-05,0.00025435013296668554,RNF144B
ENSG00000138175,14.38257051308236,-1.082386743998325,0.2762247744820737,-3.9184998739805983,8.910177601103877e-05,0.000254709789015849,ARL3
ENSG00000169100,11.404352499654753,-1.1610505206262973,0.29662945326616974,-3.9141444244394386,9.072532339730142e-05,0.0002592001390548484,SLC25A6
ENSG00000143621,50.53388272929956,-0.5537355282353197,0.1415391139698402,-3.91224385051126,9.144250786797472e-05,0.00026109731764278193,ILF2
ENSG00000253276,6.2676834581007235,1.568002578735657,0.40101058137849543,3.9101276912583303,9.224734310207561e-05,0.00026324241812055723,CCDC71L
ENSG00000028528,39.79597444250898,0.6086530149768898,0.15583608951795122,3.9057256689361246,9.394304038916039e-05,0.0002679257692816797,SNX1
ENSG00000129071,26.125571078671868,-0.7284158341556994,0.18651196796387523,-3.905464309382996,9.404463849734398e-05,0.00026801832065701935,MBD4
ENSG00000162368,20.939767755125104,-0.9310683587455978,0.23840771822321932,-3.9053616455229254,9.408457532221375e-05,0.00026801832065701935,CMPK1
ENSG00000137692,9.694087075257457,-1.181118178631333,0.3025983660325179,-3.9032536563809717,9.49081442158653e-05,0.0002702077755948795,DCUN1D5
ENSG00000139726,11.076412758248328,-1.082226070519479,0.2774554306725244,-3.900540234142366,9.597827306538962e-05,0.0002730962558444265,DENR
ENSG00000015475,278.59103270546024,0.4777796568490332,0.1225026367442842,3.9001581479945227,9.612987347994715e-05,0.0002733693277085997,BID
ENSG00000125970,65.96192673935067,0.49644732473927206,0.12762407756417654,3.8899190044263436,0.00010027768584977327,0.0002849997387309346,RALY
ENSG00000066322,35.93763577554643,-0.7026516598527557,0.18078485579497036,-3.8866732324616775,0.00010162740966070202,0.00028866883877034084,ELOVL1
ENSG00000065989,10.575383021026905,-1.2510585616854282,0.3219819387962036,-3.8854929762916837,0.00010212244570905633,0.00028990739353801435,PDE4A
ENSG00000123131,13.457775020682508,1.2123288403301518,0.31214810967188505,3.883825667259343,0.00010282564671944687,0.00029160712977881507,PRDX4
ENSG00000135720,16.118549390621904,1.0406959568370122,0.26795872350337263,3.883792037932714,0.00010283987706688778,0.00029160712977881507,DYNC1LI2
ENSG00000171497,38.83204187553975,0.731292878770827,0.18843868722239637,3.880800113554979,0.00010411338411535672,0.0002948864916538844,PPID
ENSG00000182551,9.943089556264544,-1.1836421731198183,0.3050000766967445,-3.880793034346317,0.00010411641494088104,0.0002948864916538844,ADI1
ENSG00000155097,91.98052250588303,0.47578257596831613,0.1226235427019966,3.8800263431026227,0.00010444515217928462,0.0002956471646365234,ATP6V1C1
ENSG00000122042,23.778179659878326,0.7538746683054084,0.19435335759502417,3.878886774244795,0.00010493558012386043,0.00029686438729340826,UBL3
ENSG00000134809,6.266353370149563,-1.7055307167744882,0.439782759629327,-3.878120911815649,0.00010526639892487701,0.00029762893228817356,TIMM10
ENSG00000103005,28.13188044527176,-0.690168562988473,0.1781418074663611,-3.874264962304253,0.0001069470042740714,0.00030220677343461004,USB1
ENSG00000204261,36.438148482725616,0.6325157136037739,0.1632812470163631,3.8737805177369014,0.0001071599294848471,0.00030263442154513715,TAPSAR1
ENSG00000198791,14.143741057987562,-0.9993039768242339,0.2581735621685982,-3.8706673465335166,0.0001085378181481133,0.00030634970613430715,CNOT7
ENSG00000130165,27.183352021374816,-0.6884911150656573,0.17814903853038866,-3.8646917252276642,0.00011122959166235232,0.0003137670570773819,ELOF1
ENSG00000100348,15.180813621391788,-0.994458039458169,0.25752918523125257,-3.8615352996406176,0.0001126767284071344,0.00031766692105143914,TXN2
ENSG00000170852,9.040608126975249,1.2047855904930975,0.31214679902011033,3.8596762621790597,0.0001135373385186734,0.0003199096797481428,KBTBD2
ENSG00000070214,30.45390790081159,-0.8340631422222256,0.21626030377007974,-3.8567556212672844,0.0001149019323402096,0.0003235691091803954,SLC44A1
ENSG00000130640,10.294831495804306,-1.163256798586345,0.3016539627648026,-3.856262281206389,0.00011513395432668895,0.0003240367992905782,TUBGCP2
ENSG00000196754,6.235151732170571,-1.6049503738850988,0.41638145536215626,-3.854519343300629,0.00011595721587062658,0.00032616700560289584,S100A2
ENSG00000135549,8.057789377032037,-1.416276240358499,0.3675446779298253,-3.853344437839761,0.00011651530137206846,0.000327549308319419,PKIB
ENSG00000115307,54.62661477939761,-0.5449035960437137,0.1414611020472457,-3.8519677010696887,0.00011717248070820647,0.00032920844494003804,AUP1
ENSG00000170525,37.36788086028527,0.9612110754054095,0.2495983958409277,3.8510306613428793,0.0001176217700707866,0.00033028193035876873,PFKFB3
ENSG00000228300,16.12399203945705,-0.9698218949990229,0.25203850541218464,-3.847911625300955,0.00011912900903890248,0.00033432321554378457,C19orf24
ENSG00000160211,28.43940203399912,-0.7061822369361273,0.18356488921280825,-3.8470441703992995,0.00011955142258269964,0.0003353171749836678,G6PD
ENSG00000084092,3.717218497313123,-2.2417839587591626,0.5830634962839205,-3.8448367511375374,0.00012063272017120805,0.00033815698055979254,NOA1
ENSG00000127314,69.67473950235615,0.5881081669315859,0.15298222534986064,3.8442908356615932,0.0001209015538447778,0.000338717352105609,RAP1B
ENSG00000103510,8.329760517461972,-1.400709791917553,0.36506232085097967,-3.836905952530034,0.00012459415913543146,0.0003488636455792081,KAT8
ENSG00000102158,20.859397859333445,0.793968449166776,0.20704183027231501,3.8348214373998557,0.00012565554719620975,0.00035163517022902883,MAGT1
ENSG00000173436,58.91415193801875,-0.5198863875566224,0.13563364610499076,-3.8330193317533525,0.00012658000192951763,0.00035402056316542383,MINOS1
ENSG00000115053,24.718669025497867,-0.9037124159716446,0.23586967327037728,-3.8314057226666844,0.00012741319684100296,0.00035614815089686497,NCL
ENSG00000197081,16.332492592044368,0.8868232339228337,0.23164257885294293,3.8284120230151153,0.00012897271672536166,0.0003603024047688614,IGF2R
ENSG00000169682,46.62074337333526,-0.5434285620717176,0.14198207697636456,-3.827444798981079,0.00012948040957943093,0.00036151518901893383,SPNS1
ENSG00000117906,6.6999334504866255,-1.5476100237939308,0.4045452970869778,-3.825554356799734,0.00013047813936830266,0.00036409402433608136,RCN2
ENSG00000118503,38.42481362319459,0.7950004275938515,0.20783652806641817,3.8251236921153424,0.0001307064448350113,0.00036452410324588284,TNFAIP3
ENSG00000198176,7.014914893580894,-1.4165980097020061,0.3706500593655796,-3.8219284576042307,0.00013241210867160434,0.0003690715269496675,TFDP1
ENSG00000092199,66.11707698868348,-0.529876251760377,0.1387468159586037,-3.8190155795609044,0.0001339853013716518,0.0003732447681067443,HNRNPC
ENSG00000107872,20.576439479673763,-0.8076175989589135,0.2114809193922262,-3.8188674480890334,0.00013406577318663158,0.0003732573424584179,FBXL15
ENSG00000143322,19.43969082182406,0.8789544521492242,0.23036341614518407,3.8155123190015234,0.00013590067547991332,0.00037815170968759576,ABL2
ENSG00000173457,5.135121501749062,-1.8655162409834594,0.48909210612524456,-3.8142432020887003,0.000136600895965819,0.0003796701373167616,PPP1R14B
ENSG00000196498,9.840010899775876,-1.229757802648299,0.3224037637497755,-3.814340714715541,0.00013654697419889568,0.0003796701373167616,NCOR2
ENSG00000169641,7.594724022161943,-1.360804124070663,0.35694173677542135,-3.8123984501337436,0.00013762477952839264,0.0003822996984751393,LUZP1
ENSG00000115216,41.51147104301301,0.5975907329450039,0.15698736778431494,3.8066166811971414,0.00014088084149993516,0.00039112342097778605,NRBP1
ENSG00000198856,40.27439580340752,-0.6530917267994971,0.17163130134970003,-3.805201741544906,0.00014168865785488317,0.000393144022980743,OSTC
ENSG00000214253,16.187121459560426,-0.870142195844049,0.22879252858049526,-3.8031932303152547,0.00014284285004951514,0.00039612289229306853,FIS1
ENSG00000124882,29.33555965948707,-0.8546824108571532,0.22488866982466021,-3.800468967705339,0.00014442250434641108,0.00040027760087888554,EREG
ENSG00000147010,37.684822087323695,-0.8052430401892535,0.21205119714592904,-3.797399170706415,0.0001462222234597713,0.00040503720748664946,SH3KBP1
ENSG00000150977,40.11730420451513,-0.6481806756617694,0.17078203308855858,-3.7953680720363425,0.00014742457444551706,0.0004081376669438146,RILPL2
ENSG00000196591,18.410336881888448,-0.892388612123625,0.23558264249349373,-3.7880066318904233,0.0001518607969565006,0.00042018240779518245,HDAC2
ENSG00000169499,9.729394649560248,1.1291915252021696,0.29845160901819096,3.783499539227963,0.00015463861099515767,0.00042762753766471855,PLEKHA2
ENSG00000100815,11.732706933317049,-1.008907795741454,0.2669240920227442,-3.779755465668069,0.00015698245569991434,0.00043386489724936953,TRIP11
ENSG00000159322,54.62957962187254,0.5515340710521576,0.14601392170754018,3.7772704451898593,0.00015855653127842942,0.00043796896835424516,ADPGK
ENSG00000100201,49.77484221383621,-0.5539452073657442,0.14667864892841914,-3.776590604104049,0.00015898974065565766,0.00043891886830443915,DDX17
ENSG00000150337,16.572134191051045,1.3991602591959724,0.37102831948781373,3.7710335996115987,0.00016257277948970408,0.00044855847187670177,FCGR1A
ENSG00000100097,1988.811805022032,0.22565698925035027,0.05985015077620985,3.77036626180143,0.0001630081387463671,0.00044950729169452745,LGALS1
ENSG00000131966,65.99300601618606,0.506395550264553,0.13433508491159526,3.7696447700003866,0.0001634800610836267,0.00045030326242429463,ACTR10
ENSG00000176485,6.628932239080099,2.303235542109877,0.6109893557697141,3.7696819434903235,0.0001634557148079884,0.00045030326242429463,PLA2G16
ENSG00000114850,92.62151666312486,0.4598458448550354,0.12213217105640344,3.7651491894192897,0.0001664496687820903,0.0004582261470001074,SSR3
ENSG00000135596,14.99072953327485,0.8907332669684739,0.2368966723902734,3.7600075086789015,0.00016990825715506845,0.0004674855406830943,MICAL1
ENSG00000119139,4.30176810647357,1.8001832590106694,0.47903699717754517,3.7579211409916815,0.00017133085478217516,0.00047113588158903677,TJP2
ENSG00000161203,112.06125044210762,-0.3866460246154301,0.10290214463624138,-3.757414638754343,0.00017167790129796258,0.0004718261783994341,AP2M1
ENSG00000159884,19.720153200105184,0.7744375110483499,0.2061839067571575,3.7560521731721717,0.00017261472326804097,0.00047413569040757593,CCDC107
ENSG00000125458,6.060650059189943,-1.626313298084727,0.43323745245889694,-3.753861280584975,0.00017413125439091993,0.0004780340693167489,NT5C
ENSG00000157538,23.780668448037723,0.7674431380633204,0.20452627879008017,3.75229600129283,0.00017522240188481123,0.00048076096195531125,DSCR3
ENSG00000135900,29.63201649597376,0.7377181087393977,0.19682852696643705,3.7480243342226123,0.0001782329657212931,0.0004887482106888584,MRPL44
ENSG00000125743,57.705324121577526,-0.5018466622841666,0.13395424026963515,-3.746403706773332,0.00017938781782202688,0.0004916406786265701,SNRPD2
ENSG00000128789,50.93779919295237,0.5566100518133346,0.1486865015902142,3.743514346361942,0.00018146423639212148,0.0004970542127262458,PSMG2
ENSG00000113732,577.3742589739852,0.27938431249919055,0.07468165709077014,3.7410031242292763,0.00018328724216527633,0.0005017107005490473,ATP6V0E1
ENSG00000203667,25.724882759030603,0.7614974313109187,0.2035603975026642,3.7408918466125134,0.0001833684204692896,0.0005017107005490473,COX20
ENSG00000124688,23.315440549874324,0.7641876102337579,0.20452441668204185,3.7364126133740827,0.00018666427806682143,0.0005104442194882363,MAD2L1BP
ENSG00000162980,21.76670490307928,-0.8862271014878043,0.23720626309557205,-3.736103296440943,0.00018689391939523373,0.0005107879421068847,ARL5A
ENSG00000135829,14.150952747457618,-0.9496748728761338,0.25442817461443634,-3.732585333032723,0.00018952445931100912,0.0005176893791296825,DHX9
ENSG00000141971,18.55257124860333,0.8670465442918223,0.23230799162562601,3.732314752602673,0.00018972821908006446,0.0005179580380885759,MVB12A
ENSG00000101474,16.285980749498286,-0.8540359747331211,0.22888541144732333,-3.7312818205963842,0.0001905079601636164,0.0005197979546052254,APMAP
ENSG00000079950,53.451298321019024,0.5115857714986907,0.1371968586598536,3.728844643353269,0.00019235969281126126,0.0005245591179103983,STX7
ENSG00000156471,4.765556581011905,-1.7039714231073404,0.4574484776883667,-3.7249471934370675,0.00019535611197265003,0.0005324347943613988,PTDSS1
ENSG00000169442,82.18288781651063,0.578082042760817,0.1553955268623364,3.720068746077453,0.00019916855763214085,0.0005425245522197008,CD52
ENSG00000089639,16.709603195174974,0.9851650195661583,0.2648853229432808,3.7192133132159575,0.00019984422928307134,0.0005440634585579017,GMIP
ENSG00000099250,4.707242045520096,-2.161248546782742,0.5811521499473906,-3.718903125418001,0.00020008976560137586,0.0005444302924502552,NRP1
ENSG00000136051,16.88720941987878,0.8782189884139316,0.2363918148118914,3.7150989729182196,0.00020312417402564207,0.0005523808473503072,KIAA1033
ENSG00000117362,65.59619839506834,0.5113970685524338,0.13772192869122585,3.713258109382072,0.00020460802302910136,0.0005561083103788739,APH1A
ENSG00000058262,19.40414405814843,0.7851598062234495,0.2114907199976073,3.712502403095192,0.00020522011167806072,0.0005574635869463739,SEC61A1
ENSG00000164022,22.97932525652009,-0.7308095958263557,0.1968893308214131,-3.711778554873706,0.00020580800909345532,0.0005587516887763754,AIMP1
ENSG00000101265,11.06346447518683,-1.2502898980223767,0.337017559383228,-3.709865742041803,0.00020736918638392747,0.0005626792832085144,RASSF2
ENSG00000129355,11.88938121488584,0.9577626155827675,0.25819381039174044,3.7094716334586697,0.00020769222426187276,0.0005632448068558735,CDKN2D
ENSG00000160214,10.580010348933971,-1.0650649093992026,0.2871589465185262,-3.7089734528974168,0.000208101242891808,0.000564042751004051,RRP1
ENSG00000099977,79.72271415168058,-0.4248287354769338,0.11470489011661202,-3.7036671675029873,0.00021250503401788973,0.0005756613766063452,DDT
ENSG00000224877,13.469221375574861,-0.9329887318127633,0.25193558879341416,-3.703282796531812,0.00021282740683419642,0.0005762170122221715,C17orf89
ENSG00000149600,55.383557951866045,0.5240927794040137,0.14155452855870151,3.702409133358645,0.0002135618591893942,0.000577887101352799,COMMD7
ENSG00000056558,28.299526138594413,0.8040011999416228,0.21722417773141015,3.7012509764716026,0.00021453914279164404,0.000579892930516028,TRAF1
ENSG00000120063,14.084264733507997,0.966102191525245,0.26101343778996355,3.701350396766405,0.0002144550848106153,0.000579892930516028,GNA13
ENSG00000233429,12.767055122859153,-1.0662592939243838,0.28817694087340245,-3.700016006460409,0.00021558586890027957,0.000582401847045615,HOTAIRM1
ENSG00000165671,19.193815726459857,-0.840524120141523,0.22733754498152622,-3.697251680138559,0.00021794623980698065,0.0005884548474788478,NSD1
ENSG00000105393,15.497888314712824,-0.946323385988215,0.2560198030204618,-3.6962897979910654,0.0002187732354291487,0.0005903633601860718,BABAM1
ENSG00000174718,30.869119358574874,0.7164986123741548,0.19391361340370947,3.6949371413262964,0.00021994119233873373,0.0005931893628718647,KIAA1551
ENSG00000110200,9.4181714046037,-1.151285172485118,0.31184793449503306,-3.691815930573223,0.0002226585906729101,0.0005998979638205037,ANAPC15
ENSG00000159788,8.772270439391338,-1.4883629588429217,0.40315376090280525,-3.6917997627256303,0.0002226727484754983,0.0005998979638205037,RGS12
ENSG00000172301,7.473737321527724,-1.2989993875606052,0.35231259245479013,-3.687064883232344,0.00022685553037191277,0.0006108318226014134,COPRS
ENSG00000178694,11.194129100353269,1.1055101237275053,0.30006685876626865,3.684212672711789,0.000229410641982381,0.0006173734363096496,NSUN3
ENSG00000063438,4.61967893663175,-1.9164633497985324,0.5205313448607714,-3.681744372783423,0.00023164360931165603,0.0006230414319416955,AHRR
ENSG00000125445,18.17999089150969,-0.8412978842067534,0.22855466897173995,-3.68094814248042,0.00023236826569826964,0.0006246486092129633,MRPS7
ENSG00000152503,5.215722963899102,1.5898831223224925,0.43232652883410705,3.677505349047328,0.00023552613832277027,0.0006327913853024018,TRIM36
ENSG00000145912,11.098632105815764,-1.2263810036609784,0.3335355622811675,-3.6769122766799605,0.00023607417828646387,0.0006339172197266029,NHP2
ENSG00000135926,31.51824484001267,0.7450533547838594,0.20267853950911266,3.6760347523145684,0.0002368872670617785,0.0006357531569315017,TMBIM1
ENSG00000125652,23.724045606455704,-0.6961281670644747,0.18965764975435753,-3.670446027176294,0.00024212759407756063,0.0006494623347691773,ALKBH7
ENSG00000213658,20.997682308712033,-0.846435061910539,0.23064867338856687,-3.669802429275521,0.00024273800499752935,0.0006507444389295468,LAT
ENSG00000158604,12.108812202681264,0.9414281782527177,0.2565822051584087,3.669109389996469,0.0002433969219570459,0.0006521551115032299,TMED4
ENSG00000185608,16.027119823720106,1.0021019378162899,0.27318171373730393,3.6682614077892772,0.0002442054356984924,0.0006539648561429927,MRPL40
ENSG00000073050,5.366867817724305,-1.748696454216833,0.47688889917860156,-3.6668843775328095,0.00024552374309820936,0.0006571370771157956,XRCC1
ENSG00000116209,212.12078118926638,0.28607627779647044,0.07811959639548934,3.6620296442415903,0.0002502248956578169,0.0006693550012316343,TMEM59
ENSG00000141905,5.885240874163575,-1.462257730166571,0.39953125190436883,-3.659933292318706,0.000252280915907055,0.0006744877153249556,NFIC
ENSG00000124767,11.210670314676857,-1.005204217335208,0.27499077175445963,-3.655410728592591,0.00025677055014420767,0.0006854047714879405,GLO1
ENSG00000170004,5.287048522797318,-1.6232629469809792,0.44407276154911224,-3.655398591254182,0.00025678269928964154,0.0006854047714879405,CHD3
ENSG00000205021,34.98490666177765,1.220134846205351,0.3337659604359899,3.6556599259298945,0.00025652122950000446,0.0006854047714879405,CCL3L1
ENSG00000148335,16.55567144177978,-0.9246177092183839,0.2529668706254109,-3.6550940719330094,0.00025708769131779,0.0006858463165774266,NTMT1
ENSG00000186468,644.3484118740924,-0.30778432410246515,0.0842242879865687,-3.6543416567860776,0.0002578427316081197,0.000687487348411449,RPS23
ENSG00000084207,351.63075814185265,-0.30968400540524166,0.0848179593158074,-3.651160767169345,0.00026105775403332534,0.0006956821059217791,GSTP1
ENSG00000188375,8.43761551367128,1.2052750936604926,0.33041266607507574,3.6477871988921637,0.0002645085696428532,0.0007044959952438919,H3F3C
ENSG00000102401,38.278822480167435,0.6092380417222776,0.1671400522553957,3.645075094217041,0.0002673137353364223,0.0007115816335011805,ARMCX3
ENSG00000187522,5.64709139481831,-1.4580485899038642,0.4004687438573822,-3.640854903830185,0.0002717342506802,0.0007229572863251233,HSPA14
ENSG00000204287,3185.310285874427,0.22398610862407525,0.06153363833875787,3.640059562071991,0.000272574981656761,0.0007248016557691145,HLA-DRA
ENSG00000129292,33.296931387921134,-0.6413170704887773,0.17628925543017562,-3.6378681668593758,0.0002749040673792638,0.0007302046416765959,PHF20L1
ENSG00000196352,63.87895244100193,-0.6027814235367323,0.16569516727626699,-3.637893810938386,0.00027487670449273093,0.0007302046416765959,CD55
ENSG00000130741,11.740064146899199,-1.0064505954992562,0.2767181163582784,-3.637096872241508,0.00027572825245767823,0.0007319981807547438,EIF2S3
ENSG00000166532,4.676051263904416,1.607643274639302,0.4424166659131133,3.633776479286223,0.00027930285060129187,0.0007410875852347452,RIMKLB
ENSG00000111481,69.06591952544696,-0.51297343674033,0.1411974586123697,-3.6330217397793207,0.00028012140703086744,0.0007424577098973477,COPZ1
ENSG00000165264,16.86728815914866,-0.863163938609352,0.23758668745722283,-3.6330484163375676,0.00028009243655612606,0.0007424577098973477,NDUFB6
ENSG00000089248,53.7748431823058,0.55408101132657,0.15257606026938864,3.6315068717089907,0.0002817711532206799,0.0007464277341921407,ERP29
ENSG00000139722,8.63349928942161,-1.1811567454762046,0.32542270899487336,-3.6296076236487,0.000283852366108407,0.0007515358443193491,VPS37B
ENSG00000120694,44.34455767766882,0.6139134929510734,0.16918946452431402,3.6285562737439165,0.00028501062920645927,0.000754196139967981,HSPH1
ENSG00000160087,25.161343126681984,-0.7304613020968462,0.20146438668600206,-3.625758944856726,0.0002881140243552025,0.0007619980170513804,UBE2J2
ENSG00000165732,12.726908613700807,-1.1279205102805674,0.31122848494921296,-3.6240915109830785,0.00028997892862286397,0.0007665177274086894,DDX21
ENSG00000198887,8.985108016275284,-1.0983524467115298,0.3034581149950134,-3.6194532043724665,0.00029522619173098346,0.000779968551702179,SMC5
ENSG00000164081,9.020406627620746,-1.1515441780704965,0.3182463508016474,-3.6184049720281517,0.0002964243023973559,0.0007827130693071504,TEX264
ENSG00000129351,10.575798520408394,-1.2445843466108137,0.3439887427745156,-3.6180961521366943,0.000296778145513723,0.0007832265344008781,ILF3
ENSG00000176340,131.25689031245813,-0.3854935702777995,0.10661978326184063,-3.615591389180475,0.00029966273257209144,0.0007904147438858065,COX8A
ENSG00000188725,15.834075367365424,-0.9036590950499356,0.2502635086073197,-3.6108304405970655,0.00030521816177700374,0.0008046362912940968,SMIM15
ENSG00000047315,7.911720373232978,-1.3568908647861335,0.37648795213945285,-3.6040751292979887,0.0003132664387359728,0.0008254108739670619,POLR2B
ENSG00000130312,8.68412719366088,-1.19996087262948,0.33305675678988106,-3.6028720275640937,0.0003147204945053133,0.0008283537814671182,MRPL34
ENSG00000171115,5.989928967374407,1.5467672544106317,0.42930227168097007,3.602979430679766,0.0003145904318603208,0.0008283537814671182,GIMAP8
ENSG00000105397,6.355547102787954,-1.5564169986606142,0.4321299594004987,-3.6017336099997745,0.0003161021894559197,0.0008315450529905726,TYK2
ENSG00000267121,8.48817227677222,-1.2348292122429547,0.3429443617289724,-3.60066923397573,0.0003173991550594839,0.0008345101380215646,CTD-2020K17.1
ENSG00000182054,67.69973954309178,0.6170210923380192,0.17148269256424492,3.5981537443311145,0.0003204841592592304,0.0008421706730480526,IDH2
ENSG00000152291,35.75473260980411,-0.7324415705511118,0.20367974304083675,-3.596045240513982,0.00032309163437186863,0.0008485688355442878,TGOLN2
ENSG00000163513,7.040661448544316,-1.587556898374161,0.44198758783278913,-3.5918585545772364,0.0003283280487422479,0.0008618611279484007,TGFBR2
ENSG00000115685,27.12041727158901,-0.6778282460528263,0.18873790086100117,-3.591373237493104,0.0003289401600429222,0.0008626742473775751,PPP1R7
ENSG00000163444,9.359512214376437,-1.1772894207037996,0.3278139038798928,-3.591334616286272,0.000328988917294582,0.0008626742473775751,TMEM183A
ENSG00000171700,53.40090582097736,-0.6752556621093322,0.18805531870880435,-3.590728870343395,0.000329754525286957,0.000864220659872057,RGS19
ENSG00000241837,105.09386226126267,-0.429182585342091,0.1195894385043361,-3.588800070555809,0.00033220347496541936,0.0008701747739765835,ATP5O
ENSG00000164405,43.19652359792332,-0.6220250098249646,0.17335999862306029,-3.5880538461323166,0.00033315549547188256,0.0008721554774285023,UQCRQ
ENSG00000235531,9.522971300930703,-1.1322739220597173,0.31557865838391336,-3.587929322781591,0.0003333146085898916,0.0008721554774285023,RP11-383H13.1
ENSG00000104447,8.78313999900151,-1.1468765318483114,0.31981569540614185,-3.5860545568029876,0.0003357187525929441,0.0008779786855996419,TRPS1
ENSG00000051523,1568.5452099960753,0.20429602781666342,0.05702032560850248,3.582863227041976,0.00033984857276126324,0.0008883063226323657,CYBA
ENSG00000183617,19.91398068934739,-0.8794082777004195,0.2455360738448264,-3.5815848316292085,0.0003415162069051066,0.0008921906649291302,MRPL54
ENSG00000172053,7.571437557243186,-1.2812146656498118,0.3577840951712447,-3.580971549438466,0.00034231893219161875,0.0008938125572739716,QARS
ENSG00000138448,7.464448145285639,-1.3707278523071447,0.38358025815561986,-3.573509906109494,0.0003522279115856237,0.0009191970034688025,ITGAV
ENSG00000102081,6.461387431079227,1.600548420040229,0.4479645547240156,3.572935410093559,0.0003530018537659743,0.0009207277650774935,FMR1
ENSG00000112078,8.24813496900595,-1.287915200189077,0.36053633477554375,-3.5722202617688565,0.000353967500384965,0.0009227566561759778,KCTD20
ENSG00000095951,8.701036849971084,1.1639735335281673,0.32587751324940023,3.5718129855660106,0.00035451853862840724,0.0009237031276882253,HIVEP1
ENSG00000197903,66.02057154659906,-0.5207879637764729,0.14586406533833615,-3.570365069480885,0.0003564840488605466,0.0009283320700056841,HIST1H2BK
ENSG00000178035,7.1317413464960815,-1.2810460380000142,0.3589302364912678,-3.5690669321228383,0.0003582548977376393,0.0009324494531158683,IMPDH2
ENSG00000136830,8.99982965263339,-1.154890286958346,0.32368570124720236,-3.567937300005549,0.00035980257132779247,0.0009359819139781748,FAM129B
ENSG00000136868,23.332246496507853,0.7158084204736958,0.20068325042449325,3.566856820185985,0.0003612887509635143,0.0009393507525051371,SLC31A1
ENSG00000173039,22.329851270733258,0.9559035331508741,0.2681432955816742,3.5648981305956755,0.00036399753648559723,0.0009458931223110654,RELA
ENSG00000162517,35.566443330777865,0.6145699478252455,0.17253650064225495,3.5619706296207023,0.0003680815694117621,0.0009560004397935512,PEF1
ENSG00000167004,275.66023597470746,0.31641296615102316,0.08886455473773885,3.560620621853512,0.0003699793059730038,0.0009604217166145487,PDIA3
ENSG00000082074,100.59922890090436,0.5452792782362733,0.15316664053610873,3.5600394206447636,0.0003707991270945535,0.0009620416634332819,FYB
ENSG00000146872,6.454361476580111,1.2693563158916452,0.35677049008171036,3.557907257410576,0.00037382124412567154,0.0009693707618118997,TLK2
ENSG00000172331,16.055449397564868,1.2190674456591288,0.34271015034336644,3.5571384286042504,0.00037491661485474447,0.00097169844166467,BPGM
ENSG00000103353,7.439199283482862,1.4712897232801732,0.41393178720066426,3.5544255569986634,0.00037880573292062563,0.0009812606070490008,UBFD1
ENSG00000226380,7.322801020557701,1.3792291760359885,0.3881942414554597,3.5529356923606943,0.0003809575815053318,0.000986314834308325,MIR29A
ENSG00000229833,17.112913055853177,-0.8019567031725675,0.22578982975198686,-3.5517839933422004,0.00038262883276208367,0.0009901201075265293,PET100
ENSG00000183576,12.389116683236473,-1.0960978989185322,0.3087213815401985,-3.5504437478549233,0.00038458231341366206,0.0009946513095340712,SETD3
ENSG00000101460,10.33457088376388,-1.2600888582122327,0.35500904934217953,-3.5494555999266417,0.0003860285579002835,0.0009978665615581236,MAP1LC3A
ENSG00000011260,8.941451950658573,-1.2003134909717321,0.33826110424068445,-3.548482151579768,0.0003874582567519434,0.0010010356854253679,UTP18
ENSG00000167699,8.96853012863357,-1.2469574317039975,0.35145835674018255,-3.5479521479291996,0.0003882387495288517,0.0010025250736651484,GLOD4
ENSG00000116871,42.34765320609351,-0.534634330243138,0.1507839695828148,-3.5456974088316584,0.00039157556747367847,0.0010106104719357439,MAP7D1
ENSG00000187145,18.25581005961556,-0.8166849246788576,0.23040287190410008,-3.5445952471407733,0.00039321640482785174,0.0010143125529260175,MRPS21
ENSG00000005238,13.583518322103131,-1.0200954872184964,0.2880056156580586,-3.5419291560954442,0.00039721213848210244,0.0010240820821096808,FAM214B
ENSG00000141759,17.49423032483279,-0.7889408998467193,0.22277554784657697,-3.5414160462083304,0.0003979854884401428,0.001025460312820943,TXNL4A
ENSG00000184640,8.72861767819164,-1.2726519237244975,0.3593744543276957,-3.5412976865740973,0.0003981640775055676,0.001025460312820943,SEPT9
ENSG00000133112,1378.2006150165462,0.21337758480611166,0.060266832563916066,3.5405475238774793,0.00039929771624387184,0.0010278412664339372,TPT1
ENSG00000105701,54.52485964388174,-0.4662183505932933,0.13174294691639177,-3.5388486557020027,0.00040187618644970925,0.0010339369529915555,FKBP8
ENSG00000025796,8.271793411703971,-1.1896663530351799,0.33638418046783886,-3.5366299074487,0.000405267135585265,0.001042115491504967,SEC63
ENSG00000105122,14.033234275900156,-0.971102925845652,0.2746606023865885,-3.5356469672298014,0.00040677790624272625,0.0010454532590359607,RASAL3
ENSG00000067208,6.684583304191993,-1.5004301136351865,0.4247686231130436,-3.532346863661531,0.0004118887059628097,0.001058035076372842,EVI5
ENSG00000160049,6.328010834631033,-1.3310927325714135,0.3768946449478956,-3.531736920155585,0.00041283985472820084,0.0010599242665278888,DFFA
ENSG00000042286,9.696043762297151,1.0753321223373717,0.3046230706440117,3.5300416349424344,0.0004154942762500071,0.0010656257168541413,AIFM2
ENSG00000145740,6.071525704266097,-1.3673268741072673,0.3873322742797018,-3.530113457883162,0.00041538149567456334,0.0010656257168541413,SLC30A5
ENSG00000147140,19.23460565317378,0.7439781790134531,0.21082801312792263,3.5288393035418624,0.00041738649883529073,0.0010693624897166938,NONO
ENSG00000255398,6.0069803974331535,-1.6260275754649642,0.46076574756063615,-3.528967993114508,0.0004171835839624773,0.0010693624897166938,HCAR3
ENSG00000182670,5.322555630551999,-1.533734479621483,0.43483562502049583,-3.527159209986971,0.0004200441039224358,0.0010756105923266542,TTC3
ENSG00000107798,4.670058870703846,1.5293987285549102,0.43430954188918175,3.5214486006967607,0.0004291958634587825,0.0010984731630398216,LIPA
ENSG00000204370,76.18078790962943,0.4023512888988047,0.1143026576941596,3.520051913188045,0.0004314623413450351,0.0011036990866056756,SDHD
ENSG00000112531,20.976918948741442,0.7526897071945698,0.2138819107194404,3.5191835750051377,0.00043287706713353655,0.0011067418875620179,QKI
ENSG00000143226,81.45689067466924,0.4891337138944686,0.13917949670766772,3.5144092733848855,0.0004407331952889774,0.0011262417689287753,FCGR2A
ENSG00000167986,9.997165499869078,-1.1405677088113406,0.3245531432156364,-3.5142710297325204,0.00044096264601616925,0.0011262424337439999,DDB1
ENSG00000131389,39.26188876869149,0.5251653796070869,0.1494522833703923,3.513933462666161,0.00044152339361288944,0.0011270888084227214,SLC6A6
ENSG00000148634,17.913276665034893,0.7728475179509668,0.22014211396834024,3.510675463315093,0.0004469697178579957,0.0011403993736003068,HERC4
ENSG00000149196,37.19228494490109,0.6459267832151999,0.1840633335333421,3.509263745341186,0.0004493490716589395,0.0011458751106030248,C11orf73
ENSG00000102699,7.124762118611774,1.5368047543351466,0.4381857017473265,3.507199683163836,0.0004528491908588208,0.0011542017240042766,PARP4
ENSG00000134970,14.577725500572313,0.918352585794939,0.26212397812212085,3.503504686500248,0.0004591785755680054,0.0011697270711981227,TMED7
ENSG00000157350,11.329958206754604,1.0278079497278465,0.2934050966665342,3.50303372846992,0.0004599912133217669,0.0011711900633487888,ST3GAL2
ENSG00000104856,49.455537018182085,0.5290216860877835,0.15103708258269727,3.5025947074827037,0.00046074995206992354,0.001172514378286693,RELB
ENSG00000071246,9.746498804608736,-1.2865339786271683,0.3673957529919153,-3.5017660605768604,0.00046218524560895645,0.0011755581247010415,VASH1
ENSG00000203760,7.014805528028221,-1.2947437715627867,0.3700552957044427,-3.498784604873965,0.0004673839844391021,0.0011881660111400661,CENPW
ENSG00000122877,7.627778402480729,-1.2403626049869967,0.35453824923022803,-3.4985297289645527,0.00046783093132671884,0.0011886872784588915,EGR2
ENSG00000215021,9.340247817139183,-1.1156351524128487,0.31898621858989495,-3.497439975133115,0.00046974640951425296,0.001192937393464103,PHB2
ENSG00000115652,15.364212831351558,-0.8998448294508835,0.2576411771794285,-3.4926281555692724,0.00047829202623580976,0.001214011888906389,UXS1
ENSG00000104915,7.421234228480641,-1.204124346904707,0.34484870816686625,-3.491746723673537,0.00047987304621053173,0.0012173960501179932,STX10
ENSG00000104375,11.998434367518774,0.8931010435309497,0.2558550004076698,3.4906530734514307,0.00048184149742322587,0.0012211289934696916,STK3
ENSG00000141141,11.730485110935067,0.9734207047869142,0.2788558237177182,3.490766991376498,0.00048163610674750783,0.0012211289934696916,DDX52
ENSG00000161960,605.080129776102,-0.19278168356635123,0.05523205247823716,-3.490395068014395,0.0004823069757197652,0.001221678597261302,EIF4A1
ENSG00000078618,28.314460151252757,0.6856386740276458,0.19646187655247696,3.4899324289234546,0.00048314269250278866,0.001223164961854046,NRD1
ENSG00000113583,24.833431066990926,0.7011284617125964,0.20096043601852714,3.4888880398724713,0.00048503425766883014,0.0012273214944308092,C5orf15
ENSG00000101365,16.720071540987924,-0.8949650341295651,0.25653924786813576,-3.4886086303238395,0.0004855414854177184,0.0012273409770281215,IDH3B
ENSG00000158195,79.46698912803969,0.4157302567889603,0.11916732893748629,3.488626123415482,0.0004855097147214138,0.0012273409770281215,WASF2
ENSG00000141429,7.3138261881177336,-1.269732624652734,0.36420467687805574,-3.4863160889003915,0.0004897219839688379,0.0012372718916312953,GALNT1
ENSG00000184983,55.581747424850455,-0.4832361326935386,0.13880298397779778,-3.481453487850337,0.0004987003847511635,0.0012593081658104919,NDUFA6
ENSG00000143198,55.526735372361294,0.47263534522368383,0.13589210555117393,3.4780191484022587,0.0005051338387959494,0.0012748986563139678,MGST3
ENSG00000214046,29.034118624888478,-0.5889863046547231,0.16936120492229195,-3.477693164293251,0.000505748499790928,0.0012757947268853286,SMIM7
ENSG00000134480,26.451585461451586,-0.8353854382631936,0.24023828629674923,-3.4773201688231388,0.000506452658632374,0.0012769155282295976,CCNH
ENSG00000130731,8.05144708300329,-1.2140029658555787,0.3491794870490835,-3.476730480690948,0.0005075677652942049,0.0012790707685413963,C16orf13
ENSG00000135404,2415.2896689625827,0.19115780158069803,0.054992508555729507,3.476069861169879,0.0005088197221824087,0.0012815684852918278,CD63
ENSG00000100330,7.166626406938019,-1.3754436724410213,0.39593580157877467,-3.473905787141519,0.0005129411038690402,0.0012912871846375326,MTMR3
ENSG00000122958,54.8989179813273,0.531348960618672,0.15307903657510655,3.4710759389837906,0.0005183773799079152,0.0013043043752521738,VPS26A
ENSG00000081041,200.14947808846182,-0.8045591360813402,0.23206410508010492,-3.4669693350620463,0.0005263619348402874,0.0013237167593680513,CXCL2
ENSG00000183011,15.172808716312886,-0.8891751047787652,0.2566047839609079,-3.4651540437150437,0.0005299278459708772,0.0013320027801027572,LSMD1
ENSG00000089737,27.441445179929794,-0.7811179069901881,0.22544218444459155,-3.4648258439944666,0.0005305749510217969,0.0013329474996529192,DDX24
ENSG00000125898,18.661575484757233,-0.8511901249109726,0.2457522280302922,-3.4636110188431424,0.0005329766108432013,0.0013382969165475172,FAM110A
ENSG00000074071,12.69627652954302,-0.8866518843831119,0.2560061632355687,-3.4634005415222884,0.0005333937440910075,0.0013386602954357561,MRPS34
ENSG00000137055,8.94163176542253,1.2901609600852868,0.3727708621050906,3.4610026996197147,0.0005381674152947116,0.0013499513418878063,PLAA
ENSG00000115232,6.366059621261411,1.2913982388221532,0.37332623409976096,3.4591682042817897,0.0005418464088375347,0.0013584863535855334,ITGA4
ENSG00000141562,8.735771039894107,-1.2746992585766035,0.3687205231042834,-3.457087899108037,0.0005460467077506113,0.0013683189810741988,NARF
ENSG00000166888,16.72455583221211,0.7546286032401467,0.21837341320644643,3.4556798474672092,0.0005489068661984726,0.0013747850869007614,STAT6
ENSG00000173812,2660.7169440462894,0.27464475337873523,0.07950381229303943,3.4544853316773643,0.0005513442070564213,0.0013801861607107765,EIF1
ENSG00000153443,9.25246426456979,-1.1703865919588254,0.33898863140114865,-3.452583607660359,0.0005552453760822768,0.0013892442861854928,UBALD1
ENSG00000145335,39.5131616539356,-0.8328727345235932,0.24150626052084542,-3.4486589818722506,0.0005633777125623793,0.0014088743407285151,SNCA
ENSG00000197756,183.18557791647595,-0.3321356554345074,0.09632111117854053,-3.4482124569645145,0.0005643099660354332,0.001410487880517863,RPL37A
ENSG00000119318,28.264585040356295,-0.7180807951899548,0.20839568295986188,-3.4457565770604806,0.000569463077194291,0.0014226444134889406,RAD23B
ENSG00000273272,13.715390378692694,0.9999742592981835,0.2910301861215007,3.435981238319757,0.0005904118574543193,0.001474229607485023,CTA-384D8.34
ENSG00000172531,215.64725243315092,-0.2884155040579985,0.08397780719539917,-3.43442528079966,0.0005938117554274926,0.0014819659553939556,PPP1CA
ENSG00000142676,1398.9558850305777,-0.20862457462831607,0.06075443539214345,-3.433898665697989,0.0005949665754038057,0.0014840942901189346,RPL11
ENSG00000055044,8.626982911833387,-1.1202102993618035,0.3262727893612062,-3.4333549590666426,0.0005961610686786662,0.0014855656650542423,NOP58
ENSG00000232810,16.011273156588587,0.9300981057659314,0.2708960488025627,3.4334133328161442,0.0005960327179127093,0.0014855656650542423,TNF
ENSG00000033178,10.677918227256253,1.0402653480501838,0.3030638463259817,3.4324956957460806,0.000598053374781525,0.0014895257393190136,UBA6
ENSG00000121410,7.618059276133537,-1.24915873748557,0.36408882141666504,-3.430917578367578,0.0006015433422932539,0.001497458958474696,A1BG
ENSG00000166825,94.84040459806616,-0.5571703029233269,0.16247470678789735,-3.4292740940328947,0.0006051980093538712,0.0015057939331467967,ANPEP
ENSG00000166181,7.940570575008753,-1.172006362362782,0.3418853600375416,-3.4280682923483097,0.000607892518752792,0.001511732711108917,API5
ENSG00000053501,8.914960556074766,-1.0815719491916207,0.31561234134541033,-3.4269000527071727,0.0006105137357079039,0.0015167533562966736,USE1
ENSG00000182500,7.892189944391467,-1.1880095588253468,0.3466724594675014,-3.4268933870609817,0.0006105287217653277,0.0015167533562966736,ORAI1
ENSG00000134697,9.224017450899403,-1.0790700189003573,0.3151002952960785,-3.424528745320368,0.0006158666883953948,0.0015292414890222185,GNL2
ENSG00000158825,8.210167871197783,-1.1181548584345635,0.3266774435382123,-3.4228101160702575,0.0006197735566141483,0.0015381652814151136,CDA
ENSG00000126458,5.531380589153649,-1.3907987214945299,0.40650114136227744,-3.42138946236079,0.0006230204493828157,0.0015454429521792813,RRAS
ENSG00000079616,5.800720810456207,-1.347315314798758,0.39381385367692395,-3.4211983713098757,0.0006234583920174973,0.0015457490102795063,KIF22
ENSG00000009307,51.463931454762815,-0.4933235904897912,0.14423072198007622,-3.4203780145948244,0.0006253417423469626,0.0015496365718068452,CSDE1
ENSG00000090263,6.453048868948104,-1.3303786291761694,0.3893487509157706,-3.4169330864605127,0.0006333084344869021,0.0015685875237241116,MRPS33
ENSG00000170633,21.29077631503566,0.6790294570958082,0.19873583879845239,3.416743860600023,0.0006337487593130499,0.0015688873568082253,RNF34
ENSG00000143514,10.89744770354867,0.9555689747862437,0.27974097633478884,3.4159063405950096,0.0006357010736586915,0.0015729280342189377,TP53BP2
ENSG00000174720,44.18162583998887,0.5593097292361199,0.16375684888444922,3.415489080586683,0.0006366758208313819,0.0015745470475920535,LARP7
ENSG00000153786,8.39910091821475,-1.1790825473033633,0.34544898074662256,-3.4131886704514214,0.0006420747397031131,0.0015871002368717795,ZDHHC7
ENSG00000147065,145.06052573995026,0.39598396522183965,0.1160363970841375,3.412584113023721,0.0006435006475749897,0.0015898251293029158,MSN
ENSG00000185291,13.274160079484616,1.2679223064625915,0.3715750464234326,3.412291322215745,0.0006441922814713463,0.001590734106105626,IL3RA
ENSG00000077549,157.3711463028853,-0.3289782086687441,0.09645202359377444,-3.4107963359514026,0.0006477345462382403,0.0015986778303439038,CAPZB
ENSG00000143079,15.071162882791516,0.7997589846193559,0.23479369688493207,3.4062199932534925,0.0006586907886732092,0.0016249028792872239,CTTNBP2NL
ENSG00000140941,199.33734821771696,0.32471970467321826,0.09533664740744988,3.406032344366283,0.0006591436965753993,0.0016252042774568551,MAP1LC3B
ENSG00000126261,9.227261580379944,-1.1381744699299776,0.33419348895192447,-3.4057350234423933,0.0006598619009971492,0.0016261591682547598,UBA2
ENSG00000169180,5.820018850691102,1.28903313831649,0.37881418694524194,3.402811147890882,0.0006669636426509172,0.0016428367618980487,XPO6
ENSG00000139343,8.48671214808429,-1.1332409774040972,0.33312021578644385,-3.401897944646486,0.0006691962257444292,0.0016475101469479584,SNRPF
ENSG00000133872,261.4413417208772,0.33326339270447297,0.097972656865366,3.4015959489844536,0.0006699360668748793,0.0016485056748238142,TMEM66
ENSG00000137486,5.174271107354598,-1.6346786355059364,0.48073233614579963,-3.400392510750848,0.0006728918580104637,0.0016549502453770866,ARRB1
ENSG00000139626,12.949303320969232,1.0332046253240779,0.30409346902624507,3.397654769214745,0.0006796613069973567,0.0016707632128989548,ITGB7
ENSG00000164346,10.34214207779597,-1.069350564601272,0.31484288898169965,-3.3964577318544054,0.0006826409950320845,0.0016772489247938315,NSA2
ENSG00000198408,22.021049537608818,0.6890822937394342,0.20289373859025087,3.396271854061764,0.0006831047732535785,0.0016775496530575136,MGEA5
ENSG00000064225,24.23748703339814,-0.8013984763968053,0.23599859337454296,-3.3957764956884344,0.0006843421580830303,0.001679748933476529,ST3GAL6
ENSG00000057657,20.976055910243566,0.7911484402085065,0.23310144679226047,3.3940091367754412,0.0006887739454521792,0.0016897829096115867,PRDM1
ENSG00000119707,20.977450621654704,-0.7386692415659779,0.21773208163191302,-3.392560416589115,0.0006924266015264968,0.001697628036787638,RBM25
ENSG00000167578,37.32929829404944,0.5874329632939151,0.17315804569702453,3.3924670432106256,0.0006926626401626403,0.001697628036787638,RAB4B
ENSG00000184384,11.222973524124281,0.9792259340684716,0.28877194604556744,3.391000917775968,0.0006963786792226803,0.0017058847605684203,MAML2
ENSG00000104853,12.916238147562774,-0.9162296740072701,0.2703877352095256,-3.388577049536942,0.0007025628722664983,0.0017201763598991393,CLPTM1
ENSG00000184007,38.87484698090465,-0.6076886171441521,0.17936763792632093,-3.3879501573955784,0.0007041705941506362,0.0017232541332949333,PTP4A2
ENSG00000163154,9.389525815636933,-1.0371720876929627,0.30625073470828507,-3.386676243179977,0.0007074482008667382,0.0017304133693674224,TNFAIP8L2
ENSG00000164167,30.54476439536262,-0.5751087983409565,0.16983186001230005,-3.386342222827356,0.0007083099321705057,0.0017316592073064003,LSM6
ENSG00000264247,6.988475455091949,1.2672103050587218,0.37427949509054753,3.385732645471674,0.0007098850812385024,0.0017346470856320242,LINC00909
ENSG00000068903,13.467834110012184,-0.923671905775337,0.2729633852461178,-3.3838674184909707,0.0007147250708052202,0.0017456058637857117,SIRT2
ENSG00000157600,11.506175240735814,0.9881602699075867,0.2922168401176045,3.381599327095233,0.0007206517396681563,0.001759206482230164,TMEM164
ENSG00000103490,57.7114682012826,-0.7453091912856684,0.22045446841878594,-3.380785141854522,0.0007227903716864132,0.0017635510856340787,PYCARD
ENSG00000089048,4.997028846915404,-1.5479212059515848,0.4580855870054507,-3.379109166194234,0.0007272112537752682,0.0017734571221100087,ESF1
ENSG00000133835,6.73506489039208,-1.396526484167559,0.4134565391683759,-3.377686290744184,0.0007309842105630135,0.0017817740132473454,HSD17B4
ENSG00000115268,780.0590027168441,-0.2091506644936016,0.06193440645217669,-3.376970515655131,0.0007328890568082366,0.0017855313957142662,RPS15
ENSG00000185947,39.20284246489164,0.6008030918987032,0.1779621244609756,3.376016631170585,0.0007354347352550497,0.0017908455347092737,ZNF267
ENSG00000133136,5.9477384403647715,1.328546080894293,0.3936498425873679,3.3749437626141847,0.0007383077649049833,0.0017969511425176264,GNG5P2
ENSG00000099341,97.92232873499881,-0.38476191459336423,0.11401887776206211,-3.374545708091396,0.000739376362029212,0.0017986611104017563,PSMD8
ENSG00000177885,270.3398382818681,0.27704923138257675,0.08210600233739695,3.374287183586196,0.0007400711531587969,0.001799460488185219,GRB2
ENSG00000111605,17.47122892774508,-0.7636385622531026,0.22647412192703056,-3.371857922465619,0.0007466295382634987,0.0018145091745928944,CPSF6
ENSG00000114405,8.473298841997119,1.0329958682541662,0.30662160596172683,3.3689598129073364,0.0007545242902410329,0.0018327891063986336,C3orf14
ENSG00000197345,18.644163827032617,-0.7095922166258949,0.21077667589083648,-3.366559481151512,0.0007611216586814264,0.0018479011021544115,MRPL21
ENSG00000111832,24.94593829679328,-0.6639969909575214,0.19726797352889508,-3.3659644750203794,0.0007627653107828899,0.0018509771541664795,RWDD1
ENSG00000138459,9.03289060494425,1.1284727454703352,0.3354968925970901,3.363586281633784,0.0007693678268825823,0.0018660777400301132,SLC35A5
ENSG00000100410,30.15830456045022,-0.5700126915405065,0.16948627089119128,-3.36317914450103,0.0007705034564084384,0.0018679102046329878,PHF5A
ENSG00000102054,12.931113901369567,-0.8680893253033379,0.2583268891166261,-3.360429602477132,0.0007782136030697271,0.0018856714228228002,RBBP7
ENSG00000130520,21.63773465180163,-0.6969370381806907,0.20748612457201307,-3.35895732602978,0.0007823714799354756,0.0018948119528846361,LSM4
ENSG00000052723,8.951276734699949,0.9956386607663134,0.29659736410635856,3.356869551980514,0.0007883029548970113,0.0019082368080610415,SIKE1
ENSG00000100325,9.39680536636939,-0.9923401431943857,0.2957656432882954,-3.355156914649175,0.0007931997809498593,0.0019191451125492903,ASCC2
ENSG00000158850,6.3785440364971695,-1.4210765211994243,0.42377356864211396,-3.353386398667904,0.0007982917627724419,0.0019305146270983166,B4GALT3
ENSG00000074356,11.322592111725598,-0.9244880371695289,0.27582012689603663,-3.3517787391853067,0.0008029416337483993,0.0019408043227937208,C17orf85
ENSG00000115145,11.980864500204017,0.9664973070542704,0.28844686056869934,3.3506944923884165,0.000806091804157458,0.0019470947030082277,STAM2
ENSG00000185222,14.558529321739355,-1.1521546040289445,0.34386408980606303,-3.3506104248302044,0.0008063365324830573,0.0019470947030082277,WBP5
ENSG00000171206,5.836145517770468,-1.2924823634070663,0.38577241185752387,-3.350375308549578,0.000807021343510572,0.0019477911994159878,TRIM8
ENSG00000104164,14.718885962999096,-0.8506296768283418,0.2540255889390447,-3.348598384836169,0.0008122143759984952,0.0019593625152953386,BLOC1S6
ENSG00000117360,9.917277787691134,1.072273290524797,0.32043908178037506,3.3462625238070043,0.0008190880688545002,0.001974974862782637,PRPF3
ENSG00000170027,12.956111790886439,-0.8662202897592742,0.2589583595263055,-3.3450176752115306,0.0008227732683422247,0.001982887611885087,YWHAG
ENSG00000136710,9.988335089122685,-1.0480229546880735,0.31350552567833134,-3.342917010539027,0.0008290268902975216,0.001996979479863736,CCDC115
ENSG00000158985,30.224698666202194,0.6373497607733778,0.19068592820976793,3.342405843771798,0.0008305552757851952,0.001999680855075183,CDC42SE2
ENSG00000131323,18.68417611146264,-0.7135605524183941,0.2136018051467965,-3.340611058637843,0.0008359423975035258,0.0020116654952655856,TRAF3
ENSG00000159079,5.6710463762572925,-1.4904933902950408,0.44653730558814525,-3.3378922021573882,0.0008441649255297263,0.0020304583671331743,C21orf59
ENSG00000160584,7.061759656073043,1.1968946285767015,0.3590513783935938,3.333491251117437,0.0008576336880147259,0.0020618453732408823,SIK3
ENSG00000130748,13.415995146284203,-0.8910720869532376,0.2673893049124486,-3.332489634336727,0.0008607267674584334,0.002068269601609165,TMEM160
ENSG00000115091,227.32662896389593,0.28621414218035535,0.08591292996279751,3.3314443158240947,0.0008639658303614588,0.0020750381673490755,ACTR3
ENSG00000007944,7.551778629599576,1.0746464712060768,0.32303653847824326,3.3267025342350087,0.0008788013067470051,0.0021094289897988045,MYLIP
ENSG00000108961,6.784647532701834,-1.2775415046298872,0.38403889235727307,-3.326594076938918,0.0008791433803638485,0.0021094289897988045,RANGRF
ENSG00000101577,13.235245137267153,0.9202639610603708,0.277381123720732,3.3176877673438763,0.0009076588551117606,0.0021767865368566086,LPIN2
ENSG00000127838,6.756238239284739,-1.4021890448526897,0.42314303100962064,-3.313747225157087,0.0009205468655991761,0.0022066181939289515,PNKD
ENSG00000096746,58.625767182177896,-0.4256751600341414,0.12850222356201574,-3.312589838795347,0.0009243643281535338,0.002214688595098228,HNRNPH3
ENSG00000175354,32.05372350099359,0.652790906973371,0.19708932679211033,3.3121575764573716,0.0009257938379749314,0.002217032611992599,PTPN2
ENSG00000214941,5.754524047608216,-1.3073076577622065,0.39508664410970146,-3.3089138224556476,0.0009365866060342719,0.002241785963006533,ZSWIM7
ENSG00000157778,7.742245529080053,-1.527878194451426,0.46195838110456655,-3.3073936028570143,0.0009416847634723813,0.002252891396155444,PSMG3
ENSG00000122692,20.17611381460788,0.7800851016597019,0.2358734045747814,3.307219408928247,0.0009422705731699559,0.0022531959107334127,SMU1
ENSG00000168159,7.375074193745565,-1.1316932102537853,0.342362087862481,-3.3055447737202734,0.0009479195767679589,0.0022656015565358707,RNF187
ENSG00000211460,12.765734813576149,-0.8499381419785065,0.257271612377446,-3.303660804720083,0.00095431221030727,0.002279771609844397,TSN
ENSG00000158201,31.84239806528865,0.6446884237174225,0.1954186976518696,3.2990109516844113,0.000970261258730727,0.002316746270846838,ABHD3
ENSG00000115947,5.407263460126483,1.3357896546960502,0.4051224024639458,3.2972495388351915,0.0009763671243626714,0.002330193321572689,ORC4
ENSG00000152234,57.099170493595295,-0.4387084282680488,0.13310388900848905,-3.2959850499940613,0.0009807723423882497,0.002339570529366922,ATP5A1
ENSG00000127445,35.8416298859684,-0.5435942511916757,0.16500494924115372,-3.2944117960802255,0.000986278927398116,0.0023515646041893943,PIN1
ENSG00000006007,7.625477100933785,-1.2487329520068353,0.3791171775862943,-3.2937915394841206,0.0009884577598559497,0.0023556166013249938,GDE1
ENSG00000104763,174.79593444990138,0.48710660890077506,0.1479071435938399,3.2933271312330463,0.0009900920461716968,0.0023572249587634295,ASAH1
ENSG00000141458,8.854561435697654,1.0253075206956654,0.31132686202564397,3.2933474292083758,0.0009900205638729222,0.0023572249587634295,NPC1
ENSG00000100364,8.219513500329413,-1.1855290026667817,0.3601049303422675,-3.292176537377527,0.0009941518528377323,0.002365744409125722,KIAA0930
ENSG00000163468,45.189935326067584,-0.4911509609923621,0.14923280563912164,-3.291172868384417,0.0009977058233872568,0.0023730479513154753,CCT3
ENSG00000273341,28.16379518472327,0.6208938700321773,0.188662059114316,3.291037280876698,0.000998186836664446,0.0023730479513154753,RP5-899E9.1
ENSG00000137288,5.848898450052162,-1.3837911325564518,0.42052570423045404,-3.2906219967902715,0.0009996614439300353,0.002375404417539745,UQCC2
ENSG00000107949,6.848087872717925,-1.2893013643143274,0.3921051419919091,-3.2881521465508645,0.0010084732311821994,0.0023951848516333145,BCCIP
ENSG00000165752,6.375940303994064,-1.3884010811460776,0.42239829005101265,-3.2869476838516603,0.0010127964744259784,0.002404290761028627,STK32C
ENSG00000137955,9.445305293583699,-1.1463546562440363,0.3487839513486773,-3.28671847374661,0.0010136211311239593,0.0024050865467615335,RABGGTB
ENSG00000174891,15.059850190480134,-0.8456709450943919,0.25740192122702116,-3.285410384907478,0.0010183393061538374,0.0024151155166216008,RSRC1
ENSG00000250510,4.126518668997903,-1.7738594058024941,0.5400119020970122,-3.2848524243893853,0.0010203580042670848,0.002418735761200412,GPR162
ENSG00000103365,16.41882952716509,-0.8546279877201305,0.2605175347063043,-3.28050082572599,0.00103622961482444,0.002454402536540044,GGA2
ENSG00000175348,80.57152739640432,0.44534756895205274,0.13575792442093376,3.2804535783207696,0.0010364031874889278,0.002454402536540044,TMEM9B
ENSG00000114098,10.169003548333567,1.0232419333460165,0.3119407291432247,3.280244731607986,0.001037170749449089,0.0024550371208057913,ARMC8
ENSG00000121073,18.107118251721403,-0.7313513361832312,0.2230729560730955,-3.2785298095192923,0.0010434934241874566,0.002468814004071816,SLC35B1
ENSG00000101882,20.396869944972103,-0.6591613751197924,0.20107860789126056,-3.2781278030145016,0.001044980716313615,0.002470589331637984,NKAP
ENSG00000185811,10.758341980051242,1.0592720315061483,0.32314038337402984,3.278055254022701,0.0010452493326160702,0.002470589331637984,IKZF1
ENSG00000184752,270.0529657205496,0.30403594541535234,0.09276678638142094,3.277422418895431,0.001047595147396044,0.002474943535723154,NDUFA12
ENSG00000099956,18.99967878254396,-0.7338962726784846,0.224256678791494,-3.2725726459225575,0.0010657348115974987,0.002516588594036573,SMARCB1
ENSG00000100034,9.49323896016078,-1.0179478378542313,0.3110994754968241,-3.2720975701697164,0.0010675272814594987,0.002519610500044177,PPM1F
ENSG00000071082,577.3678169798003,-0.2217628378776442,0.06797949632733002,-3.262201838181142,0.0011055040020601099,0.0026079916784077675,RPL31
ENSG00000167397,19.983231066125214,-0.7081882630517802,0.21722774869058803,-3.2601187800390083,0.0011136556447343834,0.0026259615346567945,VKORC1
ENSG00000175166,37.849838776403374,-0.5289259128461776,0.16234233671554638,-3.2580898091478936,0.0011216490262567064,0.002642273880644993,PSMD2
ENSG00000204257,156.4841865481589,0.3826551771330472,0.11744769377064578,3.2580901748509765,0.0011216475807568186,0.002642273880644993,HLA-DMA
ENSG00000116266,15.72620991724015,0.8135755475856649,0.24977849239335279,3.2571881581559103,0.0011252181874823767,0.002648142803299042,STXBP3
ENSG00000267040,4.901663364843835,1.395003645426852,0.42827297723819563,3.2572768294250394,0.0011248667196835137,0.002648142803299042,RP11-35G9.3
ENSG00000159210,89.41776975620903,-0.4451453504455794,0.1368560419404967,-3.2526539868742006,0.0011433262789265286,0.0026894711989683875,SNF8
ENSG00000197111,108.34020341484037,-0.3911357435748299,0.12027459856344648,-3.25202285641802,0.0011458680695134984,0.002694160618942264,PCBP2
ENSG00000167315,18.458145801387545,-0.7764493462263505,0.23879130395759335,-3.251581332141974,0.0011476493514584033,0.0026970583037142963,ACAA2
ENSG00000103495,5.119197895630547,-1.315639929766853,0.4046810092756252,-3.2510542862434657,0.0011497790121102291,0.0027007715418306245,MAZ
ENSG00000071462,18.593370352262966,-0.7342437787271153,0.22592599500066127,-3.2499304859760216,0.0011543322112398083,0.0027101712785630285,WBSCR22
ENSG00000136522,41.69487404466561,-0.5146398243115258,0.15836197225080298,-3.2497689754486894,0.0011549879566542535,0.0027104158638963714,MRPL47
ENSG00000139636,7.014770469261812,1.0876204929499305,0.33475224828712963,3.2490311820610605,0.0011579878365439143,0.0027161585817550332,LMBR1L
ENSG00000125910,10.274563294478883,-0.981332773218961,0.3022639337196942,-3.246608886288777,0.0011678876362994197,0.002737898036286739,S1PR4
ENSG00000240230,14.950084599805123,-0.7775441192696397,0.2395029156385051,-3.246491247076214,0.0011683704074263925,0.002737898036286739,COX19
ENSG00000136490,63.12679100217445,-0.5135960439218786,0.15839915951766562,-3.24241647168967,0.0011852068496894218,0.002776027864334518,LIMD2
ENSG00000114503,12.62420805741083,-0.8778189900983755,0.2708439396137709,-3.2410508846908805,0.001190899240952405,0.0027867042238286276,NCBP2
ENSG00000149089,7.194076110674051,-1.176567509066865,0.3630059413096407,-3.241179758166172,0.0011903609599242908,0.0027867042238286276,APIP
ENSG00000156675,8.340616444187924,-1.438198487763991,0.4440307450368234,-3.2389614994896845,0.0011996576603283643,0.0028058628000255034,RAB11FIP1
ENSG00000233927,364.25324771638094,-0.22489646264796248,0.06946206586084812,-3.237687504119051,0.0012050272403748448,0.002817080808373924,RPS28
ENSG00000186222,20.924392114340073,-0.7255802109617964,0.22421268462524488,-3.2361247186997946,0.001211644319534475,0.0028312031318080888,BLOC1S4
ENSG00000049860,105.07098523316415,-0.4126669289110839,0.12760762859818545,-3.2338735030528727,0.0012212353339254663,0.0028522578093677477,HEXB
ENSG00000113013,15.717154431736065,-0.7321157722840151,0.22659110363957136,-3.230999631161866,0.0012335809905294009,0.0028797230344235042,HSPA9
ENSG00000066379,20.283805556892652,-0.7464659378792131,0.23177140805044608,-3.220698981630821,0.001278783860991758,0.0029828754012679645,ZNRD1
ENSG00000138629,8.760355833674838,-1.054208161119757,0.32732730265733745,-3.2206545331275183,0.0012789821877231585,0.0029828754012679645,UBL7
ENSG00000164713,171.79747051868003,0.31573068417858036,0.09804046944259477,3.2204117949827737,0.0012800657727451167,0.002983986341209442,BRI3
ENSG00000188976,7.163435340037347,-1.1173120479213403,0.34713910087035116,-3.2186292040280184,0.0012880492729819535,0.0030011731282282217,NOC2L
ENSG00000137312,135.7488224187676,0.39987972851540515,0.12430171377882704,3.2170089724339648,0.0012953454769283165,0.003016742973282345,FLOT1
ENSG00000213246,131.337036362092,0.39235762053192186,0.12200746295971814,3.2158493506373644,0.0013005908695158802,0.003027524174704422,SUPT4H1
ENSG00000167193,18.803392158016933,-0.7243489024743994,0.2253417116772094,-3.2144466156891207,0.001306962148809542,0.0030409147723722014,CRK
ENSG00000080802,21.051082232843534,0.7241315893675535,0.22550234562600768,3.211193157912934,0.0013218505220245333,0.0030741000781961936,CNOT4
ENSG00000091527,37.70201977726755,0.5180661197383442,0.16155263670355838,3.206794579830792,0.00134222803365806,0.0031200135087018485,CDV3
ENSG00000065526,10.554786791533258,-1.006773170397028,0.31400666687797746,-3.2062159074738963,0.0013449303445096563,0.0031248168855415844,SPEN
ENSG00000197982,80.06751131179857,-0.6177197265593806,0.19270777427058733,-3.2054738263544054,0.0013484030944409787,0.0031314049178085865,C1orf122
ENSG00000106617,37.07437391020531,0.5290164552513247,0.16540300755255316,3.1983484646326117,0.0013821715297599134,0.003208309351554187,PRKAG2
ENSG00000164687,97.86146637174625,0.6200605422565257,0.19388964143157544,3.198007576260065,0.0013838064474117973,0.0032105877632585323,FABP5
ENSG00000153574,8.179842935136161,-1.1324362059293207,0.35412993619715105,-3.1977985766751766,0.0013848097015818383,0.003211399185263404,RPIA
ENSG00000111737,18.573344870347846,0.6824153796491191,0.21352834118351133,3.195900721500174,0.0013939506657052413,0.0032302824545447444,RAB35
ENSG00000184060,35.46508426056192,0.6571549206202428,0.2056285378877985,3.1958352054169654,0.0013942672132864068,0.0032302824545447444,ADAP2
ENSG00000157873,34.59855411442717,0.5428972681050218,0.1700205935018831,3.193126532045713,0.0014074126110056853,0.0032592014941008186,TNFRSF14
ENSG00000178719,80.4448115037699,0.46450684640748835,0.1454995738211243,3.1924962679172406,0.0014104876742388327,0.003264783999627708,GRINA
ENSG00000104872,14.563668290445095,-0.7449744067328279,0.23348247545734435,-3.1907080189790498,0.0014192463079483956,0.0032835105260162036,PIH1D1
ENSG00000161671,16.079092186249426,-0.7195624649856526,0.22573339069703172,-3.18766516005341,0.00143426520816764,0.0033166961096168387,EMC10
ENSG00000139668,6.973056460190621,1.1947357981094715,0.3751268573799096,3.184884725274424,0.0014481168002820268,0.0033471523784505547,WDFY2
ENSG00000170855,6.111790810811355,-1.2531268329970702,0.39350426155538076,-3.184531796539917,0.0014498838149468133,0.003349661056252299,TRIAP1
ENSG00000143761,224.591512224018,0.28472287021757403,0.08951042721292035,3.1808905295502354,0.001468230987741592,0.0033904544519559126,ARF1
ENSG00000170291,8.397344604135483,-1.0924729970189426,0.3435202564397259,-3.180228753731814,0.0014715883507684093,0.003396611158138076,ELP5
ENSG00000133142,15.341698754919905,-0.7924830028573973,0.24944792970795987,-3.176947604997939,0.0014883392206102176,0.003433661469520474,TCEAL4
ENSG00000176393,27.607027307829917,-0.586265788017206,0.1847211092036892,-3.173788802722809,0.0015046312992461717,0.0034696190541978825,RNPEP
ENSG00000162664,12.932133412597715,-0.8331149472288835,0.26292527614732997,-3.16863771880969,0.0015315516982758572,0.0035300398899285,ZNF326
ENSG00000131871,74.64703158153287,0.4151346505331549,0.13105839037516237,3.1675549298660504,0.001537266658146516,0.0035410434381587374,VIMP
ENSG00000141985,7.934796258599203,-1.0439672553764774,0.3295912653252432,-3.1674603219423383,0.0015377669306126873,0.0035410434381587374,SH3GL1
ENSG00000048162,4.686642799600218,-1.396871917320166,0.4410821231630686,-3.1669202716786162,0.0015406255071456717,0.0035459642820205293,NOP16
ENSG00000122566,457.45074575724124,0.2240969545832669,0.07080625763875337,3.16493149131801,0.0015511947021295657,0.0035686192725958264,HNRNPA2B1
ENSG00000076108,10.552305232419247,0.8861735208955616,0.28030504357558317,3.1614612052337483,0.001569797275270252,0.003609725695216668,BAZ2A
ENSG00000124214,27.31644476487024,0.6307472485431806,0.1995225829241472,3.1612824939369033,0.0015707608013831532,0.003610251907388595,STAU1
ENSG00000243317,81.92375330665101,-0.447056555247295,0.1416311348052431,-3.156485019074671,0.0015968308984750238,0.0036684558368893254,C7orf73
ENSG00000197061,16.92635957521451,0.7694232789396176,0.24378455042751065,3.1561609527360335,0.0015986061986736446,0.003670818159010416,HIST1H4C
ENSG00000108344,11.087250250019052,-0.9034495176161964,0.2865055105598457,-3.1533408060836674,0.001614132403423641,0.0037047392015057317,PSMD3
ENSG00000118564,12.843435942595193,-0.8163717409659145,0.2593965106385113,-3.147196309450709,0.00164844246998328,0.003781720960549877,FBXL5
ENSG00000165525,12.62349431918245,-1.1258446689127652,0.3579926530644344,-3.144882050722216,0.001661538041005918,0.003809985036632329,NEMF
ENSG00000118900,14.989918872079414,-0.9065975814948091,0.2883241528018016,-3.144369185463342,0.0016644530903963156,0.0038148892193131975,UBN1
ENSG00000118418,12.066736381955343,0.8538641802018945,0.27198757146949937,3.139349991577268,0.0016932308180232208,0.0038790378740168334,HMGN3
ENSG00000111424,8.174076744507062,-1.0618576178015953,0.33838560258095024,-3.1380106295969625,0.0017009870830579736,0.0038931767704456833,VDR
ENSG00000124193,11.478148654656568,-1.069756254550858,0.3408955518489826,-3.1380763073868505,0.0017006059813316431,0.0038931767704456833,SRSF6
ENSG00000100060,5.9390087500500295,-1.3289554450485828,0.42401199304490733,-3.1342402263320706,0.0017229973664779831,0.003941717438953821,MFNG
ENSG00000116604,3.9026668180428077,-1.5007310436823966,0.47889259005128487,-3.1337529017136863,0.0017258612310782735,0.0039464318704135115,MEF2D
ENSG00000163932,33.0895622161803,0.5620947671286162,0.17949002201794131,3.1316212500794656,0.001738439850881411,0.00397334578010756,PRKCD
ENSG00000121931,7.9471068818865485,1.1583279502765789,0.370251701784464,3.1284878494653907,0.0017570827560890157,0.0040140886394334835,LRIF1
ENSG00000113441,7.061704674207254,1.1024555080356555,0.3525666483871035,3.1269421344278863,0.001766346894634439,0.0040333776209264096,LNPEP
ENSG00000133789,41.42336159625465,-0.5275278550267138,0.16873561856726046,-3.1263574312641853,0.0017698629637816078,0.004039529309810878,SWAP70
ENSG00000169896,6.264891232394573,-1.1864625218407665,0.3795604438830789,-3.1258855894010087,0.0017727050397895907,0.004044137681302715,ITGAM
ENSG00000087087,8.81045080415613,-1.0105296782098885,0.32332902713065836,-3.1253911446729776,0.001775687762388794,0.004049062489270781,SRRT
ENSG00000138663,13.569858708668935,-0.8968080468091895,0.28707119762736016,-3.1239917282586918,0.0017841547234660738,0.004066482519068778,COPS4
ENSG00000197249,169.12973721286326,0.3420997288045218,0.10952394160988402,3.123515496027846,0.0017870445487086837,0.00407118076604287,SERPINA1
ENSG00000087074,177.1431047822229,0.3891047131279842,0.1246446340129462,3.1217125085992063,0.0017980242801799672,0.004092399866977471,PPP1R15A
ENSG00000183648,21.875617969762402,-0.673676006088627,0.2157980732659574,-3.121788790293619,0.001797558490890493,0.004092399866977471,NDUFB1
ENSG00000078808,27.39465517094998,-0.6612360250417211,0.211831315377894,-3.1215215930756828,0.0017991905298608904,0.0040931584554335255,SDF4
ENSG00000089159,5.822979633904545,-1.291290545363128,0.4139575530147196,-3.1193791149818977,0.0018123260961902222,0.004121133936454767,PXN
ENSG00000144959,5.837537173326723,-1.3481375845534167,0.4322025190345912,-3.1192265782363915,0.0018132646538867566,0.0041213610125807225,NCEH1
ENSG00000142168,114.08334147026375,0.35729788982226557,0.11466672870126403,3.115968283643265,0.0018334199046906865,0.004165245220365248,SOD1
ENSG00000108953,64.10680975611103,-0.560935305344212,0.18003711490993027,-3.1156648206945503,0.0018353075153170425,0.004167606806963008,YWHAE
ENSG00000105656,6.954725900241262,-1.155072180977874,0.3709912129399024,-3.113475847108504,0.0018489764297167635,0.004196706778581144,ELL
ENSG00000137038,4.563996923408849,-1.4635877362627951,0.4703665013149531,-3.111590073211422,0.0018608269620798317,0.004221654520618787,TMEM261
ENSG00000147454,75.65826207231555,-0.45162964777346776,0.14515294374183696,-3.1114053641014516,0.0018619914504719288,0.004222347017821439,SLC25A37
ENSG00000147649,74.62571096938971,-0.40577561344398133,0.13045624267489647,-3.1104346187188185,0.0018681224733708471,0.0042342960489595675,MTDH
ENSG00000057252,17.299443201882806,0.7095225375809556,0.2281956506969107,3.1092728341406604,0.0018754844360569566,0.0042490228302369225,SOAT1
ENSG00000164902,14.844293327110385,-0.740749988720312,0.23837151403219423,-3.1075440860784527,0.0018864884588084042,0.004271983542204838,PHAX
ENSG00000135164,6.736095854966333,1.3561589069804438,0.43651191070958995,3.1068084826732076,0.0018911887653740263,0.004280654810247796,DMTF1
ENSG00000123395,21.156979135915908,-0.6335290728234301,0.20398997789153928,-3.1056872468522703,0.0018983738548258393,0.004294939743376692,C12orf44
ENSG00000172172,19.722938916873797,-0.8395099992176766,0.27045052474317244,-3.1041167326811414,0.0019084801619286631,0.004315817540597078,MRPL13
ENSG00000168438,13.381412496809649,-0.8405492027877167,0.2707977078508154,-3.1039745847877778,0.0019093973221918715,0.004315905446757523,CDC40
ENSG00000135679,8.453213675654531,1.1061126563067787,0.3563840070314105,3.103710139858464,0.001911104638949118,0.004317778480825731,MDM2
ENSG00000111666,12.341785600712836,-0.813361561123439,0.2620989598082332,-3.1032613090816588,0.001914005602168441,0.004322345371808695,CHPT1
ENSG00000154582,68.41066720603811,-0.37492671203111666,0.12086089144441006,-3.1021342598946835,0.0019213079833940922,0.004336843100780234,TCEB1
ENSG00000007168,70.11660718150094,0.38008512984993886,0.12256362771758714,3.101124998729121,0.0019278688956546471,0.004349654615815856,PAFAH1B1
ENSG00000240849,23.348213350522286,-0.8070389852593256,0.26043894390639916,-3.0987646208140536,0.0019432934203113669,0.00438244326177607,TMEM189
ENSG00000164308,8.102918653540366,1.0804158871963614,0.348756806773847,3.097906237847172,0.0019489307925584542,0.004393140327812956,ERAP2
ENSG00000178307,25.120488378780358,-0.5713513377222335,0.18454819820915433,-3.09594644253694,0.0019618579322977386,0.004420252122563543,TMEM11
ENSG00000100036,4.234752181484218,-1.4925771675009913,0.48225051573054567,-3.095024512809353,0.001967966319532604,0.004431982811266369,SLC35E4
ENSG00000066427,23.674713404525562,0.5744801375508859,0.18565995214205716,3.094259860151877,0.001973045883442191,0.004441386839777795,ATXN3
ENSG00000134900,8.454210237837797,-1.065815248683626,0.34465392226805336,-3.09242164333964,0.0019853063821521086,0.004466939359842244,TPP2
ENSG00000152229,25.86931039082642,0.7862902713364762,0.25478925683270054,3.086041700152096,0.0020284037294394735,0.004561819645979667,PSTPIP2
ENSG00000189067,128.58790115808668,0.34440894308313297,0.11161200088181267,3.0857698129418165,0.0020302592936689953,0.00456390401147733,LITAF
ENSG00000204590,6.4328011776846665,-1.168343863997675,0.37865659998980883,-3.085497160300705,0.002032121645799341,0.004566001722660249,GNL1
ENSG00000064490,16.928197363737382,-0.7532691538245269,0.24480380642569874,-3.0770320315797632,0.0020907283299694364,0.004693393793270813,RFXANK
ENSG00000197021,5.090441611263974,-1.6210185269648212,0.5267916868810911,-3.0771528240359682,0.0020898812552886,0.004693393793270813,CXorf40B
ENSG00000125651,24.424580021663623,0.5746709700799785,0.18691174106533,3.0745578999187515,0.0021081479688142717,0.00473033749714764,GTF2F1
ENSG00000005020,25.940100808843063,-0.719584261798581,0.2341735948006011,-3.072866786758376,0.00212013107853544,0.004755054367833479,SKAP2
ENSG00000173085,6.415349925497026,-1.255221994630961,0.40897113581945543,-3.069219034531307,0.0021461917534800856,0.004811307607938476,COQ2
ENSG00000105993,155.68878032549867,0.3651191701419699,0.11897026458173038,3.068995193258058,0.0021478004699313023,0.004812718426467132,DNAJB6
ENSG00000047849,10.383618193542237,0.886541765777629,0.28906587927557503,3.066919444105206,0.0021627713428514442,0.004844055778838649,MAP4
ENSG00000172336,7.680134671509917,-1.1131440441982938,0.3631705996166203,-3.065072022276529,0.0021761758534741193,0.004871857924360739,POP7
ENSG00000101421,109.49398915542568,0.33801696199946935,0.11033949047912586,3.063426888521075,0.002188176664118346,0.004896493682822201,CHMP4B
ENSG00000101182,346.08660832882214,-0.21575944702051258,0.0704406396930069,-3.06299670134785,0.002191324753937347,0.004901306254368741,PSMA7
ENSG00000102119,26.836580173718268,-0.6886232091250466,0.22484388816808448,-3.062672571336513,0.0021936994640782874,0.004904385426060375,EMD
ENSG00000085231,85.77418831002703,-0.35500519552807785,0.11591887803957258,-3.062531328218046,0.002194735007105346,0.004904469224609218,TAF9
ENSG00000105619,6.926051532650936,-1.1062524458813945,0.3614222882361679,-3.0608307287306107,0.0022072384045620174,0.0049301679636444325,TFPT
ENSG00000136450,16.265971037156547,-0.6968090756723548,0.22777501966084662,-3.059198838880104,0.0022192979726436274,0.004954852447783183,SRSF1
ENSG00000129562,110.10792707885679,-0.3081960356779895,0.10076548216513861,-3.0585477194750594,0.002224126535939852,0.004963377746416181,DAD1
ENSG00000114861,18.317252719419365,0.678403638908951,0.22185127959351034,3.057920784373947,0.002228784849299371,0.004971515546734956,FOXP1
ENSG00000130255,241.3834220538394,-0.2861030968931164,0.09358301576402422,-3.0572117660168634,0.0022340638376353917,0.004981029808593609,RPL36
ENSG00000162434,138.710299381364,0.29570218410042826,0.09675521305677882,3.0561886513226058,0.0022417016238880107,0.004995792190378995,JAK1
ENSG00000162607,21.613944862267065,0.6128130185893774,0.20055350295386937,3.055608650876243,0.0022460420796395274,0.005003196182841631,USP1
ENSG00000164587,1368.7496304087322,-0.17437005486118348,0.057075811412401596,-3.0550604633768876,0.002250151539110458,0.005010079140547708,RPS14
ENSG00000108292,15.296679912809669,0.7461251912040536,0.24425697947011174,3.054672962969938,0.0022530605708225987,0.005014284259520946,MLLT6
ENSG00000157168,6.509477625045472,-1.1094540512190725,0.3634590752969901,-3.052486859249598,0.002269536678028595,0.0050486660189373095,NRG1
ENSG00000174238,21.23806169035892,-0.6304203462690885,0.20672704458384458,-3.0495301064172176,0.0022919965943093163,0.005094016854109444,PITPNA
ENSG00000198918,17.428209130238514,-0.6744372804426798,0.22115531191954396,-3.049609229770793,0.0022913929202468676,0.005094016854109444,RPL39
ENSG00000141179,7.328089310174565,-1.0527450788793644,0.3452881354192743,-3.0488886552706016,0.0022968959460166146,0.0051025979560242515,PCTP
ENSG00000108798,27.8542766817701,-0.5752658888181685,0.1887373676808761,-3.0479702874252688,0.0023039270647572264,0.0051153583598130044,ABI3
ENSG00000204387,35.82668611514427,-0.5239135381657437,0.17189516518475637,-3.047866631982528,0.0023047218983772875,0.0051153583598130044,C6orf48
ENSG00000107290,18.231652903260418,0.751586503747903,0.24676915257707346,3.0457068717823628,0.0023213402562049334,0.005149916938596408,SETX
ENSG00000104497,10.10835258233741,0.9395292142599725,0.30850474851708654,3.0454286968874213,0.002323488642809423,0.005152357035544001,SNX16
ENSG00000116473,132.4387285932639,-0.2932372758863241,0.0963117543621019,-3.0446675779972208,0.00232937618921833,0.005163082811826284,RAP1A
ENSG00000089693,58.20762398243149,-0.48752645654488147,0.16019399459782138,-3.0433503938075326,0.002339597403983158,0.005183400199807591,MLF2
ENSG00000143183,44.47563049090448,-0.45947230821094526,0.15098431885383104,-3.0431789983154713,0.002340930431064993,0.00518401628582847,TMCO1
ENSG00000205220,49.94975080811746,0.5281615034181089,0.17360103204475053,3.0423868867436252,0.002347100111856613,0.005195337815163691,PSMB10
ENSG00000115310,282.5038210849246,0.2445028385313588,0.0804729862872161,3.038321924064106,0.002378996625349454,0.005263570201245933,RTN4
ENSG00000117614,119.29071845449877,0.3806058697293987,0.1252863944211469,3.037886687440315,0.002382435209050969,0.005268805858360243,SYF2
ENSG00000167850,26.65445031305367,-0.6025200399699807,0.19843058253648388,-3.036427310085632,0.002393998242223163,0.005291996114388045,CD300C
ENSG00000092531,61.00496924554767,0.47829691966422955,0.15753158125633152,3.036197033317126,0.0023958274716324008,0.005293658361331663,SNAP23
ENSG00000164211,7.354417760682653,1.03534906502744,0.3410841901261671,3.035464835366495,0.0024016522735988643,0.005304143493242615,STARD4
ENSG00000064995,14.380649938383197,-0.7395629171547548,0.2439402991489901,-3.0317373543231403,0.0024315067130995746,0.005367665762880194,TAF11
ENSG00000082153,50.337398322723416,-0.49085026085701444,0.16196666518781877,-3.0305634822314684,0.0024409786719323747,0.005386155902054643,BZW1
ENSG00000139697,14.19803390637285,-0.7583205364200006,0.2502748527359634,-3.0299509844084045,0.002445934303961445,0.0053946683885397395,SBNO1
ENSG00000100284,30.31027196486543,-0.6223204081565832,0.20549751702983116,-3.0283597444452024,0.0024588518589923995,0.005420725901789435,TOM1
ENSG00000215114,10.569760165457254,-1.0130375945770187,0.3345469286251094,-3.0280881631175296,0.002461062760068766,0.005423166996851084,UBXN2B
ENSG00000148334,3.3320479923186683,-1.6752222887641277,0.5534026301466951,-3.0271310570389995,0.002468868920444286,0.0054379300201986645,PTGES2
ENSG00000136371,30.954089306686736,-0.6553208225461066,0.21675511291892696,-3.023323481145363,0.002500148378005078,0.005502870147353917,MTHFS
ENSG00000148444,18.4745776774782,-0.746813249767757,0.24702170177035337,-3.0232697953884258,0.002500591990036894,0.005502870147353917,COMMD3
ENSG00000110801,27.37141469869642,-0.6208609633620948,0.20540574431092545,-3.0226075976837787,0.0025060697364253518,0.005512455991402945,PSMD9
ENSG00000111145,10.402952292245427,-0.8599015348395421,0.2845252156011405,-3.022233136781059,0.0025091721601592444,0.005516810736027976,ELK3
ENSG00000148291,7.779429201014873,-1.2150455532444278,0.4023940380353454,-3.0195416392767256,0.002531574912086643,0.005562082892917676,SURF2
ENSG00000174780,11.784959577049982,-0.801284639635924,0.26537106660364307,-3.0194875797545735,0.0025320267463282134,0.005562082892917676,SRP72
ENSG00000069974,13.437601947304014,-0.7629435030571848,0.25277215435192923,-3.0183051808584698,0.002541927808674369,0.005581337467303775,RAB27A
ENSG00000160221,10.028065680024588,-0.92524764122248,0.3065736745965029,-3.0180270450169773,0.002544261975397465,0.005583967551184968,C21orf33
ENSG00000116221,7.80847152488471,-1.040637403894717,0.34493272416953435,-3.0169286094851473,0.0025534994176838366,0.005601739347543917,MRPL37
ENSG00000182087,5.928046424277661,-1.5148229434811864,0.5021326263785314,-3.0167785638753557,0.0025547636248585974,0.0056020118039068045,TMEM259
ENSG00000177971,14.293293952312197,-0.9062429785742538,0.3005991903342468,-3.0147884881744704,0.0025715852085080784,0.005636382566730017,IMP3
ENSG00000163660,63.53890460475505,0.4075796414076557,0.13524470329800378,3.0136458690702126,0.00258128917630778,0.005655129296645757,CCNL1
ENSG00000111906,10.663043823652854,-0.9545154821326007,0.3168428952735177,-3.012582880574317,0.002590346914722729,0.005672444179566618,HDDC2
ENSG00000132507,61.44525516678348,0.4840802639479892,0.16069621034369502,3.0123937765093807,0.0025919613143927933,0.005673451179922577,EIF5A
ENSG00000130592,132.67581414911533,-0.4936463443507534,0.163939074159568,-3.011157327082798,0.0026025396950732052,0.005694069484234074,LSP1
ENSG00000119801,74.76150814929002,0.4009375924720921,0.1332892036620455,3.0080275180326574,0.0026294932699348333,0.005750480609016365,YPEL5
ENSG00000116670,27.343651258881355,-0.601653485451701,0.20006001071692384,-3.007365056593016,0.0026352309368560165,0.005760464779230634,MAD2L2
ENSG00000130985,21.77504529830858,0.6002066079272528,0.19971642477504534,3.0052941744941997,0.0026532410084641736,0.005797254920228079,UBA1
ENSG00000135090,46.6161124767751,-0.4455037956981395,0.14833835195702744,-3.003294763765468,0.0026707361835943706,0.005832887824970105,TAOK3
ENSG00000161980,7.277995879783523,-1.0567158460072454,0.35188420048589863,-3.0030215751320504,0.002673134799100388,0.005835532831088097,POLR3K
ENSG00000176973,8.069818233247933,-0.9628011890260171,0.32106125839163024,-2.9988083702443884,0.002710377207579167,0.005914206748687401,FAM89B
ENSG00000138326,701.2455788752451,-0.1800520310751536,0.06007095033665758,-2.9973228335174014,0.0027236211745204496,0.005940468021124496,RPS24
ENSG00000163519,7.960071428911898,0.9929199412654985,0.33136686092516093,2.9964370561778932,0.0027315462339249676,0.00595511011246996,TRAT1
ENSG00000073792,7.571000347618604,1.0446318478686207,0.3486762241100146,2.9959939211083624,0.0027355188693376424,0.005961126263381453,IGF2BP2
ENSG00000149823,4.169412927121183,-1.4050740855806376,0.4691634032313727,-2.9948501436880215,0.0027457970585331825,0.005980871784411374,VPS51
ENSG00000147123,84.19564442644064,-0.3969927698836296,0.1326208020078442,-2.9934426867675588,0.0027584931308504393,0.006005864087283588,NDUFB11
ENSG00000172428,59.20773151434032,-0.43040273027377507,0.14380146603062405,-2.9930343699146724,0.0027621864063445633,0.00601124180725296,MYEOV2
ENSG00000107874,15.77850833538907,-0.8064271137768885,0.2695348505731479,-2.9919214975802753,0.0027722754152743343,0.006030527397369667,CUEDC2
ENSG00000104918,13.433603809903829,0.9479025200379539,0.3173219320459511,2.9871950984487547,0.0028154998319054303,0.006121843439815613,RETN
ENSG00000096401,17.961805093926024,-0.6469212426288946,0.21675198034000356,-2.984615142219761,0.0028393531626423932,0.0061709780810370275,CDC5L
ENSG00000256683,12.610435877142454,0.7409178131162604,0.24839642562928652,2.9828038436512205,0.002856209856958979,0.006204869689255713,ZNF350
ENSG00000127837,24.78795526299267,-0.5748048394714873,0.1927317475533025,-2.982408693785737,0.002859899404086533,0.006210139492567928,AAMP
ENSG00000187239,41.53808259143689,0.6869216650868626,0.23036798761465493,2.981845143501023,0.0028651688480028346,0.006218833798182831,FNBP1
ENSG00000109323,12.188255385180874,-0.9122909722374382,0.30615472360537144,-2.9798363438395508,0.0028840242008251987,0.0062551606746424435,MANBA
ENSG00000135624,22.499214806117486,-0.7327118099838564,0.24589369416404452,-2.9797909721712426,0.002884451381509926,0.0062551606746424435,CCT7
ENSG00000145365,6.982105632071047,1.1402054435963664,0.38281658387626033,2.9784640781521645,0.0028969698494050095,0.006278773918597775,TIFA
ENSG00000177666,7.8292829636209085,-1.4272769830953336,0.47921474681050025,-2.9783661554550056,0.0028978956547374346,0.006278773918597775,PNPLA2
ENSG00000099337,5.9117618200044095,-1.1957650789686027,0.4015804958601968,-2.977647299347146,0.002904700316918339,0.006289559183996812,KCNK6
ENSG00000174744,25.654194613915774,-0.549815794478778,0.1846525195947714,-2.97756995509931,0.00290543332268473,0.006289559183996812,BRMS1
ENSG00000008018,197.99096160449847,-0.2577955385408901,0.08675487177830059,-2.9715396179672613,0.002963106410374657,0.00640942035959274,PSMB1
ENSG00000008517,12.098593601790167,0.9645284409493767,0.3245922382295801,2.971508025608356,0.002963411285509708,0.00640942035959274,IL32
ENSG00000117143,8.83650859505111,-0.9987519737062175,0.33625014272720277,-2.970264832025655,0.002975431200810429,0.0064325864147745035,UAP1
ENSG00000198242,674.8726377465914,-0.18162895517132555,0.06120008055386125,-2.9677894788304515,0.0029994969079702484,0.006481762447566315,RPL23A
ENSG00000114302,7.331209693236781,-1.0069239726696377,0.3393010875708027,-2.9676414534318893,0.003000941641623366,0.006482033945906471,PRKAR2A
ENSG00000100600,116.32721930689809,-0.6887805130708153,0.23242888632400674,-2.963403232551107,0.003042577091051125,0.006569079009413545,LGMN
ENSG00000172578,7.8609203944865,1.0747272307133149,0.362970346393739,2.96092295525289,0.0030671865576348202,0.006619303796318624,KLHL6
ENSG00000197451,8.446978227289808,-1.0511322878451084,0.35549632706988565,-2.956802104001683,0.0031084755293296095,0.006705464772223749,HNRNPAB
ENSG00000138041,14.261455961838234,-0.7637732352058445,0.2587286887927707,-2.9520237541867274,0.0031569864364167683,0.006807122136266784,SMEK2
ENSG00000197747,2376.7167810655346,0.1973414822709403,0.06693082125732183,2.9484395763237754,0.0031938256819423506,0.006883534825028383,S100A10
ENSG00000117500,49.40036808944444,0.4843923133220913,0.16446678307302826,2.94522884360793,0.003227158767624829,0.006952327130253577,TMED5
ENSG00000123505,32.67211092024837,0.6218296159378016,0.21137759167630013,2.94179534834544,0.0032631550163430088,0.007026793930898135,AMD1
ENSG00000126524,15.918128878416816,-0.6792127710649708,0.23105598224922577,-2.93960262120522,0.0032863342374996087,0.007073607728021497,SBDS
ENSG00000136717,39.180127596512406,-0.5123379398506506,0.17432423088756102,-2.938994408534681,0.0032927901442902033,0.00708211877038497,BIN1
ENSG00000175471,6.656389040488255,1.1051390495222237,0.3760308353165284,2.938958579266404,0.003293170816102901,0.00708211877038497,MCTP1
ENSG00000174547,6.918814244582867,-1.1550409694167514,0.39313621482799893,-2.938017221135665,0.0033031867479696112,0.007100551040911055,MRPL11
ENSG00000216490,184.86168096272536,-0.27457328924808,0.0934707136622027,-2.9375328216747185,0.003308351502534854,0.007108543630719839,IFI30
ENSG00000103035,89.28709102031814,-0.3208845308419415,0.10926705304416684,-2.936699781884268,0.003317250727509653,0.007124549857946869,PSMD7
ENSG00000127554,7.33176242618099,-1.0161978236745426,0.34629513897721076,-2.9344848058679136,0.003341019104546192,0.007172463031778064,GFER
ENSG00000204217,8.58118732950241,1.2510427628907264,0.42667808745503266,2.932052991876629,0.0033672928471609113,0.007225710502597693,BMPR2
ENSG00000128708,14.476766719092733,-1.0586289206860542,0.361110737312463,-2.9315908149528114,0.0033723075123036615,0.0072333125776779545,HAT1
ENSG00000163659,42.66419744129162,0.66160887183149,0.22587236918269624,2.9291270739554225,0.003399154268430169,0.007287715565037455,TIPARP
ENSG00000023572,13.098712248527901,-0.7778284762141326,0.265610822736161,-2.928451740789088,0.0034065471031043647,0.007300380490473112,GLRX2
ENSG00000138073,8.364627053839397,-1.0098980715372925,0.3450801474551259,-2.926560913413947,0.0034273238184344126,0.007341704116733523,PREB
ENSG00000093010,33.286369540277015,0.5296315372044043,0.181042139090127,2.925460005423054,0.003439473840543443,0.007364520458575372,COMT
ENSG00000065548,37.23033155137217,-0.49806193884200356,0.17044903372274373,-2.922057860721947,0.0034772693555344646,0.007438398126069506,ZC3H15
ENSG00000144566,71.18050996513543,0.444953592611348,0.15227383406365602,2.9220620558180808,0.0034772225190265586,0.007438398126069506,RAB5A
ENSG00000188243,104.01169038106657,-0.39279128914580747,0.13442797618794322,-2.9219460136530473,0.0034785182933878157,0.007438398126069506,COMMD6
ENSG00000100647,13.96740715601383,0.8456210241559844,0.28944400330625125,2.9215358221163776,0.003483102183090672,0.007444960473122036,KIAA0247
ENSG00000185658,8.99607506732664,-0.9452284525051006,0.3236084141633333,-2.9209019640262506,0.0034901963576284695,0.007456880391907087,BRWD1
ENSG00000156873,7.895383256053079,-0.9395086148463783,0.32168708247481503,-2.9205668055382135,0.003493952781954985,0.007458420491106341,PHKG2
ENSG00000249437,6.824494391003576,1.1164906285793172,0.3822837406013186,2.9205809978293025,0.003493793641543293,0.007458420491106341,NAIP
ENSG00000024862,24.03915707626873,-0.5516675035227584,0.18895147171897944,-2.9196253329174016,0.0035045244084435565,0.007477739011329413,CCDC28A
ENSG00000101146,10.506302876817394,-0.8299583920734708,0.28453508366108043,-2.9168929939833457,0.00353537037464786,0.007540282127178639,RAE1
ENSG00000172977,19.943983556710215,0.6106322804694064,0.20945497733611826,2.915339077808152,0.0035530228606433186,0.007574643964078641,KAT5
ENSG00000163798,8.290144759828182,-1.0138814084950323,0.34826253584641487,-2.9112560328400003,0.0035997890658043172,0.007671016248639382,SLC4A1AP
ENSG00000149541,8.264757082276999,-1.101136240005468,0.3783521760259734,-2.9103473160145814,0.0036102731596107172,0.007690022672876925,B3GAT3
ENSG00000127507,11.874789057904083,-0.9069440551928162,0.3116651433728,-2.9099951485686995,0.0036143436649199133,0.007695357352433472,EMR2
ENSG00000071537,11.540214472760413,-0.8127611229321521,0.2795131896108373,-2.9077737764852856,0.003640115600015504,0.007746872264389859,SEL1L
ENSG00000121281,11.736560907462408,1.0821409506428223,0.3723843004152956,2.905978983098864,0.00366106038508802,0.007788073910096334,ADCY7
ENSG00000155465,61.93405328280107,0.47264307280326573,0.16273138707156956,2.904437068402769,0.0036791415860971057,0.007823150910463513,SLC7A7
ENSG00000156261,51.26661379029177,-0.4668097860759125,0.16078365447326506,-2.9033410616595554,0.00369204319195099,0.007847188687390642,CCT8
ENSG00000047634,9.405543106518726,1.0208192374266836,0.3516190313195718,2.903196774064553,0.0036937447289241304,0.007847410980515857,SCML1
ENSG00000215717,32.24609941293615,0.4939192018573474,0.17020651425874048,2.9018818933481776,0.00370928357552502,0.007877017930047515,TMEM167B
ENSG00000079785,6.939160407606363,-0.9916880535249013,0.3421986568631226,-2.8979893218037103,0.0037556337633769333,0.007972001863168142,DDX1
ENSG00000106615,157.8736044790314,0.2819563856795536,0.09733673710716419,2.89671088285125,0.003770971026834795,0.008001101738284189,RHEB
ENSG00000171148,17.985990223524645,-0.6458526868977187,0.22322267268986723,-2.8933113250329607,0.0038120324143901137,0.008084733398495044,TADA3
ENSG00000131165,22.31548622286234,0.5959163992713153,0.20597561314814955,2.893140552725035,0.003814105756033706,0.008085640934059375,CHMP1A
ENSG00000183978,31.57362405343477,-0.4807182504985719,0.16618591557835222,-2.8926533805563452,0.003820026131558755,0.00809469961642075,COA3
ENSG00000164985,8.66028022471967,-1.058009051138924,0.3658438383321195,-2.8919690323674243,0.003828356798931982,0.008108855737048172,PSIP1
ENSG00000134250,21.32452450071561,0.589709504554366,0.20396513765342794,2.8912269583853316,0.0038374088220107815,0.008124526907092193,NOTCH2
ENSG00000108270,20.249720951612954,-0.5758854278167813,0.1993451005831244,-2.888886790456354,0.0038660823385090275,0.008181709134984222,AATF
ENSG00000122565,69.42053084737816,0.40656700502444537,0.140770184839279,2.888161335361132,0.003875010605881798,0.008193546522075369,CBX3
ENSG00000174231,6.646382608301063,-1.0209659043685393,0.35348404319054977,-2.8882941791467953,0.0038733742810713135,0.008193546522075369,PRPF8
ENSG00000146731,53.5405016094979,-0.45776662637231175,0.1586136992705303,-2.886047223396187,0.0039011361772860733,0.008245240075347856,CCT6A
ENSG00000125772,50.84734515095146,-0.615869303876204,0.21370750184659623,-2.8818328722886295,0.003953693785780847,0.008352730551731333,GPCPD1
ENSG00000144028,6.643379192464202,-1.1560855405851267,0.40156974466131823,-2.878915944128617,0.003990446762072942,0.008426753497561855,SNRNP200
ENSG00000167085,10.353944917897595,-1.0825881623578175,0.3761887414846873,-2.8777792713445254,0.004004852509121332,0.008453541765387554,PHB
ENSG00000105223,21.13803813486349,0.7393969917622755,0.25711284799252815,2.8757683543832973,0.004030453784883895,0.008500278926574874,PLD3
ENSG00000176087,9.60289144390585,0.8641798187286935,0.3005027990506254,2.875779598256275,0.004030310225424431,0.008500278926574874,SLC35A4
ENSG00000151576,6.3134551232651575,-1.0357127127797097,0.36055923020848624,-2.8725175394368057,0.00407215473868362,0.008584542422089792,QTRTD1
ENSG00000163875,20.41267393003147,-0.602092223852933,0.20972506606049088,-2.8708643900451647,0.004093510946120017,0.008625863117167138,MEAF6
ENSG00000160570,17.668506789014877,-0.6385279007539008,0.22248090626044797,-2.870034608751576,0.004104268743777576,0.008644824949388346,DEDD2
ENSG00000175215,17.953094516941974,-0.6908340716996199,0.24089841119502592,-2.867740257283541,0.004134147812108603,0.00870402842703585,CTDSP2
ENSG00000115233,25.16550894206178,-0.7152269294427166,0.24947630863079615,-2.86691322862722,0.004144966412087578,0.008723068500641695,PSMD14
ENSG00000131759,15.58019818379432,-0.6587424619594957,0.2298653508963614,-2.8657753741080385,0.004159892998965701,0.008750733817173569,RARA
ENSG00000115541,73.88802733090216,0.4584336505436065,0.16001914305651033,2.8648675513885977,0.004171836944129682,0.00877210386968475,HSPE1
ENSG00000113163,24.002712359680846,0.5361139040027513,0.1873924650172019,2.8609149463589056,0.004224203614223198,0.008875777811465414,COL4A3BP
ENSG00000154832,5.828683542250364,-1.1049093600133815,0.3862139743150371,-2.860873592088359,0.004224754640011722,0.008875777811465414,CXXC1
ENSG00000055208,7.289473713982274,0.948749429523922,0.3316479569752056,2.860712419811022,0.004226902805425913,0.008876495891394418,TAB2
ENSG00000116489,24.967444205261568,0.5819227856626386,0.2036471864046703,2.857504667441323,0.004269863545011027,0.008962883152577612,CAPZA1
ENSG00000083099,8.893249009085041,-0.8755498008597646,0.3064285449110209,-2.8572723246589256,0.004272990588376161,0.008965617314808052,LYRM2
ENSG00000143337,17.205017400840262,0.71221068775245,0.2495329641443713,2.854174758812183,0.004314878819433755,0.009049643413870026,TOR1AIP1
ENSG00000110442,10.471356579755476,-0.8900644208468071,0.31192092746990324,-2.8534937622378287,0.004324137680702452,0.009057464860601813,COMMD9
ENSG00000168303,46.69403787483306,-0.47884217679172886,0.16779604293083142,-2.853715549115281,0.004321120279880479,0.009057464860601813,MPLKIP
ENSG00000171566,12.863259231943939,-0.7617385483106565,0.2669412119503482,-2.853581665960001,0.0043229415259293654,0.009057464860601813,PLRG1
ENSG00000136003,98.6641620877225,-0.41716398810309463,0.1462162860875221,-2.853061032157449,0.0043300304550474,0.009065943611462686,ISCU
ENSG00000108510,14.194676126492944,0.7614022127947715,0.2670917663263202,2.8507139073112646,0.004362119850091693,0.00912924060619701,MED13
ENSG00000189306,41.10448004892731,-0.49171529139572334,0.17252115530448653,-2.8501738846339384,0.0043695333649419665,0.00914086290137285,RRP7A
ENSG00000100523,8.114134330975835,1.0048792549200407,0.3527660355358336,2.848571443091681,0.004391599207544488,0.009183114257818559,DDHD1
ENSG00000134285,7.529600198326205,1.0590961262996594,0.3719837499912336,2.8471569694230427,0.0044111605783985425,0.009220094888239232,FKBP11
ENSG00000171202,16.188015283521594,-0.6656339646433944,0.233934906376011,-2.8453811145802237,0.004435831444522478,0.009267719268020178,TMEM126A
ENSG00000120333,16.085934685616056,-0.6815662137391537,0.23954789936857154,-2.845218912525244,0.004438091039045497,0.009268499518006618,MRPS14
ENSG00000105887,60.730054449081926,0.41181249662621744,0.14484827899261615,2.8430610255798077,0.004468251405604157,0.009324564770818089,MTPN
ENSG00000130254,15.099292919026198,-0.7129539061495078,0.2507728463669881,-2.8430267330704173,0.004468732200910989,0.009324564770818089,SAFB2
ENSG00000025293,6.122807862489032,-1.0531812456320773,0.37058194751205614,-2.841965866666546,0.004483629167198499,0.009351678152637278,PHF20
ENSG00000101901,23.874129227819154,-0.5307371631131571,0.1867885478150046,-2.8413795670107103,0.004491881433376245,0.009364915300641014,ALG13
ENSG00000134516,6.73849126062776,-1.0100218716713345,0.35571866650301004,-2.8393839479964087,0.00452007334514337,0.00941969483377206,DOCK2
ENSG00000089053,11.048217800991619,-1.1927484596761824,0.4201737361034916,-2.8387030344571573,0.004529729158437251,0.009435815635676411,ANAPC5
ENSG00000135930,133.72706954309814,-0.293699212837521,0.10356748397143466,-2.8358245423682136,0.004570754913205572,0.009517241374361093,EIF4E2
ENSG00000214026,31.700609196484166,-0.4998208962848716,0.1762626429954706,-2.835659830073667,0.004573112626165713,0.00951811751163842,MRPL23
ENSG00000173726,17.486338254066027,-0.6482852604026067,0.22882687371121882,-2.8330818399448456,0.004610158127926659,0.009591158780961728,TOMM20
ENSG00000173486,83.01209027991548,-0.39255722993400854,0.1385689849520485,-2.8329371833809143,0.004612244860781082,0.009591439376165146,FKBP2
ENSG00000186298,23.00796377498748,-0.5400632134451446,0.19083752400768603,-2.829963427021792,0.004655332536824472,0.00967694758289148,PPP1CC
ENSG00000087157,7.357738729662477,-1.066015602680534,0.3767115501521216,-2.8297927213807528,0.004657816969600139,0.009678018007871072,PGS1
ENSG00000085117,18.127122572354722,-0.6465306565942512,0.2285188421180417,-2.8292225297565836,0.004666124185542717,0.009691181000742568,CD82
ENSG00000176853,9.666929218558789,0.8016094653752687,0.2833649717107249,2.8288939897398375,0.004670916828416343,0.009697036457472713,FAM91A1
ENSG00000117133,11.76380923787411,-0.8651736420612104,0.3065312582685164,-2.8224646548226815,0.004765607476129607,0.009889440514231794,RPF1
ENSG00000131013,15.088888571639778,-0.7170724141784213,0.25409928909536633,-2.822016609063774,0.004772270563731002,0.00989908718876072,PPIL4
ENSG00000113593,6.4783095906313735,-1.0142784953368587,0.3597171176999965,-2.8196559057908535,0.004807517073751677,0.009967991097221832,PPWD1
ENSG00000120697,10.341306069906878,-0.7692575075811439,0.27302127745001525,-2.8175734681410662,0.0048388043016184155,0.010028631100022308,ALG5
ENSG00000092203,32.29834522957438,0.4673539152544063,0.16588213107485816,2.817385526856428,0.004841637037242726,0.010030271669903354,TOX4
ENSG00000183291,62.49968453734019,-0.39372866618246244,0.13983027667999434,-2.81576118942768,0.004866182375391878,0.010076873237537164,SEP15
ENSG00000153395,12.226360574523596,-0.8091700114634917,0.2874517194036757,-2.814977113868481,0.004878070767690589,0.010097236626972012,LPCAT1
ENSG00000157181,8.212217605749132,-1.001806081297813,0.35597773553182926,-2.814238030367598,0.004889301026544259,0.01011622115555305,C1orf27
ENSG00000080845,17.146774937413,0.6308950411204111,0.22431096597609557,2.812591165015287,0.00491440905247225,0.010161354828382792,DLGAP4
ENSG00000204568,8.347256833984602,-0.9199003826585714,0.3270714920211263,-2.8125361124385395,0.004915250392158302,0.010161354828382792,MRPS18B
ENSG00000063854,8.793435691122754,-1.028847041289017,0.3659044973070082,-2.8117911883050017,0.004926647492737163,0.01018063321249387,HAGH
ENSG00000167005,15.551782380452885,-0.666053157027813,0.2368925832915413,-2.8116252006425553,0.00492919030493437,0.01018160620363493,NUDT21
ENSG00000156273,36.46646501083462,0.5011270678636983,0.17833719218296182,2.809997520593327,0.0049541881632522615,0.010228941442950258,BACH1
ENSG00000165288,6.026578197169908,-1.2084226101743796,0.43040877700019065,-2.8076160960208396,0.004990968617870949,0.010300554299965495,BRWD3
ENSG00000132661,13.36617410806871,-0.7961414406525843,0.28378213877640324,-2.805467053301327,0.005024371758979697,0.010361103288918582,NXT1
ENSG00000213585,29.82051712750724,-0.5431752546075014,0.19361380133556855,-2.8054573117237553,0.005024523634003456,0.010361103288918582,VDAC1
ENSG00000146066,113.91025055601523,-0.3276130964312038,0.11684959828169945,-2.803716069621382,0.005051737054478227,0.010412850623198829,HIGD2A
ENSG00000243147,23.561976352405555,-0.52890790891181,0.18865704909678452,-2.8035417252841195,0.0050544691624229855,0.010414113821445095,MRPL33
ENSG00000177337,9.329086071568685,-0.8365593750592023,0.29847539357138175,-2.8027750128726616,0.00506649998822493,0.010434526798884035,DLGAP1-AS1
ENSG00000170638,16.899239740986697,-0.7688824830936902,0.2745032086309475,-2.8009963414577235,0.005094509659267952,0.010487817539020828,TRABD
ENSG00000117335,10.163928695898065,1.129350953080727,0.4036503792770605,2.7978443996594264,0.005144488926179319,0.01058627243854488,CD46
ENSG00000111252,12.118329508467962,0.733893640792926,0.2623407438793234,2.797482502872359,0.005150255668569012,0.010589270441568254,SH2B3
ENSG00000161921,209.1178814892697,-0.30019036065534366,0.1073052621003023,-2.79753625106236,0.00514939883425952,0.010589270441568254,CXCL16
ENSG00000187257,16.849047737711768,0.7347241018313503,0.262951972877037,2.794138008521145,0.005203826521254272,0.010690469701272364,RSBN1L
ENSG00000198223,4.342303834683078,-1.361127629358862,0.4871365239214536,-2.794139963888915,0.005203795054364253,0.010690469701272364,CSF2RA
ENSG00000010671,18.850654786766743,0.6705991787992811,0.24038086903040048,2.7897360613771296,0.0052751025582998485,0.010832366891552635,BTK
ENSG00000133226,46.94968465602637,-0.49002225255011744,0.17569448779895458,-2.78905877292431,0.005286147107915091,0.010850512484667818,SRRM1
ENSG00000101000,11.569343683566105,-1.033482374104405,0.3705925493822242,-2.7887294977387285,0.005291524143739988,0.01085701446444188,PROCR
ENSG00000100412,12.27768281047073,-0.7405581724892429,0.2656137068148821,-2.7881022458128286,0.005301780785548659,0.010873518689560146,ACO2
ENSG00000164104,45.01090960789697,-0.4871983027110642,0.17479066117593628,-2.7873245597524954,0.005314522213542405,0.01089510311111697,HMGB2
ENSG00000184076,149.6144808218713,-0.3263684807896597,0.11714855465012496,-2.7859368966556137,0.0053373260814921384,0.010937289559821671,UQCR10
ENSG00000197006,160.0540082522656,-0.35424912995561036,0.12719465483567713,-2.7850944712516816,0.005351212970406423,0.010961175713454424,METTL9
ENSG00000147654,9.335934164946725,0.8215474083304204,0.2950328368762844,2.7845965114551583,0.0053594368811516295,0.01097344701415796,EBAG9
ENSG00000163882,6.2979439256813565,-1.013992244362236,0.36430793681287554,-2.7833383297467567,0.005380266889628913,0.01101150832804518,POLR2H
ENSG00000151500,5.798984332122861,-1.0578012596830968,0.38022417512787615,-2.7820463002578397,0.005401733320599083,0.011050839940642753,THYN1
ENSG00000090581,13.787765978730556,-0.7276682779087557,0.2617133053688492,-2.780402306574389,0.00542915924813199,0.011102325653483396,GNPTG
ENSG00000220205,44.04953009185441,-0.4606141554871329,0.16582323940900834,-2.777741872181217,0.005473808363087112,0.011188974332866084,VAMP2
ENSG00000136167,94.19740629785579,-0.2974407511832419,0.10712804938257402,-2.7764974056516807,0.005494807357737992,0.01122722800662141,LCP1
ENSG00000164615,20.137703232860424,-0.6712838725082866,0.2417978961988788,-2.776218830109901,0.0054995179598530085,0.011232182566383078,CAMLG
ENSG00000269858,48.11239812957102,0.4334905772012928,0.15623009797575374,2.774693114950032,0.005525381904653209,0.011280318520758567,EGLN2
ENSG00000183431,6.405214856006155,-0.9827812752878796,0.3542268986458463,-2.77443999607285,0.005529683380260904,0.011284412014369636,SF3A3
ENSG00000125835,79.58829071184269,-0.3693868151759736,0.13316433488442314,-2.7739170213749365,0.005538580331037601,0.011297876192079193,SNRPB
ENSG00000112305,33.364643004747535,0.675509261960962,0.24376730312908373,2.771123334794638,0.0055863262745399255,0.01139054245356398,SMAP1
ENSG00000168724,6.117725250102797,-1.135488014662817,0.41016622354313786,-2.768360604766852,0.005633908062865373,0.01148279727122374,DNAJC21
ENSG00000124588,49.56158218879404,0.4241051177442704,0.15337867764467666,2.765085240379825,0.005690792293557112,0.011593927583142476,NQO2
ENSG00000089006,5.049383271979686,-1.6042407061920372,0.580342681466112,-2.7642990209495966,0.00570452366987724,0.0116170863297873,SNX5
ENSG00000012660,11.684951919837454,0.7248938779516375,0.26228521640766156,2.7637618615338124,0.005713922370999435,0.011628711462131881,ELOVL5
ENSG00000132424,44.47406447550969,-0.4553470998226149,0.16475982111473172,-2.7637023197878476,0.005714965034808403,0.011628711462131881,PNISR
ENSG00000086589,27.58492349036065,0.49714800380945756,0.17996527075973295,2.7624663453716423,0.005736647556719642,0.011667999210976953,RBM22
ENSG00000180530,6.9699355188596,0.9972131059696175,0.36105397794823063,2.761950198240447,0.00574572418977844,0.011681625431763036,NRIP1
ENSG00000127054,11.174878359073663,-0.7719918448558822,0.2795593369254808,-2.7614597077888474,0.005754361639794122,0.01169434784861386,CPSF3L
ENSG00000204310,5.0914448394841045,-1.144317164190418,0.4145611346554049,-2.76030980362307,0.005774657168050691,0.011730742176023604,AGPAT1
ENSG00000136104,17.795091201294284,0.5861555846827219,0.21241083587773832,2.7595371124103454,0.005788331213833107,0.011753660985444583,RNASEH2B
ENSG00000115286,29.27240635889227,-0.4738642346841754,0.17175440641183373,-2.7589640614398028,0.005798491143338774,0.011769428119936694,NDUFS7
ENSG00000180879,134.47037969731537,0.30896201185828126,0.11199470236394507,2.7587198799302017,0.0058028252520871725,0.011773362216662414,SSR4
ENSG00000183155,35.421236604718914,0.4254785667808758,0.15430775076321557,2.7573376235246307,0.005827414773540392,0.011818372347163634,RABIF
ENSG00000167705,16.855955583199183,0.6926301617051055,0.25121298178785695,2.757143188921718,0.005830881175662403,0.01182052396749383,RILP
ENSG00000163661,15.852100463745563,1.3665117585363968,0.49578142880771314,2.7562786323454507,0.005846317108264519,0.011846928771138904,PTX3
ENSG00000167671,5.503054745523449,-1.091394397808637,0.3964938739136933,-2.752613519688846,0.00591216451813627,0.011975423100627219,UBXN6
ENSG00000167468,643.0679312539099,-0.22331584480823408,0.08114849203357616,-2.7519407842580055,0.005924323232495964,0.011995106866289728,GPX4
ENSG00000163029,8.13223848914437,0.9715434066808957,0.35324159589671306,2.750365240012596,0.0059528871393549005,0.012047976689781706,SMC6
ENSG00000138785,10.132839626103497,0.8824741221376264,0.32106078400206833,2.7486200934834244,0.005984670672164846,0.01210731646069084,INTS12
ENSG00000163956,57.48598221770001,-0.41625804749587647,0.15158617115985665,-2.7460159743523542,0.006032382630211714,0.012198818207761464,LRPAP1
ENSG00000198841,6.50529463250582,-1.02020306181272,0.3716889964879726,-2.7447760666913705,0.006055220077195304,0.012239963578501737,KTI12
ENSG00000123146,12.736205527111778,0.749859967114288,0.2732253916232977,2.744473940211742,0.006060796632204294,0.012246198458327263,CD97
ENSG00000198612,16.51334651866513,-0.6252873429815925,0.22802184791027716,-2.7422255749266307,0.006102441776027695,0.012325276977969623,COPS8
ENSG00000160783,11.842166982058123,-0.8401629192071062,0.30640771893519714,-2.741977004126303,0.006107061692562444,0.012329540327548006,PMF1
ENSG00000158710,108.15162912065128,0.2821013405506554,0.10289621307557217,2.741610523056528,0.006113878825761399,0.012338234312029371,TAGLN2
ENSG00000114686,6.7378697390558004,-1.1312704501827446,0.4127937384162846,-2.7405223115131347,0.0061341617073447765,0.012374084823436876,MRPL3
ENSG00000048649,38.33715568397696,0.4500875557461233,0.1644757110302573,2.7364986168889356,0.006209685600423187,0.012516158753272987,RSF1
ENSG00000116747,16.89645858117918,0.5925689706727715,0.21653646359823905,2.7365782225584963,0.006208183337324301,0.012516158753272987,TROVE2
ENSG00000062282,5.335127765683921,-1.4202143800616764,0.5193436771106488,-2.7346330429263945,0.006244985263597902,0.01258214743145555,DGAT2
ENSG00000086666,57.48423170852267,0.39753513892439085,0.14577801820006722,2.726989595775747,0.006391505435811926,0.012872072832614673,ZFAND6
ENSG00000174109,8.351995890552148,-0.9410308467820885,0.3451565835121285,-2.726388229964101,0.006403163474422169,0.012890268461003907,C16orf91
ENSG00000100528,56.131525950671644,-0.3826584888145537,0.140399834776125,-2.725491019449724,0.006420592308506108,0.01292006167239927,CNIH1
ENSG00000198912,10.307972650878309,0.7406667173784274,0.27178759256666246,2.7251675118199556,0.006426887093872617,0.012927434784809677,C1orf174
ENSG00000121848,24.474710651801296,0.5842652805606657,0.21445370981235296,2.724435408797069,0.006441152800761131,0.012950828503658019,RNF115
ENSG00000172795,26.36252335982506,0.4966103873768083,0.18239390520223564,2.7227356463812433,0.006474384164529412,0.013012320566256659,DCP2
ENSG00000138964,30.207862463868015,-0.5437086513775632,0.1997813595419913,-2.7215184270646784,0.006498276208819024,0.013050385157561585,PARVG
ENSG00000154723,107.37832403773399,-0.2878501942849795,0.10576894194299574,-2.721500177624133,0.0064986350184275945,0.013050385157561585,ATP5J
ENSG00000120705,41.166415864959816,-0.458167070277072,0.16841534070299718,-2.720459242991742,0.006519130776021033,0.013086196337159867,ETF1
ENSG00000080815,27.034886384756952,0.534295814319132,0.19657760778642802,2.717989196916153,0.0065679982576144925,0.013178907079590695,PSEN1
ENSG00000160209,82.00197275735525,-0.34069491828456516,0.1254552290064572,-2.7156693346518823,0.006614194226587062,0.013266183848754621,PDXK
ENSG00000030582,358.53897863727667,0.2822339188980982,0.10397246833707914,2.7145062862516136,0.006637464061098907,0.01330478093910055,GRN
ENSG00000132323,10.07844559399992,-0.9144910207472507,0.3368989680816538,-2.7144369896841196,0.006638852841407111,0.01330478093910055,ILKAP
ENSG00000132463,16.43673209792109,0.6623490302760943,0.24421909450255022,2.712109925823911,0.006685641753820266,0.013393087475855193,GRSF1
ENSG00000123200,15.63136304706499,-0.8504279063246272,0.31364401450921864,-2.7114431233618563,0.0066991032927146,0.013414585811083757,ZC3H13
ENSG00000160326,29.98475814089386,0.6778906959311402,0.2501106552735288,2.7103631198350095,0.006720958313388756,0.01345286727168731,SLC2A6
ENSG00000185482,6.227352481096663,1.082663683533218,0.39963098298880356,2.709158522785384,0.006745410204716351,0.013496313414485404,STAC3
ENSG00000160179,7.0306859568313875,-1.0996289463381668,0.40648248235756285,-2.705230837895929,0.00682569390711529,0.01365138781423058,ABCG1
ENSG00000115904,5.511607728232174,0.9944077894354826,0.3676191373893886,2.7049946215998775,0.006830549538374094,0.013655541265895159,SOS1
ENSG00000116017,5.444189841211253,-1.2815748216198881,0.4739985580163319,-2.703752574655999,0.006856131995110638,0.013701111274491123,ARID3A
ENSG00000134001,33.3570205302998,-0.507804715621027,0.18809970679261537,-2.699657135462175,0.006941096852579606,0.013865264200640725,EIF2S1
ENSG00000037241,14.043459142330605,-0.6541287081914793,0.24233762219714214,-2.699245384438675,0.006949691236815429,0.01387679103523406,RPL26L1
ENSG00000123728,15.004788788166186,0.6996984116292041,0.2594295869738562,2.6970648174362455,0.006995365256172532,0.013956933813384484,RAP2C
ENSG00000161533,5.647258176992395,-1.2550534847684744,0.46534167295068907,-2.6970580064542573,0.006995508339919817,0.013956933813384484,ACOX1
ENSG00000124383,8.0838685541477,-0.9758610763216293,0.36189085957768047,-2.6965618238063267,0.0070059391189056745,0.01397207176554484,MPHOSPH10
ENSG00000169714,115.66173157235025,-0.30314623187089446,0.1124346164513008,-2.696200168941718,0.007013550645740538,0.013981577230494525,CNBP
ENSG00000100836,17.555136197234653,-0.6910324710173199,0.25650361220949014,-2.6940457682636603,0.007059047073268023,0.014066568255490294,PABPN1
ENSG00000067992,8.109205164092264,1.0548432458861807,0.3918047939832358,2.6922673282331364,0.00709680348265703,0.01413543138371479,PDK3
ENSG00000120805,6.407938225759219,-0.9953036863151539,0.36970624924509216,-2.692147315192743,0.007099357886652035,0.01413543138371479,ARL1
ENSG00000136451,13.2996199828073,0.7213358508048239,0.26825399608613537,2.689003188504993,0.0071665734670725775,0.014263484008584303,VEZF1
ENSG00000138674,8.378761029948553,0.8109392764499304,0.3016123451426521,2.6886806508745003,0.007173500925890035,0.014271491315718069,SEC31A
ENSG00000143252,69.70208533454968,-0.3111952629902025,0.1157680481280865,-2.6880928548254874,0.007186141061317582,0.014290852762166977,SDHC
ENSG00000077463,12.335516184926842,-0.684380822492046,0.2547130494330836,-2.686869887566721,0.007212504188572005,0.014331680381173809,SIRT6
ENSG00000175352,15.807784180369236,0.682605790305472,0.2540398563800429,2.6870027405632593,0.00720963612094657,0.014331680381173809,NRIP3
ENSG00000120913,6.2040016016931405,-0.9998360356139867,0.372340349775406,-2.6852744705672733,0.0072470265700995224,0.014394457787174233,PDLIM2
ENSG00000101236,14.134952277204516,0.6727240815424093,0.2507884267498936,2.682436706751639,0.007308798061292523,0.014508763351557312,RNF24
ENSG00000205937,44.3863890922744,-0.4304660670319861,0.1604803634513141,-2.682359746540449,0.007310479865375642,0.014508763351557312,RNPS1
ENSG00000106554,9.850871864314666,-0.7654940611219865,0.28578261040665914,-2.678588665813899,0.007393315491117425,0.014667239533044418,CHCHD3
ENSG00000175826,9.302488816170456,-0.8519369141526879,0.31822324159200327,-2.677167481201651,0.0074247510504567085,0.014723658862770083,CTDNEP1
ENSG00000164543,60.263119101306735,0.35914256186999516,0.1341595347445554,2.6769812712440872,0.007428878748551483,0.014725901641945134,STK17A
ENSG00000138071,93.8222729808219,-0.3234059424961304,0.12098385338923377,-2.673133095336753,0.007514642934266626,0.014889901362494436,ACTR2
ENSG00000148690,6.690652682761443,-0.9429282332384792,0.35291063403880685,-2.671861208735333,0.007543184033808335,0.014940429803359193,FRA10AC1
ENSG00000270170,10.220808292602875,-0.7425388689125942,0.27808478615171106,-2.6701887549774015,0.007580861766628796,0.015009006736991903,NCBP2-AS2
ENSG00000149547,22.184726360954034,0.5195864981463889,0.19474512979646283,2.6680333351053904,0.007629668767704023,0.015095620732651117,EI24
ENSG00000170871,7.968057649247831,-1.023705689367311,0.3836998586184084,-2.667985578762988,0.007630753337384082,0.015095620732651117,KIAA0232
ENSG00000204120,7.597453954825929,-0.9731460047474751,0.364861498031438,-2.6671655134837624,0.007649398991907117,0.015126417161461398,GIGYF2
ENSG00000187735,16.76670511473126,-0.6193615922364437,0.23224693884642378,-2.6668234910342754,0.007657187545877794,0.015135727916509845,TCEA1
ENSG00000160799,22.845275735381172,-0.5372025839958094,0.20146065044182235,-2.666538516666521,0.007663682425515406,0.015142475045831405,CCDC12
ENSG00000136897,13.894424084707865,-0.688381794288994,0.2581756699453601,-2.6663310080097093,0.007668414882647137,0.015145735825292616,MRPL50
ENSG00000146963,11.647302055611034,-0.8015368599347636,0.3007740849750836,-2.664913301959388,0.0077008173252492524,0.01520362247339286,C7orf55-LUC7L2
ENSG00000138085,20.735872368266946,-0.5908216575495491,0.22181359082974544,-2.6635953880889036,0.007731048958822516,0.015257178547652147,ATRAID
ENSG00000126267,150.68076495807426,-0.2688628798844555,0.10101986844541122,-2.6614851516040408,0.007779677213367345,0.015346982668200376,COX6B1
ENSG00000077097,4.803225108407766,-1.127872739146989,0.4240285361105234,-2.6598981981085537,0.007816427300905293,0.015413292037178415,TOP2B
ENSG00000177606,87.38360526942381,-0.4708531412171686,0.1771323179347117,-2.6582000772480034,0.007855923947065245,0.01548496200396254,JUN
ENSG00000146112,66.57367247530281,0.32616303467903396,0.12277999161901694,2.656483604357208,0.007896029041981122,0.015557773340936342,PPP1R18
ENSG00000182372,37.816153331602735,-0.5929334884363051,0.22328390372819182,-2.655513803440554,0.00791876926139143,0.015596325511213422,CLN8
ENSG00000189376,20.750965520348508,0.536361940201127,0.20203278017293178,2.654826309582154,0.007934925360760289,0.015621884303996818,C8orf76
ENSG00000163694,33.114024685842836,0.430337381355723,0.16226284458553375,2.6521005622385654,0.007999271332869514,0.015740757787803962,RBM47
ENSG00000168421,14.62565271066899,0.6683029407409954,0.25199983253063996,2.6519975590052756,0.008001712037837668,0.015740757787803962,RHOH
ENSG00000183735,20.437021559306594,0.5887240883653234,0.22215744327359108,2.6500308956126153,0.0080484410435205,0.015826346253645353,TBK1
ENSG00000067182,91.14851732011363,0.3660638563910075,0.13822674811556152,2.648285236985881,0.008090123376993153,0.01590194650981774,TNFRSF1A
ENSG00000169738,19.210224052269076,-0.579324062312434,0.21881942399460833,-2.647498342408161,0.008108975727893347,0.015932629638891607,DCXR
ENSG00000147601,14.949304190842305,-0.6775352536293902,0.2563632303232776,-2.6428721965119912,0.008220605838369265,0.016145506430754023,TERF1
ENSG00000108061,31.450523228554793,0.4845698566167532,0.18341697474817772,2.641903004245072,0.00824416620160775,0.016178846930790927,SHOC2
ENSG00000140367,19.797875481534362,0.5943466150914373,0.2249652249965559,2.641948839428567,0.008243050621713302,0.016178846930790927,UBE2Q2
ENSG00000165092,5.6350703118859204,1.042177716727297,0.39453517540481886,2.641533079168301,0.008253174733041626,0.01618522832382771,ALDH1A1
ENSG00000241343,160.79737771329275,-0.2767165812831964,0.10475740567623511,-2.6414989899465535,0.008254005327536068,0.01618522832382771,RPL36A
ENSG00000115204,6.795392953135721,-0.9669078137010712,0.3661039972877824,-2.641074178004717,0.008264362278283916,0.01619907308954414,MPV17
ENSG00000257704,7.181901540962752,0.8858860242395057,0.33568484000057885,2.6390409058627076,0.008314094817442143,0.01629005659206965,PRR24
ENSG00000196449,5.819128903522836,-1.1171765362183383,0.4233716994618068,-2.638760544548682,0.008320973239865241,0.01629703567186042,YRDC
ENSG00000175602,8.852013668411066,0.8656917728649219,0.32820966377876837,2.6376181703426216,0.008349053067511061,0.01634551664292803,CCDC85B
ENSG00000119844,20.646877999655764,0.5380223444544684,0.20404346113409788,2.636802676567414,0.008369149919644136,0.016378336401884224,AFTPH
ENSG00000148248,31.991562447853013,-0.4498068919290592,0.1706877540002637,-2.6352616481693483,0.008407244869321014,0.01644633809229437,SURF4
ENSG00000155506,9.46373369883667,0.7876793079723794,0.2991199305389951,2.6333227162530806,0.008455396474220344,0.016533950765745632,LARP1
ENSG00000023191,134.1397665809048,0.32446005389986765,0.12324969915962758,2.6325423600396887,0.008474845411343242,0.01656538995677832,RNH1
ENSG00000137193,19.428007264546665,0.6992219277379585,0.26596271514667125,2.629022370118144,0.008563072777020779,0.016731188718202825,PIM1
ENSG00000173653,11.157787087352396,-0.7291654048464764,0.27740465037665485,-2.6285262480511022,0.008575573713042885,0.01674895438231031,RCE1
ENSG00000081791,5.915797352666055,-1.0356551455426044,0.39409179463094945,-2.627954095092115,0.00859001067751354,0.016770485685062193,KIAA0141
ENSG00000077254,10.169703665109434,0.762236124908199,0.2903776013666686,2.624982510085894,0.008665341825928898,0.016910837860450598,USP33
ENSG00000178209,17.013972455793976,-0.6097962508056022,0.2328205966763211,-2.6191679753031973,0.008814453228290147,0.0171950072107256,PLEC
ENSG00000163382,6.785328550157512,-1.0034538994663547,0.3835365961254919,-2.6163185198056764,0.008888359964273583,0.017332301930333485,APOA1BP
ENSG00000015479,28.79949231061375,-0.48587028953733846,0.1859023146234409,-2.6135784835250986,0.008959950227825796,0.017464972399657264,MATR3
ENSG00000188342,14.942374998524437,-0.5941745276852943,0.22743407988016395,-2.612513164246834,0.008987923080963975,0.01751255115775455,GTF2F2
ENSG00000167987,6.7465260499279935,-1.0257697372116417,0.39292442042678394,-2.610603169173039,0.009038270504404087,0.01760367073271569,VPS37C
ENSG00000132286,7.893770278364526,-0.8981562308829435,0.3444162757741004,-2.6077636106605957,0.009113586721881659,0.01774333009165074,TIMM10B
ENSG00000163812,13.556668649702438,-0.8184977649168217,0.31415859489619646,-2.6053648641612615,0.009177646908834568,0.01786097303366854,ZDHHC3
ENSG00000141580,12.121693547094821,-0.7246945693736117,0.2781766628217794,-2.6051594767958837,0.009183150555773957,0.01786460880089993,WDR45B
ENSG00000160999,15.364043476605154,0.5916087561836982,0.22712071454342514,2.6048207772373115,0.009192232927398212,0.0178752008726691,SH2B2
ENSG00000054967,8.715704065717818,-0.9860423454858314,0.37865743566560195,-2.604048547871697,0.009212970568235173,0.017908440416260933,RELT
ENSG00000092201,12.605837834696096,-0.7187608634179817,0.27628375399484256,-2.601531407566581,0.00928085665286226,0.01803326595182489,SUPT16H
ENSG00000182220,80.64890794357153,-0.3982971468114847,0.15322595512359255,-2.599410435981403,0.009338404387875282,0.018137912712260527,ATP6AP2
ENSG00000198363,17.839880740405643,-0.6221136658140778,0.23944253234233132,-2.5981752687306243,0.009372064332176211,0.01819609803568309,ASPH
ENSG00000166595,108.16785518587162,-0.31599768149436297,0.12164461666732844,-2.597712008567941,0.009384716668992652,0.018213466710675315,FAM96B
ENSG00000103769,70.5420991324378,0.4356479601601283,0.16783656117124146,2.5956678158797732,0.009440728818021663,0.01831493936508427,RAB11A
ENSG00000213741,89.80221559031682,-0.2919770957281008,0.11257992209744852,-2.593509484536391,0.009500191879479633,0.018423024031477078,RPS29
ENSG00000205352,316.96948244412727,0.19598505614169862,0.07565424165014037,2.590536258998176,0.00958265260717904,0.018575603515454755,PRR13
ENSG00000066084,5.894437133116872,0.9329194856125879,0.36026482330156,2.589538098843713,0.00961047876004607,0.01862219740807034,DIP2B
ENSG00000108294,289.81409332741947,0.23748253742420905,0.09175481060765658,2.5882298252424496,0.009647059162867875,0.018682939558550042,PSMB3
ENSG00000181038,9.624040547977652,-0.7911345527734924,0.305676265921318,-2.588145175056322,0.009649430321448924,0.018682939558550042,METTL23
ENSG00000114416,22.91718597557243,0.4803640209399994,0.1856313877017686,2.587730592801159,0.009661050798929023,0.01869071008895166,FXR1
ENSG00000181090,6.2640178896360785,-0.9423121838432303,0.3641417471731006,-2.587762021681318,0.009660169430553662,0.01869071008895166,EHMT1
ENSG00000088247,5.313727069784296,-1.0468397228756405,0.40466178579044565,-2.586949792728259,0.009682970005918085,0.01872574364780853,KHSRP
ENSG00000175104,6.339806337910293,0.9718609304393577,0.37575441393996767,2.5864258525905885,0.009697703290672672,0.01874685836757101,TRAF6
ENSG00000136813,6.303886003567465,0.9304082848610911,0.3600424701562949,2.5841625974213533,0.009761576252666625,0.01886291219253,KIAA0368
ENSG00000147382,7.994372758298963,-1.0307265580190519,0.39917241100202877,-2.5821588106043065,0.009818439206996656,0.01896533422294873,FAM58A
ENSG00000071189,9.05706695079866,-0.8883409064491234,0.3442241472477819,-2.580704792362145,0.009859885575972,0.019032871136240772,SNX13
ENSG00000184730,23.41915654295032,0.521921480077339,0.20224336924670233,2.5806605280625243,0.009861149758418602,0.019032871136240772,APOBR
ENSG00000108219,12.007719670042462,0.6924222158085905,0.2686382214148982,2.5775268022608717,0.00995101640084734,0.019187449131807133,TSPAN14
ENSG00000166012,12.58736925131575,-0.7644080880508316,0.2965688990866373,-2.5775059030297154,0.00995161817428428,0.019187449131807133,TAF1D
ENSG00000169032,43.40404606095577,-0.3854664419548776,0.14955285667434615,-2.577459571997593,0.00995295234777704,0.019187449131807133,MAP2K1
ENSG00000138061,179.77508469579158,-0.5902728881517967,0.2290898183817253,-2.57660027111394,0.009977726140398277,0.01922766519761456,CYP1B1
ENSG00000067248,14.77267639274627,-0.6455015142860434,0.25060941360254224,-2.5757273240732537,0.010002949581402236,0.019268715892987294,DHX29
ENSG00000086730,48.1600970381519,-0.4167587087295975,0.16221566136810706,-2.569164439578186,0.010194406978829925,0.01962498984974259,LAT2
ENSG00000130313,42.29313298183874,-0.4558095662921346,0.1774189681633752,-2.5691140637928016,0.010195889109970052,0.01962498984974259,PGLS
ENSG00000127774,47.469020229882915,-0.3749659904945142,0.1460321633097247,-2.5676945543786522,0.010237732145904132,0.01969781353366206,EMC6
ENSG00000169026,8.81827588065747,-0.8299291168523252,0.32334454631300363,-2.5667020715696194,0.010267078402051462,0.019746545310246923,MFSD7
ENSG00000167995,25.34182490637921,-0.49656626532236486,0.1936214518888148,-2.5646242215326076,0.010328759958483855,0.019857404708916143,BEST1
ENSG00000007237,6.87504534032313,0.8554313453555957,0.33396441383236436,2.5614446028521622,0.010423786368304953,0.020032258980778466,GAS7
ENSG00000255112,43.80889772660697,-0.44594287415122913,0.1741192947591749,-2.561134162460367,0.010433105774622904,0.020042330639756432,CHMP1B
ENSG00000185262,21.39488588866048,0.5143858463226219,0.2008810722111454,2.5606486497739946,0.010447695706930852,0.020062515319991484,UBALD2
ENSG00000205246,12.018950770235218,-0.6686671603054648,0.26119036047614436,-2.5600759503011488,0.010464928984697638,0.020087758215157885,RPSAP58
ENSG00000141506,27.664359013311028,-0.5040518839849826,0.19694398735748378,-2.559366704960891,0.010486306156829677,0.020120932625795014,PIK3R5
ENSG00000180773,14.520991760075109,-0.6156354101280211,0.24058492559660727,-2.5589109899606397,0.010500062231073531,0.020139463623534477,SLC36A4
ENSG00000131653,6.4005233671176125,-1.0257496980202516,0.40098354494017757,-2.5580842679548916,0.010525058391678862,0.020179530603476367,TRAF7
ENSG00000164329,9.899381005333456,0.7347940849273424,0.28732609117729424,2.557352455938081,0.010547229074774093,0.020214151198689505,PAPD4
ENSG00000110696,152.5082956801565,0.23990511712152562,0.0938262424166336,2.556908503872846,0.010560699103764398,0.02023207617773811,C11orf58
ENSG00000167645,6.0985075222168525,-0.9445961854500559,0.3701625377420334,-2.551841661806268,0.01071552040573663,0.020520680932887683,YIF1B
ENSG00000143742,76.04433457935696,0.3404437872103998,0.13345503285481866,2.550999987994139,0.010741432951395081,0.020562291204969,SRP9
ENSG00000153310,217.38961057919113,0.25209322206958373,0.09884123928338459,2.550486253483885,0.01075727662198824,0.020584601760299925,FAM49B
ENSG00000149313,6.943384387993883,-0.8865528803373728,0.34781632757416486,-2.5489110488878164,0.010805985828383128,0.020669760358378628,AASDHPPT
ENSG00000114209,61.58309742176351,0.3762419419015044,0.147623758848577,2.548654395715728,0.01081394072470165,0.020676927907075454,PDCD10
ENSG00000100101,19.14083782370608,-0.551748896137167,0.21658025870711137,-2.5475493446672592,0.01084825097551283,0.020726401747150097,NOL12
ENSG00000105258,11.848819822910723,-0.7134614908431209,0.2800434792516,-2.5476811413349294,0.010844153802295808,0.020726401747150097,POLR2I
ENSG00000168301,4.580329772581315,-1.0715852867796087,0.4207430954959191,-2.5468873957790295,0.010868849848802029,0.020757686808011336,KCTD6
ENSG00000106565,61.978142360433495,0.7850004163528855,0.308309058950981,2.5461477487033397,0.010891907693539015,0.020793641960392666,TMEM176B
ENSG00000101654,8.779020619487198,-0.7548212809948703,0.2966815299419561,-2.54421392913319,0.010952398362891974,0.020892890355299364,RNMT
ENSG00000142252,5.554866543722255,-1.0319283749032233,0.4055839308730805,-2.5443029083569515,0.010949608517720822,0.020892890355299364,GEMIN7
ENSG00000173692,17.932164494490927,-0.5588990827507436,0.21971336093413527,-2.5437646594386587,0.0109664943660333,0.020911662132203194,PSMD1
ENSG00000053770,7.98152450986372,0.7774913106635332,0.30567696557029883,2.543506375146634,0.010974605427355899,0.020919011276193517,AP5M1
ENSG00000119523,13.392198128714671,-0.6765519796937691,0.2661692327223373,-2.5418113610431274,0.011027967411353121,0.021004430953251642,ALG2
ENSG00000168259,63.256574714307135,0.35409541927724325,0.13930430243338382,2.5418842999955,0.011025666428695308,0.021004430953251642,DNAJC7
ENSG00000117616,129.25041239659765,0.2865838960723389,0.11283766013165132,2.539789426136383,0.011091922843188644,0.02111805844689229,C1orf63
ENSG00000244187,7.854703161214517,-0.80856648279923,0.31878790597770096,-2.5363775338948678,0.01120059110121765,0.0213166942956559,TMEM141
ENSG00000102034,6.759735560590361,0.9642478363963812,0.3802901673358302,2.5355581585281013,0.011226828468922341,0.021358356599413233,ELF4
ENSG00000131981,1915.0837245011319,0.25962310612685474,0.10244423262164455,2.534287187114926,0.011267634476425476,0.021427691879703864,LGALS3
ENSG00000104687,6.782921412461381,-0.8804028088467464,0.347585509765535,-2.5329099864969202,0.011311999719812766,0.021503739506058002,GSR
ENSG00000095787,20.76323819523158,0.49192228940420213,0.19461840896649282,2.5276246579988007,0.011483704846750134,0.021821703641504316,WAC
ENSG00000000419,39.90769175558697,-0.3933178853914641,0.15566478330216765,-2.526697927738593,0.011514048861237032,0.021870906882148735,DPM1
ENSG00000074964,22.287783375435886,0.541846768342602,0.2144996613426161,2.526096148362308,0.011533791064170127,0.021899941765584238,ARHGEF10L
ENSG00000115966,7.7595732395447525,0.800917777724673,0.3176290836178374,2.5215505098025446,0.011683890002587552,0.02217637523086722,ATF2
ENSG00000082641,6.595746854276754,0.8804224497908277,0.34929383433989963,2.5205782731741095,0.011716217728357597,0.022229148230559548,NFE2L1
ENSG00000257815,6.669833879348124,-0.9046480943967746,0.35904101281676476,-2.519623280080425,0.011748049312128275,0.0222809395290615,RP11-611E13.2
ENSG00000184900,68.548376783842,-0.3412068520545626,0.13545474261446372,-2.5189730936606485,0.01176976502699331,0.022313512863674816,SUMO3
ENSG00000139192,8.898803990192544,0.8502800274676493,0.33801437333245554,2.5155144116648334,0.0118858817736314,0.02252496067706313,TAPBPL
ENSG00000120992,12.40963026646687,-0.7776841920929647,0.30924721182867226,-2.5147654120930727,0.011911160995681088,0.022564165432836108,LYPLA1
ENSG00000042493,338.0301382210607,0.31545157255751594,0.1254872863151994,2.513813007041714,0.011943374126287317,0.02261647031081922,CAPG
ENSG00000100453,10.801983258881364,1.1199739506893618,0.4457642423205274,2.5124804646938075,0.011988574245260538,0.022693318120651108,GZMB
ENSG00000135316,18.27548599732778,-0.6523552596591314,0.25967609363668015,-2.5121883594408168,0.011998502758671304,0.022703366405895566,SYNCRIP
ENSG00000128563,10.487362371950088,0.7178994523515635,0.28616377518638275,2.5087013612536557,0.012117588191927693,0.022919872353784714,PRKRIP1
ENSG00000103266,34.29179024123313,-0.3989578932244327,0.15946916927471766,-2.5017869914224464,0.012356824565851092,0.02336338434651492,STUB1
ENSG00000168566,4.570929320950071,-1.2511199583521182,0.5002408427746211,-2.5010352041882324,0.01238308683777706,0.02340403412339864,SNRNP48
ENSG00000004059,57.6675815097656,-0.3748768958400501,0.1498999642660609,-2.500847132789654,0.012389664483979726,0.0234074630043354,ARF5
ENSG00000196504,45.95706237831818,-0.3507161676564548,0.14029304413184793,-2.499882797659237,0.012423439969235422,0.023462253654428465,PRPF40A
ENSG00000126768,30.166329927500353,-0.43820382058659557,0.17541422300470177,-2.4981088367894206,0.01248578533809534,0.023570937053937955,TIMM17B
ENSG00000128595,7.54922817775485,-0.983261242314304,0.3937836361692993,-2.4969581059269075,0.012526375461380504,0.023629408451909327,CALU
ENSG00000196683,124.93748884616076,0.2650306051193629,0.10614055202342912,2.4969778286140896,0.012525678793346921,0.023629408451909327,TOMM7
ENSG00000167792,4.024104109450489,-1.3298808969623608,0.5327898470412146,-2.4960702692585026,0.012557772232872001,0.023679544417625868,NDUFV1
ENSG00000100554,43.04567084347914,-0.4142562433462887,0.1660222267312426,-2.495185442952095,0.012589131849847644,0.02372957188728474,ATP6V1D
ENSG00000114744,19.671844640641496,0.5588762128374876,0.22405493232591284,2.4943713893543746,0.012618044387430678,0.023774950199322988,COMMD2
ENSG00000081320,27.846267404626936,0.5429847612556021,0.21775477280255995,2.4935607806306543,0.012646892969688718,0.02382017326678818,STK17B
ENSG00000061794,4.6005397516391,-1.0902381321821215,0.43743975675741015,-2.492316062590379,0.012691304641192402,0.023876367154218783,MRPS35
ENSG00000158186,15.16666148735455,0.6230085105124117,0.24996978671830966,2.4923352485573727,0.01269061903769688,0.023876367154218783,MRAS
ENSG00000162444,4.772527517275385,-1.1884332964238495,0.47680656263678906,-2.4924851911678645,0.012685262022657256,0.023876367154218783,RBP7
ENSG00000142327,10.305753465232282,-0.7659650209511933,0.30742238171761466,-2.4915720731575646,0.012717916128608979,0.023917275107533303,RNPEPL1
ENSG00000197932,7.634479491077325,-0.7920173058700228,0.3181022358477681,-2.489819990605325,0.012780780925587888,0.024026303545653743,F8A1
ENSG00000111647,8.323641129311877,-0.8167095858662617,0.32838820819065456,-2.4870247027630756,0.012881645403708664,0.02420665602823112,UHRF1BP1L
ENSG00000127884,17.962908884690457,0.6519510199036889,0.2623226477058839,2.4853020721057075,0.012944154553756452,0.024314822430106728,ECHS1
ENSG00000165389,19.080850280253713,0.5254443227366109,0.21145657083160227,2.4848805628038826,0.012959490677939715,0.024334328311576524,SPTSSA
ENSG00000136247,7.663974022018148,-0.796455782647479,0.3206557567127646,-2.48383434874966,0.012997625436470381,0.024396612450273282,ZDHHC4
ENSG00000004897,8.587459029847446,0.7574559372275804,0.30510045439359523,2.4826444088163284,0.013041119660773511,0.024468904930523495,CDC27
ENSG00000140612,125.24492466692372,-0.27104149918554954,0.10922672528824097,-2.4814577061638694,0.013084623712808939,0.0245411606582989,SEC11A
ENSG00000105583,103.16472183292714,-0.31103890583677474,0.1254064665088038,-2.4802461507432647,0.013129171215757818,0.024615317571245295,WDR83OS
ENSG00000100804,55.218687752214876,-0.36462569875707634,0.14718816521558273,-2.477275929236691,0.013238950758951954,0.024811672017349316,PSMB5
ENSG00000163870,61.91596359061799,0.4538875868028536,0.18325939685992887,2.476749321344623,0.013258498684438057,0.02483883436344972,TPRA1
ENSG00000110768,17.634057941207722,0.524442323753908,0.2118360353472559,2.475699296836852,0.013297552252832509,0.024902504485677955,GTF2H1
ENSG00000137710,45.30928490569295,0.45938505075779684,0.1855799695004839,2.475402124455026,0.013308623433396194,0.024913743067317678,RDX
ENSG00000100852,5.336565097243122,1.180595099358195,0.47706717499562534,2.4746936306590803,0.01333505130138295,0.02495370986100374,ARHGAP5
ENSG00000112977,7.814931575971034,-0.8190084456722743,0.33130884768901286,-2.47203916039407,0.013434479909154381,0.025125736353601272,DAP
ENSG00000168769,13.554870670636458,0.6511666337608661,0.2634204822190425,2.4719665998462506,0.013437206987640242,0.025125736353601272,TET2
ENSG00000143156,6.273520678381349,0.9565551771470113,0.38700628900778705,2.471678637573159,0.01344803443801865,0.02513641735580968,NME7
ENSG00000132676,16.986276816473225,-0.6859592061406706,0.277742783685138,-2.4697642798824453,0.013520210944596893,0.025261717331463547,DAP3
ENSG00000110536,12.665830609789076,-0.6851508889639071,0.27761479977842557,-2.467991222048503,0.013587365151139882,0.025377541753212232,PTPMT1
ENSG00000090104,34.677507850192995,-0.660419552774442,0.2679650585494586,-2.4645733900882734,0.013717646797036503,0.025611138434892617,RGS1
ENSG00000100503,4.968341205980064,-1.1214816064887096,0.45520754734619084,-2.4636709409297413,0.013752230140064567,0.025665954769569798,NIN
ENSG00000105058,36.836324212050194,0.36954810155000123,0.15005849007506913,2.4626937227285772,0.013789765567330957,0.0257262369012393,FAM32A
ENSG00000142546,82.74620937698495,0.2764211483468925,0.11230062799569857,2.4614390255901353,0.013838091728951953,0.025806596871373776,NOSIP
ENSG00000178623,49.882744109422475,-0.4123316949134796,0.16764726607473798,-2.459519350167393,0.013912319763763559,0.025935181835786848,GPR35
ENSG00000163684,6.3597850312561,-0.8773579030084518,0.3569366485397917,-2.458021350841039,0.013970486812136355,0.026033739929783105,RPP14
ENSG00000186350,29.48879549867937,-0.4572297998903638,0.18646375277360872,-2.4521108960276066,0.01420208853711291,0.026455293052074617,RXRA
ENSG00000133997,16.45251871003883,0.5436003912087439,0.2217770866177005,2.4511116071508448,0.01424157879059382,0.02651880188593332,MED6
ENSG00000055609,10.885470584855552,-0.6790851645675832,0.27708106964959606,-2.4508536993392296,0.014251786598206723,0.026527757327116604,KMT2C
ENSG00000181991,15.755926275700286,-0.630370398089768,0.25773191613130264,-2.4458375491556237,0.014451609954628571,0.02688951583379205,MRPS11
ENSG00000178927,22.38481824992052,0.4864585056780402,0.1990475252066069,2.443931443875562,0.01452818694302494,0.02702176784179582,C17orf62
ENSG00000103653,20.73306511991715,0.5433166670302401,0.22239458500131296,2.4430301080713477,0.014564522164310124,0.027079100232849016,CSK
ENSG00000047410,27.07025688501718,-0.45762905414584,0.18734554945868404,-2.4427004295971413,0.01457783237108952,0.027093596169263958,TPR
ENSG00000002919,8.54412518265989,0.7402407339467646,0.3034674444686422,2.439275604152178,0.014716739504629964,0.02734142076587964,SNX11
ENSG00000060138,29.18849378978844,-0.41790721306478323,0.1714528376386315,-2.4374470485323774,0.014791380359734362,0.027459328707115472,YBX3
ENSG00000204386,33.34808396454736,-0.4113265271519619,0.168747611690334,-2.437525029431412,0.014788190415401869,0.027459328707115472,NEU1
ENSG00000115540,36.830989278071556,0.39621157531983,0.1628295486568487,2.433290386100724,0.014962295902708277,0.02776613371069051,MOB4
ENSG00000196937,5.617677663608749,-0.9527675721826713,0.3918875352672972,-2.4312270394944075,0.015047781918637102,0.02791423191701877,FAM3C
ENSG00000125877,9.65247525498928,-0.7328974941665235,0.30175842718188695,-2.4287556805323764,0.015150738190809861,0.028094614139486662,ITPA
ENSG00000111361,5.955638146555403,-0.9110843238805802,0.3751838818773569,-2.4283674429766755,0.015166968338117339,0.02811410124990894,EIF2B1
ENSG00000184203,83.06959124041049,-0.290378619101723,0.11966376817270458,-2.426621052770413,0.01524016510887395,0.028239129466442907,PPP1R2
ENSG00000107854,7.854062029964436,0.8811143031801971,0.3632632094105472,2.4255533738468764,0.015285067975485307,0.02831165625010735,TNKS2
ENSG00000105401,75.86399814480313,-0.3296560037702348,0.1360423629799014,-2.423186399805018,0.015385030239475425,0.028486073322073188,CDC37
ENSG00000204220,6.835001988390296,-0.949127980974593,0.3917261486001268,-2.4229375148082366,0.015395574534576092,0.028494859986028968,PFDN6
ENSG00000187446,10.281334236585845,-0.6770485438162338,0.2797819693004426,-2.419914855518042,0.015524141563759437,0.02872199986608203,CHP1
ENSG00000106266,29.456486996341738,0.453167804316587,0.18754158297203066,2.416359066267298,0.01567659364865692,0.02899314308976293,SNX8
ENSG00000175567,36.10691739292788,-0.6433757363850282,0.26629014297860715,-2.4160704154817885,0.015689026961997275,0.029005221403782772,UCP2
ENSG00000111679,51.81480960299933,-0.3509120368935555,0.1452543354566406,-2.4158455290878744,0.01569871970590062,0.029012225887474853,PTPN6
ENSG00000197622,56.33748489474144,0.34405836049718946,0.14245708538314739,2.4151719766821187,0.015727781758099166,0.029055007353120037,CDC42SE1
ENSG00000118620,5.343120715823995,-0.9715143518642441,0.4023574692583098,-2.4145552800476056,0.015754432121240895,0.02909330306042005,ZNF430
ENSG00000179163,94.24082369973111,-0.5243189808638227,0.21721219286450516,-2.4138561189835586,0.015784694196963826,0.0291382371464614,FUCA1
ENSG00000138430,10.193632613742874,-0.7671896638650372,0.3179008336361565,-2.41329868528467,0.015808858448754234,0.02917188524865877,OLA1
ENSG00000134575,8.61460639423365,0.7093166959033829,0.29399090641135456,2.4127164495043973,0.01583413258125155,0.029207555369470766,ACP2
ENSG00000116584,14.67467383835064,-0.5894820400741131,0.24467680331433503,-2.409227323919254,0.01598633704977014,0.029477245877137136,ARHGEF2
ENSG00000138621,7.717130355419924,-0.8420356933628437,0.34970405101745466,-2.4078522708357633,0.016046672791703496,0.029577400637070886,PPCDC
ENSG00000153989,6.327354748711226,-0.9079321602800601,0.3774667344630631,-2.4053302645902574,0.016157855975471,0.029771167702836335,NUS1
ENSG00000124151,10.858086120706151,0.6631840995626086,0.2760300544086728,2.4025793168911234,0.016279903630746256,0.02998480001554989,NCOA3
ENSG00000015285,70.9960547611575,-0.3421429271103703,0.14242951533229334,-2.4021911912860068,0.016297188132274147,0.030005388715622014,WAS
ENSG00000129084,148.51383650408042,-0.2133439395896643,0.08882114812780595,-2.4019498068487115,0.016307945900892365,0.030013949871529992,PSMA1
ENSG00000107897,8.19268353836418,0.7628717834666806,0.3176261156614652,2.4017917477534207,0.01631499349305181,0.03001567878130161,ACBD5
ENSG00000258289,40.97338081623775,0.38044688097523377,0.1586422492353013,2.398143513528653,0.016478407602597556,0.030304975658369905,CHURC1
ENSG00000197771,20.580699729002326,0.5666099707401896,0.2363111838320301,2.397728120827898,0.01649710501106326,0.03032801123245973,MCMBP
ENSG00000145220,14.794032981534333,-0.5748073240423881,0.23996136591052403,-2.3954161198462267,0.016601512289960457,0.030508538292021572,LYAR
ENSG00000090013,29.755888507898266,-0.46207071341495615,0.19306841670018712,-2.3933003715076735,0.01669756505526695,0.030673583058535247,BLVRB
ENSG00000146463,10.824669487921234,0.846765357690384,0.3541327701288836,2.391095738985723,0.016798171865676333,0.03084686717037874,ZMYM4
ENSG00000129460,16.67994202745966,-0.5162145793114722,0.2160955973780828,-2.3888250643454736,0.016902348364371402,0.03102657447236499,NGDN
ENSG00000134779,11.932228939889367,0.6449129283738555,0.270058060135797,2.3880528803678924,0.016937904446793363,0.031080232431494617,TPGS2
ENSG00000053254,8.921438932306977,-0.7687414409175289,0.3220252882089311,-2.387208300295866,0.016976869236752363,0.03114010281052673,FOXN3
ENSG00000073614,21.784919049454352,0.483320566320008,0.203174710844892,2.3788421517133864,0.01736711105374743,0.03183214610895743,KDM5A
ENSG00000254859,6.4414972136737205,0.9093882327623746,0.3822731162235432,2.3788966426574145,0.01736454406538913,0.03183214610895743,RP11-661A12.5
ENSG00000185627,37.23710832651276,-0.4360913177646728,0.183362068545439,-2.3783071451149396,0.017392332107301966,0.03186648768653313,PSMD13
ENSG00000167173,5.612296272624694,-0.8911681726317722,0.37482568495774665,-2.377553642654536,0.017427907869247392,0.03191976864311654,C15orf39
ENSG00000171222,116.6294767661312,-0.2687063344087108,0.1130428643764014,-2.3770304821186516,0.017452645814117537,0.031953167485310574,SCAND1
ENSG00000054523,7.84695230711234,0.7605161686539951,0.32144339451960985,2.365941194064883,0.017984300759751635,0.03291428451896444,KIF1B
ENSG00000006712,9.878338888840178,0.6898915287138434,0.29166572825064596,2.3653499945011642,0.018013038832122186,0.03295460641141043,PAF1
ENSG00000173473,6.178577117584295,-0.8381217051721185,0.3543678476473838,-2.365117802690997,0.018024336617906034,0.03296300340170832,SMARCC1
ENSG00000163312,5.9313432197649245,0.8613444996337768,0.3643390390647028,2.3641290316978933,0.01807251688942297,0.03303881993847636,HELQ
ENSG00000160752,19.0517413453682,-0.48305782238026185,0.20434234457302614,-2.363963393831134,0.018080599018071002,0.03304130292852395,FDPS
ENSG00000171603,5.714591728427912,-1.0157147122574854,0.4297042892555974,-2.3637527891961914,0.018090879824724192,0.03304572221061179,CLSTN1
ENSG00000181610,9.782715466663468,-0.7957796948691831,0.33667573752069213,-2.3636383801499043,0.018096466924858837,0.03304572221061179,MRPS23
ENSG00000153879,24.15375246572193,-0.4974763171718938,0.21059648677302184,-2.3622251481719507,0.01816560601750737,0.033159653777871924,CEBPG
ENSG00000261644,7.308033041468373,1.0754781475694049,0.45556718969618115,2.3607454002265698,0.018238247036331274,0.03327989080450497,RP11-327F22.2
ENSG00000100300,225.5009706510247,0.3116237491972698,0.13203380251319985,2.3601815843038816,0.018265991673844843,0.03331814516899538,TSPO
ENSG00000011007,10.774931886954652,-0.6613357159264239,0.28029263177433394,-2.359447380903224,0.018302176239205523,0.03334701299201184,TCEB3
ENSG00000132478,9.033097660495319,0.6855051026862126,0.2905200156923709,2.3595796009184022,0.018295655263515252,0.03334701299201184,UNK
ENSG00000180061,10.380678736767639,0.6832552130433164,0.28957728766653995,2.3594917217061324,0.018299989162798527,0.03334701299201184,TMEM150B
ENSG00000110011,11.498566441557362,-0.7046334404393113,0.29896342242883256,-2.356921909425383,0.018427121471204705,0.033562221982764984,DNAJC4
ENSG00000023287,16.554676491650874,-0.5391883581710081,0.2288251859930413,-2.356333092579263,0.018456359707119768,0.03360302023000613,RB1CC1
ENSG00000115758,7.3276071305573,-0.8296759550087545,0.3522418351704987,-2.3554157177473236,0.018501993697783162,0.03367362852996535,ODC1
ENSG00000145592,206.5754176226351,-0.23860973516561898,0.10135649282434578,-2.3541632954796268,0.018564453732238265,0.033774796608744474,RPL37
ENSG00000136273,15.194751875194846,0.5691842938028429,0.2421313498041251,2.3507253160868715,0.018736859871186572,0.03407584359992998,HUS1
ENSG00000147164,10.608105901922682,-0.6629624027439762,0.2822383791416081,-2.3489449052261833,0.018826692311268243,0.034226550505946036,SNX12
ENSG00000143977,64.57092618292612,-0.3230044359797151,0.1376085320943904,-2.3472704131321986,0.01891152403351437,0.03436805809936746,SNRPG
ENSG00000115464,10.629429215565589,-0.6831615456987078,0.2913750451821401,-2.3446124058828026,0.01904686826437485,0.03460122390060555,USP34
ENSG00000121766,8.631180263826643,-0.6921727379396326,0.2954296484915498,-2.342935928989642,0.019132668373865347,0.03474424700265126,ZCCHC17
ENSG00000115170,4.382844331185425,-1.046086309260405,0.4465682246787703,-2.3425005440386757,0.019155006052989986,0.03475912102821004,ACVR1
ENSG00000139218,62.3734756894208,0.2876260339873112,0.12277902555745392,2.342631672481533,0.019148276033851167,0.03475912102821004,SCAF11
ENSG00000126070,8.04965591545622,-0.8556039580558291,0.3654956147233703,-2.340941788599579,0.019235165927934665,0.03489169633439311,AGO3
ENSG00000172115,65.66132394957461,-0.35515591427363946,0.15182370140214443,-2.339265285944498,0.019321708117752332,0.03503574674931179,CYCS
ENSG00000166326,9.426300152008604,0.6571611503490515,0.28099007995341235,2.3387343441377277,0.019349186540132377,0.0350726310063484,TRIM44
ENSG00000164611,9.620283699629473,0.6806906036357282,0.29122859169775644,2.3373069232919415,0.0194232308188386,0.035193862921745166,PTTG1
ENSG00000075785,174.42304509566293,0.21200105342767542,0.09076812153292077,2.335633368272192,0.01951035793815799,0.03533870214084348,RAB7A
ENSG00000134717,36.293093182146315,-0.39768733962129205,0.1703690863703955,-2.334269368309514,0.01958162162219559,0.03545471210444699,BTF3L4
ENSG00000164758,24.48152416726615,-0.5220079400024966,0.22388711844890702,-2.331567548945981,0.0197234526486779,0.03569835960059049,MED30
ENSG00000197019,50.36679059589412,-0.3826093239873832,0.16423252187251403,-2.3296806236975693,0.01982303738664207,0.03586539238511014,SERTAD1
ENSG00000113141,31.623815750955146,-0.4250086093430739,0.18246799206794884,-2.3292228106768773,0.01984726509335256,0.03589601055161372,IK
ENSG00000181019,22.78932123840618,-0.6390246769604594,0.2745933303111317,-2.3271675107199576,0.01995635148508225,0.0360800261948838,NQO1
ENSG00000120699,10.930950269995119,-0.699818709450309,0.3010342812207544,-2.324714336893472,0.020087240148887228,0.03628996253368818,EXOSC8
ENSG00000183741,6.672526173025316,0.8658921355492043,0.372455012477846,2.3248234190450274,0.020081404212305292,0.03628996253368818,CBX6
ENSG00000160410,112.62811861334632,-0.2956329250461983,0.12720095386020455,-2.3241407872703737,0.020117949629498234,0.03633208543893948,SHKBP1
ENSG00000006652,15.428587231410875,0.6278375096689605,0.27022343860396286,2.3234013781799057,0.02015760014962489,0.0363903185654874,IFRD1
ENSG00000158792,5.805928548617313,-0.9243380343120499,0.39790485882018345,-2.3230126846220944,0.020178471021228862,0.036414618655276766,SPATA2L
ENSG00000054282,16.326974802791817,-0.5279639795578137,0.22752890663832434,-2.3204259509630365,0.020317846391571744,0.0366526788429455,SDCCAG8
ENSG00000115902,6.713823552185094,0.8886568526105847,0.38300288757508805,2.3202353857876923,0.020328147337333312,0.03665459397510825,SLC1A4
ENSG00000165280,63.73881353259808,-0.28599980937049324,0.12326885349318205,-2.3201303595016545,0.020333826450171975,0.03665459397510825,VCP
ENSG00000100902,27.658198600632325,0.44557516041317397,0.19209482327189997,2.319558397377977,0.020364778601572,0.03669692777709014,PSMA6
ENSG00000111269,14.204449541641452,0.6040710604149864,0.2605991300695874,2.3180087372267213,0.02044884621509148,0.03683490846809367,CREBL2
ENSG00000170142,58.390483483605664,0.3075956781078002,0.13271214067746123,2.317765929609783,0.020462045692556483,0.03684517864903721,UBE2E1
ENSG00000142166,25.645129262253686,-0.42701266068335236,0.18426017662037117,-2.317444108192303,0.020479551959747114,0.03686319352754481,IFNAR1
ENSG00000103254,4.8833601246652485,-0.949386826479516,0.4097013099126787,-2.3172657824351663,0.020489258051031085,0.036867160037629715,FAM173A
ENSG00000134748,38.04970248411729,-0.36688610764869034,0.15840280795084963,-2.3161591160841697,0.020549582535883106,0.03696217005173118,PRPF38A
ENSG00000100889,7.555388318181931,0.7923138875822869,0.3423018774953357,2.314664159541699,0.02063131865053739,0.03709560916529116,PCK2
ENSG00000163156,27.492932168542325,-0.48677317033743817,0.21032630557884527,-2.3143713241088664,0.020647362463063403,0.037110877521394865,SCNM1
ENSG00000077312,6.739106191400918,0.8112456052999009,0.3508153030029175,2.312457861318422,0.020752464917529703,0.03728614720465849,SNRPA
ENSG00000081154,70.03895709911453,0.34235266819204846,0.14809692905987729,2.311679724659458,0.020795339530057112,0.03734952428753679,PCNP
ENSG00000131148,15.350075386292806,-0.5981412565769223,0.2587771072706695,-2.3114148808816104,0.020809949779925452,0.03736210932354902,EMC8
ENSG00000100368,8.79098052955942,0.7313367497512666,0.3164686235550607,2.3109297267317404,0.02083673677888108,0.03739653927371133,CSF2RB
ENSG00000101473,5.64093339348652,-0.9397218428215235,0.4068708918244803,-2.309631535958855,0.020908562131559415,0.03751174673767177,ACOT8
ENSG00000117713,7.309517072287493,-0.8193276533100498,0.3547986020891127,-2.3092753141802516,0.02092830859915587,0.03753215211070248,ARID1A
ENSG00000166855,5.74251226550617,-0.8863151258259513,0.38382729426126144,-2.309150857892506,0.020935211423572547,0.03753215211070248,CLPX
ENSG00000095059,9.187907601058036,-0.6956911761676066,0.3014327095840918,-2.3079485206748176,0.021001999909350873,0.037638157386779794,DHPS
ENSG00000100075,7.580314796458744,-0.765064249761551,0.3316225865891559,-2.3070329968488603,0.021052980673414476,0.037704439741281584,SLC25A1
ENSG00000162222,12.93574223873932,-0.6464891471462137,0.28022830023318274,-2.307008773233321,0.021054331023621625,0.037704439741281584,TTC9C
ENSG00000100519,37.637578830314716,-0.37688109643339945,0.16346963970448275,-2.3055112687268275,0.021137956377322315,0.037840407154157325,PSMC6
ENSG00000108639,30.068433773572426,0.4882859005943634,0.21180419113627103,2.305364676566806,0.021146158072301385,0.03784130399391442,SYNGR2
ENSG00000103152,18.051898850195762,-0.49539464258083193,0.21503757273220692,-2.303758530597639,0.021236202194662178,0.03798860487243172,MPG
ENSG00000198171,11.256305172181559,-0.649481565304746,0.2819539110400123,-2.3035025934170412,0.021250581410251507,0.03800049383186896,DDRGK1
ENSG00000161547,50.982376214780984,-0.36871186439898046,0.16022509022753645,-2.3012117757298243,0.021379663607132452,0.0382174125010727,SRSF2
ENSG00000103342,11.775395977129271,-0.630015732943218,0.2738729745033735,-2.3003939475432165,0.02142591141829743,0.038286155894368575,GSPT1
ENSG00000005194,7.196710306578341,-0.9952000353579346,0.43284937855402295,-2.2991832370939305,0.021494536475891623,0.038380869274175666,CIAPIN1
ENSG00000102978,11.59158072223818,-0.6309954479677559,0.27444309944459555,-2.2991849649152534,0.021494438403938457,0.038380869274175666,POLR2C
ENSG00000229809,10.503329180433482,0.6702349767951875,0.29191299089448797,2.2960094195925804,0.021675342795459757,0.0386896601877549,ZNF688
ENSG00000172466,26.853187097612604,-0.4363972407231809,0.19014965175319917,-2.2950199314043114,0.02173198208108248,0.03877667390938247,ZNF24
ENSG00000166233,5.328393218014081,1.0395915182872264,0.45370239239243043,2.2913511934669955,0.02194310996175828,0.03913918052707085,ARIH1
ENSG00000172939,17.8746690893099,-0.5774084712789138,0.2521364195685233,-2.2900637371904584,0.022017622116787244,0.03925783566106405,OXSR1
ENSG00000124659,31.335434809997047,-0.39434473764243677,0.17233109007810193,-2.288297123076958,0.022120223943958482,0.03942647096866593,TBCC
ENSG00000116586,40.93874562722539,-0.4403927119389537,0.19260636553451826,-2.286490951203936,0.022225552901242642,0.03959984298647801,LAMTOR2
ENSG00000139372,13.725259091296055,-0.5529316259783283,0.24258474592327156,-2.279333862786319,0.022647226536689474,0.040336524538344354,TDG
ENSG00000106261,8.251766477973698,-0.7954683602572253,0.34930558511548826,-2.277284973826644,0.022769213652606476,0.04053909995974936,ZKSCAN1
ENSG00000163719,31.369738196891042,0.3884849590865138,0.1706261762584337,2.2768192290619407,0.02279702275295179,0.04057391155668421,MTMR14
ENSG00000146223,12.594507819672643,-0.7221293856245148,0.3173841323912073,-2.2752535868252517,0.022890721948409697,0.040725926015382066,RPL7L1
ENSG00000198730,8.057108817617436,-0.7916780717637875,0.3481383047026827,-2.274033224927366,0.02296398895008658,0.04084149174836245,CTR9
ENSG00000137845,13.378945814641895,-0.6227976594714614,0.27403717307381936,-2.2726758289237416,0.02304572229073798,0.04097202580922085,ADAM10
ENSG00000168374,68.75759117620984,-0.33751373945894864,0.14868322767782416,-2.270018916930522,0.023206435304150064,0.04124282932535024,ARF4
ENSG00000106245,109.7276720544315,0.23693737040462975,0.10450384975333964,2.2672597321904684,0.023374363805449928,0.04151124818936789,BUD31
ENSG00000140830,13.483656763287092,0.7618836176228073,0.33603461400877166,2.267277196637009,0.023373297582243546,0.04151124818936789,TXNL4B
ENSG00000128272,42.29886417906946,-0.3984650083018557,0.1758002320450953,-2.2665783979149907,0.023415992959865975,0.04157015513178519,ATF4
ENSG00000143418,11.302733949750708,-0.605833379883848,0.26731838776498856,-2.2663363525013587,0.023430797286953596,0.04158141490360779,CERS2
ENSG00000077238,8.160793122422902,-0.7068579575252455,0.3121390470441799,-2.264561144204421,0.023539623607249968,0.04175946224044272,IL4R
ENSG00000116793,11.23680753568702,-0.6458934084894479,0.2854363998798623,-2.2628277569409465,0.02364630914521224,0.041933584676857795,PHTF1
ENSG00000128309,9.24186169489675,-0.7304056822782348,0.3228190240715544,-2.2625856217083937,0.02366124529236998,0.04194493483647405,MPST
ENSG00000170445,7.406997497489643,-0.8087847511760305,0.3576930937623547,-2.261113690144025,0.023752217849635462,0.042091020019152055,HARS
ENSG00000162191,123.03170745510866,-0.2394912633728191,0.1063916540609746,-2.251034307968961,0.024383364511321295,0.04319389084665928,UBXN1
ENSG00000164258,38.03488160341263,0.3633938669196984,0.16155381447403855,2.2493672966050284,0.02448913748000196,0.043365629397019684,NDUFS4
ENSG00000171720,11.531888090318514,-0.6126283497605268,0.2725363311078959,-2.247877731640814,0.024583987490098907,0.04351790869104684,HDAC3
ENSG00000084090,7.053217588523227,-0.7864710900129146,0.34994971050390483,-2.247383170800305,0.02461554960620268,0.043558088140036,STARD7
ENSG00000089916,18.974997538323024,0.4750964285852635,0.2118143161844676,2.242985446609309,0.024897753001352062,0.04404159764170052,GPATCH2L
ENSG00000151657,20.397060931235142,0.49184168258618194,0.21946570571530485,2.241086738281599,0.02502045706119824,0.044242722561615024,KIN
ENSG00000213625,101.85022472196653,0.27007384370842497,0.12054552111994142,2.24043034696996,0.025062997980469515,0.044302004343894676,LEPROT
ENSG00000071073,16.500737402049076,-0.5199623239269519,0.23224222377827222,-2.2388793711490367,0.025163766064592735,0.044457616990027364,MGAT4A
ENSG00000122008,7.826061314324709,0.791312367136036,0.3534542722919073,2.2387970076154997,0.0251691270790102,0.044457616990027364,POLK
ENSG00000013275,47.19206662059081,-0.3107350035707871,0.13889721284491127,-2.2371579472782157,0.02527601874913028,0.044630383087756444,PSMC4
ENSG00000068366,8.106378183709259,-0.7052643759300854,0.31537678668626395,-2.2362596288092713,0.025334769288197813,0.04470264230096505,ACSL4
ENSG00000162604,20.97410925370395,-0.47735535284672886,0.21346204293073934,-2.2362540257408354,0.025335136102602292,0.04470264230096505,TM2D1
ENSG00000176978,41.22262780220632,-0.37402326069618,0.1672918110495596,-2.2357535515314435,0.02536791904349767,0.04474442002144564,DPP7
ENSG00000134283,18.18979991599517,-0.5736778597007387,0.25684464152398667,-2.2335597748772305,0.0255120531388817,0.04498250058287215,PPHLN1
ENSG00000177868,85.94829011403553,0.24846946112692858,0.11131935706553274,2.2320418270171714,0.025612198619123307,0.04514287805393541,CCDC23
ENSG00000189180,6.7621059057908575,-0.758005743771436,0.3396897222152633,-2.2314650523664756,0.0256503399552446,0.04519389406241376,ZNF33A
ENSG00000123415,8.343285379648064,-0.7234918436096739,0.32428357123585094,-2.231046860784321,0.025678025121693756,0.04521688780051715,SMUG1
ENSG00000170385,12.706030784539438,0.6722640595247774,0.30132993403371244,2.2309899667968773,0.025681793620521642,0.04521688780051715,SLC30A1
ENSG00000066583,7.608684471200741,0.7791611758419128,0.3492915135078064,2.230690256448212,0.025701653495515606,0.04521945051090716,ISOC1
ENSG00000170906,8.245236003567049,-0.6931254586979119,0.31070878527553397,-2.2307880933693394,0.025695169012865827,0.04521945051090716,NDUFA3
ENSG00000113643,10.700074280522994,-0.6837606527609829,0.3065924467169901,-2.230194057559904,0.02573456260196039,0.04526114553544501,RARS
ENSG00000092108,19.150059214349316,0.4684784589992162,0.21014696009581846,2.229289725559718,0.025794633823325516,0.04535056551263742,SCFD1
ENSG00000143669,25.524778070235556,0.40732146468002994,0.18275526723642568,2.2287809858475316,0.025828480671939453,0.04539383191055454,LYST
ENSG00000111652,9.319986000100887,-0.6425298485405938,0.2884841710796101,-2.227262057866188,0.025929764744357053,0.04555554664060441,COPS7A
ENSG00000114331,26.617783401108255,0.4307128031107798,0.19346318400680437,2.2263295485493044,0.025992115647617532,0.045648769225301124,ACAP2
ENSG00000112763,10.078634547119883,0.6710465867442471,0.30143845994780766,2.226147873965502,0.026004278134131052,0.04565381305863522,BTN2A1
ENSG00000080345,6.964459232482907,0.844227434710081,0.37939863951101666,2.225172540940456,0.026069657460725242,0.0457522488435728,RIF1
ENSG00000145817,26.155479635728277,-0.49230150989979593,0.22166701215753484,-2.2209056057016094,0.026357355479135838,0.046224141621867776,YIPF5
ENSG00000164924,70.6832292713357,0.3225110409334653,0.14521579058730716,2.2209088944742827,0.02635713268150661,0.046224141621867776,YWHAZ
ENSG00000090989,11.288360366219365,0.5986668500879734,0.2697446801360791,2.219383343486002,0.026460655862763725,0.04637922361610509,EXOC1
ENSG00000188603,24.33845827580874,0.46208503323203054,0.2082097718909707,2.2193244295661683,0.026464660769140957,0.04637922361610509,CLN3
ENSG00000169403,34.98258206404379,0.44725215803516344,0.20154358653300872,2.2191336659671514,0.02647763227156554,0.046385413540988615,PTAFR
ENSG00000153187,100.04452128197858,-0.2909042973178868,0.13111286499757802,-2.218731909513689,0.026504968787360913,0.0464167557452215,HNRNPU
ENSG00000035862,6.073137851902368,-0.8437667451361707,0.3803472368172912,-2.218411660346816,0.026526776803629692,0.046438397297127294,TIMP2
ENSG00000137547,10.009511427000035,-0.7062410950962437,0.31845251151563875,-2.217728137030444,0.026573374562856304,0.046492517260562125,MRPL15
ENSG00000162032,13.654147760025136,-0.6194333623001288,0.27931585190666763,-2.217680658193042,0.026576613957044973,0.046492517260562125,SPSB3
ENSG00000170892,38.17822514725451,0.38342894406372224,0.17300622568692725,2.216272521646572,0.02667284373786738,0.04664425413803569,TSEN34
ENSG00000073584,12.001838640431416,-0.6070097826477295,0.2743179446935969,-2.212796480834447,0.026911680021564237,0.047028447946645326,SMARCE1
ENSG00000138293,71.76650762245234,0.26360367392218104,0.11912235811816485,2.212881595751288,0.026905809857106566,0.047028447946645326,NCOA4
ENSG00000129625,126.74617454902207,0.21309991262954012,0.09641057770933494,2.21033747222227,0.027081749819073197,0.047292010878083046,REEP5
ENSG00000205670,6.199050919954673,-1.0220967904195046,0.462398820206243,-2.2104225740965786,0.027075848547873687,0.047292010878083046,SMIM11
ENSG00000007255,5.725901479075867,0.8560359769013416,0.3876474530283951,2.2082847964401227,0.027224426481070044,0.04752427414848249,TRAPPC6A
ENSG00000152601,17.82426553581365,0.47489430397257276,0.21507059767053863,2.2080856663636177,0.02723830199789571,0.04753161080172568,MBNL1
ENSG00000130402,19.689880471720596,-0.467477201309334,0.21177725108949064,-2.2074004592296474,0.027286094328804772,0.04759810704002366,ACTN4
ENSG00000101745,78.84331158885904,0.24539302370060506,0.1111802003703001,2.2071647908826546,0.027302548612826816,0.047609909114063514,ANKRD12
ENSG00000119013,65.91656858150192,0.2773630012038362,0.12581424928530643,2.2045436250616235,0.02748613545836983,0.04789605306469126,NDUFB3
ENSG00000175854,6.057911574585178,-0.863958382814596,0.391897756270739,-2.2045504700918426,0.02748565464799687,0.04789605306469126,SWI5
ENSG00000111530,9.114020916995166,-0.6581824290952424,0.29869154683350174,-2.2035522466999375,0.027555848778969078,0.04798350138194686,CAND1
ENSG00000111711,22.051638689846257,0.441442476720782,0.2003256688735141,2.2036241246722574,0.027550789226399433,0.04798350138194686,GOLT1B
ENSG00000137076,56.61934782160384,-0.31115772537469105,0.14127126659063408,-2.2025549348003084,0.027626133174492053,0.04808884818259084,TLN1
ENSG00000169228,10.600405283486928,0.6144275970823335,0.2792812268220254,2.200031860622996,0.027804634620961017,0.0483824272405816,RAB24
ENSG00000068793,15.595841070180303,-0.5975886592624471,0.2717308052942155,-2.1991936417198272,0.02786415625950819,0.04846883676432681,CYFIP1
ENSG00000103496,50.01887732624603,0.315398633809316,0.14354637904731954,2.1971897577809747,0.028006896782840705,0.04868266388074964,STX4
ENSG00000169919,16.55354842943809,0.5799138313894168,0.2639292519541125,2.1972321260177794,0.028003872301450364,0.04868266388074964,GUSB
ENSG00000170043,92.56572901352632,-0.262982354066782,0.11971577174982102,-2.19672270598026,0.02804025621359268,0.04872341549985659,TRAPPC1
ENSG00000086598,68.15938292519039,-0.2884667615987503,0.13133898323102644,-2.1963529372793658,0.028066691431840284,0.0487521108858477,TMED2
ENSG00000147669,16.41117194608009,-0.5418966292545925,0.24680233553671962,-2.1956705882711076,0.028115529796235945,0.04881968672038991,POLR2K
ENSG00000174917,13.292582551059837,-0.5389276438923597,0.24578309292519177,-2.1926961593586562,0.028329277646789632,0.049173461800185184,C19orf70
ENSG00000099785,10.954496034164851,-0.6040940449047224,0.27564831869035383,-2.191539015274474,0.028412809610151184,0.0493010404040547,MARCH2
ENSG00000150779,34.93352015091337,-0.419881230922098,0.19161008990275324,-2.1913315271403393,0.02842781018514626,0.04930965734197272,TIMM8B
ENSG00000118579,105.51965333010597,0.28492681099791667,0.13007267227687017,2.1905201608484446,0.02848653429258436,0.04939408239723343,MED28
ENSG00000141127,6.977431162118168,-0.895714380426422,0.4089662092729112,-2.190191659156598,0.02851033989970702,0.04941675745333106,PRPSAP2
ENSG00000198492,27.151160845396397,-0.41682141334030187,0.19032400445356085,-2.1900622285509264,0.028519724081735223,0.04941675745333106,YTHDF2
ENSG00000118689,9.894069863485868,-0.6167110536338014,0.28173114196418214,-2.189005621935139,0.028596431403612045,0.04953220441217822,FOXO3
ENSG00000162976,16.46826638128778,0.5755556168866165,0.26296424238388727,2.1887219785813845,0.02861705351656475,0.049550458414516975,PQLC3
ENSG00000144029,13.211172134193053,-0.5502198096855684,0.2514225501155256,-2.1884266523935465,0.028638538631373583,0.049570193319679386,MRPS5
ENSG00000067057,5.238893143562262,0.976970668567299,0.4464978783354054,2.1880746045413613,0.0286641684219803,0.049597085783665916,PFKP
ENSG00000221983,667.1324256993536,-0.12998184313404176,0.05941287831601675,-2.1877721938107273,0.02868620029965997,0.04961773610437489,UBA52
ENSG00000106682,29.396588996748623,-0.3909789076436654,0.1787615309718947,-2.1871534972764133,0.028731320351601093,0.04967829282468957,EIF4H
ENSG00000074695,7.36779442213402,-0.8116444512220221,0.37120575267510886,-2.186508278422073,0.02877843969550168,0.04974226263232334,LMAN1
ENSG00000108848,22.54142444247665,-0.4872370080192303,0.22288251572059903,-2.186071017925967,0.028810409971083185,0.04978001216522601,LUC7L3
ENSG00000204227,12.425376028683498,-0.5818143934140778,0.2662507762557208,-2.185212008002837,0.028873305484086374,0.04987115049166975,RING1
ENSG00000159842,9.093858049416653,-0.7247326221325616,0.33214568042454873,-2.1819721430855523,0.02911158872046139,0.050249101684170315,ABR
ENSG00000162736,14.232930731973674,0.5654642587507728,0.2591544180686204,2.1819587833576732,0.02911257478527328,0.050249101684170315,NCSTN
ENSG00000006451,221.30583261293742,0.2431963749502081,0.11150247026104337,2.1810850861048214,0.02917712372645514,0.05034283216004233,RALA
ENSG00000163162,51.326788503470574,0.3483699938046785,0.15992642978407168,2.178314080262019,0.02938266160985978,0.05067967678162547,RNF149
ENSG00000119953,11.520657345616286,0.6623828336393444,0.3041942631843756,2.1774994265354266,0.029443324550907757,0.050766490120407265,SMNDC1
ENSG00000122884,6.860786097319279,-0.884281275083236,0.4066863100844671,-2.174357122814324,0.02967832554272707,0.05115373262608237,P4HA1
ENSG00000114626,29.949030078184407,0.41887934194051674,0.1927721041542945,2.1729250908899473,0.029785955688724622,0.051321243427206446,ABTB1
ENSG00000153827,14.79216270291813,0.5260957088205063,0.24232637140731536,2.1710212791335697,0.029929563893827293,0.05155060531870568,TRIP12
ENSG00000187630,13.157247762485746,-0.5400271004978932,0.2488394131955071,-2.170183145680411,0.0299929743716746,0.051641722516611414,DHRS4L2
ENSG00000160131,30.823316627167515,-0.3582604993309829,0.1651779086051438,-2.168937131825547,0.030087457200088718,0.051769355435131025,VMA21
ENSG00000185022,26.624406442704363,-0.5954799721819419,0.27455040047276047,-2.168927712931974,0.0300881723896488,0.051769355435131025,MAFF
ENSG00000104388,95.03596395013042,0.2635173884989949,0.12153329028103571,2.168273300999526,0.030137898574539333,0.05183676359653003,RAB2A
ENSG00000124762,83.0969616003518,0.3603015203108175,0.16621879531519035,2.1676340490111254,0.030186540988548914,0.051902261167854916,CDKN1A
ENSG00000152944,7.771308934129543,0.7957113658466222,0.36731701004654077,2.166279655128963,0.03028982341542213,0.05206162723448211,MED21
ENSG00000101161,16.078149579546444,-0.5292624971767093,0.24435028060116687,-2.165999138100363,0.030311252801211407,0.05208024344935415,PRPF6
ENSG00000139629,6.774324442607675,0.7229610821498746,0.33397734867581647,2.164700944589015,0.030410594705212228,0.05223266773205624,GALNT6
ENSG00000149187,20.333712823905216,0.44294961294033114,0.20466634788921984,2.164252294080546,0.03044499184335904,0.05227347656123911,CELF1
ENSG00000101972,29.398362485001815,0.3641916079521906,0.16838292135972238,2.1628773572241045,0.030550613733877175,0.05243650572416082,STAG2
ENSG00000006125,13.372113720399138,0.5592240227567907,0.2586661659413777,2.1619527266798757,0.03062182019906937,0.05254037166837531,AP2B1
ENSG00000100319,8.257371120879622,-0.7209908357647173,0.3335774991457154,-2.1613892951747617,0.030665280317057595,0.05259657503595847,ZMAT5
ENSG00000116539,14.793453595031,-0.5193331195172086,0.24031728727907697,-2.161031049398101,0.030692941033853244,0.05260908259384263,ASH1L
ENSG00000159658,14.184516762468277,-0.5262651558243568,0.243526554482115,-2.161017540545077,0.030693984492581768,0.05260908259384263,EFCAB14
ENSG00000161920,6.745319704148654,-0.7713380674053768,0.3570990347436968,-2.1600116280319677,0.03077176941003409,0.052724014951501925,MED11
ENSG00000118855,45.24000118335164,0.32455612620532,0.15035170140897236,2.158646182010893,0.030877626998046182,0.052886949832136265,MFSD1
ENSG00000115234,20.628624048844685,-0.436143621021922,0.20214407232218423,-2.157587981738001,0.03095987993007844,0.05300935539247577,SNX17
ENSG00000149483,28.450856578886004,-0.47306721043659233,0.21948542873929805,-2.155346772466137,0.03113470825461629,0.05328920173460885,TMEM138
ENSG00000170473,12.933080581795307,-0.670013034958547,0.3108799015973346,-2.1552150252105315,0.03114501167720729,0.05328920173460885,WIBG
ENSG00000185115,14.775746104945028,-0.5050212849857347,0.23444718099029918,-2.1540940814580796,0.031232794598336038,0.05342079800077385,NDNL2
ENSG00000147526,17.362452564351656,-0.47539670479323926,0.2207874261052654,-2.153187403736403,0.03130395322842389,0.053523878275739394,TACC1
ENSG00000104824,6.0390370333671815,-0.8152108460321409,0.37884517341513496,-2.1518311522444566,0.03141065531858378,0.053687638342789806,HNRNPL
ENSG00000139112,29.558113252926148,-0.4176051154090948,0.19410341044051962,-2.1514568675601105,0.03144015676790927,0.05371937773209532,GABARAPL1
ENSG00000074201,11.464790825663755,-0.5881105670428761,0.27366828960892153,-2.1489905457563245,0.03163514939398433,0.05401498405908235,CLNS1A
ENSG00000176476,4.906056563729004,1.0535415507030257,0.49023102238706673,2.149071565428578,0.03162872736954063,0.05401498405908235,CCDC101
ENSG00000161638,20.14377119598931,-0.4618721698241077,0.21498070805537214,-2.148435429402085,0.031679180779259686,0.05407137698828833,ITGA5
ENSG00000120656,35.7603095971549,-0.47313432589881793,0.22024253997463802,-2.1482422331003885,0.03169451727860094,0.054078770106612856,TAF12
ENSG00000172775,28.913447700272474,0.451148183578561,0.21006731621570374,2.1476362515876,0.03174266321244042,0.054142119759087885,FAM192A
ENSG00000171159,35.40825997212889,0.4149982582617148,0.19335896751277312,2.1462581415278836,0.03185238918708279,0.05431042347859987,C9orf16
ENSG00000067829,26.73969925457187,-0.4241954774164771,0.19770893310850138,-2.1455554422706906,0.03190846360740938,0.05438716273562597,IDH3G
ENSG00000143149,8.52344570360875,-0.707819279816886,0.329969696446401,-2.145103891174629,0.03194454140043918,0.054429776852204625,ALDH9A1
ENSG00000100227,16.322905680323622,0.5011739110232092,0.2337687598231568,2.143887452721831,0.0320419057957907,0.05455783959823821,POLDIP3
ENSG00000137500,30.48173284108328,0.3836570950673024,0.17894889334494146,2.143947849555939,0.03203706560621444,0.05455783959823821,CCDC90B
ENSG00000179335,24.810430982942876,0.4115721497656686,0.19213465720138806,2.1421026053320236,0.032185226308762666,0.05478288953282291,CLK3
ENSG00000027847,6.566204335385093,-0.8584332686481319,0.4009682002553639,-2.1409011190947886,0.032282012888982276,0.05492860503339989,B4GALT7
ENSG00000168522,20.581740892273167,0.47193333275596255,0.2205137391133823,2.14015387274036,0.03234233354943571,0.05501219351399345,FNTA
ENSG00000023330,22.986845887566915,0.4546579791703776,0.21246629316274487,2.139906393632607,0.0323623323107299,0.05502716296710268,ALAS1
ENSG00000106028,90.96473780644573,-0.2526222444242849,0.11809647236259362,-2.1391176160508376,0.03242614405882837,0.055116593533408025,SSBP1
ENSG00000156535,6.77922032920203,0.797238481698118,0.3728890622004921,2.1380044697301015,0.03251638046597812,0.05525086224405826,CD109
ENSG00000176102,6.918468959932015,0.7631039122930489,0.357017842820027,2.137439143840579,0.0325622905043363,0.05530974612454497,CSTF3
ENSG00000111276,7.124092565286524,0.7331700888686916,0.34329703177211274,2.135672671225961,0.0327061034550605,0.05553482805050702,CDKN1B
ENSG00000107738,13.77454055205016,-0.5382669845395794,0.2521420526515284,-2.13477672161053,0.032779252618628095,0.05563980910809618,C10orf54
ENSG00000038219,12.853109725944586,-0.5229538611554441,0.24509287591547818,-2.133696702534055,0.03286761617548719,0.05575128266701555,BOD1L1
ENSG00000110880,51.810611307062196,-0.35390711867774916,0.16586011673310594,-2.133768657881987,0.03286172269444558,0.05575128266701555,CORO1C
ENSG00000099795,21.562912395622185,-0.5616469651894589,0.26338815478868705,-2.132392649320396,0.03297458117288395,0.05591188257718015,NDUFB7
ENSG00000186432,20.237046056918224,0.459268845955122,0.2153901162113227,2.132265184835714,0.032985052419870826,0.05591188257718015,KPNA4
ENSG00000148730,12.5084827104611,-0.6298287575390902,0.29541384475375987,-2.132021801700186,0.03300505432667567,0.05592649550389112,EIF4EBP2
ENSG00000162642,20.61716973185684,0.4142469565179457,0.19436352711062893,2.1312998517574866,0.03306444728004962,0.05600782279702304,C1orf52
ENSG00000109743,12.363570783997751,0.545247871145891,0.2559056275922955,2.1306599478717625,0.033117166970973715,0.056077794105914826,BST1
ENSG00000183255,53.08444860169065,0.2793361510744363,0.13115533374035104,2.1298115990268434,0.03318717069584864,0.05617697444002763,PTTG1IP
ENSG00000153179,6.709146816013689,0.7678612625585134,0.36093334970828184,2.127432289587881,0.03338418165595086,0.05649100160376809,RASSF3
ENSG00000100811,35.049622348062584,0.3681340051348057,0.1730843845722242,2.1269047814142454,0.033427995509536595,0.05654566951251733,YY1
ENSG00000067955,8.246832433367409,-0.6729112807435897,0.31645806496378714,-2.1263837305602946,0.03347132131544027,0.056589854358693306,CBFB
ENSG00000112146,10.120225838663345,-0.671135699526571,0.3156334365362128,-2.1263136975970265,0.03347714827446509,0.056589854358693306,FBXO9
ENSG00000070831,171.68586197646954,0.21242523615169187,0.09994578452765794,2.125404659692351,0.03355286180909318,0.05669431250258413,CDC42
ENSG00000242247,43.81588808281258,0.3288690237365091,0.15474042281732706,2.125294850232786,0.03356201771876623,0.05669431250258413,ARFGAP3
ENSG00000254901,23.87696047058808,-0.42026235630742875,0.19778639188761304,-2.1248294804135557,0.03360084396532001,0.056740394242468226,MEF2BNB
ENSG00000178860,39.81623491559344,-0.5096881007004104,0.23988904869732144,-2.1246826542028026,0.03361310178562241,0.05674159470097853,MSC
ENSG00000102580,36.98407105875563,-0.4581169879654923,0.21572572903253873,-2.123608482029479,0.033702895698843195,0.05687363649179789,DNAJC3
ENSG00000196730,14.50633315946205,-0.5955311892289498,0.2805545531470902,-2.1226930112116995,0.033779585038508364,0.05698348124930659,DAPK1
ENSG00000060237,14.264445385434199,-0.5536198555291879,0.260893766096271,-2.1220125870117554,0.033836681060116926,0.05706020958456231,WNK1
ENSG00000159346,71.02929726908835,-0.26719174360017506,0.12609715949671343,-2.118935467433262,0.03409592104450251,0.057477652148434075,ADIPOR1
ENSG00000179134,11.60376928174677,-0.6002807619937471,0.2834261403449151,-2.1179442420633334,0.03417979012405147,0.05759927594979044,SAMD4B
ENSG00000101557,10.299424666770811,0.605696894978511,0.28620299945100985,2.1163191725465818,0.03431767120354958,0.057811805380268304,USP14
ENSG00000221978,10.318757913424369,-0.5917551970732438,0.27982373984217346,-2.114742649808792,0.034451887196646505,0.05801801702684062,CCNL2
ENSG00000160013,12.63740118309245,0.631261156223792,0.2987251989525854,2.113183482468741,0.03458506648825136,0.05822234214568934,PTGIR
ENSG00000124942,24.064718897836446,0.4211709885324267,0.19945099486474693,2.111651480194591,0.034716353520607375,0.05842334287680296,AHNAK
ENSG00000112297,7.68583720749454,0.7463912167560159,0.3535067264555275,2.11139183754659,0.034738646082022324,0.058440844521416534,AIM1
ENSG00000010295,13.96028476279765,-0.5314094493385709,0.25174807699954593,-2.1108778890077855,0.03478280905052841,0.05849511419380445,IFFO1
ENSG00000119396,32.272173535874714,0.36897723751561595,0.17490924195058263,2.109535399049203,0.03489839382202701,0.05866941746200503,RAB14
ENSG00000100941,11.61658224280189,-0.6977407132708798,0.3308569798197288,-2.108889205393375,0.03495414617833833,0.058743048673171865,PNN
ENSG00000242259,12.39389479941784,-0.5411454638193781,0.256686953011277,-2.1081923232600137,0.03501435705012548,0.058824119844210807,C22orf39
ENSG00000115760,7.840423751668887,-0.7340126709936567,0.3482657680555291,-2.1076222193523835,0.03506368006474379,0.058879361326620604,BIRC6
ENSG00000188677,6.957807060653726,-0.7118012517014227,0.3377410772092372,-2.1075353273076933,0.035071202808917075,0.058879361326620604,PARVB
ENSG00000065000,6.665038817638449,-0.7794121091907575,0.36995127274080836,-2.1067966692381717,0.03513520834454605,0.058966671381522985,AP3D1
ENSG00000164897,15.520695682955637,0.4975706475837387,0.23621576479692805,2.106424387091583,0.035167504775711185,0.059000723273419174,TMUB1
ENSG00000134744,10.712648901331349,-0.5951087435482891,0.2826782586133804,-2.105251201374565,0.03526944744598793,0.05915155793501184,ZCCHC11
ENSG00000168010,7.084073254664606,-0.7415964952761276,0.3526088835557152,-2.1031701975226866,0.03545089444768256,0.0594355835264115,ATG16L2
ENSG00000125611,15.70204914423424,-0.48172265255206814,0.2290660518209432,-2.1029857926246622,0.035467011437733655,0.0594423240808401,CHCHD5
ENSG00000072135,4.825616803574639,-0.8734452784387006,0.41556548012131894,-2.1018234675885723,0.0355687426178361,0.05959249956496645,PTPN18
ENSG00000177189,5.74504706576278,-0.7620077386190178,0.3626326016737726,-2.1013216547598956,0.03561274009377232,0.05964587758036714,RPS6KA3
ENSG00000107672,8.608744159118167,0.6731617586369214,0.320565038531658,2.099922567103156,0.03573565323396738,0.059831345823412506,NSMCE4A
ENSG00000111775,249.7625710340189,0.18583965026409485,0.0886326824172849,2.0967395456808706,0.036016637768424384,0.060281252722764786,COX6A1
ENSG00000197063,29.184496399632025,-0.40872975961703006,0.19495785999194226,-2.09650310910226,0.03603758440661883,0.060295774523025175,MAFG
ENSG00000123329,8.152889532776344,-0.8072066823906592,0.3851692400035076,-2.0957194878368486,0.036107082079632855,0.06038945009592476,ARHGAP9
ENSG00000137106,8.436483086582424,-0.6692970405558845,0.3193828505246103,-2.095594799334134,0.036118150962947265,0.06038945009592476,GRHPR
ENSG00000158717,5.3295570138386505,-0.8115316441252387,0.3876128508444004,-2.0936654766665934,0.03628979035807943,0.06065579245564705,RNF166
ENSG00000184557,62.19257901683148,-0.4726150015941091,0.22648018558204763,-2.0867830021399087,0.03690775432332444,0.061667699675218055,SOCS3
ENSG00000181481,13.544169780052606,0.5041187412078626,0.24238559936202234,2.079821336476846,0.03754192331803434,0.06270598612672357,RNF135
ENSG00000141367,19.715089396120554,-0.4588009658491809,0.22069171458556938,-2.0789224765902516,0.037624476454468384,0.06282252031847015,CLTC
ENSG00000145819,11.47752806554077,-0.7061425202760276,0.33972556122290076,-2.0785675288434167,0.03765711809722089,0.06285566519352698,ARHGAP26
ENSG00000126945,80.10163510032837,-0.24757725830671504,0.11918916215454126,-2.0771792823386503,0.03778501528124372,0.06302632895180979,HNRNPH2
ENSG00000206573,35.50900487196647,0.37217059243195516,0.17916329230611328,2.077270336136016,0.03777661531484134,0.06302632895180979,SETD5-AS1
ENSG00000110958,109.62222825228285,0.2300532598889518,0.11077181305815509,2.0768212917863327,0.037818056312638064,0.0630600368918573,PTGES3
ENSG00000111642,18.67724042582642,-0.44512174184234005,0.21444851147759775,-2.0756578759878193,0.037925604504146296,0.06321791741294942,CHD4
ENSG00000204439,17.97012381732558,0.4794883258531956,0.23105745866971425,2.0751908577796727,0.03796884959724607,0.06326854083447514,C6orf47
ENSG00000144426,31.79157308412693,-0.36000275344349425,0.17369034052939145,-2.0726699731616653,0.038203004060075936,0.06363713964447903,NBEAL1
ENSG00000107372,52.37066217940705,0.3452590923292903,0.16659236216865095,2.072478520832575,0.038220837324320814,0.06364527096296593,ZFAND5
ENSG00000132002,34.082014171037905,0.3675369840159636,0.17737981571447878,2.072033858731555,0.03826228370195853,0.06369270396728462,DNAJB1
ENSG00000113282,6.548710900117759,-0.7386822436791483,0.35672564087960335,-2.070729319758815,0.03838409864298813,0.06387384379669614,CLINT1
ENSG00000092140,7.316870962944613,-0.7832110958895627,0.3785223681235856,-2.0691276443505933,0.038534110228602814,0.06410176630445302,G2E3
ENSG00000163636,25.146518290813415,-0.43010217672677137,0.2079413537107722,-2.0683821137617726,0.038604105767721726,0.06419647233251592,PSMD6
ENSG00000257621,20.74529551081961,-0.4412804262497615,0.21346921542838998,-2.0671853099014768,0.03871669588417477,0.06436192272491029,RP11-349A22.5
ENSG00000160991,45.551845247746925,-0.30698680698616865,0.14853415585157098,-2.066775855197495,0.03875527961051167,0.06440427595740762,ORAI2
ENSG00000148429,15.474779635846009,0.508763019310438,0.24636118078943584,2.065110329801821,0.038912562259689906,0.0646437900419595,USP6NL
ENSG00000068308,6.547570151679123,0.7004838910329525,0.33972473883867826,2.0619160483499095,0.03921572935876656,0.06512541198681274,OTUD5
ENSG00000173020,5.287791599377327,-0.8887291481761329,0.4310641193365486,-2.061709867070303,0.03923536660530991,0.06513601064138273,ADRBK1
ENSG00000101367,66.73118226706528,-0.2795306014182568,0.13593955794393636,-2.056285938001503,0.03975496291844562,0.06597632143912252,MAPRE1
ENSG00000115590,37.07040732547634,-0.6228324494393247,0.30297419047161317,-2.0557277452241607,0.03980876601405379,0.06604330729002712,IL1R2
ENSG00000183020,5.783980868005285,-0.770249057087845,0.37490594992689635,-2.0545127577677476,0.03992608988676242,0.06621559423002042,AP2A2
ENSG00000214087,5.996571792712362,-0.8417081162818015,0.4097427370803143,-2.054235597388556,0.03995289461642257,0.06623769370617426,ARL16
ENSG00000185825,117.80573296680535,0.21889247655460656,0.10658265407798881,2.0537345260180726,0.04000139297294206,0.06629573189512218,BCAP31
ENSG00000108100,6.2228263213933195,-0.9525747985158656,0.4639710024942141,-2.053091235001792,0.0400637298817539,0.06637665834084243,CCNY
ENSG00000128590,22.15749141237996,0.5708567290746708,0.27820823506829395,2.051904498565752,0.04017894459015118,0.06654510742029084,DNAJB9
ENSG00000158417,18.622005510688183,-0.49649381004182347,0.2420091961851905,-2.0515493537770193,0.040213478527656936,0.0665687064299333,EIF5B
ENSG00000172315,7.080996227776078,-0.7119059123863045,0.347020751643079,-2.0514793683535117,0.040220286811247855,0.0665687064299333,TP53RK
ENSG00000126860,65.59563816652351,-0.3780934740323064,0.18439058174936693,-2.050503178878357,0.040315353903294146,0.06670358554908667,EVI2A
ENSG00000105171,19.016769041453834,-0.45934782472546354,0.2241624339085328,-2.0491739704829213,0.040445106384463574,0.06689574310779334,POP4
ENSG00000141030,7.572262846624842,-0.6963033042209562,0.3401201970968215,-2.047227157235654,0.040635786161228774,0.06718851049672886,COPS3
ENSG00000133773,18.682900483215587,-0.438192063369277,0.21454047926734807,-2.042467998886248,0.041105130621264606,0.06794167906925472,CCDC59
ENSG00000203705,9.140028882861596,0.5994282488263772,0.2935462876272677,2.042022924805321,0.04114925737029791,0.06799174536571753,TATDN3
ENSG00000100568,56.61057622440413,-0.280588702399857,0.13748392359545128,-2.0408837270712024,0.04126238566536809,0.06815575232256095,VTI1B
ENSG00000100380,126.39258224164725,0.26818065705262906,0.13149037617539902,2.0395458957003414,0.04139557555437863,0.06835277495773406,ST13
ENSG00000125740,6.530977024983985,-0.9160805993789292,0.44939494062599133,-2.038475551377728,0.041502397362893025,0.06850614062521207,FOSB
ENSG00000155368,140.6856231042725,-0.21622902812226977,0.10614353127335009,-2.037138066995509,0.04163620809953218,0.06870393774382175,DBI
ENSG00000237441,8.457801489923371,-0.6378909591423949,0.31334170583638904,-2.035767812777112,0.04177367596276713,0.06890763466970047,RGL2
ENSG00000140395,11.094678378694002,-0.5632993688533106,0.27690672880245387,-2.034256701848405,0.04192572025523322,0.06913523132020673,WDR61
ENSG00000071994,21.38403421340769,-0.4625292034155768,0.22781119402711006,-2.0303181561856647,0.04232420984983119,0.06976892559613233,PDCD2
ENSG00000071205,22.40553913481779,0.4936943589808242,0.24327439431060072,2.029372472100371,0.042420366759159216,0.06990398465945956,ARHGAP10
ENSG00000072786,12.127444298334968,0.5935703418600649,0.29257750440645564,2.0287627480596147,0.04248246126269346,0.06998284098051481,STK10
ENSG00000143256,40.24916008980367,-0.36756211938468375,0.18148147035336684,-2.025342414677349,0.0428322160791096,0.07053535851633531,PFDN2
ENSG00000122862,2346.6173561092046,0.1546701937783335,0.0763800229317082,2.025008475274025,0.04286649396498708,0.07056815790416969,SRGN
ENSG00000144224,100.71051854731917,0.24187385290310345,0.11954146811731596,2.0233468495278357,0.04303739987418406,0.07082578130667799,UBXN4
ENSG00000070495,24.279037708964317,-0.38657174363316343,0.19109552604150362,-2.0229240926823415,0.04308097416357657,0.07087375528617854,JMJD6
ENSG00000181852,8.168798301226646,-0.7189955670866739,0.3556222120500096,-2.021796003522875,0.043197430825149735,0.07104155792328842,RNF41
ENSG00000132341,154.97347565113358,-0.18681656739290894,0.0924790063520762,-2.020097044313829,0.04337332239145043,0.07130696093395364,RAN
ENSG00000082805,5.6731924268393685,-0.81473186345954,0.40351714912776504,-2.0190761785977345,0.04347930235234006,0.07145728821384584,ERC1
ENSG00000137574,11.31208519761867,0.5653257927930821,0.2800430429821215,2.0187103624251566,0.0435173323245865,0.07149587798161754,TGS1
ENSG00000173875,6.02831488425418,-0.767440720904264,0.3805808031976227,-2.0164987683463322,0.04374784688267175,0.0718505747264201,ZNF791
ENSG00000119760,6.545423059128465,-0.7192476771039821,0.356932931777184,-2.015077940617073,0.043896483192526564,0.07207060421252107,SUPT7L
ENSG00000100865,15.922332983186706,0.4632936418810009,0.23012145798563885,2.0132570249485973,0.04408759688766004,0.07236020411020756,CINP
ENSG00000126067,111.79553939702828,0.2298520500078948,0.1141874709969073,2.0129358151221353,0.044121382148476836,0.0723914764199049,PSMB2
ENSG00000159840,45.43192386865603,-0.3019655980016458,0.15017512669073033,-2.010756405909427,0.04435119286075822,0.07274424623423427,ZYX
ENSG00000109736,21.48486054452838,-0.3970762049119903,0.19777310375561838,-2.0077361247394094,0.04467133969035149,0.07322092552293603,MFSD10
ENSG00000155849,6.839111265687203,0.6737603176554297,0.33558254507044777,2.007733499708661,0.0446716187866834,0.07322092552293603,ELMO1
ENSG00000162521,12.360933784836766,-0.5222828702245743,0.2602449163304396,-2.0068898082198015,0.04476139729266887,0.07334361663760414,RBBP4
ENSG00000103502,7.792108396620222,-0.7560304373636652,0.37740820754957083,-2.0032167351961045,0.04515403014640444,0.07391508667186536,CDIPT
ENSG00000153914,16.119885400115805,-0.49830872906594226,0.2487731412741176,-2.003064826507404,0.04517033074391772,0.07391508667186536,SREK1
ENSG00000158864,41.747159552362206,-0.35145693039736114,0.17545211942086494,-2.0031500990552615,0.04516117994245746,0.07391508667186536,NDUFS2
ENSG00000267100,5.975714293180907,-0.7474029047127534,0.37311278457802416,-2.0031554414787385,0.04516060668622124,0.07391508667186536,ILF3-AS1
ENSG00000015153,7.918385154447925,-0.6711700395120078,0.33513964465694823,-2.0026578478921024,0.045214026131181216,0.0739619588577312,YAF2
ENSG00000122705,234.8654343415206,0.17600295607712282,0.08791723762202668,2.001916357219887,0.04529372811508616,0.07404304057136839,CLTA
ENSG00000129235,68.86469841580049,-0.285796155219313,0.14275347382209258,-2.002025923204421,0.04528194354104019,0.07404304057136839,TXNDC17
ENSG00000164967,21.617505843489358,-0.43676808251668603,0.21848426966623555,-1.9990825114499486,0.04559942702282499,0.07451798616234187,RPP25L
ENSG00000107371,24.91246552265019,-0.460775188012156,0.2308860326942559,-1.9956823833615094,0.04596850581485578,0.07509615610844458,EXOSC3
ENSG00000180611,11.454776471282432,0.5795070875257441,0.2905393514673519,1.9945906969192906,0.046087539064482014,0.07526559221098858,MB21D2
ENSG00000109270,30.408193086044832,0.3806537857915894,0.19089307574526485,1.9940680630006125,0.046144616855838975,0.07533376984371852,LAMTOR3
ENSG00000169764,48.61842045890977,0.39155975433274426,0.1965702402146273,1.9919584668829604,0.04637561508766911,0.0756857431221541,UGP2
ENSG00000082212,25.808951195676123,0.41504199518889606,0.20857351890805964,1.9899074310188383,0.046601133635443236,0.07602854272396019,ME2
ENSG00000124209,13.751953396209451,-0.5080745523845689,0.2554871245043742,-1.9886503218907619,0.046739812875232024,0.07620419391801267,RAB22A
ENSG00000178988,5.206527277769741,-0.764885522430613,0.384618954579017,-1.9886838995436795,0.04673610421398058,0.07620419391801267,MRFAP1L1
ENSG00000121644,10.40151314481459,-0.6676148997420954,0.33579998356280033,-1.9881326159065762,0.04679702499995266,0.07627216611932583,DESI2
ENSG00000108826,42.95006257145106,0.28748249448130264,0.1446554886876362,1.987359740646149,0.046882545742637304,0.07638621677033147,MRPL27
ENSG00000087086,50954.516730561096,0.12320120917783597,0.062044986290415535,1.9856755000503175,0.04706936711341447,0.07663978462402873,FTL
ENSG00000132485,26.375216332874718,0.38048427699663967,0.19160618523481826,1.9857619759526366,0.04705975970045027,0.07663978462402873,ZRANB2
ENSG00000086189,4.869501925388809,-0.8418941008904534,0.42424333405256726,-1.9844604106051449,0.047204537270159136,0.07681836283569571,DIMT1
ENSG00000102531,16.644200933292883,-0.4753602361230859,0.23954755937106892,-1.9844085966525484,0.047210308458241965,0.07681836283569571,FNDC3A
ENSG00000196199,33.73218243828164,-0.45513862553833295,0.22944757162854243,-1.983627990951966,0.04729732642261429,0.07693447932496743,MPHOSPH8
ENSG00000105568,28.86426521206954,-0.3752943080924176,0.18921980944037364,-1.9833774761869167,0.04732528111216488,0.07695112982146479,PPP2R1A
ENSG00000106367,18.381903024882416,-0.4539196852236676,0.22887603411851226,-1.9832556386774312,0.04733888185801548,0.07695112982146479,AP1S1
ENSG00000170860,49.825045091470244,-0.29017564394104656,0.14647134232435513,-1.9811086546777448,0.047579089932333986,0.07731602114004273,LSM3
ENSG00000189050,24.435897488444034,-0.3909358581411052,0.19737480465770985,-1.9806776190054838,0.0476274382155161,0.07736900211274252,RNFT1
ENSG00000108840,9.622828843259342,-0.603185367489889,0.30459784740776735,-1.9802679914621997,0.04767342346664577,0.0774181106791465,HDAC5
ENSG00000108590,9.247224317488172,-0.6529315475362328,0.3297478812052242,-1.98009323107635,0.04769305362031248,0.07742440221018022,MED31
ENSG00000224032,6.995111970730192,-0.7979668824700639,0.40339306508625555,-1.9781373343625492,0.04791321581109229,0.07775612367757845,EPB41L4A-AS1
ENSG00000144401,8.48200077790226,-0.7293944123989992,0.3688072815751854,-1.9777115280472144,0.04796125901683193,0.07780839445649128,METTL21A
ENSG00000090061,13.027334421365024,0.5125647483032381,0.25931911864487367,1.976579092902029,0.04808922732005787,0.07799025183193543,CCNK
ENSG00000111670,11.151392893293092,0.5876443751634468,0.29736177995425583,1.9761933603365105,0.04813288161624119,0.07803529536859427,GNPTAB
ENSG00000186625,14.413832764681565,0.4779393416608669,0.2420419154500889,1.974613945572671,0.04831197525806457,0.07829981742022735,KATNA1
ENSG00000119314,15.603619238388521,0.4547533164962566,0.2303916124418743,1.9738275698338918,0.04840135281764842,0.0784071523143673,PTBP3
ENSG00000145569,22.18242675332514,-0.5816216827264018,0.29467841427744834,-1.9737505516056835,0.048410113984898334,0.0784071523143673,FAM105A
ENSG00000150403,8.581965824938692,-0.7493743767613171,0.37985443836284455,-1.9727935258334397,0.04851909108940066,0.0785577639582586,TMCO3
ENSG00000169045,9.649213038733327,-0.640371393485115,0.32500743290962913,-1.9703284560361893,0.0488007391865489,0.0789877576952244,HNRNPH1
ENSG00000116560,66.76563012314855,-0.233136140810819,0.1184408273648823,-1.9683764964980632,0.04902473414725635,0.07932418294356856,SFPQ
ENSG00000100813,17.466080546806662,0.4162080354595618,0.21156984773947266,1.9672370137170059,0.049155892688195424,0.07951022273528384,ACIN1
ENSG00000117505,21.720320291403922,-0.4232081510045897,0.21519854177732997,-1.966593953236408,0.049230041142070795,0.07960395596319049,DR1
ENSG00000186594,38.723269487787775,-0.30614787139531385,0.15573040793959622,-1.9658837053458478,0.04931204572962029,0.07971032655110331,MIR22HG
ENSG00000115661,6.269757814695666,-0.7182158538028535,0.365479205738822,-1.9651346575271464,0.049398654264682165,0.07982406677298526,STK16
ENSG00000242802,10.770822638852131,0.6304025239372157,0.3209803262821325,1.963991161823139,0.049531116865378554,0.08001180416714997,AP5Z1
ENSG00000171456,4.852503844541224,-0.7667383454457034,0.39094144667085956,-1.961261339709611,0.0498485446552339,0.08049810990332547,ASXL1
ENSG00000010072,9.161479861228205,-0.6787135947321865,0.34613484292159513,-1.9608358089680258,0.04989817935131343,0.08055179150208744,SPRTN
ENSG00000188938,30.603033950220844,0.4407702403050011,0.22489055707347527,1.9599321823058784,0.050003717483448534,0.08069565442156522,FAM120AOS
ENSG00000106635,25.520435655237264,-0.3820638275379909,0.1951912834628519,-1.9573816041365595,0.050302619659364986,0.08115136999544305,BCL7B
ENSG00000204842,6.4096144713384104,-0.6733868252647922,0.34420376961262555,-1.9563609835610936,0.050422644925099146,0.08131830559958557,ATXN2
ENSG00000126804,6.888241070415566,-0.7797945329955555,0.3995375758217522,-1.9517426649839045,0.05096876444872495,0.08217208284154673,ZBTB1
ENSG00000158793,15.023872274503203,0.4423812471065909,0.2267338304313797,1.9511038395325668,0.05104469458047258,0.08226750710673739,NIT1
ENSG00000223799,19.2656577032822,-0.4630762963525932,0.23784598338436577,-1.946958656872708,0.05153969142207546,0.08303804709773076,IL10RB-AS1
ENSG00000047932,11.708094501669805,0.5155533795200428,0.2648901320454494,1.9462913757451141,0.051619748964771506,0.08313977266892403,GOPC
ENSG00000081870,22.56452781151316,0.40524626757594356,0.2084318973575844,1.944262239673929,0.05186383569073975,0.08350553361215436,HSPB11
ENSG00000124802,5.162352567340916,-0.8684556987441295,0.44673228786537056,-1.944018201356987,0.05189325623766789,0.0835255359161153,EEF1E1
ENSG00000100441,11.89463289828899,0.49542011421392446,0.25495317350426355,1.9431808100464363,0.05199431586235138,0.08366079507124907,KHNYN
ENSG00000122644,31.714378972991565,0.3684122318985716,0.18964143818812737,1.9426779053062269,0.05205508743964952,0.08373116192420221,ARL4A
ENSG00000156858,9.961934250585964,-0.585314853446205,0.30132013897662946,-1.9425016045528982,0.0520764058819832,0.0837380427042099,PRR14
ENSG00000079999,13.147099102945216,-0.4711344197391,0.24262247593153122,-1.94184161187134,0.052156277627423406,0.0838390409751909,KEAP1
ENSG00000139505,9.273030938055722,0.5771609021206173,0.29732766428841373,1.9411611210208808,0.052238737295294574,0.08394413180806982,MTMR6
ENSG00000112306,863.7957144984716,0.12921235754211174,0.06672662990867992,1.9364436315598126,0.052813390031747426,0.08483981648120524,RPS12
ENSG00000167604,10.730821745157293,-0.553730965186618,0.28616806089375213,-1.9349852092411044,0.05299211073297773,0.08509909547119365,NFKBID
ENSG00000109220,67.82473765419063,0.24297435129797765,0.12565028387298288,1.9337349969188697,0.0531457185936078,0.08531788996046676,CHIC2
ENSG00000151929,12.374783238983923,0.51772709567711,0.26778073141203146,1.9333993635280968,0.05318701960982399,0.08535630776050787,BAG3
ENSG00000106399,14.666471227243354,0.5274148807206303,0.27282110299015083,1.93318945983321,0.05321286271499925,0.08536990120192826,RPA3
ENSG00000100603,50.463095912506866,0.27944767675171206,0.14473258895455207,1.930786139944351,0.05350950507052377,0.08581778978999798,SNW1
ENSG00000105819,16.851978953650246,-0.4831234085032831,0.25053284063066533,-1.9283835495862276,0.053807436457801956,0.08626745277443354,PMPCB
ENSG00000133028,7.563884168520753,0.6134792079637753,0.3183238772573437,1.9272170634809722,0.053952584321190135,0.08647195021341432,SCO1
ENSG00000170266,13.549856287927605,-0.48949767864871085,0.2541130438882956,-1.9262989068120677,0.054067061857615284,0.08662717377512928,GLB1
ENSG00000152242,6.755806913377114,0.6674985842199669,0.34659087983292464,1.9258977170482297,0.0541171465717186,0.08667915849198995,C18orf25
ENSG00000163386,28.462091756606732,0.3575372862792568,0.1857933436963833,1.9243815691456156,0.05430677295005159,0.08695453967955474,NBPF10
ENSG00000001036,9.807490532030485,-0.5408661563319578,0.2814126377628886,-1.9219682549853299,0.05460975230965651,0.0874111800813199,FUCA2
ENSG00000092931,13.129938306650624,-0.4808313813921296,0.25073745508865947,-1.9176687472643852,0.05515302695738574,0.08824078370308812,MFSD11
ENSG00000130311,28.91457243158395,-0.40791441722689853,0.21272325699266265,-1.9175826047124152,0.05516395757751052,0.08824078370308812,DDA1
ENSG00000078237,16.60376526468557,-0.5011249841871989,0.2615973345636641,-1.915634901338193,0.05541158386750786,0.08860804527332691,C12orf5
ENSG00000170296,185.43612548770272,-0.15412440851529632,0.08052000397339006,-1.9141132750841736,0.0556056836682562,0.0888895021294115,GABARAP
ENSG00000167470,24.96738582819316,-0.42793452125985115,0.22373309693677393,-1.9127010134793947,0.0557863393831036,0.08914929161904751,MIDN
ENSG00000182552,9.618241904895516,-0.6253941528410402,0.32731187275633283,-1.9106980372405082,0.05604339719954898,0.08953096678757598,RWDD4
ENSG00000103024,5.341994129278497,-0.7857285270360401,0.41147469936141234,-1.9095427452901734,0.056192113014409725,0.08973937060539791,NME3
ENSG00000070081,15.699207256435784,0.49130384161929386,0.25735444918427663,1.909055169539733,0.05625497509207283,0.08981057426980048,NUCB2
ENSG00000125977,74.06252514306496,-0.253769979602,0.1329452537735826,-1.9088306832991007,0.056283937291772244,0.08982762840265307,EIF2S2
ENSG00000182180,28.25554621407105,-0.3337695573313191,0.17494058199160373,-1.9079024062429284,0.05640383123526224,0.08998974892535021,MRPS16
ENSG00000072042,8.181221878732226,-0.6068562408392998,0.3181869497848289,-1.9072317115761062,0.05649058871580163,0.09009891364798742,RDH11
ENSG00000215845,5.537674389132741,0.7591068323691326,0.39806589266567616,1.9069878790310832,0.056522157110963936,0.09012001299262712,TSTD1
ENSG00000113384,8.763494039332858,0.6325117427291775,0.33315607214083237,1.898544843156276,0.05762434639829318,0.0917966951426307,GOLPH3
ENSG00000136827,34.410980345767385,0.3117209884378863,0.16419300578721374,1.8985034529537863,0.057629793348599044,0.0917966951426307,TOR1A
ENSG00000139842,12.070237831888013,0.4799284162933698,0.25275901507114895,1.8987588480603752,0.05759619018170865,0.0917966951426307,CUL4A
ENSG00000069275,7.2398771405834745,-0.7489877177418066,0.394567486034387,-1.8982499680080875,0.0576631613040677,0.09182008251723547,NUCKS1
ENSG00000128524,1007.8219710934148,0.1477126936544483,0.0778948596634466,1.8963086177015716,0.057919247410780236,0.09219798567430323,ATP6V1F
ENSG00000109381,12.166387186460678,0.5077376705366623,0.26822453132751345,1.8929576203329934,0.05836350557021647,0.09287508626037685,ELF2
ENSG00000127540,120.24457956828542,-0.207452347906256,0.10976529615078669,-1.8899629954195607,0.05876290932719278,0.09348039379534649,UQCR11
ENSG00000134049,19.15167066099029,-0.44968552881497126,0.23810931793013543,-1.8885675400024253,0.058949799911472665,0.09374735170387595,IER3IP1
ENSG00000072756,8.006873209286027,-0.6065685051519588,0.3213249159823168,-1.8877107718137223,0.05906478947590578,0.09386946167031081,TRNT1
ENSG00000078674,8.881880884830803,-0.5946099846662499,0.3149836750964406,-1.8877485777134144,0.05905971150297807,0.09386946167031081,PCM1
ENSG00000165527,149.86533661641815,0.1877656341711669,0.09961859273264276,1.8848452785826229,0.05945072985535198,0.09445227497872603,ARF6
ENSG00000165775,22.23810139497975,-0.39263281982154463,0.2085511350719149,-1.8826693016374745,0.059745198167647645,0.09488859149699788,FUNDC2
ENSG00000198843,107.48250006204727,-0.20739568952604961,0.11016854900635191,-1.8825308256904785,0.05976397856801149,0.09488859149699788,SELT
ENSG00000110711,16.016069662886125,-0.48713590614159696,0.25911055104817643,-1.8800311456673324,0.06010383329298991,0.09539736330805956,AIP
ENSG00000115325,17.47948228671165,-0.4043051223735231,0.21513255029354125,-1.8793303097177165,0.06019940556310687,0.09551820437103879,DOK1
ENSG00000104365,6.074658652559761,-0.6951136388746708,0.37001504742807645,-1.878609109835694,0.06029788634729995,0.09564358086205033,IKBKB
ENSG00000114030,8.289938781513577,0.5748931904931103,0.30615893156365026,1.8777606374471894,0.060413917307757525,0.09579670527599886,KPNA1
ENSG00000042429,8.039886106101557,0.6524101048829059,0.34767449203652206,1.8764968953039336,0.06058708062263292,0.0960093241469262,MED17
ENSG00000104897,6.545767184497399,-0.6529807174533245,0.3479573533571697,-1.8766113466297574,0.06057138109546964,0.0960093241469262,SF3A2
ENSG00000197632,89.97009254186491,-1.0128374667220064,0.5405414189609957,-1.8737462684521695,0.06096540541960076,0.09657769253124375,SERPINB2
ENSG00000162961,9.973807685906795,-0.6198055246697439,0.33111817007422867,-1.8718559737473741,0.06122653193558009,0.09696009601399953,DPY30
ENSG00000105229,9.991435840024188,0.7352707121743116,0.39296840853791704,1.8710682492518131,0.061335621790365724,0.09710156104312408,PIAS4
ENSG00000132305,9.085796081845288,-0.6315263731238061,0.33757745535435274,-1.8707599192632614,0.061378365391485404,0.09713793479348125,IMMT
ENSG00000140548,6.927717640477761,-0.677159171758855,0.36203273460759455,-1.8704363087299947,0.06142325385126161,0.09717767850131988,ZNF710
ENSG00000119004,11.365338469204634,0.48942685949166675,0.2621366606519335,1.8670675756472328,0.061892151695180295,0.09788800560995042,CYP20A1
ENSG00000011114,5.633686526832448,0.6808431141411209,0.3648509469997985,1.8660856433010626,0.062029384259952636,0.09807348592451971,BTBD7
ENSG00000139624,8.98504589624537,-0.6467677657182009,0.34677906507153605,-1.8650715422650475,0.062171376843960735,0.0982663704764307,CERS5
ENSG00000136243,7.077381674312663,-0.7277114047338978,0.3903619936253196,-1.8641963526612575,0.062294135391787984,0.09842873997274797,NUPL2
ENSG00000170619,77.42128777996393,-0.21414199033276282,0.1148873423492459,-1.8639302289872182,0.06233150298433281,0.0984561252539413,COMMD5
ENSG00000087302,46.66649950501407,-0.2722939147294762,0.14615978681953443,-1.8629879028605962,0.06246396823009861,0.09862702928762332,C14orf166
ENSG00000128340,20.6791046762256,-0.40506033062001817,0.21746395572432808,-1.8626550283739889,0.06251081688297089,0.09862702928762332,RAC2
ENSG00000136270,5.035986796552167,-0.734860075779873,0.3945605236470141,-1.8624774444929044,0.06253582186846697,0.09862702928762332,TBRG4
ENSG00000250479,11.20170207428194,-0.514583485984435,0.2762942388684058,-1.8624473969923139,0.06254005357351125,0.09862702928762332,CHCHD10
ENSG00000260032,14.29809929626734,-0.46767015129562783,0.2510768664975529,-1.8626572723305272,0.06251050097195503,0.09862702928762332,LINC00657
ENSG00000163743,9.091010663921526,0.5620453795275525,0.3020053910220482,1.8610441940306948,0.06273793596629021,0.0989073523703401,RCHY1
ENSG00000014123,8.638974521997216,-0.5809943288356048,0.31251199833825405,-1.8591104723177798,0.06301148119044754,0.09930674104228968,UFL1
ENSG00000033627,7.4650173216421045,-0.6516191372179744,0.3507483955459478,-1.8577964874328634,0.06319792014262425,0.0995367242246332,ATP6V0A1
ENSG00000136950,22.714238408939963,-0.37466612833849144,0.20165951968810578,-1.857914413948641,0.06318116916045072,0.0995367242246332,ARPC5L
ENSG00000140740,40.42922617902562,-0.30242363094441527,0.1633776287177792,-1.8510712471340005,0.06415930393361509,0.1010185259627634,UQCRC2
ENSG00000133393,6.0427961381815205,-0.6887938587739335,0.37280542944138306,-1.8475961034313046,0.06466079382692043,0.10177550956613933,FOPNL
ENSG00000175110,17.937022915655298,-0.4401354646864645,0.238577739004168,-1.8448303958433239,0.06506221433381403,0.10237455050796097,MRPS22
ENSG00000104894,108.41590350014398,0.2239701849183914,0.121422763469993,1.8445485716007508,0.06510323404176634,0.10240630348311132,CD37
ENSG00000197746,1154.5262533977068,-0.1316376884247326,0.07142274213812627,-1.8430780516681242,0.06531761538617419,0.1027106438424512,PSAP
ENSG00000160691,8.801743983721128,0.7605870986210673,0.41360897032880356,1.838903779133294,0.0659293398665355,0.10363940374413162,SHC1
ENSG00000065054,8.032657842233183,-0.591241414798422,0.32158085690450733,-1.8385466737343437,0.065981890881122,0.10368884291328222,SLC9A3R2
ENSG00000131876,9.858533455249923,-0.5107461774877957,0.27793119758304446,-1.8376712723485722,0.06611085947709937,0.10385830034222068,SNRPA1
ENSG00000114573,24.455198674339005,0.3734292375595756,0.20339885796179025,1.8359455962615416,0.06636570320280646,0.10422010078954944,ATP6V1A
ENSG00000158615,6.684514177435425,-0.7455843058621807,0.4061304372172739,-1.8358247438206756,0.06638358068198814,0.10422010078954944,PPP1R15B
ENSG00000139644,940.9046827872505,0.11341579030044475,0.06178753841769231,1.8355770953964587,0.06642022725126974,0.10424432983479383,TMBIM6
ENSG00000117758,20.369708666018816,0.3693803835066465,0.20128487390792885,1.8351124768352312,0.06648902563120579,0.10431898849034012,STX12
ENSG00000171443,6.988315850991155,-0.6236640457870355,0.33988762544520756,-1.8349124801767012,0.06651865819581217,0.10433216928637759,ZNF524
ENSG00000064601,33.93653202583539,-0.2947620685519819,0.1606737089127966,-1.8345382735389515,0.06657413185002106,0.1043525626510378,CTSA
ENSG00000231721,12.934934415847778,-0.45362025906098463,0.24726392792539323,-1.8345589786062735,0.06657106146556063,0.1043525626510378,LINC-PINT
ENSG00000128245,135.06996937071852,-0.21939859634111192,0.1196138707706938,-1.8342236976989965,0.06662079510615876,0.10439240661723985,YWHAH
ENSG00000155868,11.80282504163614,0.48848321119896937,0.26656737175447814,1.8324943821289832,0.06687779797352482,0.10475913530511258,MED7
ENSG00000198951,15.445852202469483,-0.558350374508145,0.3047161539434533,-1.8323622403417412,0.0668974697980145,0.10475913530511258,NAGA
ENSG00000144635,21.44933680427562,0.3636617892106138,0.1987519570226486,1.8297268346855726,0.06729079614918293,0.1053415012032765,DYNC1LI1
ENSG00000120899,15.733531018797674,0.5168228259493123,0.28258947979709587,1.828882045858183,0.06741728042988707,0.1055058968256258,PTK2B
ENSG00000181704,24.050475747922384,0.35465340953965674,0.19415972264425316,1.8266064903145036,0.06775895683121907,0.10600684936918514,YIPF6
ENSG00000096080,22.7262467657467,0.3467494990936216,0.18985427405373598,1.8263981720815952,0.06779030701549386,0.10602214152582332,MRPS18A
ENSG00000173264,10.048941216701202,-0.5138343788077951,0.28148171849699316,-1.8254627034092232,0.06793123449217757,0.10620874524166737,GPR137
ENSG00000113575,63.35689494115242,0.2411611684570269,0.13213002661065545,1.8251806545657563,0.06797377213081128,0.10624144918918786,PPP2CA
ENSG00000117640,8.364696027773338,-0.636298757433061,0.3488139948156158,-1.8241778337173957,0.06812519157002911,0.10637660990629903,MTFR1L
ENSG00000136861,10.108865241268418,-0.5607076374846377,0.3073593173719107,-1.8242740850643246,0.06811064621879238,0.10637660990629903,CDK5RAP2
ENSG00000144802,12.84181880734266,0.48420177509861273,0.26542429260321304,1.8242556864320387,0.06811342639355583,0.10637660990629903,NFKBIZ
ENSG00000130706,104.94788919650117,-0.19611914344909406,0.10760222606936154,-1.8226309121399922,0.06835931051112357,0.10670827568350102,ADRM1
ENSG00000109320,45.37934568403015,0.2824653366525662,0.15502753283252255,1.8220333607302883,0.06844992388308875,0.10681579103254943,NFKB1
ENSG00000168556,8.204031596407928,-0.6668167598255359,0.366180024885275,-1.8210080138436036,0.068605638694491,0.10702479636340596,ING2
ENSG00000119487,17.22500805013027,-0.45667562887867663,0.2508365971916407,-1.820610046506785,0.06866615457595178,0.10708520583504508,MAPKAP1
ENSG00000180964,8.845917582842622,-0.5855857168108531,0.3221856073924218,-1.8175415145022609,0.06913423763531587,0.10778097834389028,TCEAL8
ENSG00000173674,22.071870783957788,-0.3571608134255456,0.19658679860296063,-1.8168097550990217,0.06924624860730615,0.10792136557446953,EIF1AX
ENSG00000130779,19.692921875203368,-0.38734651318878355,0.21324812085130357,-1.8164123165187356,0.06930714727161441,0.10798202970599659,CLIP1
ENSG00000130726,4.651334913442584,-0.8029041677960148,0.4423478284527115,-1.8150968901655817,0.06950902102891587,0.10826222799876152,TRIM28
ENSG00000004142,11.494230482945927,-0.49015732056242106,0.27024830501197783,-1.8137294905168657,0.06971938250420602,0.10855546439343104,POLDIP2
ENSG00000105829,18.029987879557325,0.4554698487383011,0.25160500694848487,1.810257491543309,0.07025586576917198,0.10935613696221448,BET1
ENSG00000134313,8.243325193329284,-0.5511127696278961,0.3046003402514152,-1.8092979448841429,0.07040472810866392,0.10955314563837065,KIDINS220
ENSG00000115128,70.52921882967284,-0.24163351156555507,0.13361855475518014,-1.8083829151444057,0.07054692511194575,0.10973966128524895,SF3B14
ENSG00000100029,9.518186410432225,0.5221741302731974,0.2889325580928669,1.8072526464994767,0.07072289569266972,0.1099785789347402,PES1
ENSG00000006459,13.93417312122975,0.4494226937338641,0.24889166097107304,1.8056960686444912,0.07096582708842027,0.11026926428622502,KDM7A
ENSG00000031698,15.310368872442428,-0.4718635878568987,0.2613507520706009,-1.805480122473228,0.07099958327261212,0.11026926428622502,SARS
ENSG00000136718,8.175859981519663,-0.638840070390846,0.3538295337542216,-1.8055023943665467,0.07099610117526048,0.11026926428622502,IMP4
ENSG00000171135,23.84531711105208,-0.3530292372547561,0.19548690204935,-1.8058971396745298,0.07093440798200965,0.11026926428622502,JAGN1
ENSG00000132388,9.982196642933532,-0.598311593943364,0.3316858165611021,-1.8038504032117544,0.07125476184613484,0.11063061602271931,UBE2G1
ENSG00000106546,30.033184453548827,0.32942638999496454,0.18273599774948665,1.8027449109757576,0.071428285429823,0.11086500145361662,AHR
ENSG00000131732,9.94969864474644,-0.539136265619576,0.2991386332381775,-1.80229567737013,0.07149889826949823,0.1109395598662186,ZCCHC9
ENSG00000143553,33.37899937639333,0.42758337053066825,0.23730097624697322,1.8018609838572972,0.07156728007069006,0.11101061056419537,SNAPIN
ENSG00000123810,9.779437356133094,-0.6172100566866586,0.34301804209338305,-1.7993515819748913,0.07196308340306977,0.11158933160072099,B9D2
ENSG00000082258,8.808260284790045,0.5450426040671407,0.30318560811430373,1.7977192501223695,0.07222150928519765,0.11185355661657896,CCNT2
ENSG00000087274,13.068496217520103,0.48419239507097167,0.2693118084285148,1.7978877268558169,0.07219480143283336,0.11185355661657896,ADD1
ENSG00000126698,93.21204937028864,-0.2321022916975202,0.12911067765817352,-1.797700205028911,0.07222452892641536,0.11185355661657896,DNAJC8
ENSG00000147535,29.013585503282485,-0.35361596308707305,0.19670398690144766,-1.7977061301977635,0.07222358946685715,0.11185355661657896,PPAPDC1B
ENSG00000090863,10.3058938803195,-0.566248674220634,0.3151069776322106,-1.7970045553277247,0.0723348965839496,0.11198918771692765,GLG1
ENSG00000204392,12.979976619110072,-0.46307948773199475,0.25772941297005575,-1.7967661602744485,0.07237275068573051,0.11201250295108023,LSM2
ENSG00000087088,147.47434755172264,-0.19477093658347744,0.10845313017533512,-1.7958996321138279,0.07251048098061369,0.1121903348673601,BAX
ENSG00000139436,7.475071306543264,-0.5836764990576028,0.3251981410449043,-1.7948334427194865,0.07268024078252812,0.11241759622453358,GIT2
ENSG00000057608,68.96122963771586,0.2673097272991536,0.1489638264448139,1.7944606665846008,0.07273967129067742,0.11243873693689489,GDI2
ENSG00000164754,20.682082353270026,0.35489200581664426,0.19776462356604957,1.7945171356600955,0.07273066605102574,0.11243873693689489,RAD21
ENSG00000257764,9.715704331672761,0.5588065612397811,0.3115796558820688,1.7934629257414878,0.07289893364071011,0.11264948424856902,RP11-1143G9.4
ENSG00000138867,7.363281265763431,0.5894913712781328,0.32874722276967544,1.793144794689682,0.07294977461955882,0.11269261002216661,GUCD1
ENSG00000146007,39.496056808023056,-0.29022448906921056,0.16189020882199678,-1.7927241627584853,0.0730170409499281,0.11276107455309449,ZMAT2
ENSG00000126453,5.562111481101397,-0.8404108278467521,0.4688446973354316,-1.792514307238685,0.073050619453365,0.11277748790255594,BCL2L12
ENSG00000105835,104.71227038355954,0.26597481354268376,0.1484364460021117,1.7918430460056955,0.07315811128549891,0.11290796446511986,NAMPT
ENSG00000140455,25.88313646733234,-0.37362857275322164,0.2085685067262467,-1.7913949647423133,0.07322993638161607,0.11298333041735051,USP3
ENSG00000131051,83.59050083364329,-0.237328456346672,0.13250812321697028,-1.7910483567718165,0.07328553539814016,0.11303362239374161,RBM39
ENSG00000131171,62.451022005914794,0.24775144813925248,0.13837200356222343,1.7904738080043991,0.07337777421332967,0.11314037730916285,SH3BGRL
ENSG00000109917,13.950299116341998,-0.5117438969884022,0.2859758624029609,-1.7894653509858731,0.0735399028267516,0.11335479375491135,ZNF259
ENSG00000163166,10.526811664033536,-0.48987887185334056,0.27400277284538777,-1.7878610014277692,0.0737984361505819,0.11371762785950439,IWS1
ENSG00000126456,9.80711859019575,-0.5049886910284548,0.2826240609078406,-1.7867859141445281,0.07397209683619473,0.11394949337086548,IRF3
ENSG00000118217,9.424924849739188,-0.5496677305217821,0.3077777399221916,-1.7859242538487092,0.07411152333563713,0.11409273987196769,ATF6
ENSG00000205250,11.786905321223744,-0.5415662598625381,0.30323145066660234,-1.7859831447958239,0.07410198727261452,0.11409273987196769,E2F4
ENSG00000078668,27.40028956557059,-0.3348136619146631,0.18749734943182997,-1.7856981068225406,0.07414815207688137,0.11411337904973225,VDAC3
ENSG00000146540,8.048371113137541,0.5532633357243179,0.3101976372536735,1.7835833329441837,0.07449139587536568,0.11460573554525577,C7orf50
ENSG00000144713,1367.317621167033,-0.10366854305805173,0.058144129496877944,-1.782958038156169,0.0745931342652278,0.11472634171497008,RPL32
ENSG00000117691,60.87821645350873,-0.2610274676721019,0.1464514928651853,-1.7823476057863645,0.07469256394400767,0.11484332265984158,NENF
ENSG00000120948,14.86560563833931,-0.4584146996564805,0.2574967301841771,-1.7802738672782168,0.07503115171971843,0.11532783220228225,TARDBP
ENSG00000110719,76.27290088205075,-0.2412296979788286,0.1355625801633304,-1.779471131990752,0.07516255363123031,0.11549367996993926,TCIRG1
ENSG00000146109,21.89206398854969,-0.3570864277559932,0.20085915127447354,-1.7777951638759815,0.07543750306934612,0.11587992812840475,ABT1
ENSG00000143376,13.762464342008938,0.4593786371988711,0.25854447321128965,1.7767876895339945,0.07560317808913525,0.11609813035312831,SNX27
ENSG00000103978,13.669435475847257,0.4373055058119721,0.24639086025822482,1.7748446730274943,0.07592353777278603,0.11655365967368651,TMEM87A
ENSG00000138592,20.900549237985125,-0.3831342783909221,0.21605495422199822,-1.7733186437245432,0.07617592143644109,0.11686808552565453,USP8
ENSG00000151092,11.241437690646418,0.49022858991044904,0.27643775422486466,1.7733778487857308,0.0761661170127813,0.11686808552565453,NGLY1
ENSG00000160948,61.96831403720253,-0.25983097798696325,0.1465929834041097,-1.7724653114582765,0.07631734858433302,0.11704851777260065,VPS28
ENSG00000143924,19.39256609536636,-0.4434267331652787,0.2502687367165675,-1.7718023392888462,0.07642737412773899,0.11718069156433991,EML4
ENSG00000122515,6.867534522964494,0.6225540635249284,0.35182924305052,1.769477881165024,0.076814158807021,0.1177369857697134,ZMIZ2
ENSG00000162734,91.25346378230931,-0.21068140272982475,0.11908230975959527,-1.769208232147586,0.07685913091188634,0.11776918281914858,PEA15
ENSG00000084463,19.13959131946354,-0.3937161441986966,0.22274567830731049,-1.7675590709127347,0.0771346455097645,0.11815450375155323,WBP11
ENSG00000173762,12.069770405840035,0.4949167386986245,0.28088293599666003,1.7620035796852733,0.07806869267155626,0.11954800741290977,CD7
ENSG00000114956,56.42365491124441,-0.27973697317418234,0.15892676874959336,-1.76016271755288,0.07838022132113973,0.11998766591030548,DGUOK
ENSG00000159216,12.025390581545887,-0.46169393362666844,0.2626087162570465,-1.7581059006996302,0.07872949196573908,0.12048480956700151,RUNX1
ENSG00000100365,29.499570300238943,0.3322819768151925,0.1892130224922827,1.7561263619090757,0.07906683475804857,0.12096339539260606,NCF4
ENSG00000136930,100.99544344514197,0.1958560643008092,0.11156774421670113,1.7554900448680986,0.07917552199698953,0.12109197481892515,PSMB7
ENSG00000143753,27.011636606885492,-0.313467042013453,0.17867457992799646,-1.7544020091709527,0.07936164731653285,0.12133887209503498,DEGS1
ENSG00000066294,24.114986955025433,0.4067067655520243,0.2318874149099018,1.7538975356211,0.07944806595429289,0.121357723375628,CD84
ENSG00000156171,24.374723148882893,-0.4031844048105167,0.22987272558693492,-1.7539462490865954,0.07943971777775705,0.121357723375628,DRAM2
ENSG00000171310,14.44197416533602,-0.4433312274389889,0.252753624976071,-1.7540054172554813,0.07942957890579595,0.121357723375628,CHST11
ENSG00000170881,10.558577146533057,-0.5319098073062887,0.3035561677976816,-1.7522615704544124,0.07972884081594139,0.12174876437835176,RNF139
ENSG00000168894,119.89432650423666,-0.19312902277568947,0.11036223754227797,-1.7499556648777157,0.0801259642553776,0.12231717562936488,RNF181
ENSG00000075426,20.462268429785787,-0.3818057267993612,0.21840705122329804,-1.74813827969778,0.08044008589800432,0.12275856587043268,FOSL2
ENSG00000198399,30.768332197890885,0.29997318933208633,0.1716460666921698,1.7476263517885235,0.08052874921027332,0.12285571984454614,ITSN2
ENSG00000133983,35.94690781812976,-0.30281517482576636,0.17330155138048517,-1.7473310101011899,0.08057993698521476,0.1228956580835957,COX16
ENSG00000175324,47.92790086371727,-0.264617671216073,0.15163034680498277,-1.7451498119727133,0.08095879476069379,0.12343515899908447,LSM1
ENSG00000123143,17.794916694899587,0.38982471063810303,0.22345724595710015,1.7445158646273773,0.08106917749884068,0.12352899803430427,PKN1
ENSG00000136521,49.48844824882211,-0.24459692699235794,0.14020972325935774,-1.7445075940982098,0.08107061836805683,0.12352899803430427,NDUFB5
ENSG00000131475,21.442226149171457,0.39451546027702145,0.22623861237130882,1.7438025107293895,0.08119353253913562,0.12367793518205594,VPS25
ENSG00000187109,82.41769039649603,-0.20911070514445562,0.11999119781002601,-1.742717040590982,0.08138305355198981,0.12390566959581874,NAP1L1
ENSG00000197958,941.6955043358233,-0.11598598948026996,0.06655696409354799,-1.7426574523027805,0.08139346793962207,0.12390566959581874,RPL12
ENSG00000099622,104.90795410049103,-0.17788643952134037,0.10214355808371253,-1.7415336107202393,0.08159008705124955,0.12416651835547857,CIRBP
ENSG00000183401,6.171879103640901,-0.6108560810754428,0.35138491571270525,-1.7384243140786468,0.08213607553780404,0.12495872296989753,CCDC159
ENSG00000269220,6.554447439311309,0.6394197724461018,0.3682705392928152,1.7362772859158668,0.08251481746754004,0.12549607336288818,LINC00528
ENSG00000152464,7.729262382905317,-0.5676129522002504,0.32702683112690384,-1.735677009266516,0.08262096086438328,0.12561862675977087,RPP38
ENSG00000106355,12.199189269697207,-0.49630963885533824,0.28603255350105383,-1.7351508867801289,0.08271408300156392,0.12572131267234304,LSM5
ENSG00000110395,10.877998191346078,-0.4629782056888402,0.2670916278326105,-1.733405908099052,0.0830235482304053,0.1261526641942522,CBL
ENSG00000172965,15.739778758310688,-0.39152632413547045,0.22607134012820757,-1.7318706737149059,0.08329659127684697,0.12652842334912703,MIR4435-1HG
ENSG00000145107,15.510112132311237,-0.490644010184618,0.28337734869584164,-1.7314157692654633,0.08337763606459281,0.12661239296088042,TM4SF19
ENSG00000163755,9.042621251871036,0.5404645723870283,0.3128419134130756,1.7275964287860632,0.08406060352866992,0.12761007282665554,HPS3
ENSG00000130638,11.078532539447103,-0.5687791761153712,0.32938344080643017,-1.72679954621528,0.08420367003261553,0.1277877808956988,ATXN10
ENSG00000100281,10.02460333187724,-0.48459023018326114,0.2807001348046892,-1.7263626557231206,0.08428218977493371,0.12786745308861508,HMGXB4
ENSG00000127084,7.30978902525152,0.6263519995564156,0.36293239566814844,1.725809013007282,0.08438177781525413,0.12797902968646876,FGD3
ENSG00000150782,10.237379377932177,-0.637564998944426,0.3695572482855744,-1.7252130810643695,0.08448907913623886,0.12810223229727793,IL18
ENSG00000154001,10.613063981305476,-0.4749953906642544,0.27548780795844385,-1.7241975032735584,0.08467219471681844,0.12830069837756577,PPP2R5E
ENSG00000176623,6.833061794315743,0.5675345917239195,0.32913347615035143,1.7243295892049098,0.08464836057778134,0.12830069837756577,RMDN1
ENSG00000153551,44.789178583815385,0.26629430719709,0.15447778304166637,1.7238356348321238,0.08473751958655043,0.1283601021110693,CMTM7
ENSG00000143294,14.68885691361891,-0.4073888641172687,0.23638467691724985,-1.7234148567924374,0.08481353013612909,0.12843565087486544,PRCC
ENSG00000095139,17.156709313939576,0.36967800433030806,0.214665087756199,1.7221151710992777,0.085048657391301,0.12873578204956504,ARCN1
ENSG00000109083,19.20977221257443,-0.4306801530974783,0.2501002898944694,-1.722029803640792,0.08506411972220955,0.12873578204956504,IFT20
ENSG00000102738,7.408511502623705,0.5551015861384652,0.3224990910672527,1.721250079500864,0.08520545385785325,0.12890997544873486,MRPS31
ENSG00000175376,9.656789793417229,-0.4879460939514355,0.2835628477114288,-1.72076877450462,0.08529279076181871,0.12900239267577013,EIF1AD
ENSG00000173545,33.52283661309478,0.27143422550069557,0.15806408483431175,1.7172416225053422,0.08593503344903171,0.12993377057493594,ZNF622
ENSG00000196704,9.182373989210568,-0.4997184973124345,0.2912272667258914,-1.7159055981622044,0.08617932194493792,0.1302630538411027,AMZ2
ENSG00000135002,13.387145473795318,0.4634832072452462,0.2710895990462131,1.7097048683385137,0.08732046205628836,0.1319473402658675,RFK
ENSG00000126653,34.78140020928823,0.2954699917774328,0.17287623940641186,1.7091417119666592,0.08742470269054654,0.13206424501117298,NSRP1
ENSG00000119414,22.755270409780763,-0.42378720878879905,0.2482272980607787,-1.7072546496680407,0.0877747313302696,0.13255225253747535,PPP6C
ENSG00000134248,133.05231579883252,-0.16091787259797785,0.09428374845707106,-1.706740294391736,0.08787033418773514,0.13265585935438726,LAMTOR5
ENSG00000151948,7.441689416374263,0.5936238575753262,0.34815868098704966,1.7050382196197686,0.08818729655111807,0.13309348134281146,GLT1D1
ENSG00000104267,61.79172203227503,0.2264623133680946,0.13299024719414554,1.7028490295043521,0.08859632472305343,0.13366973892818068,CA2
ENSG00000269893,10.921240394566237,-0.4653342195827881,0.27363989170824293,-1.700535023157118,0.08903033440600416,0.13428332205988475,SNHG8
ENSG00000105700,23.31404814023622,-0.33100290652163394,0.19467909784634826,-1.7002488206663056,0.08908413270663555,0.13432323661258275,KXD1
ENSG00000163902,34.99147052407882,-0.30799309889693127,0.1812112049468111,-1.6996360627221316,0.08919940262697051,0.13445578665918193,RPN1
ENSG00000166478,11.495105711493112,-0.43645360717867293,0.25689140174985414,-1.6989809865402423,0.08932276615233507,0.13460045166285634,ZNF143
ENSG00000165630,8.302675384503855,-0.5349526172688192,0.3155704155180675,-1.6951925496266658,0.09003889980238457,0.1356379992731201,PRPF18
ENSG00000179526,13.875295625043933,-0.4324240552458029,0.25530575846655623,-1.6937497134536759,0.09031285336758439,0.13600899829859323,SHARPIN
ENSG00000102897,9.21666100946625,0.5385533381269497,0.31806113941686387,1.6932384104337244,0.0904100960765167,0.13611372920343232,LYRM1
ENSG00000178974,8.210869002363964,0.6754672014631501,0.39915392461944615,1.6922474258699607,0.0905988073867067,0.13635606110207557,FBXO34
ENSG00000147439,11.91513189257516,-0.44645620945021197,0.2639191821980267,-1.6916398638853847,0.09071466085978407,0.1364886232287137,BIN3
ENSG00000113068,19.669137083619987,-0.3766900938626315,0.22273240266241814,-1.6912226930607739,0.09079427841131867,0.1365666005856198,PFDN1
ENSG00000183530,7.5419710967032865,-0.6694791968471482,0.3960921818829286,-1.6902105809425532,0.09098767481465576,0.1368156162910705,PRR14L
ENSG00000064961,8.558145390081046,-0.5185392785074486,0.3069192105632127,-1.6894976288903587,0.09112410587148871,0.13689509515514997,HMG20B
ENSG00000100888,7.458325583933245,0.659829293394562,0.39048373651462354,1.6897740717297494,0.0910711860444769,0.13689509515514997,CHD8
ENSG00000183624,8.998782514815963,0.5122165527020178,0.30316371098628025,1.6895707967013187,0.09111009685295872,0.13689509515514997,HMCES
ENSG00000162819,14.666168855550003,0.4113257300624752,0.24355053504851762,1.6888722087206056,0.09124392214651211,0.13703320092541582,BROX
ENSG00000126088,9.111119642937085,-0.5217020655799275,0.30902275558640974,-1.6882318733775183,0.09136672701910468,0.13717570931007653,UROD
ENSG00000116521,7.633136431338262,-0.525873595733415,0.31202274063441404,-1.6853694530859928,0.09191731339060136,0.13796019486909442,SCAMP3
ENSG00000118482,11.899897692555342,0.4806517488939707,0.2853166384466556,1.6846257249867187,0.09206080488519043,0.13813337258193154,PHF3
ENSG00000148153,14.739048336080678,-0.4040303151551489,0.23993698958505524,-1.6839017437614565,0.09220065929954821,0.1383009889493223,INIP
ENSG00000127125,43.97373229560067,-0.25815548168917274,0.15358937051292565,-1.6808160670692192,0.0927986468240222,0.13915549297932409,PPCS
ENSG00000132824,20.135551879948967,-0.36045304834881164,0.21450404247545204,-1.6804021229113295,0.09287910329264437,0.1392336527089855,SERINC3
ENSG00000085662,13.053083384520761,0.4413796958119277,0.26287253545951195,1.6790635622712655,0.0931396566686578,0.13953910758225135,AKR1B1
ENSG00000142634,65.362774299808,-0.21241864542890915,0.12650665041107173,-1.6791105031923166,0.09313050961495363,0.13953910758225135,EFHD2
ENSG00000239998,39.295364808082184,0.2768084459477197,0.16495168315922892,1.6781183474224677,0.09332399764464593,0.13977266821877174,LILRA2
ENSG00000115138,5.746613483658807,-0.6655069420323761,0.3968930985743985,-1.676791419207874,0.09358327627452927,0.14011828751158953,POMC
ENSG00000203747,176.18138255303109,-0.26690069570395475,0.15920293661659105,-1.6764809831789256,0.09364401807085933,0.14016652598239498,FCGR3A
ENSG00000095380,90.8796786128101,-0.18510614260824745,0.11042996627728403,-1.6762310887921066,0.09369293689373275,0.14019704381723588,NANS
ENSG00000170653,10.742460378964157,0.43781817863848915,0.26127697416083073,1.6756860417749149,0.09379970531208574,0.14031407972712004,ATF7
ENSG00000127914,9.60950271670903,-0.48913607712372326,0.2921912884752876,-1.6740269009255304,0.09412531257539732,0.14075830371135192,AKAP9
ENSG00000011304,12.566546358467015,-0.48004902858244575,0.2873998111227852,-1.6703178290446248,0.09485649751658137,0.14180858801231544,PTBP1
ENSG00000011198,5.554786615537372,-0.8374145479913833,0.5015626203782403,-1.6696111591407452,0.09499632111806601,0.1419627966478859,ABHD5
ENSG00000257923,14.809813967122178,-0.4402132688310276,0.2636789855583338,-1.6695045602473277,0.09501742738601889,0.1419627966478859,CUX1
ENSG00000169230,167.52090164423743,-0.1506867009238059,0.09032108230401246,-1.668344721740693,0.09524731488968113,0.14222066661413538,PRELID1
ENSG00000205323,10.967463535386866,-0.45692316150666323,0.2738786370700245,-1.6683417384972543,0.09524790676172559,0.14222066661413538,SARNP
ENSG00000130150,12.388956768178716,0.5227220156534146,0.31339355750443043,1.6679411657848928,0.09532740668138522,0.14229613500374452,MOSPD2
ENSG00000173442,12.054442657029066,0.43027980092830215,0.25804178984212767,1.667481074253714,0.09541878460594293,0.14238928258536399,EHBP1L1
ENSG00000171425,9.062440496778155,-0.5335711794402097,0.32001550501138015,-1.6673291483837174,0.0954489737216067,0.14239109194534771,ZNF581
ENSG00000228532,9.69136480333498,-0.520535572847319,0.312269684626845,-1.6669423849751759,0.09552586181135785,0.14246254474689302,RP1-241P17.4
ENSG00000149761,12.881459289513217,-0.4721941958458959,0.2834111593796165,-1.6661101026491796,0.0956914867051335,0.1426662517199715,NUDT22
ENSG00000136100,11.819959202315104,-0.44344144870924085,0.2663234728471618,-1.6650483112456402,0.09590311775916198,0.14293840481301848,VPS36
ENSG00000198301,7.964895135118384,-0.556233703632861,0.3347972431638159,-1.6614046710076893,0.0966322003145579,0.14398139246383793,SDAD1
ENSG00000112167,11.456521012862643,0.4293053060928261,0.25862698458424244,1.6599401132985359,0.0969265007039292,0.14437612138802913,SAYSD1
ENSG00000101782,18.09159727258353,0.3657259961034009,0.22043425841873546,1.6591159592293057,0.09709242796982374,0.14453565314865613,RIOK3
ENSG00000181444,12.254616093492967,-0.43208101670157056,0.2604179027765387,-1.6591832285522006,0.0970788761035973,0.14453565314865613,ZNF467
ENSG00000022840,26.526708830657924,0.2985554167279557,0.17998995780056595,1.6587337447946053,0.09716945640365315,0.1446065138605547,RNF10
ENSG00000134153,81.02740214021578,-0.19610751867712065,0.11831222417047225,-1.6575423211937563,0.09740987992897142,0.14492042082075857,EMC7
ENSG00000169692,26.24808646046019,-0.31609201565843736,0.19082200698188478,-1.6564756898738873,0.09762552415971062,0.14519728381380692,AGPAT2
ENSG00000108055,19.443528125012342,-0.3604983267795091,0.21773404515443678,-1.6556819422695745,0.09778624608548322,0.14535482817289758,SMC3
ENSG00000213462,8.705382705441062,-0.5451276189249439,0.32925086492954303,-1.6556604005933186,0.09779061089531936,0.14535482817289758,ERV3-1
ENSG00000165704,34.28897261765894,0.26759565788579043,0.16183166204983604,1.6535432837820352,0.09822034462825464,0.14594943256826226,HPRT1
ENSG00000164896,11.04288148659469,-0.44906093205436887,0.2717691085869428,-1.6523619420516584,0.09846078898765803,0.14626249004998534,FASTK
ENSG00000197157,5.1962689598255025,-0.6818597313051054,0.41301326235582714,-1.6509390701300444,0.09875101694794099,0.1466492889943131,SND1
ENSG00000128534,26.103723560145355,0.3087852278441613,0.18706791317863927,1.6506584298574436,0.0988083406437157,0.14669008638163716,NAA38
ENSG00000131748,11.458032347550855,-0.4494751890439832,0.2725031829268319,-1.649430968902367,0.09905937455913452,0.14701835293977258,STARD3
ENSG00000118197,14.29426271222382,0.39232002323232235,0.23789141864729918,1.6491558437170069,0.09911571150186324,0.1470575502174384,DDX59
ENSG00000139572,40.70125923883205,-0.3482047267065779,0.21130124163818564,-1.6479066758292609,0.09937182328975835,0.14739303943431106,GPR84
ENSG00000128039,7.775795120090628,-0.6472545934182654,0.3928687509957221,-1.6475084663206345,0.0994535774590645,0.14746978866440644,SRD5A3
ENSG00000076662,29.632280197438632,0.3152520780208629,0.1914286131778088,1.6468388543777437,0.0995911727222747,0.1476292678000778,ICAM3
ENSG00000259494,6.103222510967274,-0.6027012483213751,0.36777012601003173,-1.6387988194150798,0.10125516514610991,0.1500506277225525,MRPL46
ENSG00000167770,43.969951477531126,-0.2950797906234184,0.18013939238647259,-1.6380636501224102,0.10140841674877503,0.15023242686267124,OTUB1
ENSG00000147471,12.953940403108888,-0.4031060952065423,0.24626761091430702,-1.636862004345386,0.10165930656667165,0.1505587198519061,PROSC
ENSG00000118785,14.62543732255811,-0.7384859886781912,0.45162798027655937,-1.635164385133913,0.10201459194410513,0.15103938078135964,SPP1
ENSG00000187531,11.534554050752467,-0.4565052126221749,0.279332667473124,-1.6342707666517293,0.10220200908957305,0.15127128694763917,SIRT7
ENSG00000232112,154.0809805169763,-0.18556585773864745,0.11380459022552483,-1.6305656684929353,0.10298199824169141,0.15237986731697428,TMA7
ENSG00000099203,14.33888323810663,-0.4301993135985292,0.26397238651990945,-1.6297133168740834,0.10316210151997629,0.15260041145971207,TMED1
ENSG00000180957,6.716353999182289,-0.5378092937672526,0.330041674962143,-1.6295193442735418,0.10320312320673852,0.15261515120009422,PITPNB
ENSG00000121552,43.535950555381184,0.2683475806253332,0.16474267375328172,1.628889312718148,0.10333645293349916,0.15272039991435035,CSTA
ENSG00000178057,65.07401515395408,-0.23902443261015136,0.1467279713184017,-1.629031127892207,0.10330642951878427,0.15272039991435035,NDUFAF3
ENSG00000119632,31.09642244024095,-0.3529747277802673,0.21709558474185964,-1.6258954699607389,0.10397189397391715,0.15361331539020712,IFI27L2
ENSG00000153815,9.705028812141773,-0.541466683758043,0.33307607332748135,-1.6256546990863299,0.10402313200706831,0.15364282256769873,CMIP
ENSG00000197102,26.159656376106792,0.32653776771967646,0.20120778992731433,1.6228882979015733,0.10461328556017346,0.15446805445994363,DYNC1H1
ENSG00000176845,7.957431712005784,-0.5348436493680795,0.3296038134766241,-1.6226864723639223,0.10465644464131926,0.15448536166039137,METRNL
ENSG00000077380,17.827532133334167,0.37416336262111766,0.23088204570537435,1.620582325827894,0.10510724523705113,0.15505764127735494,DYNC1I2
ENSG00000167460,270.6613149151557,0.20257391026874316,0.12499853214230174,1.620610312752533,0.10510123911160421,0.15505764127735494,TPM4
ENSG00000108946,48.856955224556685,0.22713647992620004,0.1401794814937111,1.6203261526287647,0.10516223386811306,0.15509220204919197,PRKAR1A
ENSG00000070761,5.530786383096459,-0.6158342737342997,0.38031862115987586,-1.61925879899375,0.10539159150483524,0.155383822578686,C16orf80
ENSG00000120875,12.24419407304952,-0.5273059655167901,0.3258728969489403,-1.6181338505098555,0.10563375482092116,0.15569414252849628,DUSP4
ENSG00000084093,15.85392431954196,-0.39373539530364304,0.2439553165487198,-1.6139652165564138,0.10653497125022789,0.15697536693361913,REST
ENSG00000168175,48.355215511922204,0.22285744375788236,0.13815949496480315,1.6130447191823944,0.10673479259899361,0.15722265312693484,MAPK1IP1L
ENSG00000161526,27.100334778513563,0.3035405682581351,0.1882778515979642,1.6121947732136603,0.10691956231177263,0.1574476263710071,SAP30BP
ENSG00000165934,9.895980967207601,-0.4634642834889942,0.2877661760264954,-1.6105585788036527,0.10727596804147643,0.15792513689509144,CPSF2
ENSG00000196961,7.930991081528006,-0.5171809613045161,0.32226897921509406,-1.6048114918294094,0.10853529617959337,0.15973119060392985,AP2A1
ENSG00000169612,8.109628325909142,-0.5316608680887439,0.3314555416002005,-1.6040186431096985,0.10870994326240581,0.15994031772199466,FAM103A1
ENSG00000071127,91.07895536535588,-0.20953639796619525,0.13070188396148733,-1.603162797775259,0.10889871655249593,0.16017009671923527,WDR1
ENSG00000007392,10.966208421641769,-0.4468769541189244,0.27933731395136707,-1.5997753676285662,0.1096484251752924,0.16122452462937967,LUC7L
ENSG00000122741,6.909523872033015,0.5524164851172607,0.3453595299071934,1.5995402972250645,0.1097006021405635,0.16123684265508056,DCAF10
ENSG00000155463,14.363033916347579,-0.3771351506637406,0.2357917013727725,-1.5994420010037276,0.10972242609657903,0.16123684265508056,OXA1L
ENSG00000224152,6.950901106239052,-0.5510693821149498,0.34487631830722726,-1.597875391444068,0.11007071176873474,0.1617002922665359,AC009506.1
ENSG00000197208,9.027901156264507,0.513624007465146,0.32153581798700986,1.59740837173511,0.11017470754969971,0.1618046960248728,SLC22A4
ENSG00000102393,52.610690699752034,-0.32681858176736667,0.20470529518018493,-1.596532134059823,0.11037003728398705,0.16204313212235205,GLA
ENSG00000163728,10.320358317922253,-0.47091944450755935,0.29519882157505456,-1.5952619390380176,0.11065367302244604,0.16241103621036435,TTC14
ENSG00000187164,15.669614636091534,-0.4123294219811007,0.25865314646024756,-1.5941403676079837,0.11090459922633063,0.16273072576834538,KIAA1598
ENSG00000160908,20.70498582207661,0.31732009474172795,0.19908653910335564,1.5938802099372045,0.11096286775465165,0.16276762153622631,ZNF394
ENSG00000157106,9.58979692007144,0.4625340316527759,0.29023152113316225,1.5936726302053144,0.1110093775306709,0.1627872519205362,SMG1
ENSG00000140575,39.28069485200405,0.24621987597119974,0.1550669234206344,1.5878297611109746,0.11232483974893483,0.1646671427584325,IQGAP1
ENSG00000259354,7.649228641310591,0.5244059838584987,0.3303294641356283,1.5875240957712011,0.11239399406563456,0.16471938169953124,RP11-519G16.3
ENSG00000168172,20.282944946137604,-0.4350278842155483,0.2742706396009921,-1.5861263343696765,0.11271065413947792,0.16513421420435137,HOOK3
ENSG00000095383,11.316800561717315,-0.4400651131943866,0.2775070075680321,-1.5857801828175553,0.11278918262852669,0.1652000129468197,TBC1D2
ENSG00000141385,5.427473265939435,-0.6125140600898457,0.38637931417452154,-1.5852661817531528,0.11290586927650233,0.16532164529938392,AFG3L2
ENSG00000105483,10.383602547710037,-0.44164711521506234,0.2787463293109451,-1.5844051338964873,0.11310155437921775,0.16555884367574503,CARD8
ENSG00000164190,20.831266238503908,-0.3591627815474352,0.22672771001051276,-1.5841150670589925,0.11316753624808883,0.16560609682046115,NIPBL
ENSG00000171729,25.842942541106677,-0.2833480118051089,0.17892971599043925,-1.583571572987066,0.11329124717803767,0.16573777571684342,TMEM51
ENSG00000144567,10.72623884790844,0.4121181372205821,0.26032982506718344,1.5830615532209058,0.11340743551585133,0.16585837444193258,FAM134A
ENSG00000134996,117.92288594594827,0.1767016738890426,0.1117327969630519,1.5814664869391462,0.11377141578569633,0.16634118928024746,OSTF1
ENSG00000185624,44.06787404432794,-0.26460885384555677,0.1673681582583597,-1.5809987789737783,0.11387831692084739,0.16644796232868653,P4HB
ENSG00000167797,20.87181808816767,-0.3231034868799572,0.2044251004012706,-1.5805470377450233,0.11398164371034201,0.16654944906114205,CDK2AP2
ENSG00000123268,12.507902667877236,-0.4579984526243307,0.29018982490343376,-1.5782719217558319,0.11450315354447896,0.16726174093863544,ATF1
ENSG00000101246,12.518112757062715,-0.4388061430155375,0.2782933767651614,-1.5767753732271723,0.11484722009928838,0.16771448426980776,ARFRP1
ENSG00000010810,12.066367635645175,-0.43476654434171785,0.27594383351786306,-1.575561732252203,0.11512684114428348,0.16807287503951546,FYN
ENSG00000159069,28.65102204591247,-0.3443698789029512,0.21882204963851085,-1.5737439598607295,0.11554665446078692,0.16863565786168902,FBXW5
ENSG00000185187,9.520698410034077,-0.45531869613619125,0.2896091778163145,-1.5721832421518716,0.11590806069065356,0.16911288902430865,SIGIRR
ENSG00000157557,21.252922231299447,-0.33984145447665504,0.21632036879717967,-1.5710099625213185,0.11618033471480216,0.16945982926344252,ETS2
ENSG00000166224,19.27882088926971,-0.4568183394143337,0.29136791946453344,-1.5678402078508151,0.11691842871182262,0.1704858037655479,SGPL1
ENSG00000134882,18.186449035214203,-0.4030084143859899,0.2570903121511934,-1.5675752657260102,0.11698028824883572,0.17052540387267243,UBAC2
ENSG00000159873,7.6542508686366215,0.5046538518960297,0.3224388017976754,1.5651151445870062,0.1175559131493787,0.17131368837961058,CCDC117
ENSG00000144744,12.946271870492113,0.399008909756191,0.25523678873202443,1.563289178407249,0.11798459249220006,0.17188742588398193,UBA3
ENSG00000057757,17.00129265172256,-0.4007583264389868,0.2565384860234683,-1.5621762358195455,0.11824647729717648,0.17221789847016158,PITHD1
ENSG00000138382,6.377064204325305,-0.5660923714263172,0.36272155332726447,-1.5606802690204682,0.11859920897657443,0.17262929884801148,METTL5
ENSG00000169139,21.352844429756118,-0.3233645466932103,0.2071857311047968,-1.5607471854789507,0.11858341324213383,0.17262929884801148,UBE2V2
ENSG00000050730,10.616188055189681,0.9283498659367662,0.5956530241677581,1.5585413458344302,0.11910497480999116,0.1733141386485924,TNIP3
ENSG00000141543,57.56919043756453,-0.21425937961693678,0.1374979675557542,-1.5582730670550204,0.11916853064446589,0.17335528702987135,EIF4A3
ENSG00000197971,34.25284959118379,-0.26149166179663047,0.16801968964617758,-1.5563155862702154,0.11963306693184952,0.17397954747058555,MBP
ENSG00000119705,21.047150874078998,-0.3085441173942693,0.1984161797545186,-1.5550350670797184,0.11993771790640291,0.17437098987930885,SLIRP
ENSG00000034713,167.91978816442432,-0.15924694074742987,0.102519950404684,-1.5533263537372342,0.12034518733753227,0.17491163873902207,GABARAPL2
ENSG00000116731,7.914171717515061,-0.5250404927055138,0.33813808824606445,-1.5527398744960068,0.12048529203945346,0.17506349056235196,PRDM2
ENSG00000124155,10.859319488997578,-0.4593074546607901,0.29610097911617356,-1.5511851937530523,0.12085730936568798,0.1755521188953564,PIGT
ENSG00000025800,8.462421749622898,-0.5249526535318448,0.33860047465444504,-1.5503600639295603,0.12105511829272268,0.17578748560592178,KPNA6
ENSG00000165632,4.656661529913342,-0.7191399484848582,0.46424043419081823,-1.5490678870709218,0.12136540154719842,0.17618599208358435,TAF3
ENSG00000072694,7.116361245754927,0.6715680445456834,0.4336670167050081,1.5485799442351917,0.12148273021926993,0.17630423399217143,FCGR2B
ENSG00000132003,4.639477040883663,-0.6700937594992317,0.43302687175495413,-1.5474646106452985,0.12175125173851864,0.17664176292975511,ZSWIM4
ENSG00000152484,6.836717930618362,-0.5552426596884799,0.35891279541079657,-1.5470127194907397,0.12186017855607882,0.17674761435199862,USP12
ENSG00000116809,5.641204992975034,-0.6064200180914796,0.3923301532840227,-1.5456880207024746,0.1221799317401762,0.1771590984276264,ZBTB17
ENSG00000141380,6.712869072853088,0.5919778284960642,0.38350907980763616,1.543582302648463,0.12268955503658695,0.1778455673893181,SS18
ENSG00000158526,16.62957358048188,0.33697619329344236,0.2183409154843571,1.5433488155250719,0.1227461654309287,0.1778751568645189,TSR2
ENSG00000122299,13.36547369240784,0.37713877345404045,0.24464688960242256,1.5415637372988122,0.12317964326638713,0.1784506978216469,ZC3H7A
ENSG00000136630,21.716008286596903,0.3930506657096751,0.2552112598958351,1.5400992333570998,0.12353616663750577,0.17891444823362906,HLX
ENSG00000128185,7.640839550663784,-0.6078434623457265,0.39528472924871255,-1.537735756959314,0.12411323705594864,0.1796972442230205,DGCR6L
ENSG00000107263,17.575155392629775,-0.44322240158547604,0.288508757437374,-1.5362528525037422,0.1244763779654558,0.18010437116325984,RAPGEF1
ENSG00000115484,61.65851092780103,-0.21437759444899443,0.139556151461977,-1.5361386237954766,0.12450438519364951,0.18010437116325984,CCT4
ENSG00000213402,6.681445588510808,-0.6212090492064022,0.4043770863370257,-1.5362122884694291,0.12448632311761038,0.18010437116325984,PTPRCAP
ENSG00000204356,33.86993154485356,-0.2602537635114425,0.16962081920115057,-1.5343267691851659,0.12494928333629055,0.18069475524265208,NELFE
ENSG00000119820,45.76218554647987,-0.24058690954735842,0.15694195807917177,-1.5329674262506057,0.12528388098685864,0.18112532838170736,YIPF4
ENSG00000198585,6.393472311619694,0.5230146783922396,0.3414899298726687,1.5315669149812294,0.1256293420907844,0.18157134912768078,NUDT16
ENSG00000183386,10.91696590958249,-0.565457698938508,0.36977377509383164,-1.5291990320163205,0.12621511050230563,0.18235508350998406,FHL3
ENSG00000185896,26.271476693733852,0.32394351912717445,0.21185585904536308,1.5290751012829478,0.12624582704537357,0.18235508350998406,LAMP1
ENSG00000213145,8.478502927166652,0.4783854414733531,0.31296122616428823,1.5285773491385346,0.12636925481194117,0.18247972910545956,CRIP1
ENSG00000019169,18.07712695190517,0.3276308044946379,0.2144285080588672,1.527925589095146,0.1265310140196211,0.18265963657239076,MARCO
ENSG00000164252,7.675185436029601,-0.5887444365938624,0.38575149793643043,-1.5262272207453207,0.12695328654871402,0.1832154038473952,AGGF1
ENSG00000100564,7.921971539649741,-0.4893365980543198,0.3207792882331164,-1.5254619484619267,0.12714391753075896,0.1834366443764385,PIGH
ENSG00000197226,8.812348547298246,-0.46153228978620303,0.303150066447905,-1.5224548527866324,0.12789514954331646,0.18446632370292254,TBC1D9B
ENSG00000143442,9.1090157162466,0.4680210079294591,0.30763129843915,1.521369933111778,0.12816702967500546,0.18480422060533358,POGZ
ENSG00000234545,17.972775759604716,-0.32436189716804203,0.2132416883251618,-1.5210998361325974,0.1282347856021129,0.18484767862973975,FAM133B
ENSG00000108523,17.98670138741579,-0.38559900099153055,0.25356048197688724,-1.5207377663317385,0.1283256573063176,0.18489544865504126,RNF167
ENSG00000213523,62.87026753645109,-0.20654567619760023,0.13582562321962852,-1.520667980765442,0.1283431777294151,0.18489544865504126,SRA1
ENSG00000145860,29.483148284655137,-0.26518818665229393,0.17457673863266107,-1.5190350600505527,0.12875367119510153,0.18543245611158526,RNF145
ENSG00000125107,10.328499114930471,0.4029745916922213,0.2653845771724517,1.5184552018272,0.12889968466987944,0.18558835349188035,CNOT1
ENSG00000147813,21.32229605503597,-0.3325146529634581,0.21928004680419888,-1.5163926577431346,0.129420094522359,0.18628305345133922,NAPRT1
ENSG00000140678,15.967942357767193,-0.38358763132940477,0.2532435463203419,-1.5146985457397732,0.12984876287863834,0.18684533551555746,ITGAX
ENSG00000155957,168.46236704426832,0.16908738957230704,0.11164515669246619,1.5145071634237497,0.12989725836979382,0.18686040035982637,TMBIM4
ENSG00000145901,74.6786721762958,0.27844958482805504,0.183878577441518,1.5143122635730366,0.12994665963818408,0.18687675898801187,TNIP1
ENSG00000083168,8.533244227640264,-0.5022818791258303,0.3317240164662515,-1.514155907300522,0.12998630180686768,0.18687907755381739,KAT6A
ENSG00000109919,43.59091994396833,-0.24308937774023878,0.1607139995773986,-1.512558821132249,0.13039176075535927,0.18740716945066846,MTCH2
ENSG00000109103,10.111997389614203,-0.4403256866132352,0.29123260734360473,-1.5119381398585154,0.13054960024652956,0.18757916245948722,UNC119
ENSG00000076513,7.030915105923812,0.48656168545010803,0.32212004642720105,1.5104979986399907,0.1309163996771398,0.1880512095917758,ANKRD13A
ENSG00000168439,37.380410607610116,0.30779638981417046,0.20393419029853135,1.5092927250874375,0.1312239930084522,0.1884379607374442,STIP1
ENSG00000104903,20.415882013083305,-0.37502401870585056,0.24870859456142785,-1.5078852396201545,0.13158390100318085,0.18889958794321668,LYL1
ENSG00000088833,22.63069461307869,-0.37877013468987575,0.25139082138867636,-1.5066983456180276,0.13188799581678054,0.18922557998355025,NSFL1C
ENSG00000105953,8.493379158672528,0.4867794195071628,0.32305271121168966,1.5068111259038046,0.13185907691901122,0.18922557998355025,OGDH
ENSG00000007520,7.497046297107891,-0.5693817128892055,0.3782512048785045,-1.5053004605024134,0.13224684686371208,0.18962970688307007,TSR3
ENSG00000069956,8.928154626466279,-0.4728559981246363,0.3141259914803827,-1.5053068225784376,0.13224521194372799,0.18962970688307007,MAPK6
ENSG00000060339,10.409456029909508,-0.4112933102608431,0.27330128240627605,-1.5049080876592265,0.13234770871140622,0.18971897333951288,CCAR1
ENSG00000152332,7.010933415697551,0.5817047224923323,0.3867081695855,1.5042473064787922,0.13251770122338843,0.18985189032411975,UHMK1
ENSG00000172409,7.034772776894332,-0.5520831539941664,0.36698265342960107,-1.504384877145354,0.1324822958740483,0.18985189032411975,CLP1
ENSG00000137100,26.969621529621737,-0.30997280518245596,0.20614140331734,-1.5036901864167236,0.13266115723322178,0.1900020188411693,DCTN3
ENSG00000136908,14.3919012634724,-0.3879660984303978,0.2582427586263249,-1.5023309869136794,0.13301164981346647,0.19044849859655427,DPM2
ENSG00000166848,42.9257000349552,0.249657190560338,0.166328945482892,1.5009846291968276,0.13335953722372354,0.19089098919818742,TERF2IP
ENSG00000119541,32.063607985835176,0.2566558988088638,0.1710751855827657,1.5002520554606935,0.1335491236451241,0.1911066958625917,VPS4B
ENSG00000131174,86.80004334056812,-0.18187777641433356,0.1212953215511491,-1.4994624202190472,0.13375371077184178,0.19134373645788372,COX7B
ENSG00000197122,25.494725986148595,0.347702281494761,0.23198086290168013,1.498840366164716,0.13391504984754973,0.1915187878203898,SRC
ENSG00000117751,7.503105021198859,-0.479374819198672,0.31996165242862373,-1.4982258516295472,0.13407458120639834,0.19169115276352675,PPP1R8
ENSG00000114353,53.53197885739553,-0.26073440513086515,0.17426113404621257,-1.496228097894282,0.13459422483283445,0.19237813287625027,GNAI2
ENSG00000119650,6.916613408757093,-0.4945770655048382,0.33063743604843837,-1.4958290005381685,0.13469822196598988,0.19247079463241473,IFT43
ENSG00000232388,38.9867778429686,-0.24746325767659386,0.16549860025041832,-1.495258916402638,0.13484688269963993,0.1926272039494275,LINC00493
ENSG00000100664,225.78340325401118,-0.15720829923274637,0.10519802482505199,-1.49440352605659,0.13507018052158276,0.19283406946050483,EIF5
ENSG00000129003,6.18763941261855,0.54345827128843,0.36363531908524455,1.494514539059477,0.13504118468987136,0.19283406946050483,VPS13C
ENSG00000204070,15.335511105521402,-0.35294847645266464,0.2364379673486772,-1.4927741107339514,0.13549632631934383,0.19338627578659762,SYS1
ENSG00000187866,6.283130741485662,-0.5904598110802443,0.39566828749796407,-1.492310174297915,0.1356178507340057,0.19350351873022764,FAM122A
ENSG00000005339,13.480403315854781,0.3699164401111429,0.24844059059514279,1.488953311634798,0.13649966355296025,0.1946486786707042,CREBBP
ENSG00000143507,26.326127566996732,-0.29432511065892114,0.19766896963365463,-1.48897983939716,0.1364926776815684,0.1946486786707042,DUSP10
ENSG00000167522,10.238786811433583,-0.4280226138937566,0.2878803528272441,-1.4868073131430795,0.13706570946332125,0.19539915761611854,ANKRD11
ENSG00000008324,33.864963414290415,0.28282105613342146,0.1904144863618126,1.4852916998973713,0.13746656961348927,0.1959137827960227,SS18L2
ENSG00000143756,6.1083842835147015,-0.6346942434035981,0.4282860809407112,-1.481939926717956,0.13835628005299752,0.19712460428542472,FBXO28
ENSG00000036054,11.465305713361088,0.4125678022134333,0.2786673851909484,1.480502649891137,0.13873915407368978,0.19761281249800333,TBC1D23
ENSG00000104852,10.252293676279766,-0.5186591439019321,0.35069417190629093,-1.4789499953267635,0.13915367984171104,0.19814580780706115,SNRNP70
ENSG00000062725,9.93440360462243,0.4334658211182294,0.2931232175637135,1.478783648463503,0.1391981474160175,0.19815170811190902,APPBP2
ENSG00000186470,12.157378091742011,0.41302899597634773,0.27963953045716167,1.4770050403858053,0.1396742861717346,0.198771920720505,BTN3A2
ENSG00000055211,17.507002132559077,0.3590208669661589,0.2432977256168094,1.4756441559655675,0.14003944472623675,0.19923388285602994,GINM1
ENSG00000121022,34.980185638736764,-0.24271702922970415,0.16451921420791596,-1.47531113856989,0.140128913193032,0.1993034672736785,COPS5
ENSG00000105705,7.367339478496626,-0.5025498209368101,0.3408261629847041,-1.4745048224462862,0.14034572024189235,0.19955407096894068,SUGP1
ENSG00000162511,745.9417489714089,0.11223040713559336,0.07621028901608312,1.4726411431389361,0.14084782465088494,0.2002100695211017,LAPTM5
ENSG00000183621,8.130442416952281,0.5850573567555161,0.39767258021802965,1.4712036631611614,0.141236046833531,0.20070385602659668,ZNF438
ENSG00000069345,28.320970074114385,-0.261696682040837,0.17806264136359548,-1.4696888692472263,0.141646038701738,0.20122828394921669,DNAJA2
ENSG00000008988,496.73801261285655,-0.10666434837107176,0.07258621920339368,-1.4694848352989407,0.1417013320316228,0.2012486547986689,RPS20
ENSG00000104960,15.76561431585723,-0.3556342187324199,0.24212326254179942,-1.4688147474926094,0.14188304291521012,0.20144850415641216,PTOV1
ENSG00000178127,93.90753937295489,0.18552219034438153,0.12632797308979846,1.468575690773616,0.14194791235741314,0.20148239206364188,NDUFV2
ENSG00000108239,8.118420085057997,-0.46898220136613517,0.32022984861145215,-1.4645174501992482,0.1430526186918381,0.20299178985032992,TBC1D12
ENSG00000107929,6.58138959872201,0.5470656479798276,0.37419496597597746,1.4619802448516854,0.14374662347729544,0.2039176985471795,LARP4B
ENSG00000148688,9.388454840563757,-0.5626867841744991,0.3857174325280094,-1.4588056870715556,0.1446185968916059,0.20507839407156028,RPP30
ENSG00000155959,17.82606762689195,-0.3248857557417781,0.22272313627091594,-1.4586978307749474,0.1446482934171811,0.20507839407156028,VBP1
ENSG00000113558,293.9449089381089,-0.1092145974725404,0.07493773173483123,-1.4574046337431004,0.145004718752033,0.20552442686688496,SKP1
ENSG00000089486,7.519151450843892,0.47728232034108875,0.3276694717217487,1.4565968499695592,0.14522769773332064,0.2057811149543073,CDIP1
ENSG00000076924,7.570488455249688,-0.5262591605008735,0.3616304915593128,-1.4552400109617392,0.1456028276872138,0.20611226706295493,XAB2
ENSG00000134058,6.565325277588016,-0.5160910696581746,0.3546664712397012,-1.455144795204999,0.1456291801470451,0.20611226706295493,CDK7
ENSG00000134590,10.854182703701134,-0.42910437709647153,0.2948607419134222,-1.4552780892834705,0.14559228993421197,0.20611226706295493,FAM127A
ENSG00000142230,5.4385271387752905,-0.6902197796192991,0.47423247517109646,-1.4554460433572742,0.14554581747563547,0.20611226706295493,SAE1
ENSG00000145337,38.31589088414313,-0.2549350464300889,0.17550731460020133,-1.4525608064303233,0.14634573478041057,0.20706678396514183,PYURF
ENSG00000063245,10.966892618141513,-0.40331235289237793,0.277894777816001,-1.4513131771026588,0.14669267368497865,0.20743821539222593,EPN1
ENSG00000227507,24.93359680565228,-0.29108032924261046,0.20056213569322495,-1.4513224454681712,0.14669009403429303,0.20743821539222593,LTB
ENSG00000029725,13.612327007284737,-0.38728303156300586,0.26719945334947576,-1.449415508558209,0.1472215802440125,0.20812625009179445,RABEP1
ENSG00000143319,7.472717768369913,-0.4805457588794869,0.3317646182099938,-1.4484539113068429,0.14749014672863267,0.20844595370276126,ISG20L2
ENSG00000184216,15.161906510868825,-0.44640884125352154,0.3089899442471226,-1.4447358225240323,0.14853210374399425,0.20985818223058877,IRAK1
ENSG00000126254,32.99717372639732,-0.28285845982917235,0.19597720992011847,-1.4433232310250115,0.14892943857945617,0.210359086283256,RBM42
ENSG00000025039,6.4667530296542575,0.4975797994867652,0.34487663453343825,1.4427761978131959,0.1490835262821906,0.21051622073295534,RRAGD
ENSG00000036257,5.40116805214117,-0.585476813300841,0.40616742898205227,-1.441466674883751,0.14945288554405756,0.21097715586426283,CUL3
ENSG00000117748,22.465726597095,-0.32408410744841,0.22491575911404715,-1.4409132944929748,0.14960917972516777,0.21113713646452453,RPA2
ENSG00000131503,7.8771183368664826,-0.4543306525884041,0.31572957858461015,-1.4389866626533099,0.1501543016252448,0.21184560384336862,ANKHD1
ENSG00000157216,8.309466668904289,-0.5497992295542138,0.3825993184117381,-1.4370104783159647,0.15071501622366001,0.21257565721098315,SSBP3
ENSG00000187764,12.064843367384876,-0.3563702720847154,0.2481217571553494,-1.4362717569406516,0.15092502737724683,0.21281078465761577,SEMA4D
ENSG00000166822,33.52720745588686,0.2379867091655028,0.16574086156578788,1.4358964163525736,0.15103181838760224,0.21290027411264412,TMEM170A
ENSG00000175467,6.297666918427316,-0.5379717896261107,0.3754059588779153,-1.433040091409585,0.15184638036177556,0.21398712735812017,SART1
ENSG00000102893,8.668805464723771,-0.49620360513272893,0.347673780011058,-1.427210315132038,0.15351928212993726,0.21615972861607533,PHKB
ENSG00000114867,10.316681614780169,-0.42207398702429605,0.2957341012765964,-1.4272077017913316,0.15352003517910112,0.21615972861607533,EIF4G1
ENSG00000140497,46.618094593093744,-0.24963740600306425,0.17489383959852828,-1.427365346750412,0.15347461390229689,0.21615972861607533,SCAMP2
ENSG00000106636,27.759000226606563,0.24713784467895183,0.17328918256198708,1.4261585231412146,0.15382258901822451,0.21652369018491985,YKT6
ENSG00000116815,86.10304127007728,-0.1605761378562975,0.11265059624041085,-1.4254353125091979,0.15403140653701586,0.21675553600312028,CD58
ENSG00000163866,51.93743165655085,0.21531979149044486,0.15109910184507463,1.4250236358864474,0.15415036891271178,0.21686083963271277,SMIM12
ENSG00000106305,6.120374011055611,-0.5188591048754748,0.3645393731054519,-1.42332802203339,0.15464108733442358,0.21748892477428663,AIMP2
ENSG00000054148,21.492224167632436,0.3271935807782874,0.23006355349200738,1.4221878077252876,0.1549717372550101,0.21789159281004852,PHPT1
ENSG00000132467,8.367648732151736,-0.5089803897300869,0.35807120882995236,-1.421450195320789,0.15518592276817603,0.21813032736922683,UTP3
ENSG00000165501,5.45802957738832,-0.5462472242788275,0.3843669307381661,-1.421160824709282,0.15527001063063342,0.2181861115924886,LRR1
ENSG00000147457,7.095163681739269,-0.4642727193565592,0.3267870600309813,-1.420719410715172,0.15539834722344215,0.21824163425435686,CHMP7
ENSG00000173272,7.366318138123961,0.4659172309507712,0.3279225010362439,1.4208150690436316,0.1553705287131458,0.21824163425435686,MZT2A
ENSG00000068796,5.8895734345739275,-0.5246489239775086,0.36970259830949265,-1.4191107294796568,0.1558667363267144,0.21883689780270701,KIF2A
ENSG00000049245,29.562512022889322,0.2599411073223811,0.18339457333001152,1.4173871265788602,0.15636977439532226,0.21941778166151157,VAMP3
ENSG00000161179,8.447084844686108,-0.49127643480440664,0.3465727050687721,-1.4175277730164015,0.1563286802754169,0.21941778166151157,YDJC
ENSG00000106003,5.161084098292697,-0.5801800277416136,0.40945312193234124,-1.4169632533354661,0.15649367136761885,0.21946629597616413,LFNG
ENSG00000241553,70.86577282247828,0.17774876489572825,0.1254405845602704,1.4169956678599926,0.1564841940638645,0.21946629597616413,ARPC4
ENSG00000101193,20.556437907335713,-0.27672646675773227,0.1954095518476336,-1.4161358241766187,0.15673574110923588,0.2197117063569838,GID8
ENSG00000204099,8.82122363740743,0.5081596046658753,0.35885470097040634,1.416059489514063,0.1567580876043112,0.2197117063569838,NEU4
ENSG00000145781,6.496578636613055,-0.5531553808009575,0.39119899883501785,-1.4139999909208414,0.15736190514808335,0.2204951245787515,COMMD10
ENSG00000155090,14.09412041761805,-0.40840405194414764,0.28907837444283374,-1.4127796751704476,0.15772051614079396,0.22093461126449873,KLF10
ENSG00000166579,10.32256211394924,0.3736043295078284,0.2645174970721986,1.4123993068248908,0.15783242046207901,0.2210283596895572,NDEL1
ENSG00000214194,10.17519993106377,0.3881595178421234,0.27485348324573805,1.4122415814358877,0.1578788408894084,0.22103037724517174,LINC00998
ENSG00000124422,7.556267445251088,-0.5027043390534619,0.356413310860124,-1.410453324092462,0.15840586950008462,0.2217050534672218,USP22
ENSG00000110075,7.831922609800877,-0.48405108682946324,0.3436378156778656,-1.408608321743101,0.15895101680739065,0.22240469720715195,PPP6R3
ENSG00000116752,32.24494228482453,-0.2461955865773232,0.17484654496560176,-1.408066637094592,0.15911133899037166,0.2225656475373431,BCAS2
ENSG00000145050,113.67411211701318,0.2532321985398599,0.1804699750774985,1.40318187793352,0.16056261013428696,0.22453177751846506,MANF
ENSG00000151287,10.261829679236108,-0.44542735149451584,0.31771351984922697,-1.401977957078743,0.16092182918867082,0.22497009064953866,TEX30
ENSG00000198715,12.371611449665394,-0.4742146474753299,0.3384000654907828,-1.4013432497052705,0.16111145382190395,0.22517112744051082,C1orf85
ENSG00000102900,6.20830702319795,-0.5516405646874016,0.39469604816520554,-1.3976338685217968,0.16222304240614505,0.2266602304190494,NUP93
ENSG00000085832,6.881563891825511,0.5543645328674447,0.39695768332488407,1.3965330717978153,0.1625540287360876,0.2270581288257915,EPS15
ENSG00000143774,182.04796212567726,-0.13913978467115054,0.09965874234543948,-1.3961623576270001,0.16266560926015672,0.2271494185576613,GUK1
ENSG00000153006,20.18797309891592,-0.35424427148907744,0.25389914823381576,-1.395216462730524,0.1629505740640812,0.22748270481559518,SREK1IP1
ENSG00000188021,18.111195959581323,0.28533142166081954,0.20487641865702844,1.3927001630113232,0.16371047930550164,0.22847864109833432,UBQLN2
ENSG00000004534,10.464495205146644,-0.421929407663509,0.3033492040426028,-1.3909032957418033,0.16425475329012573,0.22904309241421053,RBM6
ENSG00000121749,5.90536158102504,-0.5861179157660097,0.4213361073087333,-1.3910934894942029,0.1641970788736432,0.22904309241421053,TBC1D15
ENSG00000204472,241.2377135435828,0.18168589887275444,0.13061674970356596,1.3909846882967893,0.16423006991710565,0.22904309241421053,AIF1
ENSG00000099995,6.373179608264609,-0.5080500590951401,0.36554703768044744,-1.3898349780617438,0.16457899392872155,0.2294301208980816,SF3A1
ENSG00000116030,109.24186355776385,-0.15352882513900679,0.11052706062465693,-1.389060961825278,0.16481421332756752,0.22969286565276995,SUMO1
ENSG00000166562,18.20892356725929,0.38709745500019493,0.27913732373418126,1.3867635105967506,0.16551388717155857,0.23060256352737138,SEC11C
ENSG00000188529,10.765595191442419,-0.3689225963724102,0.2662864433133492,-1.3854351418794728,0.16591945169599442,0.2311020934337065,SRSF10
ENSG00000006831,8.270611305624179,-0.4375105478087886,0.31587611411565064,-1.3850700583476356,0.16603104627249987,0.2311919981249828,ADIPOR2
ENSG00000156639,24.936711110797724,0.28487540831119706,0.2058142542666967,1.3841383791719883,0.1663160872020768,0.2315233009946191,ZFAND3
ENSG00000262814,6.960574831328939,-0.46230743806853714,0.3342906195750595,-1.382950675242425,0.16667999052028204,0.23196416692627186,MRPL12
ENSG00000144840,9.803527670338521,0.4740718490124974,0.34324205182422524,1.3811589998747307,0.1672300780457474,0.23266381753023863,RABL3
ENSG00000168710,8.85772653820407,-0.43272850528983386,0.3134503879052116,-1.3805326839177252,0.16742269355273087,0.23286586926637973,AHCYL1
ENSG00000110917,23.292032720810916,-0.28006900286652997,0.20329002543297076,-1.377681970721554,0.16830150022139012,0.23395574882260567,MLEC
ENSG00000120709,7.32634925368299,0.47381055254553245,0.34388139754127334,1.3778312986199397,0.1682553802292791,0.23395574882260567,FAM53C
ENSG00000134851,74.06759269839583,0.16459278696384708,0.11949880757637672,1.3773592415024636,0.16840120770961875,0.23402814894939664,TMEM165
ENSG00000167118,9.338340101506429,-0.48364725053031127,0.3512903267239274,-1.37677360786083,0.16858225297777607,0.23421351177065075,URM1
ENSG00000137504,4.195762142986643,-0.5934944312439748,0.43127018672142786,-1.376154553496491,0.16877378884242422,0.2344133404103088,CREBZF
ENSG00000082701,13.580643032906483,0.3348765902583294,0.24352823203519744,1.375103771171505,0.16909927538906033,0.2347990503706817,GSK3B
ENSG00000124299,16.666100826833453,0.3171264334739678,0.23079398411146654,1.3740671564506866,0.16942083459923762,0.23517909074029764,PEPD
ENSG00000051108,134.49598284046877,0.2233564724818042,0.16277159472090424,1.372207926479934,0.1699987185710854,0.23578145725608626,HERPUD1
ENSG00000122359,52.1429060320701,-0.20162385981055927,0.14692913253129947,-1.372252434469444,0.1699848674035741,0.23578145725608626,ANXA11
ENSG00000125482,11.506997407853346,-0.3517549005528556,0.25631410934673476,-1.3723587103705286,0.16995179709331854,0.23578145725608626,TTF1
ENSG00000075292,10.550741533213042,-0.41540792087860645,0.3028447422998659,-1.3716860914404931,0.17016118004356262,0.23594019151638454,ZNF638
ENSG00000100221,8.397729442277694,-0.4202576890745294,0.3070655528930284,-1.3686253150672796,0.17111642665951254,0.23719777732153588,JOSD1
ENSG00000167815,10.484422183113002,-0.5133204546416407,0.3759013935558913,-1.3655720980063806,0.17207330918971042,0.23845692085680684,PRDX2
ENSG00000168040,9.369922919545203,0.4076199216491923,0.2986404428221456,1.3649186888326077,0.17227860762649982,0.2386741127365718,FADD
ENSG00000271605,13.934289436120796,-0.32358659436925624,0.2372117922442789,-1.3641252456624466,0.1725281504377406,0.23895246089375913,MILR1
ENSG00000198858,19.11709531338426,-0.2849146245810546,0.20894746726755042,-1.3635706060807653,0.17270274850544254,0.23912688254599734,R3HDM4
ENSG00000078804,6.055921232415763,-0.5160429482588925,0.37910380874720623,-1.3612180525545707,0.1734447908536546,0.24008667669150952,TP53INP2
ENSG00000166902,17.643389830467772,0.2961220894306061,0.21787769332685575,1.3591207291990635,0.17410833516469681,0.240937301886601,MRPL16
ENSG00000101361,6.7036350826351665,-0.5585192309749891,0.4113209899458477,-1.3578670785765654,0.1745058653746938,0.2414194319964092,NOP56
ENSG00000006015,5.075567873546865,-0.5937037227982929,0.4373114238164283,-1.3576222583371478,0.1745835764340793,0.2414589627348904,C19orf60
ENSG00000170584,6.733004351978172,-0.4960973195567888,0.36581074200400676,-1.3561584245422595,0.1750487670196712,0.242034226543237,NUDCD2
ENSG00000162384,7.845661743546546,-0.47660640434097273,0.351625017771887,-1.3554394034902435,0.1752776026454952,0.2422824583403554,C1orf123
ENSG00000185721,16.980294672992667,-0.3425122899131545,0.252789245546299,-1.3549322051773065,0.17543915777621177,0.24243757629704854,DRG1
ENSG00000125457,6.213102982705012,0.5518930343349414,0.40741664519769877,1.3546158234824586,0.17553998936784998,0.24250871738926474,MIF4GD
ENSG00000051128,13.24106438870366,-0.3223399312283454,0.23808058592983722,-1.3539110296180956,0.17576476423693743,0.24275099816197598,HOMER3
ENSG00000103479,5.6905714969503185,-0.5298118970658474,0.3916613378202662,-1.3527296312024004,0.17614202055726436,0.2432036777236294,RBL2
ENSG00000114520,12.47539502368677,-0.359481465655672,0.265929050586035,-1.3517946417041427,0.176441018750927,0.2435480803769818,SNX4
ENSG00000176209,13.583983546581807,0.3582275006446432,0.2650510920789145,1.351541311657705,0.17652209569737642,0.24359156929427345,SMIM19
ENSG00000183513,9.283021384608553,-0.40532890441231456,0.30010916816853317,-1.350604871173722,0.17682203957922848,0.24393697431003053,COA5
ENSG00000135241,21.794929124065337,0.28147501331297686,0.2084955219259057,1.3500290591996806,0.17700666183536895,0.2441231367552633,PNPLA8
ENSG00000172732,5.973359042995032,-0.4980876110846598,0.36953505854789487,-1.3478764722403287,0.1776981165485474,0.24500800918057294,MUS81
ENSG00000169371,7.240822182115003,-0.4311992561836423,0.3202996879168661,-1.3462368914188898,0.17822613106574836,0.2456670990342461,SNUPN
ENSG00000100106,9.234920660597568,-0.38841982523501495,0.28960861448455966,-1.3411887830972076,0.17985916728210327,0.2478485552507727,TRIOBP
ENSG00000176049,8.532069821060775,-0.4545990769154239,0.33899256940745015,-1.3410296211213444,0.17991083556460608,0.24785025118151785,JAKMIP2
ENSG00000196735,108.54539422852278,0.2020898400184627,0.1509733483914239,1.3385795716374433,0.18070758015909294,0.24887809666529784,HLA-DQA1
ENSG00000119929,6.294978649579621,-0.5753365252404979,0.43000648710333056,-1.3379717341386168,0.18090565112349455,0.24908107862730516,CUTC
ENSG00000260916,11.626246423263261,-0.41044717904512,0.30694862139416484,-1.3371852826080903,0.18116216470908297,0.2493643914230907,CCPG1
ENSG00000110066,8.826386775206739,-0.41025136088174063,0.3068388567326991,-1.3370254512424047,0.18121432922865088,0.24936634383354533,SUV420H1
ENSG00000186635,9.284463200115496,-0.45450758191633533,0.34046291890051683,-1.3349694098379692,0.18188635855711266,0.2502210430990066,ARAP1
ENSG00000144895,12.199089372458364,-0.353792182914515,0.26523118118342176,-1.3339011700507735,0.1822362480699774,0.2506322202675256,EIF2A
ENSG00000135845,14.007862906303075,0.36799222848527924,0.276640320325925,1.3302190658676492,0.18344610411750928,0.25222556117331857,PIGC
ENSG00000126062,10.701579501607181,-0.3786018400246485,0.2847349403114599,-1.3296641417119777,0.1836289544147941,0.2524063446137897,TMEM115
ENSG00000131779,6.613241311232571,-0.45030931718705014,0.338852934714872,-1.3289225827893838,0.18387351250438622,0.252601185475693,PEX11B
ENSG00000158019,5.342176566956958,0.5170550269802066,0.3890408879842055,1.329050603547867,0.18383127542929956,0.252601185475693,BRE
ENSG00000155111,5.8760724446023875,-0.47404377335904524,0.35762210990921073,-1.325543807902119,0.1849908495502195,0.25406512987416957,CDK19
ENSG00000168397,12.03128336164672,-0.3763609931867964,0.28401497720371316,-1.3251448810632511,0.18512310269843535,0.25417572692375284,ATG4B
ENSG00000172757,829.0166757105835,-0.08449842587951847,0.06389371212551806,-1.322484217437904,0.18600696142897066,0.25531793532457037,CFL1
ENSG00000139718,4.963732377129672,0.6820081468583633,0.5157636682205381,1.3223268502246261,0.18605933554301823,0.25531850736062317,SETD1B
ENSG00000171302,13.0660611064621,-0.32892470839800936,0.24880474763012392,-1.3220194209758116,0.18616168394775845,0.25538763677255305,CANT1
ENSG00000103274,14.761031731573134,-0.30862517167555076,0.233646542534315,-1.320906221542841,0.1865326350344766,0.2557537300668019,NUBP1
ENSG00000185803,12.962176401318686,-0.4684767227131011,0.3546313804136832,-1.3210244456275007,0.1864932133596452,0.2557537300668019,SLC52A2
ENSG00000111231,15.05615913839639,-0.36316612330524584,0.2749987046372663,-1.3206103053622589,0.1866313349109937,0.2558176791499646,GPN3
ENSG00000100219,81.85911613498112,0.21065074698550293,0.15978393855702128,1.3183474439787268,0.18738736558198676,0.25671076511566293,XBP1
ENSG00000135185,12.831176623073056,-0.31973819864027303,0.24250555245848843,-1.3184778467907663,0.1873437361961635,0.25671076511566293,TMEM243
ENSG00000146476,20.575976490157124,0.27926018273570336,0.21193514948194306,1.3176680858193202,0.18761478248190333,0.2569506803556502,C6orf211
ENSG00000168256,16.7909887610105,-0.2923011374360437,0.2222003440191332,-1.3154846304417704,0.18834707941363737,0.25773810867129326,NKIRAS2
ENSG00000176953,13.057285278986065,0.3349039146525645,0.2545712654730446,1.3155605524851588,0.18832158100937746,0.25773810867129326,NFATC2IP
ENSG00000180917,6.267201331493556,0.5031705769853079,0.38245931682285444,1.315618563472893,0.18830209974619472,0.25773810867129326,CMTR2
ENSG00000127603,8.94906345649623,-0.3906892410870987,0.29825042147427516,-1.3099369286919738,0.19021717308685715,0.26022471841559464,MACF1
ENSG00000099797,5.982065105799717,0.4723532189851702,0.3608207868723221,1.3091075574654027,0.19049791962720053,0.2605362585716848,TECR
ENSG00000054116,84.5695406955642,0.14686051356430574,0.112225882514042,1.308615359259306,0.19066467551432198,0.26069176835764557,TRAPPC3
ENSG00000174437,9.180854006839894,-0.38273536624908605,0.292810988144904,-1.3071072526133511,0.19117628846481916,0.2613185762214524,ATP2A2
ENSG00000198162,7.468372858255339,-0.42148394275443285,0.32256041574862326,-1.3066821661183075,0.19132067795309982,0.2614432178702815,MAN1A2
ENSG00000105193,761.4478867523749,0.07591679831296291,0.058134674593714845,1.3058780984588252,0.19159401569861845,0.2617439513881043,RPS16
ENSG00000173575,36.43964784427952,0.22366392550858233,0.17206040899631606,1.2999151101249047,0.19363006569340468,0.2644519574256228,CHD2
ENSG00000115977,5.292453445033294,0.5499862690994907,0.4233886898020794,1.299010300337951,0.19394039429808207,0.26480219438198815,AAK1
ENSG00000111229,697.7288165793973,0.07600768579546614,0.058534203378937014,1.2985174719712131,0.19410957642542837,0.2649595718207097,ARPC3
ENSG00000136045,6.538743187321102,-0.4454935653865402,0.3434538909018588,-1.2970986126165012,0.19459725883986345,0.26555149401252126,PWP1
ENSG00000172586,21.45156811166325,-0.2721113883554852,0.21022983718418833,-1.294351896001711,0.19554389840387254,0.2667692162011742,CHCHD1
ENSG00000105755,34.08871952511995,-0.2365173117202629,0.18281972483459333,-1.2937187818997793,0.19576257536797748,0.266993420859906,ETHE1
ENSG00000213639,28.47170333481181,-0.23492290513678957,0.18172253082290946,-1.2927560719794533,0.19609543780198124,0.26737319127606435,PPP1CB
ENSG00000136295,6.8273055453840605,-0.4838628318689251,0.3747047094657751,-1.2913177220504624,0.19659352785315642,0.2679779738891569,TTYH3
ENSG00000130175,9.035303398385203,-0.38925959541956967,0.3018447613445109,-1.2896019585885334,0.19718889535025674,0.2686404856532192,PRKCSH
ENSG00000172831,6.380329074983927,-0.4684433317850001,0.36322763510919925,-1.2896687545378236,0.19716569258623695,0.2686404856532192,CES2
ENSG00000139613,6.3848951405527785,-0.43689937959962244,0.3390006024045803,-1.288786440202855,0.1974723413961974,0.26895207472863475,SMARCC2
ENSG00000130826,9.415960534276454,-0.41411168055056957,0.3214273250493786,-1.2883524463483387,0.19762330419204865,0.26908310246598144,DKC1
ENSG00000151651,56.57418175031712,-0.18133383890766092,0.14083307046794186,-1.2875799576416842,0.19789221979439364,0.26937461719380895,ADAM8
ENSG00000170889,1322.7232977657109,-0.06855897074652909,0.05326234472341862,-1.2871940036163068,0.1980266767734582,0.26948299353773847,RPS9
ENSG00000105669,225.25335595779265,0.09831574277806078,0.0765701240265977,1.2839961280970296,0.19914331018712206,0.27092752664992187,COPE
ENSG00000138942,10.028898277874442,0.3942473465809206,0.3071904793861096,1.2833970224884106,0.19935301651202397,0.2711377589648729,RNF185
ENSG00000162972,10.366567546000253,0.4974899887255603,0.38843723231524874,1.2807474344318421,0.2002823927903662,0.27232641897395116,C2orf47
ENSG00000122033,24.329028288192827,-0.2623861055915833,0.20526398259882958,-1.278286147767063,0.20114855025813672,0.27342848574508544,MTIF3
ENSG00000171988,21.554231588531138,0.32791053580615587,0.25662748635945204,1.2777685681995083,0.20133104018159975,0.2736008659989992,JMJD1C
ENSG00000179950,34.46540422730137,-0.2452462572605034,0.19218759193339952,-1.2760774761436773,0.20192813283896882,0.2743364237685078,PUF60
ENSG00000138107,27.083409748406723,-0.26077733880099585,0.20481210620407367,-1.2732515847532897,0.20292878092277877,0.27561968752198307,ACTR1A
ENSG00000088448,12.422193137328748,0.31267319082631984,0.24562794325982046,1.2729544801650692,0.2030341951077912,0.27567013987781264,ANKRD10
ENSG00000136280,16.26603749005381,0.31376682425859315,0.24651104383904032,1.2728306990719147,0.20307812502191325,0.27567013987781264,CCM2
ENSG00000102753,8.608287265053882,0.3834914417899497,0.3015824407284614,1.2715973810134307,0.2035162077763456,0.2761885238920084,KPNA3
ENSG00000117151,23.074826543307438,0.2507709819135187,0.1975057620653691,1.269689447493285,0.20419527315267827,0.27703356495644976,CTBS
ENSG00000167543,10.851186409634124,-0.4039704410395427,0.3183852225008496,-1.2688102728714574,0.20450874031238098,0.2773822660488656,TP53I13
ENSG00000213614,14.343550007368602,0.31019470857331194,0.24455612299610252,1.2683988639215362,0.2046555471375311,0.27750478990999666,HEXA
ENSG00000077454,18.08227293433181,0.2875284118046017,0.2269695595536025,1.2668148643813941,0.205221495822692,0.27819542909591954,LRCH4
ENSG00000115520,27.292116497747635,0.22153538017415744,0.17503499069546002,1.2656633927532956,0.20563361970740712,0.278677222074517,COQ10B
ENSG00000117280,8.017779607740565,0.4446965745875864,0.35163804074269456,1.2646429653866316,0.20599934379702634,0.27909588514435824,RAB7L1
ENSG00000151923,21.356894017258192,-0.256335428761829,0.20276421646433776,-1.2642044697611297,0.20615664694447644,0.2792320184909474,TIAL1
ENSG00000158669,7.2539946338556,-0.44698359199386944,0.3537531235907145,-1.2635467001869383,0.20639277460419203,0.2794748124565995,AGPAT6
ENSG00000131368,4.50683323461205,-0.5574759762173807,0.44149991098563923,-1.2626864974283398,0.20670186847565175,0.2798162483992707,MRPS25
ENSG00000100299,7.623099851627664,0.4199539163368504,0.33281000633413,1.2618428182571857,0.20700535127211928,0.2800748960445508,ARSA
ENSG00000140632,10.393424262439781,0.3609991194491404,0.28608980773944775,1.2618384496168953,0.20700692357220363,0.2800748960445508,GLYR1
ENSG00000165916,61.38157553570288,-0.1888384650619592,0.1497427960874939,-1.2610854745334252,0.20727805336813987,0.2803645346135534,PSMC3
ENSG00000160712,19.990394521775922,0.28056991198706577,0.22292255036324873,1.25859816124426,0.20817551152936542,0.28150095312473905,IL6R
ENSG00000125991,44.478858200326314,-0.22216333467947488,0.17660313832939795,-1.2579806722635847,0.2083987462444058,0.2817252927221486,ERGIC3
ENSG00000132842,11.341750788625609,-0.3271345516317892,0.2602571499263741,-1.2569666259863927,0.2087657207962046,0.28213337528824356,AP3B1
ENSG00000170540,97.52037682924856,0.14540478015437322,0.11569174638274166,1.2568293305326403,0.20881544280084285,0.28213337528824356,ARL6IP1
ENSG00000197070,8.809400777555295,0.38264646426455445,0.30528224283869476,1.2534186748186904,0.21005337865577856,0.28372795566643644,ARRDC1
ENSG00000188786,20.704371138691652,-0.2675115251387256,0.2136634714598021,-1.252022740766216,0.21056157767936756,0.2843362442199539,MTF1
ENSG00000112339,5.675917358042825,-0.5515372908327226,0.4407616042629135,-1.2513278958475966,0.2108148719124272,0.28460007708177676,HBS1L
ENSG00000124313,12.150135877252323,-0.41740471946813035,0.33369766019917513,-1.2508470068953819,0.21099030103865568,0.2847586759966916,IQSEC2
ENSG00000144591,9.432979117969513,0.417707497156263,0.33415175321837953,1.250053286068731,0.21128008267853826,0.285071478935293,GMPPA
ENSG00000121058,5.8726911679389815,-0.5824689067500854,0.4661357484040299,-1.2495692697767993,0.21145693465734983,0.2852317806495243,COIL
ENSG00000168906,10.064281266809697,-0.3626192213526141,0.2903660346982193,-1.2488348429921852,0.21172548706486516,0.28551565407155527,MAT2A
ENSG00000197323,7.266527422697711,0.4333164013766347,0.34737350961707486,1.2474077308148754,0.21224803334077702,0.28614179309645493,TRIM33
ENSG00000120616,33.677715590472644,0.2254511787845227,0.18092091428603266,1.2461311047106942,0.21271626712741798,0.286674956844555,EPC1
ENSG00000132603,7.174525023499616,-0.49259679175078436,0.3953388941040321,-1.246011457757453,0.21276018876924951,0.286674956844555,NIP7
ENSG00000184277,35.69950742107969,0.20306070544516266,0.1632619522340045,1.2437723711285427,0.21358335168089004,0.28770520563593577,TM2D3
ENSG00000137309,154.2491670726782,-0.11096634951970366,0.08935335476838947,-1.2418822976186699,0.21427999241950435,0.2885645060974087,HMGA1
ENSG00000119185,50.23839844637518,0.19964367475314654,0.16085136882008283,1.241168640451261,0.21454345691133747,0.2888401499348801,ITGB1BP1
ENSG00000156265,21.097688376733707,0.2947014741771464,0.23753077577357198,1.240687541298113,0.2147211985055575,0.2890002655317199,MAP3K7CL
ENSG00000178381,24.777690923497104,0.2894762674967316,0.23388658989344954,1.2376779174411272,0.21583551035344484,0.2904205087285947,ZFAND2A
ENSG00000132406,7.4935635458369685,0.4051725430818552,0.32743121271202136,1.237427976783044,0.2159282377085905,0.2904657432521253,TMEM128
ENSG00000136238,728.177818460546,0.08636687768263449,0.06987237009865446,1.236066238495861,0.21643394311505082,0.2909071106311159,RAC1
ENSG00000148719,18.807077519981625,-0.2750342641609397,0.22249262808852133,-1.2361500087612523,0.21640280897035524,0.2909071106311159,DNAJB12
ENSG00000169193,5.523809769428464,-0.5065950504258102,0.40977932084221064,-1.2362630924972404,0.21636078526381586,0.2909071106311159,CCDC126
ENSG00000126005,56.371081877150345,-0.16793601560354607,0.13596904475868776,-1.2351047688949492,0.21679151479571257,0.2913080403899731,MMP24-AS1
ENSG00000068724,8.306743131463316,0.43977730325901365,0.35628998487816754,1.2343240672605333,0.21708217120928786,0.291618859847578,TTC7A
ENSG00000151893,12.159650922861216,0.3046462757253053,0.24713173721908788,1.2327282572178475,0.21767716564650585,0.29233823230033606,CACUL1
ENSG00000213654,195.2839223123111,0.11233910632084974,0.09115734353924328,1.2323648535511318,0.217812823697769,0.2924404960794636,GPSM3
ENSG00000159023,6.341278978074575,-0.4180731915848363,0.33983349972330623,-1.2302294856900016,0.21861118128115675,0.2934322165571167,EPB41
ENSG00000108349,6.53217396231806,-0.468165226401336,0.3807734455313778,-1.2295112274649327,0.21888019093334898,0.2937130688821619,CASC3
ENSG00000106105,17.845007836952547,-0.26925895308663467,0.21903976442504974,-1.22926973462286,0.21897069076625475,0.2937542927724204,GARS
ENSG00000148672,14.47752674525222,0.27974507432792467,0.22778643367116858,1.2281024370914178,0.21940851628912383,0.29426131251221466,GLUD1
ENSG00000124596,8.614408506020567,0.3818905017369759,0.3120743512717881,1.223716400212539,0.22105923067826516,0.29639428637189497,OARD1
ENSG00000108861,14.777915016633902,-0.32132090793738394,0.26268005381722115,-1.2232406049412738,0.2212388332523768,0.29655418074254764,DUSP3
ENSG00000117118,51.80220707056522,-0.15850039123043347,0.129684246483803,-1.2222023532382515,0.22163111419939818,0.29699898968525845,SDHB
ENSG00000013441,14.703189046990548,0.34599600607699854,0.2833327084855995,1.2211650674796126,0.22202352759253308,0.2974437335304546,CLK1
ENSG00000060762,23.62113105119444,0.25553157720951397,0.20946171769785005,1.2199440547800722,0.22248608368676404,0.29798217913239533,MPC1
ENSG00000104205,26.277666087362736,-0.2374238942359528,0.1948867627614847,-1.218265883591734,0.2231229502409542,0.29875372683489065,SGK3
ENSG00000178695,19.314767819021732,0.24910018447247156,0.20498533521786388,1.215209781752052,0.22428609059946514,0.3002293242184069,KCTD12
ENSG00000120725,9.778593797666502,0.35974696217488966,0.2961826417645973,1.214611903086517,0.22451414684964743,0.3004527553429105,SIL1
ENSG00000204977,9.106453409986823,-0.35944654028647366,0.2960126525978719,-1.2142945145482533,0.2246352795991149,0.30053301496053647,TRIM13
ENSG00000267216,11.878203109327867,-0.3526184091114751,0.29066698351317105,-1.2131354061941362,0.22507805515668766,0.3010434303320531,AC010642.1
ENSG00000180992,41.315471380197245,-0.22492157517915762,0.1854852355273356,-1.2126117452944665,0.22527829619534456,0.3012292646269179,MRPL14
ENSG00000054118,42.13256211415805,0.17530220326205043,0.14459723548044512,1.2123482352866817,0.22537910705986386,0.30126927926811925,THRAP3
ENSG00000171161,7.791384507047813,0.3656272786819208,0.30161965302475385,1.2122130471780426,0.22543083839415434,0.30126927926811925,ZNF672
ENSG00000176407,9.520605733449429,0.3703494445057901,0.3055667473300933,1.2120083344858015,0.22550919027542404,0.30129205030272804,KCMF1
ENSG00000100092,20.358842809995203,0.2510615636380126,0.20722679410660125,1.2115304139138587,0.22569218561667803,0.3014545800816406,SH3BP1
ENSG00000138172,7.051421584439414,-0.4255017039646465,0.3517122215832091,-1.2098007343881285,0.2263553643683961,0.30225822296366806,CALHM2
ENSG00000058272,49.55061432224747,0.16752687554714324,0.13865684015121718,1.208212125448992,0.22696567890212993,0.30299085740968934,PPP1R12A
ENSG00000112137,30.14592575497728,-0.22385398384862504,0.1857396277434283,-1.2052031468365278,0.22812488787160767,0.3044556488324498,PHACTR1
ENSG00000163344,8.73615554241173,-0.4243230107612181,0.3522405929031938,-1.2046397244108507,0.2283424143274424,0.3046632158580103,PMVK
ENSG00000125944,36.120975894488254,-0.20103490730520823,0.16719844540342216,-1.2023730652527558,0.22921901995878413,0.3057498002381827,HNRNPR
ENSG00000113580,28.88427515360733,0.24493792370259768,0.2037444871861958,1.2021818459252664,0.2292930813372862,0.30576559068966747,NR3C1
ENSG00000003056,93.36888669424712,-0.14682778722151335,0.12219033142742403,-1.201631794482225,0.2295062173368131,0.3058008546619034,M6PR
ENSG00000124731,80.21228960928991,0.24303941579908006,0.20225456508721287,1.2016510761785801,0.22949874360948008,0.3058008546619034,TREM1
ENSG00000182247,21.804465893393218,-0.2572092286431987,0.21400224021017003,-1.2018997015666535,0.22940239009176977,0.3058008546619034,UBE2E2
ENSG00000185236,23.481602727594684,-0.27841926603993944,0.23193465455362877,-1.200421155587003,0.22997581668914902,0.30634349775290814,RAB11B
ENSG00000171940,6.984157571033812,-0.41821521203388295,0.3488632312012962,-1.1987941824473047,0.23060798521535075,0.3071023412867842,ZNF217
ENSG00000101493,7.706166436565459,0.3946746257290746,0.3297673668514694,1.1968274165431294,0.23137382972677178,0.3080387426923209,ZNF516
ENSG00000150316,44.53963090983626,0.20649759419821842,0.17260462411355948,1.1963618892525163,0.2315553668177861,0.30819693189127867,CWC15
ENSG00000153922,35.846862074080754,0.1966954775859962,0.1644989851976594,1.1957245654108444,0.23180406172323564,0.3084443973214135,CHD1
ENSG00000254635,5.405205423202766,-0.49150262856130034,0.4124855679440469,-1.1915632127715363,0.23343255670133722,0.31052722891997053,WAC-AS1
ENSG00000257103,29.111201944519838,-0.21988982615554925,0.1847170677362517,-1.1904142310742987,0.23388362237686966,0.3110430636968708,LSM14A
ENSG00000102931,8.909304401705498,-0.37806821627158094,0.3177773347785423,-1.189726814642256,0.23415378254532693,0.3113180972477642,ARL2BP
ENSG00000144711,6.452758482045626,-0.4252195711145914,0.3575955456367616,-1.1891075722361513,0.2343973390162798,0.3115576207535837,IQSEC1
ENSG00000028277,9.009262669656529,-0.3837853291703241,0.3228653725511892,-1.1886853214941044,0.23456351885750415,0.3116941946094579,POU2F2
ENSG00000188229,36.95608181376284,-0.19251352689732837,0.1622044608740968,-1.1868571669354857,0.2352839650554096,0.31256701927069014,TUBB4B
ENSG00000129255,9.841044242735334,-0.3516787547908054,0.29639960284591566,-1.1865021120612864,0.23542406789463433,0.31266861341465757,MPDU1
ENSG00000105821,26.749015283189266,-0.2957276301382927,0.24948786041302434,-1.185338756157189,0.23588353583120059,0.31319418942840305,DNAJC2
ENSG00000197555,15.778271013553262,0.2790537346838865,0.23557182051830156,1.1845802866824933,0.23618343510882034,0.31350767156259945,SIPA1L1
ENSG00000115524,33.73407520661185,-0.18794781675658295,0.1587095270493747,-1.1842251706673677,0.23632394083966668,0.3136094640254178,SF3B1
ENSG00000141867,17.795853039715816,-0.32333410243120675,0.27307540973629774,-1.184046936864226,0.236394483366128,0.31361838316985774,BRD4
ENSG00000153975,6.894005317298462,0.387464649362223,0.3276812172717222,1.1824438781943571,0.23702962155466212,0.31437612964092027,ZUFSP
ENSG00000111275,60.83081519484332,0.18647703371980157,0.15778247026775483,1.181861542688186,0.23726064354223497,0.31459762611077785,ALDH2
ENSG00000143575,42.769014749595684,0.1978604452583654,0.16751877887197736,1.181123970641978,0.23755347870389665,0.31490094263581014,HAX1
ENSG00000074266,9.173357367663657,0.3427518105112088,0.29054134532639614,1.1797006382212454,0.23811929997489645,0.31548078729486145,EED
ENSG00000134597,12.528182261628398,-0.3065871599353157,0.2598700769569688,-1.179770920628475,0.23809133810178873,0.31548078729486145,RBMX2
ENSG00000131469,392.72759580169776,-0.08205194060466142,0.06960632980202734,-1.1787999861224057,0.23847782987732635,0.3158706350450624,RPL27
ENSG00000088832,145.20266446690005,-0.11762269772906804,0.09986670619389298,-1.1777969076170538,0.23887758177710872,0.3163148576806015,FKBP1A
ENSG00000188419,6.861087381791915,-0.5011440405186709,0.4258190848288216,-1.1768942688891688,0.23923770985383985,0.31670638637439896,CHM
ENSG00000167508,5.06213982853615,-0.46525680894298627,0.3957021425096439,-1.1757753091560457,0.23968467544858907,0.31721262999040306,MVD
ENSG00000079215,6.740842745186351,0.40157639668248213,0.3418591698978564,1.1746837061661048,0.24012128049230874,0.3177048929292421,SLC1A3
ENSG00000128463,34.97117610100778,-0.19994260612163894,0.17035161023130338,-1.1737054075987712,0.24051304352194758,0.3181375762764066,EMC4
ENSG00000001084,8.398893789985305,0.5646908305027055,0.4813960222279521,1.1730276205633279,0.24078472960624697,0.3184112382360327,GCLC
ENSG00000086758,4.75629181760943,-0.48903706606252634,0.41754795373474307,-1.1712117415217855,0.2415136768600714,0.31925051081823813,HUWE1
ENSG00000104093,26.67048764719126,0.21636719164302248,0.1847518887610264,1.1711230293449935,0.24154932829104792,0.31925051081823813,DMXL2
ENSG00000117592,67.61999539813797,0.14189273497423888,0.1211789314583585,1.1709356838403744,0.24162463041201387,0.31926295747570366,PRDX6
ENSG00000239900,12.352435080235551,-0.2863385802441145,0.24457154418916474,-1.170776351735527,0.2416886857569429,0.31926295747570366,ADSL
ENSG00000196507,9.96924822670805,0.34749153816739226,0.2980830573018255,1.165754073085536,0.2437138908431833,0.3218516687996245,TCEAL3
ENSG00000137996,19.665922643117177,0.26582558007643065,0.2281894488461304,1.1649337049570532,0.24404582898915528,0.3220599386122263,RTCA
ENSG00000156304,5.931770109574621,-0.43988610478749524,0.3776240529315372,-1.1648784058446775,0.2440682155864735,0.3220599386122263,SCAF4
ENSG00000168488,8.822319832790363,-0.3652395888506527,0.31347684207858084,-1.1651246274807638,0.2439685493995376,0.3220599386122263,ATXN2L
ENSG00000204569,21.67145250901495,-0.2550558726503426,0.21943362893045626,-1.16233721282154,0.24509851642984548,0.32333264690906327,PPP1R10
ENSG00000171634,10.801046567432772,-0.31255224734623877,0.2689953638050864,-1.1619242909060457,0.2452662192048488,0.3234670427194383,BPTF
ENSG00000180011,7.921398464305429,-0.3909501320763085,0.3365649583075042,-1.1615889367755123,0.2454024780723011,0.32355990803522605,ZADH2
ENSG00000145216,14.78979986462277,-0.2989955002654372,0.2577676722141845,-1.159941809991579,0.24607249854388713,0.32435629234030616,FIP1L1
ENSG00000028116,116.72637968596727,0.1414164991271453,0.12203595977427892,1.158810070316267,0.24653361177982147,0.32487695582892,VRK2
ENSG00000132155,13.025152396880243,-0.31239973740980254,0.2697018574625304,-1.1583151126543658,0.2467354662996476,0.3250557858971765,RAF1
ENSG00000146232,45.017174422138226,0.17909152824199617,0.15473508828663665,1.1574073484240421,0.2471059731859625,0.3254566476107799,NFKBIE
ENSG00000138081,7.398356207098909,0.3726961302012798,0.3221759451937533,1.1568093017532521,0.24735028066943865,0.3256911251901451,FBXO11
ENSG00000089289,39.339224581337504,-0.18376146535368343,0.15908654894972865,-1.1551037254051697,0.24804795284096226,0.3265222717011756,IGBP1
ENSG00000204899,8.673491707622993,-0.42622269461356804,0.369119080346805,-1.1547024180194407,0.2482123090006808,0.3266511211647953,MZT1
ENSG00000122218,17.263967325869448,-0.26861923700235685,0.23276077939485823,-1.1540571298168232,0.24847674767377914,0.3268240733589269,COPA
ENSG00000172500,44.98760228705237,0.16824231096281994,0.14577847093363822,1.1540957309080833,0.2484609234329992,0.3268240733589269,FIBP
ENSG00000154719,10.250767047528377,0.3676773562239693,0.31878054785226706,1.1533870516916311,0.24875155373928803,0.32709797566894877,MRPL39
ENSG00000099331,25.903526632960524,-0.22746851844258484,0.19725694044946387,-1.153158504457596,0.24884533194684688,0.3271337509863044,MYO9B
ENSG00000050130,12.626269750208692,0.3194078999511874,0.277181319893988,1.152342806049663,0.24918023339649886,0.32748640462968587,JKAMP
ENSG00000197601,12.983974113160219,-0.29780620254495427,0.25866370721510484,-1.1513258112290894,0.24959822227568118,0.3279480385729137,FAR1
ENSG00000168884,50.745071155251196,0.16447910295030485,0.14290120554710212,1.150998707957648,0.24973276708666137,0.3280371070472745,TNIP2
ENSG00000169019,38.51866462862969,-0.18278370690855433,0.1588747525645177,-1.1504893254472726,0.24994238826374637,0.32817643976536776,COMMD8
ENSG00000198931,40.058890521373854,-0.17053472814811665,0.14823739300900335,-1.1504164009263105,0.24997240822990874,0.32817643976536776,APRT
ENSG00000187555,6.0519859274653705,-0.43910429086541797,0.3819723851748231,-1.14957077502984,0.2503207008851922,0.32854591991181475,USP7
ENSG00000196821,12.588189185781616,-0.3113432948431373,0.271469689554593,-1.1468805057167373,0.2514310105878065,0.32991508305166384,C6orf106
ENSG00000168476,12.17136018469873,-0.3077782044916429,0.26840578977352897,-1.146689886054004,0.251509811979144,0.3299303833597207,REEP4
ENSG00000089220,11.814990023131307,0.3159919671277187,0.2761783075082333,1.1441592570346915,0.25255759644472164,0.3312164475391946,PEBP1
ENSG00000136997,14.722711273354241,-0.3523030777816214,0.3080911884253472,-1.1435026090237794,0.25282997209320235,0.33148518753094885,MYC
ENSG00000090520,71.63744085130291,-0.1614521982346465,0.14121592840416713,-1.1433001932513032,0.25291397480884914,0.3315068744226953,DNAJB11
ENSG00000140365,7.577903228376076,-0.38817648032179564,0.3399195266414329,-1.1419658180780743,0.25346822822024173,0.33214476625980477,COMMD4
ENSG00000171298,9.067641552957964,0.33214448390175216,0.2911840514442531,1.1406685299360941,0.25400788726563894,0.332763198619928,GAA
ENSG00000131408,45.31736682601386,0.17075336611522224,0.14979845984575188,1.1398873278874009,0.25433324509787125,0.33310063070654033,NR1H2
ENSG00000113194,8.324184164874893,-0.3544696717375694,0.3120809504103833,-1.1358260453624143,0.2560293743540498,0.3352327059887559,FAF2
ENSG00000100258,13.935973447479505,0.28514761778048303,0.25181769614863997,1.1323573447839403,0.25748423025004297,0.33704781764749897,LMF2
ENSG00000176783,11.171630036943757,-0.30451249678034764,0.26898148565206015,-1.1320946348487662,0.2575946502545423,0.3371025596140668,RUFY1
ENSG00000114784,77.4756547170002,0.18427666479175608,0.16325127994618843,1.1287915467033285,0.2589857794879742,0.33883283290838795,EIF1B
ENSG00000142192,11.981491264187728,0.34049234789584354,0.30186459673511845,1.1279638340451708,0.25933519318973086,0.33919966444885213,APP
ENSG00000163938,7.66050150036911,-0.36547022734817,0.3243005171001632,-1.126949258718854,0.2597639350155705,0.3396700310448412,GNL3
ENSG00000123975,15.236796403556879,-0.27449494623167014,0.243654972172153,-1.126572315699461,0.2599233495185428,0.33969769668460614,CKS2
ENSG00000160613,9.586356516490216,-0.37942140852213474,0.3367466481627811,-1.1267266076505233,0.2598580890979074,0.33969769668460614,PCSK7
ENSG00000100934,6.320237416230611,0.38284306716455185,0.3410560556103512,1.122522414913346,0.26164038255639055,0.3418507949699822,SEC23A
ENSG00000132950,9.49173250442971,0.33366095365006726,0.2973494128853196,1.12211741201168,0.2618125214869774,0.34198477687054946,ZMYM5
ENSG00000163466,1063.4683459302494,-0.06840259943336839,0.06100079898197471,-1.121339401695064,0.2621434198040551,0.342326007153103,ARPC2
ENSG00000100442,20.214965051307743,0.22531359486772373,0.20121705678689933,1.1197539535942227,0.2628186263280554,0.34311655945166425,FKBP3
ENSG00000058673,10.212980779935643,0.32778120278170025,0.2935812970134265,1.1164921134833383,0.2642115441319708,0.3448381154665407,ZC3H11A
ENSG00000214413,13.34471069640983,0.33100781939200946,0.2965122856822159,1.116337620312852,0.26427764404700693,0.3448381154665407,BBIP1
ENSG00000178028,7.126472118623049,-0.3800364129116033,0.3406082525737061,-1.1157580887719833,0.2645256982624683,0.34507015695826104,DMAP1
ENSG00000135218,77.04658226282544,0.2363879639145956,0.21203666604661828,1.1148447498350285,0.2649169562174737,0.34539984953837355,CD36
ENSG00000185963,4.22319964678814,-0.6665212324985017,0.5978627091304475,-1.1148399495728938,0.26491901361622505,0.34539984953837355,BICD2
ENSG00000198625,6.103309440281921,-0.43162741876106764,0.3872644028833609,-1.1145548507619183,0.2650412270931629,0.3454675304869503,MDM4
ENSG00000068912,14.338306074905223,0.2752384531860453,0.24707772332299788,1.1139751875818997,0.26528983142280205,0.34569987579200456,ERLEC1
ENSG00000117448,75.65769037018742,0.14021045434723634,0.1258946197441529,1.1137128388185018,0.26540239961397083,0.3457548758491656,AKR1A1
ENSG00000129534,6.598176395706054,-0.3619922308415386,0.3259386011230113,-1.1106147893937866,0.2667341940900977,0.3473977815422052,MIS18BP1
ENSG00000177200,15.642034629894738,0.25698617560915366,0.23156058716141703,1.1098010190741694,0.2670847800837419,0.3477622176289104,CHD9
ENSG00000177410,111.44461142818979,0.15714676213241585,0.14167094890200518,1.1092377325792842,0.2673276389308238,0.3479862298559121,ZFAS1
ENSG00000103018,11.314311419298951,-0.3202185101637262,0.28887215799844246,-1.1085128881318247,0.2676403762186337,0.34830106163621977,CYB5B
ENSG00000162702,7.000537631330818,-0.3848963334432725,0.3486097616459446,-1.104089373820178,0.26955437031199636,0.3506990139563543,ZNF281
ENSG00000102032,26.7764658700492,-0.2606703116149712,0.23615800486036498,-1.1037962137641695,0.26968154765681407,0.35077160539586666,RENBP
ENSG00000160953,8.180598521208312,-0.35764678816321016,0.32433449054355307,-1.1027096981385758,0.27015325383919964,0.35129216442599287,MUM1
ENSG00000139083,30.89711920092017,0.19583688427875845,0.17773282332788337,1.1018611003409118,0.2705220623028669,0.351678680993727,ETV6
ENSG00000121851,23.920052372556125,0.24249956468633274,0.22011977207181627,1.1016709785035341,0.27060473831994125,0.35169311930817015,POLR3GL
ENSG00000138668,18.332674034661956,-0.24547671416796035,0.22290151999815938,-1.1012787807368358,0.27077534340012666,0.35182179732105295,HNRNPD
ENSG00000124783,31.21982492990662,-0.20821933861730432,0.18922718814375286,-1.1003669222158678,0.2711722845477954,0.3522444108558992,SSR1
ENSG00000136021,10.602838710481326,0.2907784323009637,0.2647819020851387,1.0981809179974316,0.27212549690744614,0.353389189165748,SCYL2
ENSG00000086504,63.21126561816837,-0.13239061934284327,0.12064252043349635,-1.0973794220075417,0.27247556509979953,0.35375031093802245,MRPL28
ENSG00000179119,9.237838882726562,-0.346616867105615,0.31650514427886506,-1.095138178228848,0.2734561049232521,0.3549295561523668,SPTY2D1
ENSG00000137714,34.17460004467764,-0.21255475085409925,0.19414339190097366,-1.094833817277266,0.27358944806492624,0.35500885867204846,FDX1
ENSG00000138185,7.9840592965321875,0.34731925879396963,0.3173768885702347,1.0943432597081144,0.27380445907908524,0.3551940633354342,ENTPD1
ENSG00000179820,14.087531716926733,0.258696562730544,0.23669994646459241,1.0929303812463769,0.2744243678234851,0.3559042870109807,MYADM
ENSG00000175582,20.0583792587419,-0.23906829486235,0.21914860714770484,-1.0908957988549726,0.27531873593310763,0.35696999165574955,RAB6A
ENSG00000066777,4.634368300394197,-0.4931417068182086,0.4529047216551996,-1.0888420527301144,0.27622354353377154,0.35804866603137786,ARFGEF1
ENSG00000095209,17.461121413457164,0.25428847314801367,0.2336433656992632,1.0883616249362034,0.2764354952747107,0.3582289092246646,TMEM38B
ENSG00000109390,34.094095580257346,0.2050663133024363,0.18853776828174829,1.0876670238081316,0.27674213049402374,0.35853172403048583,NDUFC1
ENSG00000166200,5.932668770955816,-0.41202450332208734,0.378915906420776,-1.0873771629543183,0.27687015958221495,0.35860304801976917,COPS2
ENSG00000103876,6.554468865768646,-0.3886846512908591,0.35781811579405304,-1.0862631994702352,0.2773625634476281,0.35914614934957695,FAH
ENSG00000178951,12.305368184891023,-0.408886282047985,0.376843814317869,-1.0850285091931695,0.27790902864782363,0.35975894804410047,ZBTB7A
ENSG00000198961,20.42501418423632,0.2646061022017346,0.24395882818360207,1.0846342564106493,0.2780836764465954,0.359890225456563,PJA2
ENSG00000115866,6.524369369867989,-0.4088641626368832,0.3772903103616367,-1.083685828679201,0.27850412105761013,0.36033945520723965,DARS
ENSG00000132612,12.260532715052367,-0.26898297884486205,0.24829756001008224,-1.083308989560509,0.2786712964785839,0.3604608451949885,VPS4A
ENSG00000168958,9.742714251540349,-0.3029345412486766,0.27977532521657145,-1.082777907644921,0.27890701381723193,0.36067080681523095,MFF
ENSG00000076944,188.60193223616005,-0.13199860106992634,0.12201178885332424,-1.0818512072518476,0.27931864862428013,0.36110808717172127,STXBP2
ENSG00000107742,7.033058700743827,-0.38003057877871016,0.35179709593432834,-1.0802550196424938,0.280028633784726,0.3619307486633728,SPOCK2
ENSG00000088854,6.5569769625668375,-0.36607513177165596,0.3393329900876671,-1.0788079628717504,0.280673344363329,0.36266863376318664,C20orf194
ENSG00000181904,7.454542384770365,-0.37240399487773757,0.3452924517808734,-1.078517624573124,0.2808028207764811,0.36274055239106945,C5orf24
ENSG00000160551,11.107659118915695,-0.2894851841340361,0.26865615568288137,-1.077530434388189,0.2812433617516127,0.36321416022271347,TAOK1
ENSG00000127528,8.31764645450317,-0.33928457295240255,0.3151165757549109,-1.0766954170519067,0.28161636048029604,0.36360031408307275,KLF2
ENSG00000168887,8.290280114097557,-0.3553844151137707,0.3304772763409897,-1.07536717516118,0.282210371840403,0.36427154379399534,C2orf68
ENSG00000140983,7.311294348049359,-0.3528492180533992,0.3281755151886744,-1.075184472097315,0.28229214604382624,0.36428140904920225,RHOT2
ENSG00000171314,10.304099726788554,-0.2918488744876757,0.27165921262825893,-1.0743198129159142,0.2826793679724433,0.3646795003324295,PGAM1
ENSG00000204713,8.02975587411144,-0.35364419454919044,0.32922729265507517,-1.074164270213455,0.28274906313930737,0.3646795003324295,TRIM27
ENSG00000118960,9.075799891086476,0.31337247656570744,0.2923037008380289,1.0720783748795337,0.28368483101268593,0.3657097338182556,HS1BP3
ENSG00000124380,16.01572588296647,-0.24460006956341412,0.228239572222763,-1.071681247827976,0.2838632262890367,0.3657097338182556,SNRNP27
ENSG00000155330,9.936529238919066,0.3250948274892925,0.3033860365879121,1.0715550100641824,0.2839199500440873,0.3657097338182556,C16orf87
ENSG00000204619,73.3872024886345,-0.13533269064959005,0.12625756679994343,-1.0718778611029804,0.2837748952406861,0.3657097338182556,PPP1R11
ENSG00000243449,62.70454080217405,-0.15332478007047393,0.14307009167438992,-1.071675975573025,0.28386559517379784,0.3657097338182556,C4orf48
ENSG00000112701,8.421424786818019,-0.3297680146680436,0.3083560248739246,-1.0694391809041954,0.28487182027300195,0.3668396553515544,SENP6
ENSG00000134070,15.076256912925377,0.2638528888166197,0.24689692484431336,1.068676286604211,0.2852155603980132,0.3671860790662397,IRAK2
ENSG00000005955,22.96327837945755,-0.2283529066164865,0.21390454239581352,-1.067545850400584,0.2857254207587012,0.3677461282368407,GGNBP2
ENSG00000079805,9.72629603206399,-0.3218311418168539,0.3021781509860423,-1.0650377625472975,0.28685884145659435,0.36910823433299417,DNM2
ENSG00000263753,10.368626150729298,-0.29881630972764633,0.2808383579850883,-1.064015300016505,0.28732176852766833,0.36960711270810526,LINC00667
ENSG00000132522,5.935021945544023,-0.36929252734803564,0.3473549744591169,-1.063156006108963,0.2877112095539073,0.37001122317401214,GPS2
ENSG00000187742,13.641966492509953,-0.27599144164928685,0.2596945770576115,-1.062753965740532,0.28789354069669815,0.3701488380386119,SECISBP2
ENSG00000179933,109.04316469513248,0.13294437964905653,0.12511520424774503,1.0625757312900892,0.2879743975362764,0.37015594807566365,C14orf119
ENSG00000197142,18.765479437404124,-0.2456959801481076,0.2313989197179584,-1.0617853378381161,0.2883331475368388,0.3705201587332704,ACSL5
ENSG00000244754,42.58638022163032,0.15009966404006522,0.14141225054801637,1.061433245411076,0.2884930549886865,0.37062872476193603,N4BP2L2
ENSG00000150593,14.600423261688515,0.24390274540673182,0.23003942072038408,1.060264995638286,0.2890240593386981,0.37121385979884014,PDCD4
ENSG00000084676,5.530012191870732,0.40005286660094475,0.3777183339921942,1.059130125807481,0.2895405217089718,0.37178001663911353,NCOA1
ENSG00000183484,6.953771115096362,0.3692206591580187,0.34933955326427696,1.056910549372294,0.29055241339670823,0.372934676821924,GPR132
ENSG00000267855,11.928409010644447,-0.317647321025935,0.30056762360430983,-1.0568248077314881,0.2905915501732086,0.372934676821924,NDUFA7
ENSG00000011009,15.91192906371095,-0.24147597477493765,0.2287214495463664,-1.0557644473391887,0.29107584487274185,0.37345866885238993,LYPLA2
ENSG00000247271,4.3527360749192665,-0.4236341464699948,0.4016557729755109,-1.0547194263676722,0.2915536644044664,0.37397408167150814,ZBED5-AS1
ENSG00000091073,6.970413728158661,-0.4082133183197572,0.38753386401173934,-1.0533616703684803,0.2921752642387553,0.3746736034627462,DTX2
ENSG00000137462,87.67342874633967,0.14801774161716205,0.14071779749769842,1.0518764807954233,0.2928562237842709,0.37544886085987667,TLR2
ENSG00000164031,12.955952441686954,-0.292701244614778,0.2784571844853681,-1.0511535019494473,0.29318809491203357,0.3756783046669447,DNAJB14
ENSG00000171475,12.372325836533243,-0.30642479322256627,0.29151260908923143,-1.0511545081357707,0.29318763286401506,0.3756783046669447,WIPF2
ENSG00000078124,7.766012505717883,-0.35765352803223993,0.34053508587361125,-1.0502692464558032,0.29359434034662124,0.3761007790571681,ACER3
ENSG00000115514,29.63730588968891,-0.18188815564543287,0.17334623434627952,-1.049276647579721,0.2940508106578399,0.37658735563529455,TXNDC9
ENSG00000179295,5.55230911737712,-0.39938994578987735,0.38094417887089815,-1.048421180692803,0.2944445991780783,0.37699342375223466,PTPN11
ENSG00000103544,5.895093501711791,0.41395868456428647,0.39537775582331236,1.0469953821814841,0.2951017079930097,0.3777363357847486,C16orf62
ENSG00000138639,6.814433667375997,-0.35991437207536814,0.3443271444231749,-1.045268657742059,0.29589881908967997,0.3786580200538249,ARHGAP24
ENSG00000165669,25.051826539019928,-0.20625560548613558,0.19753541011836215,-1.0441449731091166,0.296418321215446,0.3792240641636817,FAM204A
ENSG00000188042,43.13295785547031,-0.20093104901169864,0.19283807876892933,-1.041967697948634,0.29742665532618406,0.3804150401543125,ARL4C
ENSG00000229124,11.49674874166498,-0.29275788328444624,0.2813577925324673,-1.0405181269349895,0.29809924684680134,0.3811760861319755,VIM-AS1
ENSG00000272047,8.489246879140783,-0.3265793433685764,0.314110318848622,-1.0396963225075186,0.2984810096852939,0.3815649535883283,GTF2H5
ENSG00000109016,9.28845557133971,-0.33207368123751585,0.31947917023415223,-1.0394220098735478,0.29860851212169426,0.38162866802756973,DHRS7B
ENSG00000182481,10.623747354132362,0.2771451527386725,0.2668552121026112,1.038560013705502,0.29900941063600583,0.3820416650715894,KPNA2
ENSG00000180228,9.99146613094968,-0.3204175817099856,0.30911471459481954,-1.0365652833123187,0.2999384998014032,0.38312913647624003,PRKRA
ENSG00000185917,6.288008903289979,0.3741258388616791,0.3610172881914606,1.0363100358320418,0.3000575256544339,0.3831815699235676,SETD4
ENSG00000152219,14.53122436906381,0.2593380509318609,0.250558569898827,1.0350396357888654,0.3006504012530926,0.38383893784299744,ARL14EP
ENSG00000137074,6.287600176287411,-0.3980712275734001,0.3849342298823621,-1.034127902044598,0.30107637378398344,0.3842829352661025,APTX
ENSG00000153391,15.151562808412718,-0.2661758603123743,0.2575864740883973,-1.03334564151466,0.301442175210618,0.38455540419421935,INO80C
ENSG00000235863,17.188606723926902,0.22513437977088455,0.21787127177311025,1.0333366943638997,0.3014463607969339,0.38455540419421935,B3GALT4
ENSG00000002834,20.496643954448782,0.22825601839177753,0.22107518418560068,1.0324814122970414,0.3018466508473844,0.3848662278837693,LASP1
ENSG00000168275,72.39926442184353,0.15830887130590524,0.15330779935370806,1.0326211189077132,0.3017812410421086,0.3848662278837693,COA6
ENSG00000156256,35.08982658163561,-0.16948585662244886,0.16420144014910354,-1.03218252208109,0.30198662115863073,0.38494481358586546,USP16
ENSG00000267680,7.364899117017232,0.37544723759919835,0.36425668423637314,1.0307216143096591,0.3026713858419815,0.3857176322685418,ZNF224
ENSG00000128951,17.207115069212996,-0.23610407892327537,0.22910856465965238,-1.0305336217963523,0.3027595776556453,0.38572998822915244,DUT
ENSG00000173465,8.541277634777892,-0.31409619217929446,0.30487299117486105,-1.0302526011533224,0.30289144306744387,0.385797965586682,SSSCA1
ENSG00000186591,5.8040567659573385,-0.49764022404967045,0.4838885301966474,-1.0284191358026908,0.30375271094519285,0.3867947192497221,UBE2H
ENSG00000154803,14.501499302991729,0.24171598615449028,0.23508696099588988,1.0281981830490219,0.30385661294987965,0.3868267865377483,FLCN
ENSG00000136807,12.99872861695891,-0.2520956718124964,0.24528575190628507,-1.0277632102691932,0.3040612258589016,0.38697343908209536,CDK9
ENSG00000213516,7.464010511835214,0.32536987571416154,0.3166251571047467,1.027618521185674,0.3041293084523916,0.38697343908209536,RBMXL1
ENSG00000009954,7.095558148097177,-0.37580897287354864,0.3662439337026857,-1.026116580482744,0.3048366357672585,0.38777303343523384,BAZ1B
ENSG00000181788,8.178764527547452,0.31665335270003786,0.30866242787409465,1.025888880875397,0.30494396436059334,0.38780917206727633,SIAH2
ENSG00000166401,38.81561119859731,-0.19518206474643274,0.1904662065197606,-1.0247595534811205,0.30547665523508194,0.3883861018952633,SERPINB8
ENSG00000075420,122.05976744141662,-0.1121011968389753,0.10943513901850112,-1.024361990530514,0.3056643279462714,0.388443742906862,FNDC3B
ENSG00000174125,10.48674439111868,-0.2926219931755994,0.2856719903214478,-1.0243286114481551,0.30568008828262827,0.388443742906862,TLR1
ENSG00000100711,8.931235635206043,0.29366862304240837,0.2872923600294999,1.0221943354576282,0.30668893126221053,0.38959824163047446,ZFYVE21
ENSG00000100897,10.015141012047284,-0.3435487633636251,0.3361850477088873,-1.0219037571864715,0.306826454031326,0.38959824163047446,DCAF11
ENSG00000171471,15.054562360222853,-0.27158914792435895,0.265745376335233,-1.021990115763121,0.3067855786073854,0.38959824163047446,MAP1LC3B2
ENSG00000130522,27.27135933493106,-0.19445851932907,0.19038158514961387,-1.0214145405725674,0.30705807917482986,0.38979163034490155,JUND
ENSG00000110911,15.293263144383646,0.317311983939068,0.3109119742668186,1.0205846355301744,0.30745127188826826,0.3901899664408446,SLC11A2
ENSG00000106993,8.354991292818239,-0.3204189275841249,0.31406975391042374,-1.0202158074588488,0.3076261223222745,0.39031106767148377,CDC37L1
ENSG00000155719,8.20719259026432,0.36514512583907677,0.3584257945758371,1.0187467848713048,0.3083231953268868,0.39109452293142016,OTOA
ENSG00000134644,11.44443122862118,0.3086784682271837,0.3033257332957837,1.017646821037041,0.3088458279964966,0.3916563609741379,PUM1
ENSG00000169217,68.37766999160144,0.17501617659247914,0.17239251360223123,1.0152191237045338,0.3100013866042537,0.3930203337908417,CD2BP2
ENSG00000118260,16.39586664438258,0.24720096691859267,0.24356401477410256,1.0149322228403208,0.31013813682717695,0.3930922889782686,CREB1
ENSG00000157764,6.978995987081628,-0.36700525379302856,0.36177523832274194,-1.0144565324441053,0.31036496063114594,0.3932783436156398,BRAF
ENSG00000112242,8.461016651107045,0.34505368180792834,0.3402621621845687,1.0140818467519188,0.31054369936878834,0.3934033871354024,E2F3
ENSG00000113328,9.161687083454531,0.3321311409548788,0.32767125085239185,1.0136108678771334,0.31076846982136574,0.39358666512943075,CCNG1
ENSG00000149182,13.619691098050115,-0.25529211099143284,0.252148708860695,-1.0124664613391872,0.31131507483996834,0.3941773454685917,ARFGAP2
ENSG00000106803,214.69348065298814,0.10441721607614143,0.10336477160333962,1.010181848771848,0.3124081738975927,0.39545949678845194,SEC61B
ENSG00000134453,35.73101421791007,-0.17515886740095535,0.1734293342510438,-1.0099725525521999,0.3125084403572834,0.39548454182737336,RBM17
ENSG00000104886,26.103670747605044,0.17575168884805167,0.17404886551473464,1.009783593407984,0.3125989822466698,0.39549727053556527,PLEKHJ1
ENSG00000101307,7.235848141458254,0.3714163275600508,0.3679162570401621,1.009513226047814,0.3127285618408533,0.3955593701122144,SIRPB1
ENSG00000182117,289.8659425463229,-0.09354775531121941,0.09271503277846126,-1.0089815265961013,0.3129834938563152,0.3957799508002915,NOP10
ENSG00000085719,8.88594298345362,0.31112740660034843,0.30852321809884026,1.0084408185469977,0.31324288548913415,0.39580240146402806,CPNE3
ENSG00000101336,91.64147124773041,-0.15021826562904259,0.14894754948778852,-1.0085312994112616,0.31319946962247436,0.39580240146402806,HCK
ENSG00000123144,248.43125169777846,-0.11143926608997871,0.1105059204629043,-1.0084461142277688,0.313240344328106,0.39580240146402806,C19orf43
ENSG00000066654,6.917128269501565,-0.3437055979004541,0.34117721340897306,-1.0074107659952374,0.31373741980698433,0.39632536784872,THUMPD1
ENSG00000127184,159.65185966003696,0.09504361253882904,0.09449617636942931,1.005793209740673,0.31451505434807814,0.3972055967788373,COX7C
ENSG00000095485,6.432479198571045,-0.3384555387196258,0.33657479355090875,-1.0055878966718659,0.3146138484476553,0.39722827627743523,CWF19L1
ENSG00000174903,15.1125986509861,0.2465652738886115,0.2453428092062756,1.0049826798930475,0.3149051899416584,0.3974939900779115,RAB1B
ENSG00000112473,9.806652249162594,-0.29673171660957837,0.2954069548866958,-1.0044845312575348,0.3151451235698144,0.3976946936882557,SLC39A7
ENSG00000166164,11.008122607314865,0.2667125326689438,0.266115191275118,1.0022446722825689,0.3162254370873271,0.3988551568879281,BRD7
ENSG00000169379,11.24573146992498,-0.2649098809264765,0.2643174541622669,-1.0022413456049934,0.31622704339344077,0.3988551568879281,ARL13B
ENSG00000169826,18.492847306610074,0.20585000985830912,0.20553181319184313,1.0015481626008378,0.3165618677675186,0.39917501108791026,CSGALNACT2
ENSG00000143570,24.615303427174876,0.21047048352070966,0.21029218151619017,1.0008478774780591,0.31690035875939304,0.3994993234847761,SLC39A1
ENSG00000143811,6.073367373459933,-0.3581874791134515,0.3584779447281246,-0.9991897252845124,0.31770279224752584,0.4004081869977794,PYCR2
ENSG00000101266,6.493271954237224,-0.33777498685009777,0.3384078540618407,-0.9981298684290368,0.3182163883112634,0.40095264927219193,CSNK2A1
ENSG00000049449,6.158643070340148,-0.3876554931624594,0.38877287945990063,-0.9971258635659114,0.3187034204487509,0.40146337043967234,RCN1
ENSG00000113621,11.580114630404346,-0.2770000809218932,0.27844924156571416,-0.9947956021152281,0.31983568564735365,0.4027864067839815,TXNDC15
ENSG00000091009,11.294218460200426,-0.27838772248292704,0.2799398383525293,-0.9944555377371919,0.3200011413633549,0.4028915215627789,RBM27
ENSG00000135387,6.868519099978481,-0.5000330949807007,0.5029666605487616,-0.9941674751068782,0.3201413398084998,0.40295353850715426,CAPRIN1
ENSG00000141741,77.04974437666442,-0.12071084746255945,0.12143735982271724,-0.9940173900254551,0.3202144012760353,0.40295353850715426,MIEN1
ENSG00000150961,12.039760197465622,0.2935115091448211,0.2964261188263402,0.9901675004447682,0.3220922548248676,0.405212836715156,SEC24D
ENSG00000011132,7.263031265976313,0.32204658953964616,0.32569925371210673,0.9887851625976115,0.3227682651686007,0.4058554900303234,APBA3
ENSG00000143878,5.797899474120326,0.4380649864385896,0.44299791651010656,0.9888646653005095,0.32272936057574486,0.4058554900303234,RHOB
ENSG00000132581,72.01686457526338,0.11659007293882855,0.11794837197176686,0.9884839526800467,0.3229156897784159,0.4059369914482312,SDF2
ENSG00000179010,57.572125067215595,0.14147772866350405,0.14321474186085623,0.9878712681754521,0.3232156984204918,0.4062102153550631,MRFAP1
ENSG00000108094,5.646646715120728,-0.34671625122721494,0.3512916739028775,-0.9869754309152016,0.3236546833038416,0.4066579170941135,CUL2
ENSG00000184260,9.030784344164637,0.31629881269361765,0.3206968289012864,0.9862860626881267,0.32399275706392994,0.4069786319560715,HIST2H2AC
ENSG00000005889,7.2204042445999885,-0.3333691736407829,0.338512406480294,-0.9848063682717326,0.32471919194363086,0.40768270547036334,ZFX
ENSG00000119986,11.965515241518537,-0.30446458680105987,0.3091189222438984,-0.9849432205280328,0.3246519618217242,0.40768270547036334,AVPI1
ENSG00000129518,29.653045119768628,-0.1854601651665267,0.18839648955525992,-0.9844141236619383,0.3249119364727391,0.4078204995726794,EAPP
ENSG00000132432,62.05186038641627,0.13436862371399283,0.13674339857617843,0.982633349127544,0.32578792487667907,0.4088155931675181,SEC61G
ENSG00000085224,16.958260277034157,-0.24162578594360953,0.24614887027007648,-0.9816245984736628,0.32628482440683493,0.4092560876539588,ATRX
ENSG00000131467,12.6405210115817,-0.247318472639572,0.25195890166603363,-0.9815825954321216,0.3263055253211662,0.4092560876539588,PSME3
ENSG00000109111,7.520263615016269,-0.3158631594252961,0.32185440715916286,-0.9813852238757632,0.3264028099831149,0.4092736433419307,SUPT6H
ENSG00000006114,9.700784671600523,0.2924737968716009,0.29833031463197823,0.9803690155738886,0.3269039985004327,0.40958853866168443,SYNRG
ENSG00000079459,8.32251622995648,-0.31827420645013355,0.3246131648849477,-0.9804722693946784,0.3268530514653334,0.40958853866168443,FDFT1
ENSG00000175040,10.763796359919079,0.2721069918288485,0.27750576318715975,0.9805453721165779,0.3268169845679416,0.40958853866168443,CHST2
ENSG00000170606,16.198055544651663,0.23542357986271387,0.24031505161647473,0.9796455872370105,0.32726109390352676,0.4099314339642953,HSPA4
ENSG00000115677,17.86581973379582,-0.2226558179381565,0.2274466285854084,-0.978936550183012,0.3276113312072496,0.41026556614485843,HDLBP
ENSG00000162086,5.8427291110890565,-0.4009591631348886,0.4098056620083065,-0.978412941319394,0.3278701301506688,0.4104850495695252,ZNF75A
ENSG00000167286,19.176094443400565,-0.2220746714823471,0.227053486969934,-0.9780720589054589,0.32803868598286967,0.4105914678858435,CD3D
ENSG00000162194,55.640903043524744,-0.18265658460273215,0.18681657638821333,-0.9777322127088095,0.3282067853887364,0.4106972608607717,C11orf48
ENSG00000161217,17.41012074585748,-0.21229619124197022,0.2171912189972169,-0.977462128635553,0.32834041793298685,0.41075988129396573,PCYT1A
ENSG00000128512,17.22913274126963,0.22515670298734472,0.23047859957386,0.9769093677401932,0.3286140236782462,0.410997534322958,DOCK4
ENSG00000128699,33.982349969107446,0.16005554856879484,0.16388983813938182,0.9766044703313083,0.32876500512550755,0.41108173923326824,ORMDL1
ENSG00000124228,8.361762773148596,-0.3804870472321479,0.3897778071114642,-0.9761639587739294,0.3289832204411437,0.4112499479134521,DDX27
ENSG00000142186,8.028445218866004,-0.3242009781808962,0.33232260350436593,-0.9755610204126154,0.3292820489377245,0.41149346322904934,SCYL1
ENSG00000175387,9.570846667741467,-0.2951598498516669,0.30259365580881914,-0.9754330409298172,0.3293455007895505,0.41149346322904934,SMAD2
ENSG00000151233,7.125193887474165,-0.32832767682019043,0.3367545143307975,-0.9749763190929955,0.3295720067129345,0.411654092049863,GXYLT1
ENSG00000183283,118.30471559300351,-0.09327688083226228,0.09568468829598877,-0.974836021242205,0.32964160606760495,0.411654092049863,DAZAP2
ENSG00000123983,8.574658297080212,-0.30947022904435456,0.3178976136561369,-0.9734902551961335,0.3303097010912994,0.4123836054783144,ACSL3
ENSG00000153317,9.319520802444055,0.3037869097416879,0.31309591027352174,0.9702678948322851,0.3319129758767141,0.41428000087837774,ASAP1
ENSG00000101457,34.83486462137925,-0.1627553011473851,0.16784014493463947,-0.9697042457319461,0.3321939335568962,0.4144991602812681,DNTTIP1
ENSG00000112511,13.303409384563778,0.23326848163930106,0.2405878279184181,0.9695772377911032,0.3322572634000641,0.4144991602812681,PHF1
ENSG00000124570,32.07271511153266,0.17777620543805406,0.18343361577655853,0.9691582684310394,0.3324662289733835,0.41465458100893565,SERPINB6
ENSG00000141002,34.97036447690518,-0.176684110334969,0.18262085099612876,-0.9674914412632672,0.3332984177638135,0.41558701468951526,TCF25
ENSG00000116824,14.923918114789325,0.24645627892484673,0.25501607438686014,0.9664342905340618,0.33382691238564544,0.4161403976314211,CD2
ENSG00000181222,7.488703806685752,0.3006035337431308,0.3112869977133534,0.9656796973574195,0.33420448177064943,0.4165054079180754,POLR2A
ENSG00000062650,26.53940879489122,0.19759233385405478,0.20492438526067763,0.9642206982966133,0.3349352892828721,0.417310347752544,WAPAL
ENSG00000101310,15.1053880611683,-0.251422892852665,0.26099322495868665,-0.963331109044932,0.3353813863153614,0.4177602363380699,SEC23B
ENSG00000118816,218.24539194250926,0.07976859741197084,0.08288348047938622,0.9624185296104923,0.3358394095067664,0.4182247486863279,CCNI
ENSG00000168036,18.94818697131545,0.2070563438137865,0.21562535667468416,0.9602597162363153,0.3369245189865545,0.4194697457055812,CTNNB1
ENSG00000176597,14.2848290338999,-0.24515488642145628,0.25548597106804943,-0.9595630061274816,0.3372751951360766,0.41969367153676385,B3GNT5
ENSG00000180098,11.224659138643968,0.26998200884268686,0.28135781277588956,0.9595681960242421,0.3372725820305238,0.41969367153676385,TRNAU1AP
ENSG00000204574,15.024319590606435,-0.24225279472487787,0.25302472587961855,-0.9574273576730773,0.3383515954713272,0.42092651649268403,ABCF1
ENSG00000161677,52.27760600538447,-0.14835370223381386,0.1550243424171102,-0.9569703694317359,0.3385822108913856,0.4211068044343885,JOSD2
ENSG00000162300,8.860625124777307,-0.2769093331421565,0.2894308369459205,-0.9567374923284223,0.33869976923896405,0.4211464235931856,ZFPL1
ENSG00000163807,10.758069342509337,-0.2597356134416658,0.27169167922216797,-0.9559939935785613,0.33907526906680174,0.42150667143796194,KIAA1143
ENSG00000126759,335.79749249567027,0.09052158077757547,0.0947739641211997,0.9551313128763278,0.33951129568366467,0.42194195927909156,CFP
ENSG00000177951,6.486142124402212,0.3504076952969244,0.3669816262835971,0.9548371640441076,0.33966005015010625,0.42202009770862764,BET1L
ENSG00000056586,6.1586616620025465,0.3434822554835148,0.3598528802281673,0.9545074511164879,0.3398268394600964,0.42212059886423503,RC3H2
ENSG00000143420,34.275974489675896,-0.15924459579180808,0.16708143956704233,-0.9530956652304298,0.3405416022329757,0.4226913273589025,ENSA
ENSG00000145907,28.645284122125283,0.22683541379989253,0.23793693531777094,0.9533425884339813,0.34041651983965426,0.4226913273589025,G3BP1
ENSG00000163848,14.31136805917398,-0.25987759330782106,0.2726684055347275,-0.9530902298642834,0.3405443559246836,0.4226913273589025,ZNF148
ENSG00000153130,7.934399427974031,0.2967234803701339,0.31166014732944736,0.9520738628685678,0.3410595234527649,0.4232238631936583,SCOC
ENSG00000159110,16.180719742497878,0.22275032946854215,0.2342572022971449,0.9508793210378788,0.34166564029398205,0.4238689614755435,IFNAR2
ENSG00000157869,16.186083504348446,-0.21060633584748298,0.22153688155900092,-0.9506603792804276,0.34177680720112746,0.423899856281257,RAB28
ENSG00000091640,62.62839560991547,-0.14294873087870974,0.1504151003200785,-0.9503615699123256,0.34192856394896676,0.4239810656687415,SPAG7
ENSG00000242574,23.825216245137305,0.2717676012137001,0.2866427082693347,0.9481057545630719,0.3430756190028639,0.42529606250758656,HLA-DMB
ENSG00000159140,57.022317056511454,-0.13657400739380926,0.14454221029983852,-0.9448728306458023,0.34472380382868084,0.42723146835161097,SON
ENSG00000125356,86.57393932091125,-0.11927601855186837,0.12625810280721256,-0.9446999115295963,0.3448121022256003,0.427233149353656,NDUFA1
ENSG00000135932,6.919731155599927,-0.32057728217469106,0.3396521168696561,-0.9438400829920777,0.3452513741875416,0.42766958728449195,CAB39
ENSG00000177119,11.483098658448128,0.2593346441811779,0.27525377507245236,0.942165621935306,0.34610785171508274,0.4286224756370758,ANO6
ENSG00000129636,10.869459446069419,-0.24841643166022206,0.26402444785391027,-0.9408842009876129,0.3467642048218986,0.4293271107318745,ITFG1
ENSG00000072364,12.02688713198316,0.24567964765133146,0.26146572473320917,0.9396246789211652,0.3474101128029291,0.43001846204372635,AFF4
ENSG00000116906,5.865665813262495,-0.40243795416773864,0.42848402130383473,-0.9392134459137113,0.3476211669118694,0.430171345808342,GNPAT
ENSG00000137509,13.184516753511076,0.22389049144980772,0.2384896924907019,0.9387847714153794,0.3478412591822403,0.4303353342450979,PRCP
ENSG00000124486,8.793138099845333,-0.31588937245863213,0.3373677522017029,-0.9363354096445191,0.34910052220134435,0.43178453715011483,USP9X
ENSG00000197965,10.3344470628965,-0.26982156041351024,0.2885354172279578,-0.9351419073809487,0.3497151719331727,0.43236094150229737,MPZL1
ENSG00000198001,11.542217975228152,0.2704972636580339,0.2892744020194977,0.9350888352706777,0.349742519835497,0.43236094150229737,IRAK4
ENSG00000134352,7.251000078166427,0.3281815012770115,0.35106279490476705,0.9348227896551599,0.34987963281341794,0.43242165886447076,IL6ST
ENSG00000185862,53.24082720345231,-0.14226406504310965,0.1522295149900214,-0.9345366767570337,0.35002712600658736,0.4324951715354213,EVI2B
ENSG00000174799,6.7178350137314435,-0.3258200365479749,0.3489071156965591,-0.93383030007143,0.3503914370049346,0.4328364810060957,CEP135
ENSG00000125629,5.436867246382606,0.41577033177026307,0.4458420716062144,0.9325506905895774,0.3510520027162982,0.43354348865239745,INSIG2
ENSG00000108465,11.861848149870962,0.2642322054457841,0.28365215925179954,0.9315360268815148,0.351576357616179,0.4340819651572623,CDK5RAP3
ENSG00000160688,7.600331318614662,-0.3078966990732627,0.3306805224734554,-0.9311001953493598,0.35180173758063094,0.43414207395058274,FLAD1
ENSG00000244038,18.62895508008568,-0.20371468735943007,0.21878844749175136,-0.9311034914999815,0.35180003271101656,0.43414207395058274,DDOST
ENSG00000111653,8.862865165278134,-0.3199214904240581,0.34381067373488367,-0.9305164582259399,0.35210374673373523,0.43440567698959953,ING4
ENSG00000164266,19.035268014299092,-0.37033603186160147,0.3985130431873477,-0.9292946321144632,0.35273641632223773,0.43507699543360345,SPINK1
ENSG00000020633,19.065909359272382,0.19070970774235,0.20528483987012378,0.9290004457367873,0.3528888553314524,0.43515579299843343,RUNX3
ENSG00000188612,165.0957464880512,-0.07984664791975683,0.08612041142173438,-0.9271512595166931,0.3538480050419487,0.43622907595989363,SUMO2
ENSG00000048405,7.6321992742157665,-0.29842077173627873,0.3221203236143028,-0.9264263998865182,0.3542244296938256,0.436255350254501,ZNF800
ENSG00000163374,9.743641396037344,0.27168063792863417,0.29310995640134807,0.9268898309159744,0.35398373757901536,0.436255350254501,YY1AP1
ENSG00000231500,1656.4123199360297,-0.04865219516842803,0.052507705995110135,-0.9265724762944099,0.3541485508529363,0.436255350254501,RPS18
ENSG00000233461,7.4068830303628825,0.3753860812296883,0.4051700499684907,0.9264902014817762,0.3541912869318904,0.436255350254501,RP11-295G20.2
ENSG00000105374,19.77026016721873,-0.20294332951966446,0.21922362078131907,-0.9257366008113943,0.3545828819704572,0.43658739213300596,NKG7
ENSG00000171681,7.052005015066988,0.3445195684800456,0.3723348472034857,0.9252949893560765,0.3548124844210784,0.4367606584281511,ATF7IP
ENSG00000111726,17.721963601436084,-0.21795680501084844,0.23659778356457245,-0.9212123703236783,0.3569395610628179,0.4392689714657368,CMAS
ENSG00000245532,382.8410069764828,-0.08710725092991004,0.09462659277017843,-0.9205366945998915,0.357292366577292,0.4395930619331029,NEAT1
ENSG00000124172,458.10979238127163,0.06384924385409518,0.06944390603983804,0.9194362399123496,0.3578674412024888,0.4401903895041377,ATP5E
ENSG00000100354,9.446080459605415,-0.2583857482643852,0.28210782946882135,-0.9159112979987041,0.35971342055353517,0.442239616862665,TNRC6B
ENSG00000144034,25.74410433214348,-0.1610131217721382,0.1757716508660777,-0.9160357826690484,0.35964812738184515,0.442239616862665,TPRKB
ENSG00000078902,36.09117483337085,0.14523310988249474,0.15862363864970344,0.9155830185135287,0.35988564138414525,0.44234068078081284,TOLLIP
ENSG00000024048,8.635738187491725,0.2806949065596829,0.3067906979672212,0.9149394307570352,0.3602234283713215,0.4426451430399284,UBR2
ENSG00000115446,40.77695483734438,-0.13516767669278695,0.14795782713220662,-0.9135554320624678,0.3609504939255016,0.4434276817874787,UNC50
ENSG00000101152,17.10732710563832,0.2045681015523849,0.22397646386143316,0.9133464205370454,0.36106037534125457,0.4434518081546926,DNAJC5
ENSG00000118518,15.644961774617684,0.20550812082617007,0.225190115830028,0.9125983175091319,0.3614538395377902,0.4438241298072716,RNF146
ENSG00000068120,10.620447992763161,0.26144386349681464,0.28688956031491963,0.911304904960037,0.3621347427406758,0.44454911961720733,COASY
ENSG00000143633,9.247681393718473,-0.30152826578365266,0.331569620103267,-0.909396541485743,0.36314084675145375,0.44567285737678414,C1orf131
ENSG00000151694,16.665451124045948,0.21740495840754204,0.23949645589722138,0.9077585619924171,0.3640057959620072,0.446622841787092,ADAM17
ENSG00000069509,8.650797435638957,0.30614108097274995,0.33744613494148895,0.9072294783457303,0.3642854581738476,0.4467428853172666,FUNDC1
ENSG00000185359,9.718834863696358,-0.29560047949897417,0.32578984756420076,-0.9073348408769016,0.3642297551034154,0.4467428853172666,HGS
ENSG00000162783,11.315258092955473,0.2780541119246197,0.306673655077495,0.9066775294224628,0.36457734957746735,0.4469892953651883,IER5
ENSG00000105053,14.46280890269842,0.21858096287016104,0.2411746436780912,0.9063181748157275,0.36476746837594476,0.44711083551992825,VRK3
ENSG00000087365,38.40027872348725,-0.1463142449323401,0.1616373116526426,-0.9052009306289895,0.365358948948762,0.4477241583875851,SF3B2
ENSG00000272831,8.583318878013888,-0.29746483545224045,0.3295215863839056,-0.9027172960550215,0.3666759544533321,0.449226038440208,RP11-792A8.4
ENSG00000156671,12.087586827198695,-0.2617521773600986,0.29003120450261466,-0.9024966048359768,0.3667931241776824,0.4492575803113488,SAMD8
ENSG00000142188,11.055773097974683,-0.26713402026565464,0.29628815422596544,-0.9016020939599352,0.367268278285268,0.4497274656102185,TMEM50B
ENSG00000135317,7.384155659311767,0.3264277147577614,0.36328180617069034,0.8985523337890122,0.3688911577735833,0.4516021796959114,SNX14
ENSG00000090266,159.77254401531823,0.08274730437308385,0.09229585909223942,0.8965440615313753,0.369962258686639,0.45280063242494245,NDUFB2
ENSG00000116701,179.47522570904448,-0.08216765126741679,0.09175870281813572,-0.8954752927389542,0.37053306763985383,0.4533863282824307,NCF2
ENSG00000033800,17.955005938998738,0.1938000005212556,0.21700626962664993,0.8930617574076558,0.37182410121203746,0.4548527840069584,PIAS1
ENSG00000183828,14.677733723680019,-0.2145923074052672,0.24038304009289954,-0.8927098489241789,0.37201257468485627,0.45497008262851757,NUDT14
ENSG00000145936,5.926825593787613,0.3283588523424897,0.36811481513913435,0.8920011877771931,0.3723922957480328,0.45532115981732596,KCNMB1
ENSG00000197170,28.14723354052346,-0.1794775968413067,0.20134293584815555,-0.8914025023289679,0.37271327577056,0.45548695278202733,PSMD12
ENSG00000257702,6.05227776544338,-0.3087653665142132,0.34637061615644626,-0.8914306009570748,0.37269820710187895,0.45548695278202733,LBX2-AS1
ENSG00000108296,21.658330564839417,-0.17293012484416098,0.1940903620524062,-0.8909773932899782,0.37294129833311074,0.4556522973667096,CWC25
ENSG00000184897,7.367447911669189,-0.382145971823327,0.42985782206621104,-0.8890055088132489,0.3740001191953938,0.4568323603594743,H1FX
ENSG00000204237,6.107889642502538,-0.39191502703730424,0.44098287746761844,-0.8887307128292815,0.3741478208413418,0.4568992026874636,OXLD1
ENSG00000177963,12.712214523598263,0.22040218303405262,0.2484109059086861,0.8872484170041661,0.3749451704929998,0.4577591472801493,RIC8A
ENSG00000203879,21.93239150150651,-0.17558886059683365,0.19805082626565193,-0.8865848424247958,0.3753024574785143,0.45808153900879767,GDI1
ENSG00000100266,18.428839400890155,-0.19094869969200504,0.21566205466175417,-0.8854070318095145,0.3759371412123743,0.4587422676726117,PACSIN2
ENSG00000156482,706.3895203169118,0.056788144880482984,0.0642281120456471,0.8841633837862692,0.3766080213544132,0.45944682644875534,RPL30
ENSG00000152904,13.862886243106876,0.20229953209190646,0.2293647496573303,0.8819992278418582,0.37777722483304554,0.46064448705448774,GGPS1
ENSG00000165915,7.4955267928378255,0.27824014695995525,0.3154130885263229,0.882145215532914,0.37769828347644185,0.46064448705448774,SLC39A13
ENSG00000146247,17.409638835061514,0.21009873185526173,0.23831846084230202,0.8815881535685411,0.3779995636678395,0.46080125424553786,PHIP
ENSG00000132128,7.384618854814683,-0.28562322859880185,0.32467469248542813,-0.8797212570290522,0.3790103309294598,0.4619188408202791,LRRC41
ENSG00000215712,5.05095945903623,-0.4116328223109032,0.46830656083677014,-0.8789815405861445,0.3794112846972625,0.46229284726068626,TMEM242
ENSG00000205542,10048.883743601062,-0.0717494998785959,0.08166609896854247,-0.8785714119421033,0.37963370202561164,0.46244918486709363,TMSB4X
ENSG00000143612,91.49993839921888,-0.10358182650138853,0.11800371796513505,-0.8777844316057266,0.38006071469046476,0.46285461015835044,C1orf43
ENSG00000120837,9.956330398143832,0.23877735388578264,0.27250246146632495,0.8762392552380304,0.38089998016507154,0.46364689188287384,NFYB
ENSG00000250317,9.649090250207685,-0.2848142150269461,0.32503799145694884,-0.8762490001562467,0.38089468363076484,0.46364689188287384,SMIM20
ENSG00000130816,13.865978978931647,-0.26974232785916047,0.3079329837665861,-0.8759773784533122,0.38104233173767044,0.46370530415030026,DNMT1
ENSG00000108774,187.5626888565177,-0.07513084072796905,0.08579946194269764,-0.8756563156322148,0.38121690035378475,0.4637651818465521,RAB5C
ENSG00000125870,73.25725059890169,0.11138795129275318,0.12722203692380613,0.87553975699559,0.38128028788361223,0.4637651818465521,SNRPB2
ENSG00000172175,13.00648293478864,-0.22815807655146797,0.26077065937850574,-0.8749376831551399,0.3816078138477045,0.4640487001355159,MALT1
ENSG00000087502,11.224030711154171,-0.2509689058548182,0.28741380907087327,-0.8731971044332525,0.38255565284031445,0.46508621426454855,ERGIC2
ENSG00000084754,30.709705683213453,-0.14779313662786484,0.16966866538833134,-0.871069129291501,0.3837164087107181,0.4662834813370669,HADHA
ENSG00000105617,18.517428948679996,0.1873655010212729,0.21512773421196857,0.8709500042270648,0.38378145204424463,0.4662834813370669,LENG1
ENSG00000123684,17.64572194058368,-0.23996971118857519,0.27555169660930173,-0.8708700187348968,0.3838251286138452,0.4662834813370669,LPGAT1
ENSG00000129083,30.189651322349643,0.16487087066977446,0.18953633611913479,0.8698641856522086,0.3843746296205919,0.46683562282639357,COPB1
ENSG00000113312,24.16777477352914,0.16425245787907203,0.18893068779899222,0.869379452287942,0.38463961815702774,0.46704202708762893,TTC1
ENSG00000117697,17.451481686302515,0.22238014014760416,0.25638284102204467,0.8673752863534386,0.3857364182783344,0.4682580927420294,NSL1
ENSG00000134955,6.643605303989767,-0.3513882875575547,0.4053927738927733,-0.8667847830225439,0.3860599412194893,0.46853508302113367,SLC37A2
ENSG00000109133,12.05279885313887,-0.22750073616961322,0.26265538638943736,-0.8661567512356263,0.3864042068803991,0.46876557644936945,TMEM33
ENSG00000164548,16.943771045655534,-0.18900312739116457,0.21822566238707639,-0.8660902907739672,0.3864406492056157,0.46876557644936945,TRA2A
ENSG00000121350,7.6024528106348335,0.27215371268452226,0.3144727471520109,0.8654286107437085,0.386803583216888,0.4690900315715172,PYROXD1
ENSG00000176463,13.471715157235295,0.20773103881097163,0.2404499580344811,0.8639262843255829,0.3876283867452406,0.46997431346314145,SLCO3A1
ENSG00000083223,12.4613854545731,0.2380995710104743,0.27567758164808165,0.863688550904448,0.3877590047391378,0.47001671171389325,ZCCHC6
ENSG00000136932,7.200293303624976,-0.3083118121676988,0.3571387886488361,-0.8632829084013404,0.38798193903272227,0.4701709613826873,C9orf156
ENSG00000186566,10.122813966549291,0.2412050035973685,0.2797760102929767,0.8621361186214025,0.38861261777185674,0.4708191330697495,GPATCH8
ENSG00000205629,7.515123283960856,0.2600871667429974,0.30188204464263935,0.8615522895735064,0.3889339350824512,0.4710922743394541,LCMT1
ENSG00000127952,13.797959603077285,-0.2196328487199059,0.2550569355367862,-0.8611130226969611,0.3891757974464667,0.47126906571018656,STYXL1
ENSG00000182208,14.757893818503288,-0.21869142705367298,0.2544254596147053,-0.8595500913503431,0.3900370965476634,0.4721956867295437,MOB2
ENSG00000179743,6.649376892546661,-0.29079524647213206,0.3386072583013487,-0.8587980302930612,0.39045195447657155,0.4725815035216435,RP11-169K16.9
ENSG00000139168,10.427122174670302,0.2830599240029424,0.3297344617258465,0.8584481055495161,0.39064507413189187,0.47269881661761054,ZCRB1
ENSG00000143033,16.592633233686758,-0.19922855014246185,0.2326732691217261,-0.8562588684746283,0.391854606979982,0.4740456766862707,MTF2
ENSG00000078596,8.229419905793979,-0.35852528445169085,0.4200146904465879,-0.8536017730010411,0.39332567582277633,0.4757081887750733,ITM2A
ENSG00000241839,41.726277259166764,0.12684338539610704,0.14884874797687847,0.852162931298625,0.39412366749860506,0.47655602905712235,PLEKHO2
ENSG00000163110,24.388459984943143,-0.2189692021374339,0.25738655901098045,-0.8507406252246932,0.39491345062789496,0.47739352924611955,PDLIM5
ENSG00000221823,6.379317601764692,-0.3402208120244489,0.40129893752275836,-0.8477989354386327,0.39654995606992804,0.47925393116764053,PPP3R1
ENSG00000198876,9.260524187051683,-0.312927491809753,0.37064495819076054,-0.8442782908399848,0.39851391427770155,0.4815090668209062,DCAF12
ENSG00000169223,111.6745789017486,-0.0922365045544761,0.10930940681554613,-0.8438112257815135,0.3987749014942007,0.4817059650792778,LMAN2
ENSG00000067900,40.90255184499854,-0.1506753811592707,0.17903048688176376,-0.8416185633164284,0.4000014951419475,0.48306889828644134,ROCK1
ENSG00000113712,65.96412859181765,0.12090048521250882,0.14369526484343653,0.8413672179402445,0.40014224461147885,0.4831201449682572,CSNK1A1
ENSG00000116786,9.633571103233152,0.25218972275765905,0.29983937436193986,0.8410827406984838,0.40030158331860843,0.4831938050669717,PLEKHM2
ENSG00000163159,9.55069599107317,-0.24051005052037075,0.2861010648284716,-0.8406471701339722,0.4005456248746917,0.4833696465211776,VPS72
ENSG00000142534,331.6704146340595,-0.06395869688431474,0.0762313143718504,-0.839008187269725,0.4014647152634696,0.48435983569965374,RPS11
ENSG00000114738,17.533097087309997,-0.18005540471625403,0.2146931219323334,-0.8386640573096869,0.40165785327185133,0.4844739054928516,MAPKAPK3
ENSG00000215067,6.345117874159996,-0.29338514878958266,0.35027838810282924,-0.8375770779881951,0.4022682709573805,0.4850911125115504,AC027763.2
ENSG00000163510,9.176318323395048,-0.25378460413345105,0.30393524453565324,-0.8349956403416738,0.4037201630506271,0.48672249294180114,CWC22
ENSG00000102974,4.936554851997608,-0.4538488698059564,0.5440700999538555,-0.8341735188984819,0.4041832112049949,0.48716122145237795,CTCF
ENSG00000034152,25.96447536322924,0.15843000701403506,0.1902779863322365,0.8326239417806692,0.40505685194663954,0.48785523785926144,MAP2K3
ENSG00000063978,7.686062048392456,-0.2800220658139922,0.33623986944942885,-0.8328044686446919,0.4049550141039182,0.48785523785926144,RNF4
ENSG00000198964,8.368851794711878,0.2763133929341758,0.3318015152252425,0.8327671220747779,0.40497608059395074,0.48785523785926144,SGMS1
ENSG00000177674,72.15253875947133,0.13678581636963003,0.16451996108508224,0.8314238312935816,0.40573424091779753,0.4884695001401971,AGTRAP
ENSG00000185651,50.97489516858958,-0.1277727253983839,0.15368969918216274,-0.8313681793790202,0.40576566942862935,0.4884695001401971,UBE2L3
ENSG00000127922,150.9348342671832,0.07296790801578372,0.08795184771678302,0.8296347366203195,0.40674533084313824,0.48947288972274766,SHFM1
ENSG00000198189,41.08432722883957,0.1702417355116368,0.20522403443193993,0.829540925763719,0.4067983886096258,0.48947288972274766,HSD17B11
ENSG00000198814,62.01325720817667,-0.15703211614383464,0.18943207148463068,-0.8289626720181605,0.40712552989682127,0.4897465982651113,GK
ENSG00000111716,36.34699492452472,-0.14846801312376032,0.17923308310421746,-0.8283516109435646,0.4074714020564757,0.48980295247199646,LDHB
ENSG00000120868,7.39454514792868,-0.26805853331839896,0.3235362350349247,-0.8285270838039607,0.40737206316406427,0.48980295247199646,APAF1
ENSG00000140391,6.930561258452832,-0.28718658423381715,0.34658771415410544,-0.82861155345548,0.4073242482593208,0.48980295247199646,TSPAN3
ENSG00000175203,28.042671522052675,0.14555387107353185,0.1765404632961238,0.8244788098770537,0.4096675511932333,0.49232241295268975,DCTN2
ENSG00000182473,16.770116246064223,0.18061110995863036,0.21940970738358737,0.8231682732381271,0.41041230819339736,0.49309684167783735,EXOC7
ENSG00000092841,2301.020721501137,-0.05940017925771154,0.07227116154986021,-0.8219070786171199,0.4111297839615411,0.49383812231410734,MYL6
ENSG00000091947,6.919131622936074,-0.2778030374342713,0.33903088584853114,-0.8194033317612998,0.4125563346598281,0.4954305543788845,TMEM101
ENSG00000145191,5.396498071872921,-0.3109729272100632,0.38005932070235215,-0.8182220781623857,0.41323039055014643,0.49611877331136567,EIF2B5
ENSG00000111817,46.5700806475012,-0.1261721317027052,0.1543341529156083,-0.8175256695884907,0.41362808592540923,0.4964422722553345,DSE
ENSG00000173163,19.29245776778953,-0.18284340415403066,0.2236899856237502,-0.8173964679025726,0.4137018935461121,0.4964422722553345,COMMD1
ENSG00000174953,25.014578753775215,0.18298088057846737,0.22413026103623893,0.816404173771438,0.41426901026338403,0.4969305521357916,DHX36
ENSG00000177479,14.812024994462309,-0.2154131840095508,0.26387981624454737,-0.8163306579307275,0.4143110443834632,0.4969305521357916,ARIH2
ENSG00000134825,70.01307395930102,-0.11811561808602304,0.14548572419711495,-0.811870846695523,0.4168657443621808,0.4997507362273132,TMEM258
ENSG00000180398,16.26969917644665,-0.19499861792907358,0.24014623066637705,-0.8119994945911737,0.416791921500103,0.4997507362273132,MCFD2
ENSG00000129055,18.594879872606228,0.18478126588810642,0.22775971832609324,0.8112991500259377,0.41719389806038654,0.5000221500167656,ANAPC13
ENSG00000136819,34.66601177747245,-0.13793958291556574,0.17021443056619057,-0.8103871243861769,0.4177177156133677,0.5005278845462299,C9orf78
ENSG00000142751,9.101477097600569,-0.2688869222229513,0.3331923635031362,-0.8070020554970503,0.41966529891155435,0.5026750298810339,GPN2
ENSG00000184863,12.112031579340758,-0.21282946892290294,0.2637562819963986,-0.8069171559136892,0.419714214001197,0.5026750298810339,RBM33
ENSG00000214212,11.093362024868068,-0.2139556262620373,0.2653896372413039,-0.8061943506388664,0.4201307956194624,0.5030513473864616,C19orf38
ENSG00000196998,28.554163309296868,0.15446895982686015,0.191663263137793,0.805939319293585,0.42027783835102894,0.5031048228153364,WDR45
ENSG00000196576,10.94837341569654,-0.2494580713131019,0.30994748103654546,-0.8048398085986983,0.42091212627607255,0.5037414000293767,PLXNB2
ENSG00000142867,22.414187492137742,0.17032731352547492,0.2129683786627604,0.7997774814973427,0.42383973210265835,0.5071216078773955,BCL10
ENSG00000092036,8.692789702800223,0.27036315668181826,0.33834104264474263,0.7990847180952239,0.4242412901617092,0.5074785053200191,HAUS4
ENSG00000147679,6.7735610119008545,-0.2621672441136434,0.3289420619492255,-0.7970012790705701,0.4254502884713831,0.5088008560594736,UTP23
ENSG00000167083,4.977993048721337,-0.38777099943276866,0.4868873243935559,-0.7964286191178997,0.4257829492796358,0.5090747962920025,GNGT2
ENSG00000167065,10.961448183003657,-0.21475916645496587,0.2709235143489875,-0.7926929745135595,0.4279567245059459,0.5115493418200482,DUSP18
ENSG00000165416,41.47529744784112,0.11837400775505202,0.14953314613305638,0.7916238694645094,0.42858002474140133,0.5121698058315287,SUGT1
ENSG00000222041,45.1171703200935,-0.1749507129613532,0.2212681500763887,-0.7906728234540522,0.4291349387835346,0.5127082638420347,LINC00152
ENSG00000083937,46.57446930444832,0.12968354426385764,0.1640981379672999,0.7902804131129134,0.42936402308943256,0.512857270165647,CHMP2B
ENSG00000185475,58.85360135002573,0.101889434427024,0.12909266128767696,0.7892736381037815,0.4299520908599568,0.5134348905190347,TMEM179B
ENSG00000040633,34.574656161280416,-0.12827875676287342,0.1625992221857028,-0.788926017225148,0.43015524841945363,0.5135526945415927,PHF23
ENSG00000143545,93.92217543928044,-0.08925881477908659,0.11325074238951223,-0.7881521383064465,0.4306077209814829,0.5139027465664503,RAB13
ENSG00000157954,22.143634035198247,-0.18271038980273951,0.23184631257679789,-0.7880668351894432,0.4306576130160038,0.5139027465664503,WIPI2
ENSG00000022277,63.729886309210265,-0.10672892390820526,0.13562134713456533,-0.7869625701498701,0.4313037775672893,0.514548862094115,RTFDC1
ENSG00000130723,4.502424864635739,-0.31806359715808397,0.4049856175802426,-0.7853701053842086,0.4322366030313144,0.515411469860684,PRRC2B
ENSG00000153774,14.861266685894645,-0.17735819147787715,0.22580232597495492,-0.785457770251441,0.43218522080414223,0.515411469860684,CFDP1
ENSG00000162869,7.697757783896444,0.27228030625880006,0.3468444124510398,0.7850214577039925,0.43244098779987794,0.5155300858924309,PPP1R21
ENSG00000063322,15.119687620017087,0.18408380483230874,0.23497461779992454,0.7834199564016392,0.4333805408933973,0.5162929329212325,MED29
ENSG00000104957,9.06049283239533,-0.24998109693585205,0.31916332681301696,-0.7832387869622139,0.43348690188797145,0.5162929329212325,CCDC130
ENSG00000106397,4.262790247127651,-0.3469082292175984,0.44292874950574174,-0.7832145228881815,0.4335011479920645,0.5162929329212325,PLOD3
ENSG00000136146,46.41457013242737,-0.1380135389972052,0.1760953730494783,-0.7837431308227896,0.43319084906321614,0.5162929329212325,MED4
ENSG00000102804,24.50179406613668,-0.24012398702038074,0.3070665849556092,-0.7819932183604219,0.4342185591122182,0.5168968021989923,TSC22D1
ENSG00000135838,73.15636978353055,0.10555288044637275,0.13496678260308484,0.7820656194849547,0.43417601057515953,0.5168968021989923,NPL
ENSG00000105443,28.55399417758044,0.14705289892449502,0.18832873494076754,0.7808309176544171,0.4349019471957474,0.5175849281956655,CYTH2
ENSG00000101109,41.967052444640984,0.14559999602744078,0.18666546225769934,0.7800050114596668,0.4353879253816585,0.5180378366405496,STK4
ENSG00000189159,50.18935980382882,-0.11734929642389855,0.1508930323268189,-0.7776985763645597,0.43674673167025724,0.5195287919214825,HN1
ENSG00000121481,8.570438809679262,0.2524444130973228,0.32496130360994296,0.7768445359276884,0.43725049755309087,0.5199091251370843,RNF2
ENSG00000146278,171.83597176724172,0.1357871968852265,0.17480378305267893,0.7767978158934102,0.43727806556605,0.5199091251370843,PNRC1
ENSG00000114446,7.199444118434389,-0.26200770854510513,0.33759331223044675,-0.7761045585116756,0.43768725235512773,0.5202697527994914,IFT57
ENSG00000156860,7.8024393703179555,-0.24175291600769133,0.3119448477209383,-0.7749860841553642,0.4383478825417465,0.5209290193011227,FBRS
ENSG00000131238,31.446595722292013,-0.1303114677068774,0.16857664580270468,-0.7730102060482844,0.4395163405390763,0.5221913194896085,PPT1
ENSG00000071243,15.673518258611708,-0.18153267329149878,0.23508688128429595,-0.7721939748393154,0.4399995495525898,0.5226390588594214,ING3
ENSG00000163736,35.306323985291016,0.22439207756864418,0.29084756186866645,0.7715109458953259,0.4404041369458058,0.5229932162763871,PPBP
ENSG00000217128,4.978066801108161,0.30018380039743126,0.3896327791257755,0.7704274806420492,0.4410463573895754,0.5236293308075317,FNIP1
ENSG00000169813,82.02870170670141,0.11642861764796149,0.15144545812981122,0.7687824982388372,0.44202244041273464,0.5246614184029416,HNRNPF
ENSG00000173933,5.467171824506647,-0.2816612706697322,0.3665679701491075,-0.768373926819525,0.4422650659224243,0.524822635581452,RBM4
ENSG00000090054,5.283194930296322,0.3017468197775767,0.3929874710936539,0.76782809115476,0.44258932311735955,0.524827204102004,SPTLC1
ENSG00000184164,21.809672404870422,-0.16690321807510716,0.21732524850345317,-0.767988161635325,0.442494218128868,0.524827204102004,CRELD2
ENSG00000187118,9.395007328683008,0.22936871916137525,0.2986737709657511,0.7679573550088431,0.44251252080673975,0.524827204102004,CMC1
ENSG00000156515,11.111930363253004,0.22354183399738056,0.29122428999842354,0.7675933693531904,0.44272880291256056,0.5248659439112962,HK1
ENSG00000072501,11.589612211708351,-0.21185035424267853,0.2761550629273029,-0.7671427494285976,0.4429966472602349,0.525056807678918,SMC1A
ENSG00000111596,12.707088881744099,0.19763659995268626,0.2586389380318005,0.7641409350682773,0.4447832602971754,0.5266662508675469,CNOT2
ENSG00000138777,5.655937646211026,-0.2813979033460227,0.36815503773683755,-0.7643461979384074,0.4446609616497471,0.5266662508675469,PPA2
ENSG00000168282,20.913659501643046,0.17015990252330954,0.22262817759826897,0.7643232961748532,0.44467460590760355,0.5266662508675469,MGAT2
ENSG00000176108,11.401811805525925,-0.22966968406164487,0.3005387194739176,-0.764193327447703,0.4447520423207928,0.5266662508675469,CHMP6
ENSG00000102309,30.029144067595144,-0.16209259611493523,0.2124673965103728,-0.7629057388436619,0.44551961342770263,0.5274110769413951,PIN4
ENSG00000110367,11.69368449443855,-0.21572390045251955,0.2829319271701004,-0.7624586684514576,0.4457863022798717,0.527472643728218,DDX6
ENSG00000124356,5.382496532170473,0.3162678798144235,0.4147174383928534,0.7626105163073209,0.4456957109767905,0.527472643728218,STAMBP
ENSG00000140416,6.636022962981128,-0.2552570290497193,0.33509832060933076,-0.7617377150251577,0.4462165608485923,0.5278546413119842,TPM1
ENSG00000167642,11.863625887675436,0.20006234928726244,0.263658599811915,0.7587931872124788,0.44797628169384374,0.5298087721404448,SPINT2
ENSG00000155876,37.79183235645765,0.12259552653211941,0.16160865263710122,0.758595066115752,0.4480948250420246,0.5298214557883804,RRAGA
ENSG00000189060,7.393809890364515,-0.3723254691441673,0.4913146995549113,-0.7578146338415318,0.4485619605129293,0.5302462049460029,H1F0
ENSG00000144048,16.67930647274372,-0.18067282578298677,0.23874127633663716,-0.7567724716702486,0.4491861879037552,0.5308006557677173,DUSP11
ENSG00000204560,5.534092102424802,-0.34066351978167375,0.4502135682401615,-0.756670930894625,0.44924703446030445,0.5308006557677173,DHX16
ENSG00000117054,6.408636800478517,-0.2679042329468553,0.3543193144228977,-0.7561095939215389,0.4495834903037528,0.5310645493148529,ACADM
ENSG00000204256,29.09682158574895,0.1495593417214144,0.19784611104793506,0.7559377383221776,0.4496865261902936,0.5310645493148529,BRD2
ENSG00000118363,138.30160861855978,-0.07598877410108146,0.10064908026320639,-0.754987267666669,0.45025662182289183,0.5316100527721506,SPCS2
ENSG00000100077,7.1064369949655495,-0.2676042702694266,0.354783554262029,-0.7542747318884594,0.45068427168913205,0.5318593926706039,ADRBK2
ENSG00000100764,8.923854696982124,-0.2342754514132336,0.3105752379239891,-0.7543275277811129,0.4506525767522884,0.5318593926706039,PSMC1
ENSG00000049541,5.938583369820733,-0.2927147901768023,0.3888717185714778,-0.7527284093893265,0.45161313454789975,0.5328275973993708,RFC2
ENSG00000032219,14.726793862504685,-0.20099841604339172,0.26745741009900087,-0.7515156000687774,0.45234241587496393,0.5335599211736852,ARID4A
ENSG00000029363,17.176370973134766,-0.15830161688832178,0.21077293174774586,-0.7510528775003139,0.45262083352095905,0.5337602054048459,BCLAF1
ENSG00000228474,180.85150761669274,-0.06383192371510016,0.08502361660286581,-0.7507552167917148,0.4527999854977268,0.5338433610210723,OST4
ENSG00000100243,37.68940386245658,0.12441005817287824,0.1659960230187046,0.7494761375027617,0.45357027594315236,0.5346232516154116,CYB5R3
ENSG00000122545,91.9951075684376,0.0839628298187635,0.11209105997156814,0.7490591117619966,0.45382157799409883,0.5347911832764992,SEPT7
ENSG00000240972,11.849348762216579,0.20286190343781638,0.2710431003915151,0.7484488745324539,0.4541894518703571,0.5350963717312238,MIF
ENSG00000198502,75.47240038018262,0.1760652792996824,0.23566422185219402,0.7471022878055227,0.45500181932933703,0.5359249616932795,HLA-DRB5
ENSG00000132646,10.682938764137663,0.1933326951908897,0.25892060692492225,0.746687169812441,0.455252416205441,0.5360916302979959,PCNA
ENSG00000187837,11.87777512816296,0.22401368105444075,0.3001428269570956,0.746356937213971,0.45545182526830685,0.5361979562454384,HIST1H1C
ENSG00000169895,19.034474353525432,-0.17536973079477433,0.23549169962394836,-0.7446960172049312,0.45645550743422936,0.5372508655165995,SYAP1
ENSG00000160633,17.969017945300486,-0.16846407351855264,0.2263464502078423,-0.7442753061241328,0.45670993737673304,0.5374216073441729,SAFB
ENSG00000164889,14.762931520098062,0.17675632892128076,0.23766465346433643,0.7437215687935881,0.4570449379509489,0.5376870541275947,SLC4A2
ENSG00000119559,26.89851469016877,-0.13829188543415108,0.18603384952896168,-0.7433694770296189,0.45725801855298465,0.5378089763449896,C19orf25
ENSG00000177889,50.773875740410105,0.1062678018381108,0.14355096529448025,0.7402792563610643,0.45913056506390504,0.5398821719846923,UBE2N
ENSG00000133193,18.78313740277103,-0.1921897349943238,0.2600199559294066,-0.7391345572202999,0.45982529458459964,0.5405697362652446,FAM104A
ENSG00000124786,8.16879823693247,-0.24071963773344718,0.3259934419113323,-0.7384186513755729,0.4602600840205727,0.5409514596692404,SLC35B3
ENSG00000204463,22.079658950034627,-0.1653703168216406,0.22542141747098646,-0.7336051679425052,0.46318941032924577,0.5442641708172916,BAG6
ENSG00000130724,159.01965569661843,0.06877806923412053,0.09385529795860477,0.7328096626410514,0.46367452708248846,0.5447039507729735,CHMP2A
ENSG00000241163,13.293807898225303,-0.20128748172763256,0.27487819110113243,-0.7322788356591573,0.4639983945033267,0.54495413733015,LINC00877
ENSG00000253352,8.438115650994456,-0.21917598073501157,0.2994120900424011,-0.732021144182832,0.46415566227165783,0.544967095324769,TUG1
ENSG00000267519,5.794869990964758,-0.30350495735468197,0.41468241570653364,-0.7318973408543786,0.464231229350729,0.544967095324769,MIR24-2
ENSG00000171606,6.668499026361188,-0.27528524507763014,0.37743748571766744,-0.7293532187302411,0.46578562608946017,0.5466612291864359,ZNF274
ENSG00000173327,19.41366175986075,0.15037931627812412,0.20634353027590915,0.7287813486424637,0.466135422372026,0.546941133127062,MAP3K11
ENSG00000157916,125.25194921225437,0.0801540757584902,0.11055501833956241,0.7250152635523273,0.4684426665578869,0.549517131407366,RER1
ENSG00000009844,8.81257376322978,-0.26387494379700355,0.3644184958214282,-0.7240986580612723,0.46900516839425876,0.5498305107526509,VTA1
ENSG00000111321,9.599448255659555,0.21910221748055766,0.30249771779397616,0.7243103157220606,0.4688752452940058,0.5498305107526509,LTBR
ENSG00000166170,6.857823575618323,-0.23829535638984253,0.3291222361816781,-0.7240329889418399,0.4690454825142679,0.5498305107526509,BAG5
ENSG00000160055,9.352646797447967,-0.21291049566806575,0.29427541939607293,-0.7235075770345057,0.4693681006788636,0.5500774735835764,TMEM234
ENSG00000156976,54.39904655027149,-0.09477564053590959,0.13149768807974954,-0.720739975887872,0.47106951192813795,0.5519398144050714,EIF4A2
ENSG00000105185,34.54046758874908,-0.1273234002665767,0.1767348758209322,-0.72042034530627,0.47126622706132704,0.5520386745600384,PDCD5
ENSG00000126749,12.301015629833127,-0.18535384132060104,0.25808297353088494,-0.7181947680807376,0.4726372034471462,0.5533808000331848,EMG1
ENSG00000205730,6.650371790607608,0.28609636844300657,0.3982611669411682,0.7183637075147453,0.47253305821508806,0.5533808000331848,ITPRIPL2
ENSG00000145675,8.500553196276474,0.213175015590745,0.29923506249521226,0.712399856531371,0.47621720435844017,0.5574395765167639,PIK3R1
ENSG00000196712,10.363866130081988,-0.1985410568163571,0.2789869243282776,-0.7116500434362233,0.4766815099045757,0.5578501880617016,NF1
ENSG00000167491,8.206688629766774,-0.25867697483708785,0.36373014002872567,-0.7111782785354515,0.47697376714022277,0.5580593075540606,GATAD2A
ENSG00000169057,20.498373250995414,0.13882639152703038,0.1957582838861612,0.7091724997332003,0.47821743683201434,0.5593812150898639,MECP2
ENSG00000170242,9.557391877921553,-0.2151059028991012,0.30357256494310786,-0.7085814982635665,0.4785842210980884,0.5596770258153276,USP47
ENSG00000066455,5.236282133094444,-0.2826906861531383,0.3994476668255479,-0.7077039362871,0.47912913246866373,0.5600477062205076,GOLGA5
ENSG00000166507,7.035271182641523,-0.2635048085349244,0.3722468916979908,-0.7078764508494798,0.47902198492255676,0.5600477062205076,NDST2
ENSG00000198373,7.04519303592029,0.23245458758090368,0.3297469359580384,0.7049484384306286,0.4808423244458042,0.5619165713024213,WWP2
ENSG00000163602,8.5358497819193,-0.219615006004531,0.3116180562240714,-0.7047569985694767,0.4809614733119747,0.5619221778067152,RYBP
ENSG00000100109,5.902088542174044,0.26368274036773987,0.3743950810056939,0.7042900768339148,0.4812521447612439,0.5621281291553964,TFIP11
ENSG00000165476,26.209712893118585,0.13755659469826326,0.19544163392832462,0.7038244202804308,0.48154212381469275,0.5623331740554658,REEP3
ENSG00000086232,7.579923506532909,0.24809742356038772,0.352753272327153,0.7033171426693255,0.4818581297922808,0.5625685079114441,EIF2AK1
ENSG00000084072,7.9981483492571135,-0.23640687130123456,0.3364044136955955,-0.7027460451667962,0.4822140269769506,0.5627582523564437,PPIE
ENSG00000198586,9.439165482091374,0.2409860308524777,0.3429484333715485,0.7026888225828245,0.48224969488664726,0.5627582523564437,TLK1
ENSG00000090273,55.26650818905175,-0.09936201974230227,0.14167084454701273,-0.7013582791858738,0.4830794518011957,0.5634589190959116,NUDC
ENSG00000090686,7.2794916439568365,-0.22445424650699347,0.31997084692924377,-0.7014834278218721,0.4830013732677634,0.5634589190959116,USP48
ENSG00000172660,14.779119751803481,-0.17166256973871818,0.2451230230271979,-0.7003118989751982,0.4837325423475749,0.5640657122291215,TAF15
ENSG00000241685,59.35904185767926,-0.09002502426258012,0.12857833822136763,-0.7001570055104307,0.48382925865806825,0.5640657122291215,ARPC1A
ENSG00000087266,37.23648314495063,0.11804234975220461,0.1687067438578567,0.6996895740674173,0.4841211889445771,0.5642721827499174,SH3BP2
ENSG00000253626,7.315620866497291,0.22708153674499634,0.32464655147194516,0.6994731215083304,0.48425640487862975,0.5642959387179479,EIF5AL1
ENSG00000184432,32.87299386114074,-0.1352131000410017,0.19336241659985495,-0.6992729115545359,0.4843814924325247,0.564307883786967,COPB2
ENSG00000002933,17.543159393015173,0.3111442951500563,0.4456613380433585,0.6981630861589008,0.48507520879740484,0.5649821227851262,TMEM176A
ENSG00000178913,59.67781740418067,0.10239971167006849,0.14678313136660864,0.6976258832788682,0.4854111903015006,0.5652394760998991,TAF7
ENSG00000148908,124.59008326052148,-0.0702107468783927,0.10081175639274352,-0.6964539592472223,0.48614458090304025,0.5659593628423454,RGS10
ENSG00000153066,9.74720100366731,-0.21146665679774063,0.30420998071619226,-0.6951338555687461,0.4869714195635352,0.5667397178890868,TXNDC11
ENSG00000167236,5.859053518889498,0.39851096448307716,0.5733842324823992,0.6950155618297543,0.4870455491749316,0.5667397178890868,CCL23
ENSG00000257949,14.971782047138447,-0.16771126248093093,0.2417984542823849,-0.6935993986341573,0.4879334709822223,0.567638512406875,TEN1
ENSG00000166794,110.84726515181605,0.09814729624374548,0.1417420825992516,0.6924358274122303,0.48866367290792323,0.5683534411052154,PPIB
ENSG00000126934,8.956041306965815,0.20181896832021767,0.2916453901554893,0.692001228658608,0.488936557399514,0.568536261964319,MAP2K2
ENSG00000141551,38.44126761596686,0.1160812636702118,0.1679127866966169,0.6913187849115163,0.4893652293561441,0.5689001033962839,CSNK1D
ENSG00000155975,13.180350575074524,-0.18917719584092454,0.27380055796850394,-0.690930643986073,0.4896091274383604,0.5690490189763725,VPS37A
ENSG00000092871,7.531809174672714,0.25301423701784287,0.366511927320023,0.6903301588788987,0.48998658619331037,0.5693530585372256,RFFL
ENSG00000109062,4.867030596716923,-0.3113439767809064,0.4515100342031839,-0.6895615893240561,0.49046992943472967,0.5697799605773668,SLC9A3R1
ENSG00000144909,14.211071241048163,-0.16788133609743053,0.24374643212538794,-0.688754024555605,0.4909780723067356,0.5702354637946818,OSBPL11
ENSG00000106443,9.056544304584921,-0.23686568199664776,0.3445188896715223,-0.6875259647518448,0.4917513444871411,0.5708637152869859,PHF14
ENSG00000158941,4.705641491758704,-0.2675462165614218,0.38912034602159545,-0.6875667625628948,0.491725644844791,0.5708637152869859,CCAR2
ENSG00000213445,6.6236739662263435,-0.2328044672712287,0.3387125012073715,-0.6873217446695236,0.4918799990641941,0.5708782039209849,SIPA1
ENSG00000198431,93.1081391760655,-0.08736882106658908,0.12722177839923937,-0.686744220729361,0.4922439253649634,0.571165678687941,TXNRD1
ENSG00000135506,55.66598683781279,-0.09268789420206225,0.1355749697322681,-0.6836652398676633,0.49418657790869114,0.5731491252875403,OS9
ENSG00000168137,9.107792981801598,-0.20231382147258867,0.29585277512566927,-0.6838327657621326,0.49408077370717907,0.5731491252875403,SETD5
ENSG00000198937,16.71708859918569,0.1505563102404115,0.22076913503834003,0.6819626765954625,0.4952625516470891,0.5742614862656432,CCDC167
ENSG00000105698,9.051793002881094,-0.21513297812485788,0.3156967593226441,-0.681454502689369,0.49558394605848055,0.5743630922007956,USF2
ENSG00000198830,8.925115118345428,-0.21611682844218022,0.31710019977304815,-0.6815411298916155,0.49552915084251037,0.5743630922007956,HMGN2
ENSG00000100532,11.958083397783104,0.1860046209457048,0.27354612171888215,0.6799753539801892,0.4965200665480597,0.5751139668555468,CGRRF1
ENSG00000104324,9.478822481242194,-0.18713570636499616,0.2751564452800096,-0.6801065705531987,0.4964369843896146,0.5751139668555468,CPQ
ENSG00000123353,75.848175411386,0.08636854327817123,0.12703571705134942,0.6798760638573794,0.4965829388213442,0.5751139668555468,ORMDL2
ENSG00000118007,6.732520284690891,-0.24190823593063612,0.35660334684063133,-0.678367822606967,0.4975385057486935,0.5759491677854135,STAG1
ENSG00000158796,8.014853281789255,0.21083481478420216,0.31072955279280734,0.678515490043477,0.4974449058032051,0.5759491677854135,DEDD
ENSG00000136169,6.257199797662686,0.2513224375376566,0.37090860881509746,0.6775858838664593,0.49803429886096684,0.576387316204143,SETDB2
ENSG00000111011,29.387099035596115,0.1420407833762336,0.20971393723474838,0.6773073132342025,0.4982109917866181,0.5764560427688818,RSRC2
ENSG00000164040,8.962029807470769,-0.21144911478203296,0.31267556539571384,-0.6762572397188396,0.4988773363857968,0.5770911560734006,PGRMC2
ENSG00000126226,23.74445942315411,-0.159170894076479,0.236738913403661,-0.6723478273513843,0.5013622885754178,0.5798292035913398,PCID2
ENSG00000105202,17.21362513108852,-0.1538491778186382,0.22978392170376227,-0.6695384806643728,0.5031520423766378,0.5816872784427356,FBL
ENSG00000131236,178.76006420385383,0.06020978253420818,0.08993858698524239,0.6694543971886919,0.5032056615099856,0.5816872784427356,CAP1
ENSG00000103111,5.213717366788105,-0.2564442611767058,0.38365973023624916,-0.668415892954919,0.5038681533418305,0.5823161113644767,MON1B
ENSG00000138821,90.59080673161006,-0.1365780230932785,0.2045410221666929,-0.6677292488641852,0.5043064360924594,0.5826855929833871,SLC39A8
ENSG00000104064,8.423230872397223,0.24244153917769162,0.36391289942077654,0.6662075995755432,0.505278416102309,0.5836714002648674,GABPB1
ENSG00000140931,35.813166709360985,-0.10631944456173711,0.1598037481218045,-0.6653125837868274,0.5058505835779323,0.5841950100357132,CMTM3
ENSG00000110651,15.744720320644436,0.16011097744575328,0.24139431210143908,0.6632756838879915,0.5071540069902035,0.5855626857025047,CD81
ENSG00000185728,7.7223748772940235,0.2520404962125829,0.3806779774394951,0.6620832071974592,0.5079178973465257,0.5863069174444039,YTHDF3
ENSG00000116580,7.460631415691863,-0.2535139355475801,0.3833440346024414,-0.6613222397225889,0.5084056819897769,0.5867321562465392,GON4L
ENSG00000115486,7.796313085207432,-0.21816150533100212,0.33054341022719425,-0.6600086360246964,0.5092482873829993,0.5875665846912558,GGCX
ENSG00000143436,7.238340261892794,-0.2654091078078154,0.4025061847300904,-0.6593913780127166,0.5096444773048916,0.587885671708037,MRPL9
ENSG00000084073,9.081764045130075,-0.1920199970085902,0.29295535008613954,-0.6554582360490406,0.512172767295656,0.5906634542339483,ZMPSTE24
ENSG00000165119,164.09419692044534,-0.0882065303800978,0.13470473159687293,-0.6548138980304792,0.512587581394909,0.5910031381920654,HNRNPK
ENSG00000214113,12.779821398631167,-0.1656089602848308,0.25309727113138114,-0.6543293001324549,0.5128996728042091,0.5912242533802213,LYRM4
ENSG00000182544,5.8327582662082085,-0.2403507773946688,0.3681926998928083,-0.6527852873363377,0.5138947099217718,0.592232318141554,MFSD5
ENSG00000120925,6.0338408617112,0.22642994231247035,0.34839852960403234,0.6499164694231524,0.5157461792114818,0.5942266646295947,RNF170
ENSG00000100796,11.38574067390717,0.17190816400691122,0.2646602201315085,0.6495428890729813,0.5159875338606299,0.5943653871052825,SMEK1
ENSG00000184281,31.54378320467053,-0.13013754377542303,0.2011512201736371,-0.6469637303869503,0.5176554175400438,0.596146876445225,TSSC4
ENSG00000133794,7.227275576139334,-0.22514695354706343,0.34838938467401115,-0.6462509004335308,0.5181168801454702,0.5965385072715185,ARNTL
ENSG00000102575,94.23973405848682,-0.09407732815235724,0.1459679262069245,-0.6445068488470062,0.5192468178833309,0.5976994291587463,ACP5
ENSG00000151461,24.004881469930556,0.1263146289731596,0.19616329866114599,0.6439259017119021,0.5196234847045137,0.597936256560287,UPF2
ENSG00000182149,13.528292046216595,0.158232255479147,0.24577316534384175,0.6438142067209689,0.5196959201809088,0.597936256560287,IST1
ENSG00000118058,6.776178962885957,-0.22454536491080015,0.34953096930346994,-0.6424190833741124,0.520601112294391,0.598837515406048,KMT2A
ENSG00000125375,7.151002368701775,0.2219310567988701,0.3456947266744586,0.6419856586584932,0.5208824947553188,0.5990209640130205,ATP5S
ENSG00000085365,6.56009919139076,0.22282421107219713,0.34792497781878023,0.6404375232532372,0.5218881946168663,0.5999288031903418,SCAMP1
ENSG00000111540,14.706797211510365,0.14792402732460386,0.2309888684656784,0.6403946142823901,0.521916083361561,0.5999288031903418,RAB5B
ENSG00000135940,147.99146601908976,0.058874818145008515,0.09202629649986825,0.6397608116837865,0.5223281134782476,0.6002620088007738,COX5B
ENSG00000165006,15.763178134603304,-0.15220317581638715,0.2382678322081546,-0.6387902823718983,0.5229593708235596,0.6008469366908983,UBAP1
ENSG00000074319,78.12671727867672,0.0770676304402066,0.12080761614628938,0.6379368528130148,0.5235147869520831,0.6013444747738514,TSG101
ENSG00000168092,12.252664570439922,-0.2063489411569332,0.32429563594255845,-0.6362988529191407,0.524581652465254,0.602429128351077,PAFAH1B2
ENSG00000141027,56.83874478708735,-0.08627112579369796,0.13627635073215486,-0.6330601408843127,0.526694370074249,0.6045727948014156,NCOR1
ENSG00000204520,12.058368364692852,-0.2803320445590093,0.44281507642809337,-0.6330679768635453,0.5266892531708773,0.6045727948014156,MICA
ENSG00000111897,28.785725886258398,0.108851415068058,0.1722154810454071,0.6320652150857317,0.527344263904785,0.6051774200906384,SERINC1
ENSG00000112695,221.3861698354861,-0.05853254112235348,0.09286996047860992,-0.6302634438595984,0.5285222361878806,0.6062460944508042,COX7A2
ENSG00000165168,182.79682840956116,-0.05453657284782865,0.08651709745094051,-0.630356015800849,0.5284616813385481,0.6062460944508042,CYBB
ENSG00000185122,12.423134125260773,-0.17126370713158684,0.2719020454649379,-0.629872816288436,0.5287777995373141,0.6063976912313562,HSF1
ENSG00000135968,25.55790120808207,0.14164300335234653,0.22509191551903626,0.6292673951693641,0.5291740132164859,0.6067104761889435,GCC2
ENSG00000147533,32.22300152852971,0.09927145694651526,0.15831244275760475,0.6270603574635741,0.5306196715450139,0.6082260475792391,GOLGA7
ENSG00000108788,22.564081216439853,-0.12281364820950037,0.19638079439233008,-0.6253852296989029,0.531718253836322,0.6093431668264194,MLX
ENSG00000168802,23.367248009388966,-0.1371207930718287,0.21941012004991522,-0.6249519987529932,0.5320025628413887,0.6095268346473733,CHTF8
ENSG00000101363,9.676150421508083,0.2368406083646853,0.38023792701097026,0.6228747621955455,0.53336682401399,0.6109474529614796,MANBAL
ENSG00000100100,6.772703566547723,-0.22908905265759688,0.36853824927106044,-0.6216154038575832,0.5341947897317272,0.6116925333937299,PIK3IP1
ENSG00000145088,10.25545479217018,0.1869135961444696,0.3008342605870498,0.6213175180902776,0.5343907297230936,0.6116925333937299,EAF2
ENSG00000173917,13.391453245621909,-0.18108454578478475,0.2914034864724895,-0.6214220288743195,0.5343219816497521,0.6116925333937299,HOXB2
ENSG00000146729,11.733026550096245,0.1553094858931844,0.2501841519810892,0.6207806716107417,0.5347439422090647,0.6119542925047378,GBAS
ENSG00000164144,6.086217747942616,0.25080163666196426,0.4043769707119879,0.6202174080793398,0.5351146620801042,0.6122359602937443,ARFIP1
ENSG00000072609,7.934767024437291,0.18676641843454964,0.30148177402190507,0.619494889999485,0.535590387222211,0.6126376077304341,CHFR
ENSG00000113240,7.038238015384369,-0.20505827927343703,0.33153468832618915,-0.6185122899468216,0.5362376990084341,0.6132352927455074,CLK4
ENSG00000149269,33.850517460614924,0.13003087972050992,0.21052881090572456,0.617639358532919,0.5368130940044493,0.6136242476038934,PAK1
ENSG00000244045,29.30793158597735,-0.10879264232238861,0.17614892275564348,-0.6176174149716911,0.5368275621589618,0.6136242476038934,TMEM199
ENSG00000159128,158.92722465055618,-0.07645599107948116,0.12396846288982512,-0.61673742899781,0.5374079291292446,0.614144782265374,IFNGR2
ENSG00000213626,5.627450406638573,-0.28828182235317784,0.469119149417554,-0.6145172771375907,0.5388735597386252,0.6156765107081154,LBH
ENSG00000090339,36.93238816514015,0.13610786939652264,0.2216101902904568,0.6141769438405823,0.539098407347991,0.6157902309874541,ICAM1
ENSG00000167613,32.00183636551401,-0.13228920907516045,0.2156125568673375,-0.6135505788587053,0.5395123500311481,0.6161198438422174,LAIR1
ENSG00000175806,11.65867153525477,0.1749534235956142,0.2855236985323453,0.6127457177632306,0.5400444881166877,0.6165842506053446,MSRA
ENSG00000154473,44.65587946210865,0.09843435012846706,0.1609117455901203,0.6117288067907876,0.5407171994016988,0.6172089007804756,BUB3
ENSG00000163738,11.45762778917955,0.18233083645588555,0.29815891155858115,0.611522343916465,0.540853830739662,0.6172214872862748,MTHFD2L
ENSG00000134330,20.3485446582577,0.1272599547340043,0.208451778722872,0.6105006899614475,0.5415301864935338,0.6177987975059143,IAH1
ENSG00000165029,9.882105056060333,-0.23577693767094704,0.3862799330899209,-0.6103784263006519,0.5416111558110457,0.6177987975059143,ABCA1
ENSG00000165102,6.108601565506029,-0.2181883494830634,0.35890028812945973,-0.6079358437415358,0.5432300255097378,0.6195015886179743,HGSNAT
ENSG00000165678,159.30161743747462,-0.06267108814434515,0.10318789895585283,-0.607349202556764,0.5436191920140592,0.6198015567417834,GHITM
ENSG00000155926,7.782519495853322,-0.19733557507075736,0.3255765329385444,-0.6061111754267815,0.544440930510222,0.6205944635878522,SLA
ENSG00000112237,16.044482554556268,0.1373377706747393,0.22710232877548187,0.6047395965301364,0.5453520339929259,0.6214888439334967,CCNC
ENSG00000136527,44.930773899081466,-0.0896089639096793,0.14839168353765161,-0.6038678298770208,0.5459315184996427,0.6220049807343483,TRA2B
ENSG00000089057,8.400860398227607,0.22090175218901847,0.36645753547651594,0.6028031376180413,0.5466396592274448,0.6226674282437793,SLC23A2
ENSG00000006715,6.506661822013731,0.21451055579256725,0.3562778821255414,0.6020877706828298,0.5471157145057166,0.6230652656039609,VPS41
ENSG00000113719,19.939582290662813,-0.13789384985294878,0.229353545773724,-0.6012283323886012,0.5476879161486332,0.6235723864583835,ERGIC1
ENSG00000176903,9.790735127175,0.19955919960551147,0.3321095648262495,0.6008836261909991,0.5479174996840765,0.6236892734416382,PNMA1
ENSG00000180448,8.751147005699067,-0.19079769108099415,0.3236951489530711,-0.5894363622627404,0.5555685899432945,0.6322519803106413,HMHA1
ENSG00000138757,36.74161016057944,0.09910275018329577,0.16921399042740776,0.5856652274021664,0.5581005057987523,0.6349863129185155,G3BP2
ENSG00000116991,5.281006272359636,0.23000128224270747,0.3933491887199567,0.584725452189647,0.5587323371702837,0.6355580335311977,SIPA1L2
ENSG00000136940,12.038894157185336,0.14673191329582572,0.2510593879608835,0.5844510117211287,0.5589169150173519,0.6356208563747436,PDCL
ENSG00000114316,14.579036535257178,-0.14474640954177848,0.24796203723649368,-0.5837442342181058,0.5593924020105492,0.6360144061730306,USP4
ENSG00000168876,5.92235894805979,-0.2391888831041242,0.4101936959377104,-0.5831120406600447,0.5598178786523434,0.6363509266013453,ANKRD49
ENSG00000176170,110.8092527993264,0.06611873119796954,0.11346689877520984,0.5827138303035662,0.5600859612939936,0.6365084213225449,SPHK1
ENSG00000065518,96.81619331787886,0.0701571536519942,0.12049237369855803,0.582253892910351,0.5603956771536878,0.6367131462504558,NDUFB4
ENSG00000123091,27.009860273611814,0.10100624980123235,0.1737983301698966,0.5811692764970392,0.561126372126187,0.6371014308290396,RNF11
ENSG00000163874,7.754423532070994,0.19776975507434602,0.3402560011191451,0.5812381101989568,0.5610799858678381,0.6371014308290396,ZC3H12A
ENSG00000196235,9.011373014547498,-0.17060722969930783,0.29353678185198556,-0.5812124416671424,0.5610972833860506,0.6371014308290396,SUPT5H
ENSG00000119878,15.027833480182668,-0.14005177053084353,0.2415504722846801,-0.5798033396754656,0.5620472451944258,0.6379981103493729,CRIPT
ENSG00000152518,65.33928524420709,0.12761495862635414,0.22017279072118193,0.5796127587262163,0.5621757871006887,0.6379981103493729,ZFP36L2
ENSG00000017260,13.954969701057438,-0.15351930450520904,0.26518702450872955,-0.5789095631266657,0.5626501971240624,0.6383890715002639,ATP2C1
ENSG00000166266,11.43084318255459,-0.15540928228216494,0.26919989844886666,-0.5773006720196971,0.5637363597960354,0.6394737931758352,CUL5
ENSG00000164219,9.50056000515968,0.199833921181917,0.34663968758078645,0.5764888682440452,0.5642847919051377,0.6399481808035649,PGGT1B
ENSG00000151353,16.6976806736977,-0.14733958633212557,0.2557275772618661,-0.5761583788096862,0.5645081349427844,0.6400537552166227,TMEM18
ENSG00000093183,8.160000199594915,0.18403854274328105,0.3208456866308046,0.5736045407867777,0.5662354383247394,0.6418641162463137,SEC22C
ENSG00000177663,14.55325100920025,-0.14034168413460757,0.24502754660258586,-0.5727588023489866,0.5668080169997849,0.642364989745605,IL17RA
ENSG00000256053,18.4998374542026,-0.12336840757553703,0.21568144589101645,-0.5719936041131463,0.5673263077113195,0.6428041217646816,APOPT1
ENSG00000126756,80.03246401794411,-0.08277438493779045,0.1448632249622825,-0.5713968121263496,0.5677306895406509,0.6429658005076649,UXT
ENSG00000128585,7.082185498957989,-0.20485982741424744,0.3584563457635154,-0.5715056514842667,0.5676569305122718,0.6429658005076649,MKLN1
ENSG00000256060,23.802979642572154,-0.12041146347763353,0.21105191297459822,-0.5705300737649603,0.5683182306143582,0.6434828998246442,TRAPPC2P1
ENSG00000131100,62.67410249676139,-0.09384234679987753,0.16499574630095612,-0.5687561582872984,0.569521630942712,0.6446969118757169,ATP6V1E1
ENSG00000108578,10.19099422774013,0.16037774981097117,0.2821443143448579,0.5684245319044262,0.5697467366577382,0.6448031929839073,BLMH
ENSG00000226976,20.613390391825448,0.1229913210621284,0.21691775795771157,0.566995170059363,0.5707174631125376,0.645753077074605,COX6A1P2
ENSG00000149792,7.283780834863903,0.18926908077044693,0.33474135487775664,0.5654188764324194,0.5717888882495473,0.6468164357408553,MRPL49
ENSG00000151131,7.826619343560196,0.19684774921445355,0.3489045056772863,0.5641880400264155,0.5726261664164752,0.6476144952291275,C12orf45
ENSG00000169410,7.905532990869464,0.21474253185578343,0.38136920785639156,0.5630830372037978,0.5733783416129118,0.6483159619617691,PTPN9
ENSG00000165898,37.67313373455471,0.09281444815536476,0.1651156776495071,0.5621177193869078,0.5740358164015457,0.6489100533234864,ISCA2
ENSG00000112576,11.320050290854685,0.15332330904674701,0.2729820760709322,0.5616607187312443,0.5743472025322103,0.6489634751076756,CCND3
ENSG00000145495,5.903185363657274,0.20163170537420316,0.358936705694547,0.5617472445010696,0.5742882404093524,0.6489634751076756,MARCH6
ENSG00000062716,47.49726699541442,0.08785608093331036,0.15671794615597542,0.5606000020308494,0.5750702501386182,0.6496310825703839,VMP1
ENSG00000154781,17.16656578265988,0.12489756743046888,0.22314674710450486,0.5597104553443318,0.5756769496785246,0.6501669801701379,CCDC174
ENSG00000106609,33.783569319035564,-0.09242482644653165,0.16552220960994507,-0.5583832324636783,0.5765827201113913,0.650807441955444,TMEM248
ENSG00000147548,27.815315815456593,-0.10975894130951477,0.19658444998340888,-0.5583297220038416,0.5766192527041778,0.650807441955444,WHSC1L1
ENSG00000258315,9.81582709237228,0.15554632030289497,0.278608378279889,0.5582973536662048,0.5766413517041113,0.650807441955444,C17orf49
ENSG00000166847,9.183527500832211,0.16012244612775203,0.2870074465177484,0.5579034553650515,0.5769103118922659,0.6509614862545569,DCTN5
ENSG00000119138,6.968116314108351,0.2098962916950741,0.37665515617740764,0.5572638214362083,0.5773471902965134,0.6513048882270585,KLF9
ENSG00000089280,60.63390839901699,0.08175299630832132,0.14694972902882564,0.5563330864821443,0.5779831727095619,0.6518726900837244,FUS
ENSG00000176915,19.706099336759017,0.12594987209538153,0.2265154748298815,0.5560320865052283,0.5781889201291621,0.6519551063595004,ANKLE2
ENSG00000268001,7.371983798223372,-0.1903611866554046,0.3425061560900866,-0.5557890953800416,0.5783550409356999,0.6519928128373548,CTC-241F20.3
ENSG00000113810,8.869311824089873,-0.16050796332752726,0.2897154532336685,-0.5540193370288412,0.5795656120275238,0.6530578806473863,SMC4
ENSG00000170275,10.196110057328216,-0.1666387131999593,0.30071882683105366,-0.5541346212207003,0.5794867177804521,0.6530578806473863,CRTAP
ENSG00000159377,42.71138457856959,-0.09300140877640435,0.16830816645771104,-0.5525662285660501,0.5805604724444553,0.6540289228775914,PSMB4
ENSG00000102805,12.822148228333361,0.15284351309332136,0.2767627380572672,0.5522546646496006,0.5807738865637522,0.6541193854169788,CLN5
ENSG00000104671,27.320984715274108,-0.11438537367523798,0.2076609462400296,-0.5508275665036365,0.5817518851066625,0.6550707523863749,DCTN6
ENSG00000170876,9.20518107877999,0.1776633582566278,0.3226854920643496,0.5505774589370084,0.5819233645008055,0.6551137258091543,TMEM43
ENSG00000048828,11.28444492841599,-0.16456785825741818,0.29974481002624376,-0.5490265477591076,0.5829872311686672,0.6561610751174601,FAM120A
ENSG00000115084,10.620363179198097,0.1675792584776813,0.3056685599505587,0.5482384531297132,0.5835281817834963,0.656619529490291,SLC35F5
ENSG00000176871,8.693573937668083,0.2012204254714167,0.3677143236923989,0.5472194377713226,0.5842279836333673,0.6572564815875381,WSB2
ENSG00000122674,11.255804482113462,0.15356044632004026,0.28135244849577057,0.5457938864262226,0.5852076261721944,0.6582078908240245,CCZ1
ENSG00000010270,41.00956614261041,0.08096738330398344,0.14943997080413107,0.5418054009800783,0.5879525703140267,0.6611439200281756,STARD3NL
ENSG00000139132,7.1004366286028056,0.1925147034515606,0.35671812389865837,0.5396829893236739,0.5894156731169782,0.6626375240669939,FGD4
ENSG00000133703,53.392155435209666,-0.07048389823506124,0.13103012954102325,-0.5379213046797299,0.5906313794039826,0.6638523784060317,KRAS
ENSG00000108587,20.43085936210927,-0.11840369403837106,0.22049270936086737,-0.5369959595561354,0.5912704049974042,0.6641149188930844,GOSR1
ENSG00000111707,18.46297628225914,0.11212100191550352,0.20877243695071132,0.5370488727013996,0.5912338556288341,0.6641149188930844,SUDS3
ENSG00000180389,16.334730125886356,-0.11917659056056491,0.22190440623086163,-0.5370627496083955,0.591224270428601,0.6641149188930844,ATP5EP2
ENSG00000254505,94.81253493331084,0.059070002856219196,0.11036323954545883,0.5352325928407362,0.5924890312291236,0.6653316040813331,CHMP4A
ENSG00000173915,57.554948540764684,-0.07317121664987875,0.1368297462429201,-0.5347610344900774,0.5928151105590891,0.6655456827250089,USMG5
ENSG00000115806,9.031619937373208,-0.16784440235315054,0.3146885198265379,-0.533366779460749,0.5937797090889569,0.6664763568897063,GORASP2
ENSG00000119979,7.311942564846829,0.17579191818177617,0.3300744644102125,0.5325826052490511,0.5943225459431631,0.6669333160001607,FAM45A
ENSG00000111802,54.29968992596932,0.09293897224057503,0.17497631120787172,0.531151740478536,0.5953136321462391,0.6677405132085412,TDP2
ENSG00000172845,12.436021839283427,0.13392378438134409,0.2521072641274178,0.5312174754062522,0.5952680844287752,0.6677405132085412,SP3
ENSG00000160446,24.412143790960172,-0.10680504864278276,0.20146662529140372,-0.5301376765918359,0.5960164782118709,0.6683763062375933,ZDHHC12
ENSG00000077984,7.061057422112862,0.17562355122421572,0.3314983991547672,0.5297870266402767,0.596259601101329,0.6684963905571369,CST7
ENSG00000101166,22.808890231131095,-0.12257092123928222,0.23155457266927978,-0.5293392388080602,0.596570140138487,0.6685394911380901,SLMO2
ENSG00000133805,10.154177306048851,-0.14603500319302082,0.2758640566133522,-0.5293730723234514,0.5965466741618726,0.6685394911380901,AMPD3
ENSG00000246067,20.08137232943954,-0.1110688268684901,0.21036070792185269,-0.5279922660735258,0.5975047038377403,0.6694341346690963,RAB30-AS1
ENSG00000121390,17.31343857534631,0.11653534388798194,0.2222668467569873,0.5243037618444033,0.6000672808280759,0.672151953040612,PSPC1
ENSG00000129128,124.87677140975778,0.07042759069711806,0.13468945614228534,0.522888670830467,0.6010517289646473,0.6731012297475563,SPCS3
ENSG00000148484,11.415345127538252,0.16478328085506438,0.3162109876856909,0.5211181371687709,0.6022844769111838,0.6743280746278326,RSU1
ENSG00000163939,14.113808097865093,-0.12866522383689025,0.24704037819010877,-0.520826695536697,0.6024875045797673,0.6744017306389468,PBRM1
ENSG00000112304,12.194831217907957,0.14434603126459483,0.27825841565547865,0.5187481245610004,0.6039363973628008,0.6757157232788714,ACOT13
ENSG00000157637,7.807266885076581,-0.1947081436382749,0.3753032173656819,-0.5188022234527191,0.603898667250646,0.6757157232788714,SLC38A10
ENSG00000102710,6.8251418449850485,0.18376964398688786,0.35551652572492903,0.5169088655222583,0.6052197785699922,0.6769974941709405,SUPT20H
ENSG00000075790,22.94361684961719,0.10373442787011743,0.20101280683352904,0.5160587999551005,0.6058133421496105,0.6775072287945347,BCAP29
ENSG00000151665,10.763781154913795,0.14908256509318807,0.2904730264922159,0.5132406505813137,0.6077829937082554,0.6794038077781709,PIGF
ENSG00000160271,6.899348832795523,-0.20141351818714107,0.39243785602502235,-0.5132367204001305,0.6077857425707853,0.6794038077781709,RALGDS
ENSG00000079277,18.02995109593605,-0.13424662889743397,0.26216415287659184,-0.5120708816381455,0.6086014026675273,0.6801608580187012,MKNK1
ENSG00000109787,14.032995189319282,-0.12152195077711173,0.2384053920113054,-0.5097281976380343,0.6102418953112165,0.6816841722117113,KLF3
ENSG00000261005,9.411851490867413,0.15632382300594275,0.3066268180913545,0.5098178430021363,0.610179083956255,0.6816841722117113,CTB-58E17.1
ENSG00000104343,8.575314913725324,0.1678203546597478,0.3298824287130247,0.508727777088546,0.6109430494766224,0.6823123057109368,UBE2W
ENSG00000243646,67.9808837087754,0.06681258232652786,0.13142872745570297,0.5083560011569503,0.611203703137152,0.682448306570317,IL10RB
ENSG00000148290,22.013761282471457,-0.10930937880084654,0.21547705777014925,-0.5072901028630508,0.6119512819068398,0.6831278053816926,SURF1
ENSG00000197548,17.824854300825237,0.10720496696559872,0.21221485170573814,0.5051718393124132,0.6134381475118342,0.6846320819607434,ATG7
ENSG00000185619,7.078966268849668,-0.1871101682827016,0.37132885844237407,-0.5038934196161835,0.6143362749677539,0.6853231453329268,PCGF3
ENSG00000240682,15.93028709940774,0.13622999404765285,0.27032327886337754,0.5039521369393571,0.6142950116316095,0.6853231453329268,ISY1
ENSG00000143569,6.00261255651248,0.19054077483037635,0.3788881082741487,0.5028945767084051,0.6150383942971247,0.6859506739845825,UBAP2L
ENSG00000129657,28.361008166671446,0.09852340074985094,0.19607412321312334,0.5024803841288156,0.6153296473026677,0.6861197837180188,SEC14L1
ENSG00000163463,24.51789473536034,0.10702141890084063,0.2135539998488241,0.5011445300795191,0.61626940946482,0.6870117690812445,KRTCAP2
ENSG00000166024,5.17219697290621,0.18761564851760804,0.3750574826512963,0.5002317169926741,0.6169119278672639,0.6875720602267487,R3HCC1L
ENSG00000198252,9.74042855816918,0.14171350353471823,0.28353129497707436,0.49981609101096525,0.6172045793619327,0.6877422455747251,STYX
ENSG00000166747,4.931944220036854,0.23737738099166894,0.4763815699171997,0.4982925368689803,0.6182778673547759,0.688625893060147,AP1G1
ENSG00000198113,9.752370245856698,-0.16925182307286304,0.3396605490735479,-0.49829697188711297,0.6182747418633705,0.688625893060147,TOR4A
ENSG00000180370,42.003163958841796,0.07376982307667267,0.14828157017901658,0.49749825947764253,0.6188377299978549,0.6890932710649126,PAK2
ENSG00000198851,6.587652525938991,-0.17212739991777612,0.3462200897852236,-0.49716179099992364,0.6190749634139707,0.689201261942966,CD3E
ENSG00000175029,12.578751635179913,-0.12450543942977693,0.25174180077976605,-0.49457594664105603,0.6208994845514944,0.691075892884721,CTBP2
ENSG00000107625,6.636651378459765,-0.1863347854279453,0.37831663482144623,-0.4925365904565353,0.6223400616316084,0.6925224327123468,DDX50
ENSG00000122122,10.648681987629542,0.13598297129523176,0.27649045315906173,0.49181796239815323,0.6228480371809225,0.6929307798748139,SASH3
ENSG00000140030,8.392255612608682,-0.18109312622864202,0.36852612965822734,-0.49139833421469614,0.62314474218643,0.693103952717093,GPR65
ENSG00000148180,16.766612493101167,-0.11160462815497815,0.22731511737638965,-0.4909687901231073,0.6234485217716319,0.693284914230776,GSN
ENSG00000154144,39.067073063948,-0.08404636515705712,0.17183946871190384,-0.48909814367480625,0.6247722156255633,0.6945921837834467,TBRG1
ENSG00000169905,5.866838621795364,-0.17510131014680433,0.35814774383530634,-0.4889080363084023,0.6249068059639027,0.6945921837834467,TOR1AIP2
ENSG00000108010,55.91160689151841,0.07170744641007046,0.14674850135506365,0.48864176293406586,0.6250953405928505,0.6946446186506711,GLRX3
ENSG00000013583,38.059903789655266,-0.09432645917206066,0.19325254553537813,-0.48809943957396734,0.6254794080261912,0.694914268831269,HEBP1
ENSG00000162928,5.881570240669626,0.17931418888663947,0.3676135445365346,0.4877790591549291,0.6257063456938073,0.6950092637295138,PEX13
ENSG00000002586,9.688951662252622,0.14554336262561798,0.3012982503969926,0.4830541247214316,0.6290573060786957,0.6985734693945109,CD99
ENSG00000145734,10.74415022681346,0.1278236792648808,0.26512322181464165,0.4821293223203492,0.6297140809699193,0.699144824646675,BDP1
ENSG00000109854,106.9027509072839,0.050164196634184435,0.10416553356772737,0.48158152621152933,0.630103252215334,0.6994188799155527,HTATIP2
ENSG00000169020,19.655470048781652,-0.11935723599619832,0.24806776189332402,-0.48114771175919757,0.6304115202375662,0.6996030285563235,ATP5I
ENSG00000100697,7.971677588508707,-0.19308978284058942,0.40372522929608295,-0.4782702908541337,0.6324578388759724,0.7017154708142985,DICER1
ENSG00000167553,23.949085087850268,-0.08865763275607302,0.18566898244774965,-0.47750373588126255,0.6330034612123319,0.7021623043786454,TUBA1C
ENSG00000197223,14.059175670411063,-0.11975716427596589,0.25097526302267337,-0.4771672029890328,0.6332430633914248,0.7022695584530492,C1D
ENSG00000169609,8.778828366009016,-0.16214059317211008,0.34208512459230345,-0.4739773276179401,0.6355160750566057,0.7046313160713358,C15orf40
ENSG00000017797,9.62292118463641,-0.13691901173665755,0.28972635053193313,-0.47258045906171925,0.636512526482367,0.705576935514178,RALBP1
ENSG00000136732,14.90067626463274,-0.1401596393440985,0.2967221747850992,-0.4723598411396419,0.6366699637330233,0.705592287276517,GYPC
ENSG00000004455,8.31658233469972,0.17436786250786437,0.37003487300790394,0.4712200801250964,0.6374835806236265,0.7058572138766338,AK2
ENSG00000116754,48.00054512494498,0.06538036961638789,0.13858526829013199,0.4717699826471623,0.6370909788163611,0.7058572138766338,SRSF11
ENSG00000177576,11.422700313162384,-0.12652672748825436,0.26841717072328175,-0.47138089991528165,0.6373687531246834,0.7058572138766338,C18orf32
ENSG00000206172,1077.9595105676394,0.4746289851098842,1.0065580670605638,0.4715366163582952,0.6372575777789121,0.7058572138766338,HBA1
ENSG00000048544,13.723203225853744,-0.11404019526539108,0.24286301144778635,-0.46956592766251204,0.6386651724561276,0.7063697180844949,MRPS10
ENSG00000067064,16.430524643111177,0.1164104179777588,0.24778860512054302,0.46979730129691805,0.6384998426829008,0.7063697180844949,IDI1
ENSG00000134294,10.81514586016377,0.13213459299353933,0.2809468373864791,0.47031884830143483,0.6381272332607721,0.7063697180844949,SLC38A2
ENSG00000167657,10.155693003516351,-0.12977251493478223,0.2763540087425977,-0.4695879590285056,0.6386494290037081,0.7063697180844949,DAPK3
ENSG00000184221,12.431996997423784,0.13367594090101154,0.28452789509503823,0.4698166443622724,0.6384860217637192,0.7063697180844949,OLIG1
ENSG00000066336,493.8077163227668,0.030879004716689442,0.066298584147045,0.4657566238247602,0.6413897165067715,0.7089837688046058,SPI1
ENSG00000107521,33.35745931755029,0.08686177370510786,0.18653621862679642,0.46565634462062555,0.641461505108929,0.7089837688046058,HPS1
ENSG00000182568,8.408882497168788,-0.14239909430367234,0.305557359550106,-0.4660306481026565,0.6411935631250851,0.7089837688046058,SATB1
ENSG00000164008,10.742748872040046,-0.13340478673374379,0.2873732187900032,-0.4642213609725017,0.6424891585244934,0.7099599111736812,C1orf50
ENSG00000178950,10.733026602971748,0.14856635223927103,0.32028398088204085,0.4638582043039716,0.6427493392578991,0.7100877367610874,GAK
ENSG00000143368,49.42066045734799,-0.06631155211561736,0.1436177001796283,-0.4617226987528619,0.6442801912037112,0.7114157244761585,SF3B4
ENSG00000145246,5.785255654686672,0.18497864507864717,0.40080164463687007,0.46152167176419523,0.644424376650518,0.7114157244761585,ATP10D
ENSG00000185127,8.210632410771442,0.17962033411968756,0.38931633279451844,0.4613737441488009,0.6445304854228444,0.7114157244761585,C6orf120
ENSG00000204304,5.379247337960522,-0.20284359384457468,0.4394259898181388,-0.46161037022075935,0.6443607565453258,0.7114157244761585,PBX2
ENSG00000135956,20.62116475716384,0.12800425186096215,0.28092790212437835,0.4556480537995453,0.6486430818925792,0.7157943194296282,TMEM127
ENSG00000126777,61.228980831052276,-0.05998102823283438,0.13183423165168595,-0.4549730937205134,0.6491285959879347,0.7161692682273713,KTN1
ENSG00000111790,52.62490797455993,-0.06591423558740298,0.14543930655431628,-0.4532078510893231,0.6503990795871333,0.7174098938476258,FGFR1OP2
ENSG00000126581,18.14334067021077,-0.09839911837566015,0.21735030569008626,-0.45272132497464584,0.6507494219161493,0.71763524670017,BECN1
ENSG00000170502,8.225588289828105,-0.14891630652492668,0.32932621607388346,-0.4521847920285755,0.6511358631162572,0.7179002987106321,NUDT9
ENSG00000069329,45.096723646222415,-0.0679217648230804,0.1503141950491578,-0.4518652732755393,0.6513660430436128,0.7179929868811828,VPS35
ENSG00000184924,19.63704613232221,-0.0942372010610066,0.2092752519367306,-0.45030265255395313,0.6524922266272699,0.7190730660790321,PTRHD1
ENSG00000137806,12.340199984866219,-0.11523632655583146,0.25653913937167316,-0.4491958881520897,0.6532903534318659,0.7197912100368138,NDUFAF1
ENSG00000171530,53.75235788544141,-0.07993402489983296,0.1782072194687692,-0.4485453795761703,0.6537596433274526,0.720146802804551,TBCA
ENSG00000155508,13.937339488955267,0.11253555378461348,0.25274397581649705,0.44525513781708925,0.6561353843797598,0.7226018105876602,CNOT8
ENSG00000198833,20.070884014659278,-0.11204328077230942,0.2525316175562468,-0.4436802086667577,0.6572738063826254,0.7236933642312842,UBE2J1
ENSG00000068323,14.349610174032303,0.10717747967967302,0.24225591072423186,0.44241430212894495,0.6581894314205448,0.7245391724911642,TFE3
ENSG00000182872,8.834432874301392,0.13290273862224208,0.3017576172156698,0.4404287780654594,0.6596265856348662,0.7259585759932212,RBM10
ENSG00000185591,6.655061296858876,0.14625335496865685,0.3329134417316839,0.4393134569992272,0.6604344247306067,0.7266848999386927,SP1
ENSG00000205758,12.57312096184417,0.11018820145982525,0.2511304152922909,0.43876884180507214,0.6608290393144505,0.7269563239738549,CRYZL1
ENSG00000140157,24.528939586007958,-0.08416750998268391,0.19210715741067977,-0.4381279235877383,0.661293553456763,0.7273045035108625,NIPA2
ENSG00000223609,18.42227968736724,0.8595308875941231,1.9656946684998882,0.4372657164757284,0.6619186554840908,0.7278291056273937,HBD
ENSG00000166340,35.60354109393381,-0.10292412592068051,0.23569444938972017,-0.4366845557338337,0.6623401312934327,0.7281296208447267,TPP1
ENSG00000113552,21.167615042452702,0.09375744010475656,0.21556274819344057,0.43494268323495766,0.6636040316652507,0.7293558961312999,GNPDA1
ENSG00000152102,6.121313574054742,-0.1604906692100511,0.3693491854593745,-0.43452287301092146,0.6639087887783456,0.7295276806924843,FAM168B
ENSG00000136381,6.951452576140143,0.14796350351077778,0.34086785466199476,0.4340787829861477,0.6642312320879034,0.7297188183500911,IREB2
ENSG00000143622,90.14183019550347,-0.05829444806150662,0.13465463411160897,-0.4329182463426328,0.6650741637769146,0.730380930845635,RIT1
ENSG00000174574,30.040150016147827,-0.10145502300027479,0.2343939571297777,-0.4328397550970217,0.6651311895674027,0.730380930845635,AKIRIN1
ENSG00000142444,7.238092473003822,-0.15339467681112678,0.3549717784319603,-0.4321320345203975,0.6656454531578005,0.7307823406651992,C19orf52
ENSG00000114742,7.819268135369741,0.15264411756545992,0.3561420212761552,0.4286046252517294,0.6682109789851371,0.7331990029089147,WDR48
ENSG00000144021,16.948370402129157,-0.09396250904839008,0.21928746054041667,-0.42849011437693196,0.6682943292692366,0.7331990029089147,CIAO1
ENSG00000177613,8.524863675923974,0.1334193516055197,0.31120605411419466,0.42871708259429464,0.6681291274093617,0.7331990029089147,CSTF2T
ENSG00000179630,41.29427839840996,0.07329066230943589,0.17113274345801324,0.42826790962664296,0.6684560795407744,0.7332127622462868,LACC1
ENSG00000166619,16.63429305785685,-0.10432741987440816,0.24449127272394447,-0.4267122450305391,0.6695889306144391,0.7342914539253189,BLCAP
ENSG00000121579,25.809616506480133,-0.08218356211828211,0.19272128806695535,-0.4264373850061123,0.6697891647929961,0.7343471565802729,NAA50
ENSG00000134255,4.917392444174357,-0.16237876891393335,0.3817314617000522,-0.4253743408803004,0.6705638080384226,0.7350324677003811,CEPT1
ENSG00000135974,10.58538715317665,0.13210246088762734,0.31189479758975364,0.423548138373845,0.6718953844858726,0.7363278143094509,C2orf49
ENSG00000135272,9.39328642611099,0.12578991214975757,0.29738726944781124,0.42298351366325904,0.6723072895673781,0.7363420153360938,MDFIC
ENSG00000140299,35.64317338480949,0.08003099894584641,0.18912424858354063,0.42316624941140124,0.6721739693907121,0.7363420153360938,BNIP2
ENSG00000156973,11.036785051650213,0.11903351564554954,0.28146021723628883,0.42291417527621544,0.6723578801003363,0.7363420153360938,PDE6D
ENSG00000109171,8.996407918411919,-0.12922465012981896,0.3057713062169096,-0.4226186287020304,0.6725735328265638,0.736414068696465,SLAIN2
ENSG00000083312,12.943222618280348,0.10578583585419528,0.2506320560603134,0.4220762400350673,0.6729693699419248,0.7365192614464628,TNPO1
ENSG00000128609,22.82463928259044,-0.08684550280460664,0.20570090933469015,-0.4221930913455651,0.6728840837909156,0.7365192614464628,NDUFA5
ENSG00000176014,9.1176079196105,-0.12202774893990767,0.2899738996656301,-0.4208232157467216,0.6738841777485869,0.7373562345705981,TUBB6
ENSG00000104825,16.24487930723025,0.11275999033038606,0.26819686387355646,0.4204373932707418,0.674165956184142,0.7375003358612809,NFKBIB
ENSG00000205531,11.993203682057292,0.11787059046486936,0.28103302593915996,0.4194189991406449,0.6749099413156909,0.7381498890775217,NAP1L4
ENSG00000109445,9.870379729519787,0.1323237986514876,0.316440893554019,0.41816276387457135,0.6758281184558625,0.7389896248536068,ZNF330
ENSG00000140450,6.074223411716291,-0.17612695675026446,0.42311837635179506,-0.4162592943111185,0.6772202754075436,0.7401354009634318,ARRDC4
ENSG00000173451,9.585972812582416,-0.1341528219304129,0.3223957012310347,-0.41611231607048166,0.6773278180977926,0.7401354009634318,THAP2
ENSG00000198000,4.377545437859753,-0.19302953840017803,0.4636888957102069,-0.41629105244050596,0.6771970391270028,0.7401354009634318,NOL8
ENSG00000081087,24.243777857034445,-0.08877728447708012,0.2144228560045061,-0.41402901785439544,0.6788528555781568,0.7416369347067724,OSTM1
ENSG00000218739,5.44440713542909,0.1619417901523497,0.3923876201038947,0.41270871417775984,0.6798200395472545,0.7425284895166055,CEBPZ-AS1
ENSG00000214078,12.171106512965281,0.11428194196322299,0.2770565474841689,0.41248598165597616,0.6799832535039008,0.7425417128262597,CPNE1
ENSG00000152240,6.783664947987193,-0.1407171046148747,0.3423595701203609,-0.41102138481306005,0.681056854094505,0.7434687835523385,HAUS1
ENSG00000156599,7.229381402980654,0.13271897643335084,0.32298395945413483,0.41091507038818603,0.6811348114677712,0.7434687835523385,ZDHHC5
ENSG00000114796,6.854125712300595,-0.17195732920534273,0.41913559684720725,-0.4102665831745818,0.6816104025936979,0.7438226778470867,KLHL24
ENSG00000144747,26.065800488825886,0.08662590040042571,0.21127279847986044,0.4100191838405705,0.6817918750381162,0.7438555226326162,TMF1
ENSG00000004961,39.2371516049657,-0.07490216473326433,0.18285460576242496,-0.40962689685039416,0.6820796632601673,0.7440043208125333,HCCS
ENSG00000136279,107.16833697136612,0.04422904306490795,0.10806549968066304,0.40927995702241854,0.6823342225939023,0.7441168153187829,DBNL
ENSG00000162419,8.07509796187483,-0.12424262413748188,0.304275276849006,-0.4083230994778988,0.6830364826564579,0.7447173897878487,GMEB1
ENSG00000138593,8.709140739390548,0.12018505468912383,0.2956367838759986,0.4065294349147501,0.684353633857112,0.7459879673411376,SECISBP2L
ENSG00000181467,23.169504679793345,-0.07865650276519853,0.19404621295127944,-0.40534933183647026,0.6852207494348237,0.7467675233361551,RAP2B
ENSG00000103061,7.5005861629706,0.1486007405659378,0.36748197852912906,0.40437558641847443,0.6859365500806445,0.7469100243586244,SLC7A6OS
ENSG00000108829,48.54168855548151,0.08292799194121903,0.2050924783563983,0.4043443845712926,0.6859594912353423,0.7469100243586244,LRRC59
ENSG00000136875,5.2282000648998395,-0.15225350687775774,0.37617783572976937,-0.4047381116497527,0.6856700246679869,0.7469100243586244,PRPF4
ENSG00000158050,29.709499431338656,0.07843341987325746,0.19390698225519012,0.40448992068803186,0.6858524882953372,0.7469100243586244,DUSP2
ENSG00000078140,25.50257496057958,-0.07772695371360243,0.1929742317668308,-0.40278410750467075,0.687107053502042,0.7478695081816525,UBE2K
ENSG00000168591,18.15733237727934,0.08713934487084671,0.21637031078854987,0.4027324476878185,0.6871450609361337,0.7478695081816525,TMUB2
ENSG00000180104,11.181142007277753,-0.1078573607049662,0.2681108553033111,-0.4022864370148245,0.6874732351466581,0.748061000334517,EXOC3
ENSG00000071054,8.788527052516855,0.1212832628134722,0.30336305663448687,0.3997957568037126,0.6893069562645758,0.7498902774151264,MAP4K4
ENSG00000232956,8.147143079069622,-0.14020662385026236,0.3556152317345637,-0.3942649564429079,0.6933854329505773,0.7541602517749306,SNHG15
ENSG00000132196,5.682417812492615,0.14459509794789865,0.36699360792882096,0.3939989548154286,0.693581810891545,0.7542069083250835,HSD17B7
ENSG00000135018,21.778413743837035,-0.09663097898382614,0.24622648808655181,-0.3924475377720495,0.6947275672989118,0.7552856782537285,UBQLN1
ENSG00000117450,468.9230491007671,0.03217285495304202,0.08213269364066743,0.3917180056677436,0.6952665845382285,0.7557044893653738,PRDX1
ENSG00000167258,12.395415725034626,-0.12319994960202986,0.3158470215682878,-0.3900620907878132,0.6964906341176,0.7568675311928099,CDK12
ENSG00000120727,109.10312663802607,-0.03918038468144753,0.1007625417870827,-0.3888387885672638,0.6973954052245752,0.7576831795873453,PAIP2
ENSG00000165487,10.23199310549501,-0.11446255332855997,0.2972386057799925,-0.38508642922811265,0.700173382092564,0.7605331564108885,MICU2
ENSG00000168615,15.61057265965519,0.08904393208104866,0.23196108163599924,0.38387444761435996,0.7010715059527939,0.7613404155253103,ADAM9
ENSG00000168216,9.03766023522618,-0.11646086101855957,0.30409715274185345,-0.3829725466631469,0.7017401196988352,0.7618981326115944,LMBRD1
ENSG00000112031,8.293907161669487,0.1158057729546834,0.3028999296767165,0.3823235385966656,0.7022213971935427,0.7622522522220166,MTRF1L
ENSG00000147592,7.434999216648274,0.11845838723885763,0.31112339926786203,0.38074406334468835,0.7033931692846955,0.7633555728500427,LACTB2
ENSG00000167380,8.28730814842137,-0.11451771685833562,0.30100180600792237,-0.38045524834931227,0.7036075100101951,0.7634195858224991,ZNF226
ENSG00000164919,75.46382293092839,-0.05103806542702926,0.13427015391903474,-0.38011474581168164,0.70386024030254,0.7635252143149407,COX6C
ENSG00000138434,14.41466510186549,-0.0925713122862134,0.24443445232752634,-0.3787163037155411,0.7048985450533951,0.7644827743086259,SSFA2
ENSG00000100614,18.347075399837802,0.08295850886231206,0.21922299054795558,0.3784206604195771,0.7051181225528429,0.7645521743655493,PPM1A
ENSG00000014216,20.367919567071937,-0.083675063179966,0.22172823845179665,-0.37737666507532736,0.7058937057180902,0.7652242819101467,CAPN1
ENSG00000134056,28.92911182172253,0.062201112926602874,0.16504623172030936,0.37687084569134616,0.7062695884199897,0.7654628931397948,MRPS36
ENSG00000073921,32.730346148153096,0.06385166791382993,0.16987197649985944,0.3758811148811397,0.7070052808742388,0.7660912789891972,PICALM
ENSG00000090376,24.577684208626035,0.0815023601217383,0.21706639553821466,0.3754720297430367,0.7073094444071188,0.766251898107712,IRAK3
ENSG00000134265,7.041154615609965,0.12550851493663495,0.33510629084693844,0.37453344913170145,0.7080074756306824,0.7668390423736332,NAPG
ENSG00000141428,13.892294104245739,-0.09693017395863583,0.2592359541133123,-0.3739071391164651,0.7084734048345498,0.7671745948340629,C18orf21
ENSG00000198356,42.58159053685412,0.05754341997334451,0.1541329095860733,0.3733363635830816,0.7088981154576064,0.7674653754921079,ASNA1
ENSG00000123636,22.126182597518678,-0.07652548886231024,0.20534737398501657,-0.3726635864741763,0.7093988410468107,0.76783830504494,BAZ2B
ENSG00000138386,6.951131144011154,-0.13189441077226094,0.3548432907944668,-0.3716976315853669,0.7101179885917166,0.7684474335916528,NAB1
ENSG00000109790,9.174981947571307,-0.1052069419792615,0.2837619002855916,-0.37075781446831363,0.7108179245932353,0.7690355089060235,KLHL5
ENSG00000170759,85.4912604007726,-0.04114160803036105,0.1116128855916759,-0.3686098411689967,0.7124185591701615,0.7705975786401438,KIF5B
ENSG00000109180,32.964660925918665,-0.0706229057889825,0.1924934947243568,-0.36688463623205425,0.7137050720597191,0.7718192614659903,OCIAD1
ENSG00000167881,7.276328982653076,-0.1161960391456941,0.31770003066229413,-0.3657413532616467,0.7145580854083904,0.7725717121445171,SRP68
ENSG00000187231,9.933271759605454,0.10428745537097005,0.2863326585630633,0.36421781537016423,0.715695364565629,0.7736311089915312,SESTD1
ENSG00000139826,11.845051858801714,0.11765846658646546,0.32542616621446574,0.3615519549492064,0.7176868733517691,0.7755720637746044,ABHD13
ENSG00000179344,176.16829884368468,0.0496081623823744,0.1372697743707515,0.36139173834720434,0.7178066231271675,0.7755720637746044,HLA-DQB1
ENSG00000134086,11.007844326299038,-0.099137113637327,0.2753867314742788,-0.35999233916099704,0.718852862509816,0.7763610915106013,VHL
ENSG00000198783,11.37711463398304,-0.09312724683036722,0.2585914782314534,-0.3601326983676286,0.7187479012806167,0.7763610915106013,ZNF830
ENSG00000112679,19.673726358242728,-0.07406811761726115,0.20658113055956062,-0.35854251265173576,0.7199373591246867,0.7773614991735246,DUSP22
ENSG00000125633,11.659125590854156,-0.09396368643169214,0.2622528219551745,-0.3582942815683137,0.7201230970862734,0.777391234420463,CCDC93
ENSG00000110031,82.15912827962813,-0.052150932623597636,0.14571468358516362,-0.35789757998628724,0.7204199618248208,0.7775408944447989,LPXN
ENSG00000075239,6.078656731658649,-0.13228733807063559,0.3727510566761945,-0.35489460244656634,0.7226685522498058,0.7797965010442568,ACAT1
ENSG00000170909,40.84663328096624,0.05314401814266441,0.15009445854277342,0.3540704877356921,0.723286058640451,0.7802914801666687,OSCAR
ENSG00000104695,11.632661927765122,0.09793324405525015,0.27762867232184724,0.3527490270951512,0.7242766006770731,0.781018092042835,PPP2CB
ENSG00000158411,19.486053337568443,0.08832815331754312,0.25040023926764454,0.35274787905906146,0.7242774614243385,0.781018092042835,MITD1
ENSG00000083896,16.54445179436635,-0.08036360956803712,0.22809718428567866,-0.3523217957280275,0.724596944140182,0.7811911767233117,YTHDC1
ENSG00000161057,42.74464805112562,-0.05574959917058802,0.15867943545656032,-0.3513347461199526,0.7253372306933992,0.7818177564438173,PSMC2
ENSG00000133612,5.945950475442835,-0.12561141693668096,0.35854648099509656,-0.3503350990590221,0.7260872270262632,0.7824545249138284,AGAP3
ENSG00000056097,24.49530974661185,0.06583387104057413,0.18826030691607534,0.3496959721303453,0.7265668768318401,0.7824978871922834,ZFR
ENSG00000077150,21.34918565619832,-0.06919686037819976,0.19788720247003524,-0.34967829912436,0.7265801415334237,0.7824978871922834,NFKB2
ENSG00000186088,18.3009246354138,-0.07666530770629333,0.2192661733477832,-0.34964493855006396,0.7266051809642632,0.7824978871922834,GSAP
ENSG00000129559,124.61080607484473,-0.041623592516479894,0.11929993673133697,-0.3488986973246773,0.7271653631889039,0.7829295781573782,NEDD8
ENSG00000102910,5.022914871289567,-0.13656619313539622,0.3919747360606814,-0.3484056000850383,0.72753559742405,0.7831210910840755,LONP2
ENSG00000133318,48.442337841037,0.051504806616861715,0.1479014580092054,0.3482373149672131,0.7276619661965584,0.7831210910840755,RTN3
ENSG00000143158,13.281148119885453,0.09783775686460196,0.2814803076285597,0.3475829541642689,0.7281534096021238,0.783478400434604,MPC2
ENSG00000168385,59.55174533275134,0.050308539719320894,0.14627581125978661,0.3439293160368987,0.7308994442464507,0.7862609170374472,SEPT2
ENSG00000108604,6.952094167196313,-0.11566601287153991,0.33739220240200374,-0.34282361017260127,0.7317311627994474,0.7864866764099814,SMARCD2
ENSG00000147251,5.604645679215757,-0.12793616730486926,0.373202217849163,-0.34280655683717604,0.7317439928916787,0.7864866764099814,DOCK11
ENSG00000183696,109.80526488453471,0.04169282842235705,0.1216246283214736,0.3427992257633557,0.7317495084547079,0.7864866764099814,UPP1
ENSG00000223482,7.224192356608728,-0.11543786622494577,0.336385924050523,-0.34317091760238977,0.7314698820666341,0.7864866764099814,NUTM2A-AS1
ENSG00000156928,5.838762093982222,-0.1441139926688886,0.42466511376578353,-0.33935915147570167,0.7343391870449429,0.7890974776161929,MALSU1
ENSG00000163349,7.351039167998742,-0.12861484224507358,0.38041848059529904,-0.3380877870176292,0.7352970337720438,0.7899540061118984,HIPK1
ENSG00000101343,5.8287288755618505,-0.12058427470975837,0.3570042302428625,-0.337767075274507,0.7355387232836212,0.7900409368777519,CRNKL1
ENSG00000105778,7.238559946458041,-0.11574574952229193,0.3433003960782278,-0.3371558869274271,0.7359993894731844,0.7902351010422319,AVL9
ENSG00000146282,6.529998204669967,-0.12508529425896875,0.3712958928917208,-0.3368884403346922,0.7362009997615391,0.7902351010422319,RARS2
ENSG00000184922,43.6044529703799,-0.048910417869208155,0.1451833648710598,-0.336887204072219,0.736201931740199,0.7902351010422319,FMNL1
ENSG00000169241,6.207900220439505,0.11177641647917531,0.3332794494884419,0.33538346468929736,0.7373358396686347,0.7912793876679779,SLC50A1
ENSG00000125351,13.802239720555393,0.07609889843557677,0.22756321729936266,0.33440772783356976,0.738071908780981,0.7918963667575852,UPF3B
ENSG00000131263,6.539802262265603,-0.14357930564483393,0.42974339915348614,-0.33410473768220345,0.7383005251445871,0.7919687362061779,RLIM
ENSG00000050393,9.304500433651214,-0.09312750029140442,0.27972051824191124,-0.3329305296469699,0.7391867234770364,0.7927463027425048,MCUR1
ENSG00000104472,7.817769661639192,-0.10682062644505114,0.3226385142419587,-0.3310845473486849,0.7405806234648591,0.7938282871360981,CHRAC1
ENSG00000143933,222.48168026264375,-0.02655534434543178,0.08015500226093734,-0.3312999013958388,0.7404179657790302,0.7938282871360981,CALM2
ENSG00000153037,46.223139447742575,0.050530121851924154,0.1526808120839224,0.3309526662993501,0.740680239421858,0.7938282871360981,SRP19
ENSG00000008282,28.120102975535403,0.058911130907077544,0.17928267760390623,0.3285935467632372,0.7424629263944996,0.7955653773010404,SYPL1
ENSG00000101191,7.734779459522975,0.12186752294745415,0.3719743134946923,0.32762349045693734,0.7431963585726045,0.7961776555539084,DIDO1
ENSG00000105323,10.585741630393551,-0.09452774269635132,0.2887638602390813,-0.32735309265531815,0.7434008402896144,0.7962231319056593,HNRNPUL1
ENSG00000111196,7.343024396106877,0.10891213667703908,0.3335858031104873,0.32648912412188646,0.7440543165872462,0.7967493815013571,MAGOHB
ENSG00000271614,33.3126298916071,-0.061145109948185936,0.1884499896533167,-0.32446332345611667,0.7455872851938359,0.7982169759134008,LINC00936
ENSG00000134152,11.709692473098093,0.08743541823825897,0.2702502748897049,0.32353498354051,0.7462901178658399,0.7987953908065207,KATNBL1
ENSG00000139233,42.225676644626034,-0.04832798932586566,0.14978433984699044,-0.32265048118671336,0.7469599581727393,0.799338247922657,LLPH
ENSG00000124164,7.740715794609311,0.10324487169731363,0.3205193043841127,0.32211748336251295,0.7473636937947229,0.7995961661892593,VAPB
ENSG00000162231,12.034896082840957,0.0843154426875957,0.2619534246603867,0.3218718854197371,0.7475497528596421,0.7996211331197827,NXF1
ENSG00000067596,7.206984735527758,-0.10287940538844224,0.3219264800190117,-0.3195742250912898,0.7492911159078752,0.8011350181834853,DHX8
ENSG00000160201,194.2336896558903,-0.03320261517750116,0.10383745201136775,-0.31975568096438134,0.7491535465369488,0.8011350181834853,U2AF1
ENSG00000162144,27.952364095496648,0.06621794849699945,0.20786117175046157,0.31856814786214355,0.7500540102270427,0.8017762467382396,CYB561A3
ENSG00000039650,10.302481281998865,-0.08534266738639047,0.26897240564196134,-0.3172915347308642,0.7510224000861655,0.8026368147071372,PNKP
ENSG00000125875,10.83481310536449,0.11344390893517557,0.3581554722679073,0.31674487120586925,0.7514371981674984,0.8029054994118476,TBC1D20
ENSG00000167110,9.235258155665786,0.09027645945959104,0.2854370082403891,0.31627454343118,0.7517941315947997,0.8031122527514881,GOLGA2
ENSG00000198258,193.07877131798307,0.02899079074983754,0.09175559027655425,0.3159566699146982,0.752035397016403,0.8031953794693772,UBL5
ENSG00000160199,9.209949513345718,0.09740394639430686,0.3104986117006569,0.31370171306341077,0.7537475995698799,0.8048491317441091,PKNOX1
ENSG00000131626,17.298368978621003,-0.08130322273965081,0.26018137551393233,-0.3124867126982236,0.7546706595858846,0.8054847135545259,PPFIA1
ENSG00000140153,7.304701812385002,0.10197472451175817,0.3261504067877291,0.3126616505437233,0.7545377341845078,0.8054847135545259,WDR20
ENSG00000109536,50.804300878460744,0.042562108863903825,0.13679570212280312,0.3111363018239806,0.7556970049149598,0.8064050124108821,FRG1
ENSG00000137177,7.542088687290642,-0.1064261395062909,0.3435763777739639,-0.30975976927118026,0.756743647265392,0.8073465659275155,KIF13A
ENSG00000150787,14.801062601555941,-0.07826688253450942,0.25299891122828744,-0.30935659823408174,0.7570502817358576,0.8074983903733459,PTS
ENSG00000158545,6.9684223666291585,-0.09924408534729594,0.3226609663834607,-0.30758007843239105,0.7584018808945022,0.8087645057976528,ZC3H18
ENSG00000172809,142.38953490664358,-0.032472642643531335,0.10586225841118987,-0.30674428385422486,0.7590380199506774,0.8090917201816983,RPL38
ENSG00000181789,8.515417445969536,0.09260980761847636,0.3017093821583605,0.30695037375359957,0.7588811458648492,0.8090917201816983,COPG1
ENSG00000075413,16.67907746947698,-0.07297906201688778,0.23809180951949613,-0.3065164743137117,0.7592114384044697,0.8091010644804953,MARK3
ENSG00000198642,7.265899459440457,0.09920226688618136,0.3250769954649887,0.3051654477865556,0.7602401466922444,0.8100217000966368,KLHL9
ENSG00000182866,7.535199110734042,-0.10256650385740282,0.33640348507150425,-0.3048913236900676,0.7604489240472753,0.8100685048272946,LCK
ENSG00000137656,5.02162269195678,0.12348966884448993,0.40550511869104533,0.30453294706392303,0.7607218958113453,0.8101836575676097,BUD13
ENSG00000173230,9.995795025709786,-0.09582790489907682,0.3149881218908675,-0.30422704298760156,0.7609549233480504,0.8102562282410226,GOLGB1
ENSG00000165025,30.986894815481147,-0.07408355641787721,0.24397624987568964,-0.3036506891782464,0.7613940293921017,0.810548150007103,SYK
ENSG00000173120,10.981868554987773,-0.08278281779043568,0.27298821154404185,-0.30324685935048196,0.7617017405773155,0.8107000981583125,KDM2A
ENSG00000076928,10.602180095403744,-0.08611684133704628,0.28435710297586997,-0.3028475126374951,0.7620060727679845,0.8108483849246158,ARHGEF1
ENSG00000105612,43.77995804365578,-0.05359543242694113,0.17819834392000594,-0.3007627974982774,0.7635953789047157,0.8123636483952744,DNASE2
ENSG00000171236,5.70014587696244,0.10719198037948506,0.35876128500600324,0.29878357799306965,0.765105181777471,0.8137936933451283,LRG1
ENSG00000148450,26.694665245588663,0.06723240266673707,0.22570181953923277,0.29788152706961385,0.7657935875399606,0.814349640591077,MSRB2
ENSG00000164300,7.058374365315803,0.10711187443149721,0.36113500323345943,0.2965978746797181,0.7667735336575423,0.8152153060132331,SERINC5
ENSG00000178177,8.11046408241949,0.08840726066163841,0.303720756361183,0.29108073389789996,0.7709895743874633,0.8195203912048441,LCORL
ENSG00000076242,5.80264132205967,0.12098837292592307,0.41735151497413353,0.28989561217579773,0.7718960985384024,0.8199764895325524,MLH1
ENSG00000089351,13.94884715215093,-0.10773969286099946,0.3716887756130766,-0.28986533877244425,0.7719192593767984,0.8199764895325524,GRAMD1A
ENSG00000272325,33.63173778855844,-0.046946365739601925,0.16192542869416796,-0.289925838814795,0.7718729736801324,0.8199764895325524,NUDT3
ENSG00000102316,21.082068418833792,-0.05879659535113391,0.20367003857003296,-0.2886855413979627,0.7728220281362371,0.8207485473319773,MAGED2
ENSG00000196470,6.2411047493204,0.09712973631134811,0.3366960534594487,0.288478986650927,0.772980113360275,0.8207485473319773,SIAH1
ENSG00000156990,6.296748059210486,-0.10621552822991116,0.37292114636014484,-0.2848203414223515,0.7757817872134211,0.8235454098869629,RPUSD3
ENSG00000066136,24.025388066114814,-0.06544986535159061,0.2307632372865855,-0.2836234493898534,0.7766989647438236,0.8242737492513468,NFYC
ENSG00000132205,42.686983180347454,-0.04447206240687998,0.1568750077505462,-0.28348723639648804,0.7768033644247023,0.8242737492513468,EMILIN2
ENSG00000229807,17.63465378917742,-0.08199653196873255,0.29080304491671466,-0.2819658645328703,0.7779696848729266,0.8252221500619958,XIST
ENSG00000246705,30.594762389818413,-0.05356431037300244,0.19002301503922592,-0.281883277991065,0.7780330120547877,0.8252221500619958,H2AFJ
ENSG00000117533,11.800921996521769,-0.07363981335979831,0.26302059610525175,-0.2799773647016228,0.7794948710292008,0.826594259006796,VAMP4
ENSG00000127870,8.206319277888102,-0.0945764020689468,0.338145439895971,-0.2796914904369044,0.7797142075271934,0.8266484607958207,RNF6
ENSG00000043093,8.79002700805288,-0.09499617063991085,0.340873626748692,-0.2786844249172333,0.7804870162772408,0.8271582217989987,DCUN1D1
ENSG00000119729,10.355855076844882,0.08565589453559642,0.3074650897588612,0.27858738240095693,0.7805614968898578,0.8271582217989987,RHOQ
ENSG00000225331,8.334780541437446,0.08939729406344998,0.321102986548597,0.27840692179273846,0.780700006655221,0.8271582217989987,AP001055.6
ENSG00000023041,21.01786222265876,-0.0591247569731708,0.21293565112527008,-0.2776649032734669,0.7812696046520572,0.8275832802889005,ZDHHC6
ENSG00000244734,7421.028301701912,0.25697915910716485,0.9295236490571319,0.27646328242195156,0.7821922574252711,0.8283820588335739,HBB
ENSG00000081189,6.5268267955021795,-0.10047174647668494,0.36489124879269075,-0.27534709809871855,0.7830495832648499,0.8287541787989386,MEF2C
ENSG00000166189,7.402043777607962,0.09580305335089832,0.34788953738903877,0.27538354291972694,0.7830215863314995,0.8287541787989386,HPS6
ENSG00000197894,8.203524931092616,-0.09113821202821643,0.33093184273966636,-0.275398738524875,0.7830099131415137,0.8287541787989386,ADH5
ENSG00000163788,6.558851159620822,-0.11360672696192972,0.4134518577586813,-0.27477619178636836,0.7834881904861551,0.8290398294679084,SNRK
ENSG00000112514,32.7422507431304,0.04874330680044048,0.17809694666685094,0.27368973872202285,0.784323064091103,0.8293874622215794,CUTA
ENSG00000119402,7.444367312926598,0.09865226823702736,0.3602329276734304,0.2738568871928906,0.7841946043961225,0.8293874622215794,FBXW2
ENSG00000175782,7.892566878468008,-0.09080166442202993,0.3313719049264179,-0.2740173897427807,0.7840712578677493,0.8293874622215794,SLC35E3
ENSG00000090060,108.78900867565957,-0.02902758933283351,0.10624642759240004,-0.2732100268273857,0.7846917727992513,0.8295988320859554,PAPOLA
ENSG00000105355,76.2526513558021,0.03417388680500696,0.12562218647743165,0.2720370323370099,0.785593545011131,0.8303735599450844,PLIN3
ENSG00000138029,25.3812542482206,0.05179013430557003,0.19107096240735943,0.27105183149260803,0.7863511680441149,0.8309956214556518,HADHB
ENSG00000187778,14.41395369047721,0.063621794995917,0.23646884270192017,0.26904937779103183,0.7878916850948593,0.8324445797798621,MCRS1
ENSG00000091164,77.21550047434127,0.03274892753079527,0.12217362217271993,0.26805235818004386,0.7886590168656952,0.8330761841956205,TXNL1
ENSG00000070540,8.615314878569622,-0.07921689478584261,0.29604788792203085,-0.2675813542932814,0.7890215848685069,0.8332800490100674,WIPI1
ENSG00000105254,33.27245682333701,-0.04483804597147488,0.16773490163556654,-0.26731494479839024,0.7892266810337261,0.8333175570691298,TBCB
ENSG00000166311,6.810135681215739,0.08489856678055986,0.32045187721773943,0.26493390370396647,0.7910603798718319,0.835074265669212,SMPD1
ENSG00000054277,6.484269047146775,0.09570145323459045,0.36333616992952783,0.2633964387667558,0.7922450351790187,0.8361452110974437,OPN3
ENSG00000133884,10.113169552314744,-0.07590996939524099,0.28865059797424836,-0.26298220037643294,0.7925642984176198,0.8363025472244329,DPF2
ENSG00000204438,8.95811543060876,0.07838539411995987,0.29861851465163,0.2624934164293353,0.7929410603941139,0.8365204746192949,GPANK1
ENSG00000123106,8.032664310549675,-0.08007554563569812,0.3053363709369914,-0.2622535448036171,0.7931259747193266,0.8365359604573451,CCDC91
ENSG00000028839,19.312535869200214,-0.05288362133096871,0.2028200033514454,-0.2607416450897708,0.794291748447912,0.8375857622045149,TBPL1
ENSG00000163714,27.1001823813615,-0.04598847433998374,0.1767226583861046,-0.26022964321591335,0.7946866397477238,0.8378223874104945,U2SURP
ENSG00000108671,63.07137262209081,0.04153836999878798,0.1599342791865844,0.259721494416641,0.7950786113154207,0.8380558335486866,PSMD11
ENSG00000171049,15.759551790218604,-0.07298980474352114,0.28388809586864633,-0.2571076625111226,0.7970956625140071,0.8400017339896699,FPR2
ENSG00000117305,5.805150287956355,0.08972264175753375,0.34992872125888047,0.25640262232477945,0.7976399632020477,0.8403951070272003,HMGCL
ENSG00000120509,11.252281720222403,0.06860003168899854,0.2695074480546148,0.25453853755869843,0.7990795355573647,0.8417313692880793,PDZD11
ENSG00000140961,22.94531884909597,0.05561168693772881,0.21913451250875682,0.25377876949212425,0.7996664761005589,0.8420289998620399,OSGIN1
ENSG00000148803,11.626950744934195,0.06719479703767466,0.2648288131812463,0.2537291778432251,0.7997047908742654,0.8420289998620399,FUOM
ENSG00000135250,9.63293542843073,-0.08330680340430077,0.3300476262606664,-0.2524084307108646,0.8007253843074097,0.8429229945344069,SRPK2
ENSG00000069399,11.719891263516322,-0.07344183836086679,0.2918893812180448,-0.25160846226881023,0.8013437170761539,0.843393237462459,BCL3
ENSG00000144043,8.553237688381635,0.0735889056238854,0.29354451580984203,0.25069078678191437,0.8020531843540173,0.8439591751425355,TEX261
ENSG00000136942,337.41586278493105,-0.021126393800726888,0.08436725905110622,-0.2504098632376973,0.8022704027888259,0.8440070133385336,RPL35
ENSG00000170310,9.727240920253882,0.07146118200868207,0.2865204724539589,0.2494103873159193,0.8030433510674022,0.8446393465636162,STX8
ENSG00000125676,15.827000095646957,-0.06541237841981705,0.2631399946407426,-0.24858394676614123,0.8036826274027905,0.8451308433677109,THOC2
ENSG00000149532,7.477652575924971,-0.08135271688066278,0.329005283708764,-0.24726872457366472,0.8047002615450299,0.84601991553964,CPSF7
ENSG00000065600,10.640877673954733,0.07075271187258342,0.28648623328527845,0.24696723141362606,0.8049335842104604,0.846084199531594,TMEM206
ENSG00000171223,483.0456352629295,0.021223761806471092,0.0866900248202712,0.24482357515150033,0.80659303898217,0.8476471756968313,JUNB
ENSG00000152404,9.167784771831514,0.07306415136321408,0.3006151139425129,0.24304882879969322,0.8079675713826941,0.8489101231076671,CWF19L2
ENSG00000158552,24.76061670211666,-0.046876607838571525,0.19485305826024973,-0.24057414472788088,0.8098851912213725,0.8507430161739684,ZFAND2B
ENSG00000166946,65.68386585116954,-0.03005100777559299,0.1252144888327954,-0.23999625008030392,0.8103331636680756,0.8510316662246044,CCNDBP1
ENSG00000143799,7.283443700634059,0.079721766638471,0.3355815875518443,0.2375629939057807,0.8122200554409378,0.8528310582129847,PARP1
ENSG00000166797,28.93156546144588,0.048422990285118664,0.2063790808871752,0.23463129149020145,0.8144949203324824,0.8550369661426657,FAM96A
ENSG00000183864,7.7483925451661095,0.0737821287533354,0.31643861726097744,0.23316411060058712,0.8156339734204487,0.8560498388270152,TOB2
ENSG00000127481,17.680314888711997,0.05212743641438452,0.2256823853967083,0.23097698264201716,0.8173326837579719,0.8576495425980512,UBR4
ENSG00000067560,348.1619708789987,0.015760122579792986,0.06899915493801914,0.22841037102483436,0.8193272276265171,0.8593764314837212,RHOA
ENSG00000167615,6.672720534345676,-0.07684917474029922,0.3364539807856036,-0.2284091707307494,0.8193281606636618,0.8593764314837212,LENG8
ENSG00000125304,38.31509779009011,0.04342864668831516,0.19066788027811127,0.22777117270601335,0.8198241385071673,0.8597131490875416,TM9SF2
ENSG00000132514,4.693961501687891,-0.11567816431472915,0.5133276332797847,-0.22534957562216368,0.8217073355523605,0.8615041277798805,CLEC10A
ENSG00000140259,15.924367276034996,0.04983363676736651,0.22183521805084316,0.224642584731271,0.8222573336344885,0.8618968723293252,MFAP1
ENSG00000136634,34.3099478358457,0.04403481290990933,0.20077833311259094,0.21932054234764375,0.8264003609425148,0.8660548888188351,IL10
ENSG00000163754,18.290686477920726,0.04739084841017911,0.2164823165987738,0.21891325423135066,0.8267176214957135,0.866202642223867,GYG1
ENSG00000111412,9.65556636078846,-0.0666971509560272,0.3067745707341224,-0.2174142100383958,0.8278855580365819,0.8672414479197961,C12orf49
ENSG00000225973,21.186218571434104,0.04701393994303353,0.21891151820826263,0.21476229450067844,0.8299526515585006,0.8692215110312175,RP11-139H15.1
ENSG00000110619,10.96604664820084,0.056306051162965165,0.26303022782235524,0.2140668455832119,0.8304949298841883,0.8694188507564765,CARS
ENSG00000136536,19.991095973295323,0.04588534304349557,0.21429802159086977,0.21411930312216435,0.830454023146485,0.8694188507564765,MARCH7
ENSG00000127947,22.79986392981307,-0.04194611434729229,0.19665151798852398,-0.21330175722182906,0.8310916030281907,0.8698581762045855,PTPN12
ENSG00000137815,32.14695064187431,-0.039276348105217455,0.1845245758274602,-0.21285158320560413,0.8314427279337071,0.8700403673480062,RTF1
ENSG00000160714,8.062628621099448,-0.06704920500430672,0.3154256594052998,-0.2125673768288876,0.8316644194026143,0.8700870676909614,UBE2Q1
ENSG00000113851,20.312988213188202,-0.04758855312220629,0.22425949713108592,-0.21220306712089637,0.8319486140134253,0.8701991250025483,CRBN
ENSG00000148925,9.594799522103191,0.0739834994024495,0.3529648871387056,0.2096058336062646,0.8339753262270937,0.8719854483559909,BTBD10
ENSG00000162441,16.512526578270723,0.05301727183245648,0.25299361188775527,0.20955972538934484,0.8340113160914036,0.8719854483559909,LZIC
ENSG00000109606,10.13714810216226,-0.07330740081552777,0.35138000310909917,-0.20862712780148365,0.8347393316211817,0.8723753882574408,DHX15
ENSG00000165782,19.423444448750917,0.04661159569285359,0.22334040578227773,0.20870202832125537,0.834680856638044,0.8723753882574408,TMEM55B
ENSG00000141959,18.140778081672867,-0.04511958066814179,0.2172364439415808,-0.2076980263968754,0.835464758783775,0.8729478683103274,PFKL
ENSG00000139719,6.886894213289843,0.078956801038913,0.38496570190060564,0.20510087171168012,0.8374933153843146,0.8748814098211144,VPS33A
ENSG00000159479,44.5876051322536,0.03402287465528254,0.166183382129737,0.2047309076230099,0.8377823710615216,0.8749973584264223,MED8
ENSG00000126214,6.956184253296905,0.06909644823661487,0.33859835091099355,0.2040661097454018,0.8383018375522567,0.8753538524716936,KLC1
ENSG00000114857,13.930708659883532,0.048324904433802426,0.23952267443586575,0.20175503028103434,0.8401082391524076,0.8770537257690527,NKTR
ENSG00000165494,12.434908037762483,0.05986143227828488,0.29729862236985793,0.2013511929557936,0.8404239759504752,0.8771969876424458,PCF11
ENSG00000171928,7.035729538742453,-0.0748888600201329,0.374146141864504,-0.2001593806284756,0.8413559338483152,0.8779832361288216,TVP23B
ENSG00000158062,15.343192640397692,0.04832831158268776,0.24353597924355927,0.19844423699857022,0.8426975094568462,0.879196509866442,UBXN11
ENSG00000100376,7.7001705524396815,-0.06728102626668747,0.3400267213470816,-0.19786982034864986,0.8431469171750579,0.8792920099741585,FAM118A
ENSG00000119446,21.784700771891742,-0.03917888405344751,0.1979770897407612,-0.19789605001644303,0.8431263946934723,0.8792920099741585,RBM18
ENSG00000131508,128.19017438006236,-0.025608244061656685,0.12977860168647146,-0.1973225456961151,0.843575137265326,0.8794800623080051,UBE2D2
ENSG00000182400,10.225454662046582,0.061132526109306896,0.3100311114775518,0.1971819080283924,0.8436851879771949,0.8794800623080051,TRAPPC6B
ENSG00000134061,7.377129864267482,0.0821504399198552,0.4182188434846648,0.196429312546907,0.8442741550478123,0.879907359046649,CD180
ENSG00000125827,7.340803246568358,0.0681335816482223,0.34933908655504914,0.1950356666930992,0.8453650257595801,0.8804840476012245,TMX4
ENSG00000149923,326.75483287884776,0.013714472854038472,0.0702830565814938,0.19513199227663677,0.845289617731299,0.8804840476012245,PPP4C
ENSG00000164609,40.05955437529846,0.039958401699664636,0.20462347780585882,0.19527769798525307,0.8451755553989708,0.8804840476012245,SLU7
ENSG00000166734,6.66457839232672,-0.07238339178470123,0.3722161798300231,-0.19446600042415124,0.845811015249726,0.8807618836484751,CASC4
ENSG00000127920,8.167472310354214,0.06360936063538251,0.3304666295262217,0.19248346111853112,0.8473635218009603,0.8821172620022572,GNG11
ENSG00000225733,17.1867994362708,0.05019566528733834,0.26096624180388045,0.19234543495116524,0.8474716308328564,0.8821172620022572,FGD5-AS1
ENSG00000184209,29.79668843354911,-0.035274383762268026,0.18756418136028377,-0.18806567174204233,0.8508251708807808,0.8854203493664033,SNRNP35
ENSG00000242372,178.93457568578845,-0.02015125317000942,0.10851354788565781,-0.18570264785041465,0.8526779517575815,0.8871605875368951,EIF6
ENSG00000120686,21.106681625078227,-0.036166816832142554,0.19546666706465482,-0.18502805299370864,0.8532070323510532,0.8875231492322344,UFM1
ENSG00000155099,7.040404099754921,-0.06920192284401007,0.3797679139676447,-0.18222161562049688,0.8554088101635214,0.8896251625700623,TMEM55A
ENSG00000126247,12.764543736257735,-0.054726589912829124,0.3015903044441083,-0.1814600439947871,0.8560064927414719,0.8898700878636753,CAPNS1
ENSG00000171858,97.24741331861506,0.02106515134616579,0.11596064848321261,0.1816577573659857,0.8558513190328416,0.8898700878636753,RPS21
ENSG00000181061,29.065807137230692,0.03430583954754437,0.19035586418088737,0.18021950463761355,0.8569802466419806,0.8906939365479469,HIGD1A
ENSG00000099917,6.969989873444462,0.06364157354719611,0.35502339825206025,0.17926022301778471,0.8577333783266768,0.8912881837803531,MED15
ENSG00000225921,42.803868316315835,-0.025498147736644845,0.14328046172863348,-0.17795969826602842,0.8587546265815004,0.8921245103667,NOL7
ENSG00000261455,5.190043282338674,0.06786318396448147,0.38174083824673266,0.1777729212210172,0.8589013143151929,0.8921245103667,LINC01003
ENSG00000107341,22.590667337429124,-0.042671966741798274,0.24158259842466387,-0.17663510128650795,0.8597950207394016,0.8928640599986094,UBE2R2
ENSG00000138768,10.351025554165352,0.050445935394120935,0.2867649666637348,0.17591387114338358,0.8603616076952638,0.8932636679092597,USO1
ENSG00000138279,83.6286881538027,0.021999518433377028,0.12627900481495738,0.1742135873307995,0.8616976076772747,0.8944617752695666,ANXA7
ENSG00000131931,14.3019553570902,-0.04412636966820316,0.25401262063791674,-0.17371723325158422,0.8620876932751758,0.8946777032215868,THAP1
ENSG00000068394,7.132516967998746,0.05853721669785372,0.33875983701046364,0.17279857380509256,0.8628097581193295,0.8952379964945915,GPKOW
ENSG00000159579,8.950554295363371,0.054868610238637365,0.3197489700057833,0.17159902106219438,0.8637527771168922,0.8960272634056171,RSPRY1
ENSG00000135269,19.613882114537237,0.04306048739880989,0.2518496231140191,0.17097697771544906,0.8642418681441443,0.8963454073576034,TES
ENSG00000156603,17.818264550996354,-0.045413180252728315,0.26786707874460225,-0.16953625083591364,0.8653748609922887,0.8973310966271589,MED19
ENSG00000110713,9.064310185063304,-0.05115196814050403,0.3031584397867545,-0.16873014710223794,0.8660089047925357,0.8976097359524405,NUP98
ENSG00000165629,47.87995658556158,-0.029769488911233113,0.17619781566348794,-0.16895492602523793,0.8658320954309476,0.8976097359524405,ATP5C1
ENSG00000101856,8.013305258556061,0.05600107618815181,0.3341523362273078,0.1675914549047383,0.8669046941157988,0.8983487277277594,PGRMC1
ENSG00000166347,11.955192762491343,-0.0468251335707925,0.2829829950030931,-0.1654697787415837,0.8685742349868453,0.8998890556030693,CYB5A
ENSG00000156384,13.496335516964885,0.043496620162398816,0.2637254156843597,0.1649314687760615,0.8689979230781957,0.9001382365105931,SFR1
ENSG00000044574,297.16682072035826,-0.03223114164163545,0.19590901367417715,-0.16452097347210445,0.8693210372602532,0.9002831563955499,HSPA5
ENSG00000151366,131.4121594366723,-0.01706203441162539,0.10628183135595058,-0.16053575850121168,0.8724590556794466,0.9033425620751793,NDUFC2
ENSG00000091140,24.022964037482645,0.03156550933887879,0.19756413607356357,0.15977347896343538,0.8730595163883262,0.9035619936046694,DLD
ENSG00000141279,12.134085986631423,0.043764986274209584,0.2742743644604711,0.15956644858260924,0.8732226104250254,0.9035619936046694,NPEPPS
ENSG00000164751,11.516016046940875,-0.05066378720717176,0.3173619076910931,-0.15964041675879317,0.8731643392836649,0.9035619936046694,PEX2
ENSG00000151151,7.634799285019975,0.05072449394923365,0.320145296621372,0.15844210264698744,0.8741084396389254,0.9042881836601431,IPMK
ENSG00000004700,9.697688402695487,-0.04490508393377792,0.2843759723600131,-0.157907447528405,0.8745297294174201,0.9045335908981693,RECQL
ENSG00000115816,9.96124577072742,-0.051097462813188846,0.325612874128297,-0.15692703474941713,0.875302353175385,0.9051422061245459,CEBPZ
ENSG00000164221,7.744110497505712,-0.053886827090177516,0.3442980233447188,-0.15651215934000537,0.8756293355866211,0.9052898285446364,CCDC112
ENSG00000176731,10.097865619700372,-0.04518163109828705,0.2895521079006141,-0.15603972433795993,0.8760017092155065,0.9052938799337537,C8orf59
ENSG00000213465,13.435505758332415,-0.046761048415442354,0.29951300732232183,-0.15612359821528657,0.8759355977548986,0.9052938799337537,ARL2
ENSG00000134287,47.976899820785974,-0.025563919016781417,0.16450362848336345,-0.15540033525380106,0.8765057198819207,0.9056242866904455,ARF3
ENSG00000134802,39.56408528500096,0.02311459059830142,0.14898734418298276,0.15514465825978224,0.8767072761878554,0.9056421179708053,SLC43A3
ENSG00000089327,237.40016993224074,0.014350998533989098,0.09345245482841284,0.1535647036810197,0.8779529691374015,0.9067383123878081,FXYD5
ENSG00000175538,7.6269973975411975,0.04821701365246836,0.31932362269994363,0.15099732755373402,0.879977824030876,0.9086385852674354,KCNE3
ENSG00000101940,15.748207464490463,-0.034920142689185314,0.23174613711888453,-0.15068273898033288,0.880225990050071,0.9087038897281616,WDR13
ENSG00000143815,12.591421621322947,-0.03827513053788767,0.25657524568878187,-0.14917701992309212,0.8814139525249444,0.9093571620213262,LBR
ENSG00000145354,44.52717234259473,-0.023384131134713236,0.15658008173684765,-0.14934294883057467,0.8812830269798965,0.9093571620213262,CISD2
ENSG00000172922,55.93770573895023,-0.020355466696693577,0.13617557895626292,-0.1494795678690037,0.8811752307057181,0.9093571620213262,RNASEH2C
ENSG00000110422,8.260960624820136,-0.05138054457606027,0.3460411570922834,-0.1484810217599577,0.881963162375571,0.9097327833571696,HIPK3
ENSG00000102241,10.996224897924872,-0.03979824687894931,0.2699976924782568,-0.14740217412100406,0.882814589567869,0.9098607026859948,HTATSF1
ENSG00000131504,24.08457302728087,-0.02779143909099423,0.18856300043882304,-0.14738543100352725,0.8828278043155929,0.9098607026859948,DIAPH1
ENSG00000165801,6.948167664094843,0.06710966539159906,0.45416746011554743,0.1477641427118651,0.8825289086003009,0.9098607026859948,ARHGEF40
ENSG00000204482,232.05129581980373,0.013480836207594042,0.0912876452678741,0.14767426816669366,0.8825998399795718,0.9098607026859948,LST1
ENSG00000106244,21.83605055614717,-0.02853331397250302,0.19486215131818427,-0.1464281995219886,0.8835833672262734,0.9104484517823248,PDAP1
ENSG00000145247,11.87722600091371,-0.03764066724478194,0.25800566563111127,-0.14589085535276358,0.8840075507209586,0.9106336976773727,OCIAD2
ENSG00000170035,40.45924438591342,-0.025937304103283623,0.1779807330923531,-0.1457309656648336,0.8841337752581898,0.9106336976773727,UBE2E3
ENSG00000153048,14.344339907668132,0.03809000189395182,0.2628960871882983,0.14488614989035573,0.884800761830992,0.9111297031931045,CARHSP1
ENSG00000164091,9.679039385163122,-0.0474871813893296,0.32859188392738803,-0.1445172072473442,0.8850920696620896,0.9112387241398509,WDR82
ENSG00000002822,14.538010881045665,-0.03487182067800721,0.2423141132732125,-0.1439116368706463,0.8855702464522148,0.9114556228050152,MAD1L1
ENSG00000135452,5.871767376126513,-0.05567437465993052,0.38721751932522946,-0.14378061911286824,0.8856737075486258,0.9114556228050152,TSPAN31
ENSG00000105501,5.369716392259498,0.06035394389516728,0.4241484280708737,0.14229439484114353,0.8868474737458625,0.9122814498612452,SIGLEC5
ENSG00000135905,29.514270728748116,0.03072533916533236,0.2159038540820799,0.14231028573325766,0.8868349223762586,0.9122814498612452,DOCK10
ENSG00000116171,12.12804953660551,-0.03605828490104193,0.2554696734295846,-0.14114506985104325,0.887755339423961,0.9130242230911143,SCP2
ENSG00000080189,7.143425494270405,0.05046337768471054,0.3609456135371793,0.13980881271885176,0.8888110501453932,0.9139187069291614,SLC35C2
ENSG00000160218,7.584036970374051,0.044795100961146035,0.3236502711469119,0.13840588114574007,0.8899196492696413,0.9148671875546062,TRAPPC10
ENSG00000003756,16.029900432093996,0.0371349254878685,0.26917401393404794,0.1379588057001935,0.8902729744492257,0.9150389869156024,RBM5
ENSG00000105372,1397.339313831126,-0.00714343758017009,0.05249547972695349,-0.13607719402366628,0.8917602563417355,0.9163759723260744,RPS19
ENSG00000162236,30.173902010509963,-0.02251445300470075,0.16605990204173668,-0.1355803100440351,0.8921530720121351,0.9165879564849743,STX5
ENSG00000170632,6.14053333293184,0.04785805311179167,0.3540980225408373,0.13515481608280464,0.8924894707604019,0.916741902031065,ARMC10
ENSG00000162923,7.54198430211015,-0.04066244692073428,0.3087599699670892,-0.13169598029520632,0.8952247650849631,0.9193593512283195,WDR26
ENSG00000031003,5.879724056836647,0.051649745489058256,0.4127095025006522,0.12514794347139277,0.9004064282201413,0.9244875027734588,FAM13B
ENSG00000107819,8.783439372803063,0.03928800970072671,0.3177104275876138,0.12365980556270034,0.9015846378308716,0.9255038458953213,SFXN3
ENSG00000188536,2054.7118382046433,0.12115315986397829,1.028899874920117,0.1177501939859644,0.9062655943390102,0.930114688926879,HBA2
ENSG00000088298,12.631919573767219,0.03415178333454657,0.2915012630202184,0.11715826882087238,0.9067346357689468,0.9303695520980427,EDEM2
ENSG00000107651,5.521072491598777,-0.04350886965320234,0.37276265316223056,-0.11672003427410628,0.9070819137366142,0.9303695520980427,SEC23IP
ENSG00000108651,12.983337610791423,-0.028407913059509248,0.2429740599750065,-0.11691747284640766,0.9069254517873381,0.9303695520980427,UTP6
ENSG00000005483,57.93992691619353,-0.016179520289546594,0.14016641550825604,-0.11543079154074247,0.9081036739566523,0.9310288866728539,KMT2E
ENSG00000087460,69.2222812964805,0.01740873503553023,0.1507945598506898,0.11544670479337983,0.9080910613372033,0.9310288866728539,GNAS
ENSG00000152700,24.38482010585435,0.02207367751396454,0.1936566054874643,0.11398360235841996,0.9092507921412989,0.9320105115941475,SAR1B
ENSG00000116095,8.490436314608605,-0.04028282160381049,0.3545002442477628,-0.1136327047934459,0.9095289605835479,0.9321012121600739,PLEKHA3
ENSG00000008294,31.727386403272273,0.024143798103334533,0.21334078209566842,0.11317010215378197,0.9098956983850238,0.9322826234078413,SPAG9
ENSG00000136485,17.90089500527815,-0.025666246518750647,0.22728715868040894,-0.1129243141925156,0.910090559685798,0.9322878904098418,DCAF7
ENSG00000169926,17.95135029107531,0.024713020289520306,0.22007207813393392,0.11229511939483836,0.9105894114869226,0.932604495216077,KLF13
ENSG00000170791,10.003248521205277,0.030083985205205378,0.272420303289602,0.1104322432723525,0.9120665830682881,0.9336805407475018,CHCHD7
ENSG00000175309,19.03441745575728,-0.02468145676406423,0.22326072172614564,-0.1105499282329599,0.911973255482148,0.9336805407475018,PHYKPL
ENSG00000198746,7.262178508713978,0.04166813072845797,0.37793772792779434,0.11025131297931372,0.9122100684022704,0.9336805407475018,GPATCH3
ENSG00000089094,9.751739458812855,0.031004829909651945,0.2844800898077976,0.10898769727821601,0.9132122483541454,0.9345116593944752,KDM2B
ENSG00000168288,51.601255607803964,0.014661744552811017,0.13506660229088474,0.10855196106314209,0.9135578650172006,0.9346706951269047,MMADHC
ENSG00000140350,27.41278279548364,-0.020544125780751613,0.19031172921949552,-0.10794986659522757,0.9140354603828889,0.9349646653458609,ANP32A
ENSG00000008128,11.780639974892075,0.02806875351545966,0.26124731668852896,0.10744130837877472,0.9144388848042418,0.9351826597144733,CDK11A
ENSG00000029993,7.58449717905726,0.03354688770966907,0.31307654163686444,0.1071523517356976,0.9146681155207292,0.9352224551953524,HMGB3
ENSG00000130734,7.461674958398263,0.034020341990861055,0.32535692233352564,0.10456314175478511,0.9167224629449341,0.9369330663293274,ATG4D
ENSG00000141644,9.475689820681646,-0.034482109873348786,0.3297200504608124,-0.10457996056095784,0.9167091166512711,0.9369330663293274,MBD1
ENSG00000077420,26.836305484281986,0.022742672298726636,0.22063037487203593,0.1030804226839447,0.9178991426790613,0.9379406086764206,APBB1IP
ENSG00000162695,6.709000297571535,0.03513767167050667,0.3449191975090832,0.10187218317873233,0.9188581296757803,0.9387253324795809,SLC30A7
ENSG00000100938,7.04542348688687,-0.03810934791733034,0.3830766679414164,-0.09948229977597686,0.9207553409121416,0.9400772377399261,GMPR2
ENSG00000130340,18.985905544519415,-0.02196057575129795,0.22065053957580785,-0.09952649920329362,0.9207202490268005,0.9400772377399261,SNX9
ENSG00000241878,7.67437584255382,-0.03290762238158133,0.3297122078542557,-0.09980710934466719,0.9204974637959732,0.9400772377399261,PISD
ENSG00000162924,31.884039993089182,0.021197071139319727,0.21771717993037676,0.0973605810349844,0.9224400477391186,0.9416016606958929,REL
ENSG00000108433,14.729779804753045,-0.02223659916712248,0.22963108749606234,-0.09683618803357269,0.922856485073979,0.9418311043932571,GOSR2
ENSG00000105248,7.996712165470981,0.03137033219261977,0.3272746444437512,0.09585323130038996,0.9236371394878237,0.9424320812797271,CCDC94
ENSG00000127022,52.57668435554737,-0.01475847183526477,0.15503159974171848,-0.09519653967224925,0.9241587184478446,0.9427685161828333,CANX
ENSG00000163527,11.412634834888019,0.026630316167136237,0.2821840276619591,0.09437215985533343,0.9248135303023743,0.9432406990257094,STT3B
ENSG00000115355,29.875720828661006,-0.015990687586584815,0.17236731069783792,-0.09277099887354334,0.9260854911712357,0.9441775561221338,CCDC88A
ENSG00000172086,32.586295988906045,0.01693149373127684,0.18258496276842062,0.09273213672448859,0.9261163655898831,0.9441775561221338,KRCC1
ENSG00000232119,22.598408052612285,-0.021251611116270466,0.23207095238937497,-0.09157376611534705,0.927036695457982,0.9449197928812536,MCTS1
ENSG00000113407,17.15700783712385,0.019326788810331612,0.21417237562588445,0.0902394099792383,0.9280969674276432,0.9458043338737949,TARS
ENSG00000188554,7.974421838791621,0.02860119292731669,0.31825748954839034,0.08986809067055103,0.9283920384748825,0.9459088693895029,NBR1
ENSG00000159592,14.666187373949214,0.02346968847793565,0.26384679628476665,0.0889519554848227,0.9291200926581615,0.9464544227450676,GPBP1L1
ENSG00000177731,22.86381038823454,-0.01744012543847183,0.19911599938946298,-0.08758776538272868,0.9302043266149583,0.9472997732889402,FLII
ENSG00000196396,24.915168523328667,-0.01656680913452126,0.1895023338637665,-0.08742271821533958,0.9303355119846206,0.9472997732889402,PTPN1
ENSG00000100983,5.977659856857871,-0.039004304266954566,0.4537367152847255,-0.0859624159849592,0.931496294291138,0.9482852268793562,GSS
ENSG00000100744,7.1285717110245574,-0.027928795624032714,0.3275018161631695,-0.08527829235034806,0.9320401488516535,0.948642355314214,GSKIP
ENSG00000253719,10.479436958323229,0.026137632813275975,0.3155206440804629,0.08283969148659082,0.9339790083303349,0.95041889561716,ATXN7L3B
ENSG00000160789,306.51626980232663,0.007999064924092197,0.09732277786461177,0.08219108722132759,0.9344947608333858,0.950746843630488,LMNA
ENSG00000080371,9.89431678307934,0.024799801941557117,0.30429537570257426,0.08149910883232432,0.93504503357154,0.9509129335617855,RAB21
ENSG00000122482,8.48355296174772,0.0256006287278905,0.31389541515381103,0.08155782942973541,0.934998336765942,0.9509129335617855,ZNF644
ENSG00000068745,16.61071565444952,0.017648954516989643,0.21990428705036855,0.08025743724108114,0.9360325091287246,0.9517202048124461,IP6K2
ENSG00000123562,52.81129827747195,0.01143366488933113,0.14510042634903753,0.07879828596662818,0.937193067410389,0.9527030892127952,MORF4L2
ENSG00000166471,7.954825847734299,0.025705444826686186,0.33281876370043334,0.07723556370704925,0.9384361503859617,0.9537694401233953,TMEM41B
ENSG00000152082,17.251739501883222,-0.017260560212401313,0.22762177106315618,-0.07583000576694478,0.9395543436954488,0.9545947378777686,MZT2B
ENSG00000157514,32.302606164813355,0.01313810386644541,0.1734941616673263,0.07572648981490006,0.9396367006745556,0.9545947378777686,TSC22D3
ENSG00000186517,31.36209545366018,0.016125774839031357,0.21659058140664633,0.07445279815171371,0.9406500984896733,0.9554267432778534,ARHGAP30
ENSG00000136709,22.038428082902776,0.01619698765854752,0.21929969559170892,0.07385777538288513,0.941123554403446,0.9557100943043053,WDR33
ENSG00000159335,8.424115717921069,-0.02516211157881783,0.3421831080898626,-0.0735340552585368,0.9413811452416954,0.955774162751589,PTMS
ENSG00000112996,8.758602136506934,0.024798733525413286,0.3438428862100233,0.07212228177454841,0.942504594106913,0.9567171194879922,MRPS30
ENSG00000000938,61.4930836190163,-0.010291096610565336,0.14630835065453052,-0.0703384090144322,0.9439243122245383,0.9579603614769479,FGR
ENSG00000161265,7.33117821028032,-0.026333476819030904,0.3915297872268276,-0.06725791415654143,0.9463763806227241,0.9602505749287767,U2AF1L4
ENSG00000198663,9.93019731739227,0.01876152839752024,0.2860625594403355,0.06558540353629662,0.9477079103815279,0.961403111398602,C6orf89
ENSG00000109920,9.31996874479524,0.018329402189687722,0.28229248925175693,0.06493053441935896,0.9482293089325616,0.9615562327276376,FNBP4
ENSG00000143207,18.535351396113132,0.014851289832273896,0.22881830553878796,0.06490429075289342,0.9482502042731241,0.9615562327276376,RFWD2
ENSG00000127452,11.509272975789987,0.01649366314166028,0.2598724238050572,0.06346830841133405,0.9493935945714187,0.9625170463635138,FBXL12
ENSG00000057663,24.09284498511199,0.01191659349886019,0.1983994056061079,0.06006365524359882,0.9521049365914902,0.9650667612233049,ATG5
ENSG00000143164,5.542559597161995,0.022711873600768786,0.3838000609202678,0.059176315778352744,0.952811673847145,0.9653848588216227,DCAF6
ENSG00000243927,23.20900593568453,0.011452231006232782,0.19311809148569312,0.059301699380563754,0.9527118075889822,0.9653848588216227,MRPS6
ENSG00000152684,13.107733513446632,0.015286663200909184,0.2599374672368007,0.058809002655177724,0.9531042377914488,0.9654822149056234,PELO
ENSG00000196182,16.244947709568397,0.013507124088886921,0.23253793786495278,0.05808567932141563,0.953680381378828,0.9658667341499508,STK40
ENSG00000167977,7.729834828077484,-0.02001582811676852,0.3521012075525141,-0.05684680338332342,0.9546672304836644,0.9666669628264429,KCTD5
ENSG00000023697,18.758637471604644,-0.01398739698752095,0.25169100693173585,-0.05557368599711089,0.9556814276311697,0.967417537325652,DERA
ENSG00000120438,44.487611732966734,0.009293830526989432,0.16769192075402062,0.05542205304346245,0.9558022270484412,0.967417537325652,TCP1
ENSG00000140992,5.816826723473374,-0.020413626628694313,0.3848111019053175,-0.05304843474530803,0.9576933166684052,0.9689324599770524,PDPK1
ENSG00000181045,6.5133773643131665,-0.019016475357525084,0.3578830498219857,-0.0531360045327211,0.9576235444927264,0.9689324599770524,SLC26A11
ENSG00000163634,29.124832557364147,-0.010198416626094295,0.19401237482546416,-0.05256580481151736,0.9580778630919456,0.9691219883149076,THOC7
ENSG00000167985,27.66668240304385,-0.009860633847075783,0.19282219704462955,-0.05113847885880844,0.9592151743953428,0.9700727242187106,SDHAF2
ENSG00000173110,10.32917207094134,0.01801297531133845,0.3554476169452296,0.050676877414862626,0.9595830021188728,0.9702450354757491,HSPA6
ENSG00000137207,39.01105110120924,-0.007733138733320204,0.1540122735498914,-0.05021118483011744,0.9599540985923947,0.9704205802269136,YIPF3
ENSG00000112739,22.52562627302476,0.0110629540011535,0.2227597822615437,0.04966315682677592,0.9603908168033811,0.9706623763413852,PRPF4B
ENSG00000135837,11.03574718828132,-0.013341208648186305,0.27698173865240716,-0.04816638350634587,0.961583641153218,0.9714683414117833,CEP350
ENSG00000181929,15.513690565812352,0.011147070154500876,0.23104731556637226,0.04824583279479259,0.9615203234051789,0.9714683414117833,PRKAG1
ENSG00000165512,10.410110878066977,-0.013454860259026986,0.2873133177366034,-0.046829921999514926,0.9626487808812149,0.9723445239980041,ZNF22
ENSG00000078061,14.087030624664056,0.012830304120597465,0.2757051519260963,0.046536323427270126,0.9628827835266566,0.9723810107377703,ARAF
ENSG00000117523,52.88356012452413,0.0067921797320490635,0.15331069787000587,0.04430336451672956,0.9646625898131928,0.9739782137542694,PRRC2C
ENSG00000162711,6.672187992601744,0.01570332315720086,0.36031639897818424,0.0435820384576824,0.9652375693269748,0.9743585488234909,NLRP3
ENSG00000100393,9.572322036777942,-0.011881549178237636,0.28274935176200217,-0.042021490426753155,0.9664815663633728,0.9754139283445499,EP300
ENSG00000129187,10.66038795453984,0.01107229461350001,0.29246582804626897,0.03785842157172748,0.9698005640448305,0.977759534615572,DCTD
ENSG00000132471,47.379891354580906,0.005893046386845422,0.15499693086568517,0.03802040694568415,0.9696714114005757,0.977759534615572,WBP2
ENSG00000133858,13.039180984746157,-0.00940910191108228,0.2440441110284084,-0.0385549230072878,0.9692452417777736,0.977759534615572,ZFC3H1
ENSG00000176422,6.61741194370184,0.014842513772840167,0.39137916662747646,0.0379236173982853,0.9697485826304189,0.977759534615572,SPRYD4
ENSG00000197343,36.98431180391112,0.0070736450088328745,0.18550249839359348,0.03813234360770836,0.9695821635858631,0.977759534615572,ZNF655
ENSG00000163605,37.598914144216536,0.005866216896718211,0.16323384577953945,0.035937503455263885,0.9713321917376055,0.9791028492715064,PPP4R2
ENSG00000082515,27.313745162297835,0.006608004670544975,0.19552874463384393,0.03379556639060628,0.9730401714354905,0.9806233393014767,MRPL22
ENSG00000160058,8.565195296920784,0.010477875191312698,0.3144590270760616,0.03332031930753987,0.9734191502912063,0.9808041223151502,BSDC1
ENSG00000105438,32.020735076732336,0.005297987308290857,0.16676149714738392,0.03176984735036585,0.9746555928214757,0.9818486230268002,KDELR1
ENSG00000121680,15.977952176990504,0.007029878677629848,0.23602950836884093,0.02978389747202425,0.9762394010259907,0.983242553113695,PEX16
ENSG00000070367,13.406573696175471,-0.00670526891988981,0.24762974599175294,-0.027077800742537295,0.9783976807089612,0.9850125390296732,EXOC5
ENSG00000166037,7.884588025212549,-0.008423371154739703,0.31072415106778806,-0.02710883954720998,0.9783729244137501,0.9850125390296732,CEP57
ENSG00000103429,10.694110778001875,0.007406377521836814,0.2766153408942565,0.026775006396583395,0.9786391880757137,0.9850538652609703,BFAR
ENSG00000089818,8.919598010103797,-0.008586153783162132,0.3389841766478218,-0.02532906953967494,0.979792487225814,0.9860127549104342,NECAP1
ENSG00000173113,94.15505615577045,-0.0026096052370926572,0.10569247906698115,-0.024690548089413778,0.9803017943157768,0.9861213955512236,TRMT112
ENSG00000204843,6.963711004330982,0.00957436342587831,0.3840555263891718,0.024929633263957775,0.980111090648703,0.9861213955512236,DCTN1
ENSG00000165660,6.226501735373577,0.00866159580844669,0.3646335720097337,0.023754246655641114,0.981048635619571,0.9866706908380213,FAM175B
ENSG00000134884,29.83609539502106,-0.004344821097619261,0.18926921102097177,-0.02295577328283911,0.9816855514504006,0.9871092285302372,ARGLU1
ENSG00000058799,6.59039526732092,-0.007768076094049255,0.3577332112840653,-0.021714718815639557,0.9826755226244778,0.9879025200852461,YIPF1
ENSG00000156831,23.21862547977416,0.004483434138915282,0.20925268588085458,0.02142593353123354,0.9829058863455603,0.987931995398258,NSMCE2
ENSG00000158578,24.792318111090317,0.018613465911111005,0.8977809574368422,0.020732747511433426,0.9834588458931722,0.9882856377748565,ALAS2
ENSG00000171865,6.804827355140043,0.006554691487716423,0.33683794572321957,0.01945948065216627,0.9844745606725192,0.9891040668870904,RNASEH1
ENSG00000172171,7.755937691039622,-0.006047692200488028,0.31864042763473277,-0.018979676387519417,0.9848573183834324,0.989286357836506,TEFM
ENSG00000166598,133.6965749401038,0.0023069016569169662,0.12472808019947096,0.01849544748245673,0.9852436093283038,0.9894721226730605,HSP90B1
ENSG00000167182,5.3580723041238745,0.006082715434416973,0.3653322678350134,0.016649817084221998,0.9867159817691147,0.990748331510713,SP2
ENSG00000100461,24.994286974668682,-0.0031451217597643776,0.20927950869027548,-0.01502833115123096,0.9880095779424424,0.9911713535762965,RBM23
ENSG00000102189,9.67639257959327,-0.004694460524554289,0.3007262987687192,-0.015610409012364683,0.9875452015042617,0.9911713535762965,EEA1
ENSG00000115762,58.42339238339411,0.002078876032184174,0.13883793718735488,0.014973400457389643,0.9880534013639856,0.9911713535762965,PLEKHB2
ENSG00000121067,19.007315605789564,-0.003190099268649928,0.20142333411351487,-0.015837784051633778,0.9873638048975965,0.9911713535762965,SPOP
ENSG00000125995,18.50537507180409,-0.0031225281731815297,0.21016393846543338,-0.014857583065779414,0.9881457999939514,0.9911713535762965,ROMO1
ENSG00000115129,7.951201484974442,0.005637179661835836,0.4036789281045386,0.013964513055722357,0.9888582927545305,0.9916836021624006,TP53I3
ENSG00000204209,12.334517479206651,0.0034678916596818676,0.2577913883786896,0.01345231771120149,0.9892669271103511,0.9918909773148878,DAXX
ENSG00000186074,13.519566059010025,-0.0032396936834220374,0.2487636153234069,-0.013023181381289425,0.9896092983602978,0.9920318425423302,CD300LF
ENSG00000181649,40.34351613620288,-0.0018838484127374434,0.17457920528432036,-0.010790794984256002,0.9913903583698455,0.9936145668018398,PHLDA2
ENSG00000102390,26.24679244598147,-0.002171288989947684,0.22129085836600224,-0.009811923574160927,0.9921713432844137,0.99419453117855,PBDC1
ENSG00000072849,71.56277558064016,-0.0013465277731474765,0.14186036283079342,-0.009491923933351083,0.9924266541635783,0.9942476205014931,DERL2
ENSG00000155660,16.125593025327838,0.0017256711101115132,0.2193844676282315,0.007865967580876473,0.9937239306318494,0.9953443528587257,PDIA4
ENSG00000157450,6.516554686848845,0.0026754261590392608,0.37142457809142687,0.007203147871330959,0.9942527692238311,0.9956711041299992,RNF111
ENSG00000162066,9.587324490544681,-0.0018213702715043892,0.30855546014541224,-0.005902894314837392,0.9952901991136665,0.996506935298402,AMDHD2
ENSG00000147099,12.030019204555192,-0.0016030024864779192,0.36309041079203885,-0.004414885215451321,0.9964774426920299,0.9974923922160591,HDAC8
ENSG00000183891,8.373064039810707,0.0007670065790938882,0.3300806292905529,0.002323694609836471,0.9981459616152883,0.9989591151481725,TTC32
ENSG00000074842,75.18267713015973,-0.00013700444897554064,0.16921482278738667,-0.0008096480362579264,0.9993539944027647,0.9999482923052873,C19orf10
ENSG00000111875,8.33615778845093,8.485702546758482e-05,0.3106888038224389,0.00027312546967763043,0.9997820774072916,0.9999482923052873,ASF1A
ENSG00000138032,17.866302225896053,-1.44161521785398e-05,0.22245093898116147,-6.48059848367763e-05,0.9999482923052873,0.9999482923052873,PPM1B
ENSG00000196655,59.61144877195135,7.36515133649265e-05,0.1306235522474142,0.0005638455860197638,0.9995501163360759,0.9999482923052873,TRAPPC4
