producer_celltype_minor,rank,gene_symbol,mean_log1p_in,mean_log1p_out,difference,detected_fraction_in,detected_fraction_out
B cells Memory,1,HLA-DRA,3.7908776,1.0085821,2.7822955,0.9751838235294371,0.3962016858552856
B cells Memory,2,CD74,4.8165517,2.0372317,2.77932,0.9954044117647324,0.6873458059208358
B cells Memory,3,MS4A1,2.1911864,0.03589093,2.1552956,0.8299632352941347,0.017989309210526574
B cells Memory,4,HLA-DPA1,2.8614802,0.895233,1.9662473,0.9099264705882569,0.3903937088815981
B cells Memory,5,HLA-DPB1,2.7595532,0.8485886,1.9109646,0.901654411764727,0.3873612253289648
B cells Memory,6,CD37,2.4899907,0.59178555,1.8982052,0.886948529411785,0.3165347450657666
B cells Memory,7,CD79A,1.948896,0.10323604,1.84566,0.7628676470588368,0.054481907894738134
B cells Memory,8,HLA-DQA1,2.1328743,0.45997384,1.6729004,0.8079044117647217,0.23003186677626533
B cells Memory,9,HLA-DRB1,2.6406372,0.99131346,1.6493237,0.8805147058823729,0.4183028371710876
B cells Memory,10,HLA-DQB1,2.1127377,0.51595,1.5967877,0.7931985294117797,0.27348889802626847
B cells Memory,11,HLA-DRB5,2.2431986,0.6850251,1.5581735,0.798713235294133,0.316714638157872
B cells Memory,12,CD83,1.7810152,0.28532448,1.4956907,0.665441176470596,0.16953638980261207
B cells Memory,13,LAPTM5,2.1437461,0.8022763,1.3414698,0.8318014705882525,0.371993215460535
B cells Memory,14,CXCR4,2.3426445,1.0045382,1.3381063,0.8253676470588404,0.4050678453947643
B cells Memory,15,CD52,2.119922,0.7890378,1.3308841,0.7996323529411918,0.339098478618411
B cells Memory,16,CD69,1.7898833,0.70725024,1.082633,0.6525735294117717,0.2872892680920658
B cells Memory,17,BANK1,1.0428075,0.01525395,1.0275536,0.5312500000000001,0.012104235197368514
B cells Memory,18,LTB,1.4534187,0.4497997,1.0036191,0.6112132352941223,0.20078638980259608
B cells Memory,19,BTG1,3.0551934,2.102419,0.9527745,0.8961397058823738,0.8266858552627193
B cells Memory,20,HLA-DQA2,1.0351053,0.17655994,0.8585454,0.4632352941176455,0.10711348684210804
B cells Memory,21,LIMD2,1.3389747,0.5056312,0.8333435,0.6204044117647111,0.3027086759868114
B cells Memory,22,RPS27,4.205091,3.3754802,0.8296108,0.9880514705882614,0.9742238898019582
B cells Memory,23,TSC22D3,2.2402854,1.4594237,0.78086174,0.8042279411764862,0.6789679276313755
B cells Memory,24,CD79B,0.8573055,0.078481995,0.77882355,0.4448529411764691,0.06499280427631737
B cells Memory,25,HLA-DMA,1.2083949,0.43005794,0.77833694,0.5919117647058859,0.26356907894731546
B cells Memory,26,IRF8,0.8619672,0.08622757,0.7757396,0.4577205882352926,0.06614925986842267
B cells Memory,27,CORO1A,1.392127,0.6357498,0.7563772,0.6369485294117708,0.31635485197366126
B cells Memory,28,VPREB3,0.7675685,0.012055203,0.7555133,0.3897058823529399,0.008197985197368403
B cells Memory,29,RAC2,1.3605667,0.61947817,0.74108857,0.6185661764705933,0.3274311266447202
B cells Memory,30,ARHGAP24,0.7871035,0.049000166,0.73810333,0.43290441176470446,0.04736328125000109
B cells Memory,31,RPS23,4.087931,3.3573558,0.7305753,0.9843750000000259,0.9684930098677568
B cells Memory,32,MEF2C,0.92357725,0.20982973,0.7137475,0.47794117647058665,0.15642989309209246
B cells Memory,33,REL,1.2972416,0.5913854,0.70585614,0.6029411764705924,0.3956363075658116
B cells Memory,34,EEF1B2,2.6518397,1.9504412,0.7013985,0.9191176470588457,0.8463712993416354
B cells Memory,35,RPSA,2.9539034,2.2625177,0.69138575,0.9347426470588466,0.8866673519731502
B cells Memory,36,RPLP2,3.376553,2.6905687,0.6859844,0.9586397058823773,0.9272717927625592
B cells Memory,37,FCMR,0.8251022,0.14307293,0.68202925,0.4439338235294103,0.09405838815789715
B cells Memory,38,IGKC,1.2300705,0.55205977,0.6780107,0.4246323529411751,0.26246402138152536
B cells Memory,39,CYBA,1.5814325,0.9167515,0.66468096,0.6920955882353034,0.4958110608553422
B cells Memory,40,POU2F2,0.7646926,0.10107748,0.6636151,0.4163602941176457,0.08532072368421269
B cells Memory,41,RPL13,4.3287888,3.6662672,0.6625216,0.9880514705882614,0.963173314144081
B cells Memory,42,ADAM28,0.6967469,0.04061078,0.6561361,0.3814338235294105,0.03913959703947454
B cells Memory,43,NCF1,0.82671183,0.17502734,0.6516845,0.44117647058823384,0.12368935032895062
B cells Memory,44,CD53,1.0473495,0.40062907,0.6467204,0.532169117647059,0.23918071546047118
B cells Memory,45,SMIM14,0.9783894,0.33793378,0.6404556,0.4797794117647043,0.2740799753289004
B cells Memory,46,RPS29,2.5226202,1.8835309,0.63908935,0.8520220588235478,0.813193873354846
B cells Memory,47,RPL32,4.135442,3.5012941,0.63414764,0.990808823529438,0.9764083059203758
B cells Memory,48,LINC00926,0.6519809,0.020601785,0.63137907,0.3538602941176459,0.019608347039473988
B cells Memory,49,CD55,1.1203411,0.49393657,0.6264045,0.517463235294117,0.34626850328946773
B cells Memory,50,LY9,0.6871576,0.06839891,0.6187587,0.3437499999999989,0.04594983552631684
B cells Naive,1,HLA-DRA,3.9692621,1.0579149,2.9113474,0.9944751381215545,0.406630001513679
B cells Naive,2,CD74,4.9641576,2.086802,2.8773556,1.0000000000000075,0.6929461627730619
B cells Naive,3,CD79A,2.4102046,0.13282783,2.277377,0.8480662983425464,0.0666784398809198
B cells Naive,4,CD37,2.8335266,0.6234156,2.2101111,0.9392265193370232,0.32650486906502274
B cells Naive,5,HLA-DPB1,3.0850616,0.8806159,2.2044456,0.9502762430939294,0.3963368484787131
B cells Naive,6,HLA-DPA1,3.1299422,0.9287959,2.2011464,0.9696132596685154,0.39936424643017365
B cells Naive,7,MS4A1,2.0622444,0.07654431,1.9857001,0.8038674033149213,0.03309955093596971
B cells Naive,8,HLA-DQB1,2.508931,0.5415776,1.9673533,0.8950276243093981,0.28207780412733896
B cells Naive,9,BTG1,4.035282,2.110921,1.9243612,0.9972375690607811,0.8270346637065027
B cells Naive,10,CD52,2.532066,0.80964553,1.7224206,0.889502762430945,0.346712750391022
B cells Naive,11,LAPTM5,2.5377274,0.823248,1.7144793,0.8839779005524918,0.3799384429083017
B cells Naive,12,TCL1A,1.7133995,0.013364826,1.7000347,0.6574585635359133,0.006660275493213537
B cells Naive,13,HLA-DQA1,2.0454957,0.49141365,1.5540822,0.7762430939226557,0.2409051919874753
B cells Naive,14,CXCR4,2.5615976,1.0270454,1.5345522,0.8674033149171324,0.4123820576214541
B cells Naive,15,HLA-DRB5,2.1965857,0.71398854,1.4825971,0.7596685082872963,0.3258993894747306
B cells Naive,16,HLA-DRB1,2.4674075,1.023101,1.4443065,0.8370165745856402,0.4271658509510865
B cells Naive,17,TXNIP,2.5008721,1.099469,1.4014032,0.8563535911602261,0.5432917907058613
B cells Naive,18,CD83,1.5652838,0.31468883,1.250595,0.6436464088397804,0.17881830566627155
B cells Naive,19,LIMD2,1.6456578,0.5180962,1.1275616,0.7016574585635383,0.3077854583984916
B cells Naive,20,CYBA,1.9486237,0.9255699,1.0230538,0.7955801104972416,0.4984610727079828
B cells Naive,21,IGHM,1.0968235,0.074077256,1.0227462,0.5165745856353583,0.04975023966900281
B cells Naive,22,RPL18A,4.2886305,3.2797437,1.0088868,0.9972375690607811,0.9596094656642132
B cells Naive,23,HLA-DMA,1.4448527,0.4421554,1.0026973,0.6381215469613273,0.2691609062011072
B cells Naive,24,RPL21,3.7498164,2.75746,0.9923563,0.9944751381215545,0.9407891417326334
B cells Naive,25,LINC00926,1.0122403,0.028875839,0.98336446,0.4779005524861868,0.02459760835561796
B cells Naive,26,TSC22D3,2.454598,1.4717565,0.9828415,0.8591160220994527,0.6807608860184331
B cells Naive,27,ISG20,1.5750024,0.5945826,0.9804198,0.6685082872928195,0.36422120187696894
B cells Naive,28,CD79B,1.0700924,0.090803444,0.979289,0.49447513812154587,0.07149704828699453
B cells Naive,29,RPL13,4.651521,3.6754618,0.97605944,1.0000000000000075,0.9635198546848498
B cells Naive,30,RPS2,3.5050783,2.529134,0.9759443,0.9834254143646483,0.8727483727735572
B cells Naive,31,RPLP2,3.6491013,2.700634,0.94846725,0.9944751381215545,0.9275190473787313
B cells Naive,32,RPSA,3.2136405,2.272817,0.94082355,0.972375690607742,0.8872041979917814
B cells Naive,33,VPREB3,0.9567785,0.024165051,0.9326135,0.44751381215469516,0.014657651748322372
B cells Naive,34,FCMR,1.074643,0.15328565,0.9213574,0.4972375690607724,0.09997981734698601
B cells Naive,35,NCF1,1.0898652,0.18456,0.9053052,0.505524861878452,0.12891669609969658
B cells Naive,36,IGHD,0.90965706,0.008977707,0.90067935,0.4309392265193361,0.005701599475250992
B cells Naive,37,STK17A,1.3407241,0.44248736,0.89823675,0.6049723756906085,0.2925223270598779
B cells Naive,38,RHOH,1.3305683,0.43391395,0.89665437,0.6132596685082882,0.23651546495785747
B cells Naive,39,HLA-E,2.6114435,1.7189468,0.8924967,0.9226519337016638,0.7551591906755765
B cells Naive,40,SELL,1.0922737,0.20054486,0.8917289,0.4999999999999989,0.11650436449870825
B cells Naive,41,BANK1,0.9266672,0.035135053,0.8915322,0.44751381215469516,0.022377516524546878
B cells Naive,42,RPL13A,3.1181834,2.2269979,0.8911855,0.9281767955801169,0.8384630909732663
B cells Naive,43,RPS27,4.276145,3.3900163,0.88612866,1.0000000000000075,0.9743680306775835
B cells Naive,44,HVCN1,0.9291262,0.058334745,0.87079144,0.4364640883977891,0.05277763762046338
B cells Naive,45,CCR7,1.0645701,0.19840933,0.86616075,0.5027624309392255,0.09970230586810212
B cells Naive,46,RPS11,2.7547581,1.890111,0.86464715,0.9088397790055309,0.827665371613057
B cells Naive,47,LTB,1.3172519,0.46942475,0.8478272,0.5662983425414365,0.20871386043694462
B cells Naive,48,CD69,1.5745736,0.7290439,0.84552974,0.6104972375690616,0.2943639941470164
B cells Naive,49,MEF2C,1.0588692,0.22166714,0.8372021,0.4972375690607724,0.16214238861697627
B cells Naive,50,CD55,1.3382852,0.503419,0.8348662,0.5773480662983428,0.3488571572733066
CAFs MSC iCAF-like,1,DCN,4.057306,0.20814109,3.8491647,0.9636785162287678,0.09130367384901768
CAFs MSC iCAF-like,2,APOD,3.5686004,0.29523718,3.273363,0.8732612055641573,0.1672092182090549
CAFs MSC iCAF-like,3,LUM,3.0926561,0.18611884,2.9065373,0.9180834621329386,0.07500129178938603
CAFs MSC iCAF-like,4,COL1A2,2.5958683,0.29472667,2.3011417,0.8717156105100614,0.12233245491655748
CAFs MSC iCAF-like,5,SFRP2,2.4072711,0.14310533,2.2641659,0.7921174652241223,0.05585697307910722
CAFs MSC iCAF-like,6,C1S,2.4437413,0.18034004,2.2634013,0.8979907264296918,0.1088461737198416
CAFs MSC iCAF-like,7,COL1A1,2.3513062,0.30363616,2.0476701,0.8176197836167047,0.13305430682581962
CAFs MSC iCAF-like,8,IGFBP4,2.6707675,0.62377024,2.0469973,0.8608964451313901,0.30462977316178264
CAFs MSC iCAF-like,9,CXCL12,2.1731129,0.14234664,2.0307662,0.8191653786708006,0.09047692864155617
CAFs MSC iCAF-like,10,GSN,2.647515,0.617181,2.030334,0.8848531684698766,0.3586524053118747
CAFs MSC iCAF-like,11,SERPINF1,2.2202308,0.21789807,2.0023327,0.8554868624420544,0.12540691365680476
CAFs MSC iCAF-like,12,SERPING1,2.3757737,0.384275,1.9914987,0.9018547140649316,0.23058440551849224
CAFs MSC iCAF-like,13,MGP,3.1758132,1.2275962,1.948217,0.9026275115919795,0.44127525448260374
CAFs MSC iCAF-like,14,COL3A1,2.2004168,0.25630686,1.9441099,0.7619783616692521,0.1057717149795941
CAFs MSC iCAF-like,15,CTSK,2.0449104,0.11668238,1.928228,0.8214837712519445,0.06673383971477093
CAFs MSC iCAF-like,16,RARRES2,2.0548594,0.14605516,1.9088042,0.8369397217929035,0.08957267607089514
CAFs MSC iCAF-like,17,TIMP1,2.6839359,0.8157871,1.8681488,0.9064914992272193,0.42621299023415626
CAFs MSC iCAF-like,18,COL6A2,2.0841043,0.24307029,1.841034,0.8408037094281433,0.12328837906268485
CAFs MSC iCAF-like,19,IGFBP7,2.620637,0.8339081,1.7867289,0.8191653786708006,0.28161008629151385
CAFs MSC iCAF-like,20,CALD1,2.3097901,0.524658,1.7851322,0.8956723338485479,0.2486436211439699
CAFs MSC iCAF-like,21,PTGDS,1.8019427,0.07326807,1.7286747,0.5927357032457505,0.03932206892988146
CAFs MSC iCAF-like,22,CCDC80,1.7822018,0.117945865,1.6642559,0.7302936630602861,0.0738128455536601
CAFs MSC iCAF-like,23,IFITM3,2.970634,1.3253661,1.6452678,0.9613601236476239,0.5600165349043269
CAFs MSC iCAF-like,24,EGR1,2.3991241,0.75957286,1.6395513,0.8207109737248965,0.39807781739271664
CAFs MSC iCAF-like,25,MFAP4,1.6930555,0.06643625,1.6266192,0.7272024729520943,0.03932206892988146
CAFs MSC iCAF-like,26,LGALS1,2.813829,1.1883421,1.6254869,0.928129829984562,0.5329664651476811
CAFs MSC iCAF-like,27,FBLN1,1.7237079,0.10810296,1.615605,0.7302936630602861,0.08388880276959726
CAFs MSC iCAF-like,28,C1R,1.7453641,0.13982105,1.605543,0.7565687789799165,0.10044954270656063
CAFs MSC iCAF-like,29,VIM,3.690388,2.1629317,1.5274563,0.9636785162287678,0.7088306722474786
CAFs MSC iCAF-like,30,COL6A3,1.6052802,0.14140896,1.4638712,0.7333848531684779,0.0700149847568838
CAFs MSC iCAF-like,31,SPARC,2.0117154,0.5586976,1.4530178,0.8006182380216498,0.22704490259904955
CAFs MSC iCAF-like,32,COL6A1,1.6450853,0.19794892,1.4471364,0.7573415765069644,0.11127473776675978
CAFs MSC iCAF-like,33,CFD,1.6715804,0.23540422,1.4361762,0.5417310664605857,0.15837337880431476
CAFs MSC iCAF-like,34,CST3,2.663277,1.2284585,1.4348184,0.9003091190108357,0.4805198160493134
CAFs MSC iCAF-like,35,CYR61,1.7745981,0.34406084,1.4305372,0.6414219474497715,0.2071255102567845
CAFs MSC iCAF-like,36,MMP2,1.5464337,0.12261126,1.4238224,0.6839258114374089,0.07740402004857104
CAFs MSC iCAF-like,37,FOS,3.8201816,2.4121528,1.4080288,0.9196290571870345,0.7824626672870589
CAFs MSC iCAF-like,38,CD63,2.599657,1.2118918,1.3877653,0.9304482225657058,0.5991060817446374
CAFs MSC iCAF-like,39,C3,1.4654548,0.08101684,1.384438,0.5602782071097365,0.06528703560171328
CAFs MSC iCAF-like,40,SEPP1,1.8700476,0.4975629,1.3724847,0.797527047913458,0.286493050173086
CAFs MSC iCAF-like,41,PCOLCE,1.5305262,0.15846482,1.3720614,0.7357032457496218,0.09776262078231072
CAFs MSC iCAF-like,42,CTGF,1.5835633,0.22587645,1.3576869,0.5904173106646067,0.12308169276081947
CAFs MSC iCAF-like,43,CXCL14,1.4539638,0.112101994,1.3418617,0.5023183925811401,0.05161990389086812
CAFs MSC iCAF-like,44,ISLR,1.4397032,0.10715581,1.3325474,0.7125193199381832,0.0738128455536601
CAFs MSC iCAF-like,45,LAPTM4A,2.2042913,0.89450216,1.3097892,0.8748068006182532,0.5239756110165323
CAFs MSC iCAF-like,46,MXRA8,1.3728553,0.11718223,1.255673,0.6777434312210253,0.07476876969978748
CAFs MSC iCAF-like,47,SPARCL1,1.8326793,0.57924473,1.2534345,0.7673879443585878,0.2105875058130277
CAFs MSC iCAF-like,48,TMEM176B,1.4595923,0.23857066,1.2210217,0.7117465224111352,0.15217278974835677
CAFs MSC iCAF-like,49,MEG3,1.2583232,0.04880721,1.2095159,0.6136012364760453,0.03136464630806656
CAFs MSC iCAF-like,50,AEBP1,1.3225335,0.14051637,1.1820171,0.6437403400309154,0.07748152741177056
CAFs myCAF-like,1,COL1A1,4.54567,0.22066578,4.325004,0.9840579710144679,0.12558259968927618
CAFs myCAF-like,2,COL1A2,4.3207626,0.22796741,4.0927954,0.9891304347825836,0.11646815121698294
CAFs myCAF-like,3,COL3A1,4.1342163,0.18287814,3.9513383,0.9811594202898304,0.09647850854479505
CAFs myCAF-like,4,LUM,3.837235,0.1530407,3.6841943,0.9855072463767867,0.0707146556188534
CAFs myCAF-like,5,DCN,3.6459985,0.2142668,3.4317317,0.9579710144927303,0.08956499223200468
CAFs myCAF-like,6,SPARC,3.8372853,0.49022672,3.3470585,0.9775362318840335,0.21944588296222947
CAFs myCAF-like,7,SFRP2,3.1989152,0.10977564,3.0891397,0.8869565217391111,0.050828586224756625
CAFs myCAF-like,8,FN1,3.068312,0.28024003,2.7880719,0.9014492753622987,0.1568099430347056
CAFs myCAF-like,9,POSTN,2.8602743,0.097062886,2.7632115,0.8724637681159235,0.059347488348009965
CAFs myCAF-like,10,CTHRC1,2.6471078,0.100992836,2.546115,0.827536231884042,0.0745468669083402
CAFs myCAF-like,11,IGFBP7,3.3173232,0.8050315,2.5122917,0.9130434782608488,0.2770585189021801
CAFs myCAF-like,12,COL6A2,2.7224672,0.21616022,2.506307,0.9275362318840363,0.11859140341791481
CAFs myCAF-like,13,BGN,2.68399,0.22791666,2.4560733,0.8702898550724454,0.11918694976695668
CAFs myCAF-like,14,LGALS1,3.6058,1.1564258,2.4493742,0.9775362318840335,0.5303210771621857
CAFs myCAF-like,15,COL6A3,2.493357,0.106415674,2.3869412,0.9021739130434581,0.06250647332988506
CAFs myCAF-like,16,CALD1,2.87117,0.5006234,2.3705466,0.938405797101427,0.24567581563960925
CAFs myCAF-like,17,COL6A1,2.4724905,0.16516063,2.30733,0.9072463768115737,0.10447954427757492
CAFs myCAF-like,18,TIMP1,3.0709817,0.7977977,2.273184,0.9420289855072239,0.4238736406008408
CAFs myCAF-like,19,AEBP1,2.2313614,0.10540935,2.125952,0.8608695652173735,0.06846193682030373
CAFs myCAF-like,20,CTSK,2.2274668,0.105865344,2.1216016,0.8898550724637486,0.0626100466079793
CAFs myCAF-like,21,VCAN,2.2137873,0.13757718,2.07621,0.8630434782608516,0.08977213878819315
CAFs myCAF-like,22,TAGLN,2.3877838,0.38847885,1.9993049,0.7884057971014355,0.1609010875194302
CAFs myCAF-like,23,CTGF,2.1778953,0.20161654,1.9762788,0.7630434782608573,0.11587260486794107
CAFs myCAF-like,24,COL5A2,2.0512793,0.077135585,1.9741437,0.8615942028985328,0.05502330398757438
CAFs myCAF-like,25,C1S,2.1501026,0.18579236,1.9643103,0.8884057971014299,0.10743138270326069
CAFs myCAF-like,26,RARRES2,2.0981643,0.1402572,1.9579071,0.8492753623188234,0.08746763335059636
CAFs myCAF-like,27,IGFBP4,2.5510561,0.62348974,1.9275664,0.8710144927536048,0.3030295183843241
CAFs myCAF-like,28,SERPINF1,2.1019611,0.21766557,1.8842956,0.8594202898550547,0.1236406007250089
CAFs myCAF-like,29,THY1,1.9830943,0.12921767,1.8538767,0.848550724637664,0.07213878819264917
CAFs myCAF-like,30,MMP2,1.8657482,0.10803054,1.7577176,0.8014492753623044,0.07185396167789002
CAFs myCAF-like,31,IFITM3,3.0564647,1.3186378,1.7378268,0.9688405797101209,0.5588555152771023
CAFs myCAF-like,32,CCDC80,1.8251774,0.112704195,1.7124733,0.7847826086956387,0.07040393578457069
CAFs myCAF-like,33,MMP11,1.7398982,0.037838943,1.7020593,0.5833333333333313,0.03161574313827037
CAFs myCAF-like,34,SERPING1,2.053121,0.3913691,1.661752,0.8862318840579517,0.22964785085451736
CAFs myCAF-like,35,MXRA8,1.7503862,0.100895904,1.6494904,0.7934782608695512,0.06929052304505763
CAFs myCAF-like,36,IFI27,2.4616928,0.8478003,1.6138926,0.8971014492753424,0.33376488865880566
CAFs myCAF-like,37,MYL9,2.0176747,0.40551308,1.6121616,0.8398550724637515,0.20113930605906313
CAFs myCAF-like,38,CST3,2.7955046,1.2205402,1.5749644,0.9036231884057768,0.47946659761795274
CAFs myCAF-like,39,PCOLCE,1.7210573,0.14860111,1.5724561,0.8108695652173763,0.09365613671672707
CAFs myCAF-like,40,CD63,2.7691693,1.2027441,1.5664252,0.9499999999999771,0.5976696012428555
CAFs myCAF-like,41,ISLR,1.6463164,0.09680547,1.549511,0.7898550724637543,0.0696271361988639
CAFs myCAF-like,42,MFAP2,1.531789,0.058725968,1.473063,0.7239130434782508,0.05191610564474641
CAFs myCAF-like,43,TIMP3,1.8519179,0.38503626,1.4668816,0.7478260869565103,0.20235629207667108
CAFs myCAF-like,44,COL5A1,1.4959195,0.033974502,1.4619449,0.7710144927536104,0.029544277576385287
CAFs myCAF-like,45,NNMT,1.7819381,0.32336468,1.4585733,0.7971014492753481,0.1825479026411375
CAFs myCAF-like,46,FBLN1,1.5471661,0.11081364,1.4363525,0.7347826086956415,0.08228896944588447
CAFs myCAF-like,47,SPON2,1.5493176,0.113722235,1.4355954,0.7427536231883947,0.07335577421025646
CAFs myCAF-like,48,CD99,2.4131336,1.0107889,1.4023447,0.9289855072463551,0.5826773692387387
CAFs myCAF-like,49,FSTL1,1.5121402,0.11092929,1.4012109,0.7920289855072324,0.0901864319005701
CAFs myCAF-like,50,SERPINH1,1.7531003,0.37423274,1.3788675,0.8202898550724482,0.2585965820818723
Cancer Basal SC,1,CD24,2.7427533,0.7601529,1.9826005,0.8311951384200005,0.2985279991692153
Cancer Basal SC,2,MGST1,2.074552,0.42079493,1.6537571,0.8912896691424891,0.22448661699416853
Cancer Basal SC,3,KRT7,1.9387182,0.46224922,1.476469,0.8217420661715191,0.2272385056724818
Cancer Basal SC,4,CSTB,2.2980943,0.97866297,1.3194313,0.9209993247805733,0.5604766478881834
Cancer Basal SC,5,MGP,2.538165,1.242655,1.29551,0.6623902768399763,0.4482722812119317
Cancer Basal SC,6,RPS17,2.5599759,1.329929,1.2300469,0.8865631330182484,0.6470313351854123
Cancer Basal SC,7,YBX1,2.6357546,1.4113683,1.2243863,0.9547602970965782,0.6995508709989379
Cancer Basal SC,8,GAPDH,3.9699924,2.782213,1.1877794,0.9918973666441835,0.9119914847221605
Cancer Basal SC,9,RPS2,3.6613786,2.4947693,1.1666093,0.9837947332883423,0.8695189387058838
Cancer Basal SC,10,UQCRH,2.2035425,1.0435783,1.1599642,0.918298446995293,0.6169942106494514
Cancer Basal SC,11,KRT19,1.8552666,0.70059216,1.1546744,0.6941255908170209,0.25260261169807013
Cancer Basal SC,12,RPL13A,3.3371234,2.1926954,1.144428,0.96758946657666,0.8343414938085397
Cancer Basal SC,13,PERP,1.6534747,0.5347535,1.1187212,0.8089128966914373,0.3080817259014829
Cancer Basal SC,14,EPCAM,1.3562047,0.26288646,1.0933182,0.7319378798109463,0.18297463589395224
Cancer Basal SC,15,CALML5,1.240089,0.22449324,1.0155958,0.48210668467251194,0.10226122173473282
Cancer Basal SC,16,MARCKSL1,1.7379049,0.7341267,1.0037782,0.8541525995948838,0.42360912796287126
Cancer Basal SC,17,RPS20,2.3245282,1.320976,1.0035522,0.8311951384200005,0.6302344297621049
Cancer Basal SC,18,TPI1,2.2453043,1.280569,0.9647354,0.9480081026333772,0.681014564241223
Cancer Basal SC,19,KDELR2,1.5748078,0.6132368,0.961571,0.8163403106009584,0.42677639606432954
Cancer Basal SC,20,KRT18,1.5779796,0.6261798,0.95179975,0.8318703578663206,0.2772138425192378
Cancer Basal SC,21,RARRES1,1.0699128,0.13870509,0.9312077,0.47602970965563157,0.08536047145564886
Cancer Basal SC,22,RPL7,2.9904804,2.0702937,0.92018676,0.9486833220796973,0.8376385679797299
Cancer Basal SC,23,KRT8,1.4380188,0.51919276,0.91882604,0.8190411883862387,0.2563150652924024
Cancer Basal SC,24,SPINT2,1.5820808,0.663461,0.9186198,0.7562457798784697,0.34058516576234993
Cancer Basal SC,25,RPL4,2.8300538,1.9120194,0.91803443,0.9581363943281787,0.8375866455518372
Cancer Basal SC,26,S100A11,2.7771406,1.8628641,0.9142765,0.9453072248480968,0.7591837794337714
Cancer Basal SC,27,ANXA2,2.0375311,1.1236655,0.9138657,0.8717083051992063,0.5755860744049762
Cancer Basal SC,28,RPS16,3.4428718,2.5495512,0.89332056,0.9878460499662629,0.9222721254449268
Cancer Basal SC,29,GSTP1,2.0080564,1.1221974,0.885859,0.883862255232968,0.5815831148265899
Cancer Basal SC,30,TACSTD2,1.2991412,0.4141838,0.8849574,0.6434841323430136,0.22388950907340244
Cancer Basal SC,31,P4HB,1.6990572,0.83234674,0.8667105,0.8203916272788789,0.5094628624835479
Cancer Basal SC,32,RPL18A,4.118484,3.2569695,0.86151457,0.9986495611073845,0.9584620576861796
Cancer Basal SC,33,PFDN2,1.3751781,0.51611185,0.85906625,0.8008102633355961,0.39788156494200927
Cancer Basal SC,34,PABPC1,2.5891812,1.7499483,0.8392329,0.9574611748818586,0.7989303979856782
Cancer Basal SC,35,MDH2,1.4358821,0.5991889,0.83669317,0.8501012829169632,0.43518782938295647
Cancer Basal SC,36,PPA1,1.433604,0.60188496,0.83171904,0.8217420661715191,0.4210130065682333
Cancer Basal SC,37,RPL37A,3.0226355,2.2033613,0.8192742,0.9723160027009007,0.8714141073239695
Cancer Basal SC,38,ENO1,1.6932217,0.87945163,0.81377006,0.8622552329507249,0.5271684103949786
Cancer Basal SC,39,NDUFA4,2.1123412,1.3031154,0.8092258,0.9277515192437743,0.6891663854203861
Cancer Basal SC,40,S100A16,1.1872445,0.38075328,0.80649126,0.6245779878460509,0.23881720709255463
Cancer Basal SC,41,ATP5C1,1.4359554,0.643057,0.7928984,0.8041863605671966,0.4600846335575343
Cancer Basal SC,42,HMGA1,1.1396333,0.35719216,0.78244114,0.7177582714382242,0.2696850904747878
Cancer Basal SC,43,SLPI,0.99764276,0.21884124,0.7788015,0.5097906819716345,0.12341961110102072
Cancer Basal SC,44,TM4SF1,1.3526628,0.5747772,0.7778856,0.7427413909520678,0.2726706300786214
Cancer Basal SC,45,PKM,1.7615253,0.9837701,0.7777552,0.8663065496286455,0.5564007372986018
Cancer Basal SC,46,RPS6,3.9228556,3.14965,0.7732055,0.9959486833221041,0.9612139463644959
Cancer Basal SC,47,ALDOA,2.2444816,1.4839318,0.7605498,0.9358541525996155,0.7160362418548888
Cancer Basal SC,48,S100A6,2.6259682,1.8654741,0.7604941,0.7555705604321497,0.7387263428440244
Cancer Basal SC,49,SAA1,0.8527781,0.09264651,0.7601316,0.34098582039162334,0.05049456112567996
Cancer Basal SC,50,RPS27A,4.263094,3.50338,0.7597139,0.9972991222147443,0.9743762818353102
Cancer Cycling,1,CD24,3.237816,0.70755047,2.5302656,0.8519076305220981,0.29028099347504893
Cancer Cycling,2,STMN1,1.9696232,0.44029513,1.5293281,0.8880522088353515,0.28551883813933454
Cancer Cycling,3,MGST1,1.8788553,0.40881777,1.4700376,0.87500000000001,0.21637549989478297
Cancer Cycling,4,KRT19,2.138787,0.67020816,1.4685788,0.7680722891566352,0.24279099137026525
Cancer Cycling,5,KRT7,1.8693517,0.44603416,1.4233176,0.7981927710843464,0.22047989896866269
Cancer Cycling,6,TUBB,2.360839,0.9392847,1.4215542,0.9287148594377617,0.5372553146704369
Cancer Cycling,7,SPINT2,1.8992922,0.63448805,1.2648041,0.8222891566265154,0.3315354662175913
Cancer Cycling,8,MUCL1,1.5538701,0.34502485,1.2088453,0.4031124497992009,0.13670806146075873
Cancer Cycling,9,KRT18,1.8078153,0.6013386,1.2064767,0.8810240963855522,0.2671805935592631
Cancer Cycling,10,PKM,2.1315422,0.95392364,1.1776185,0.911646586345392,0.5498579246472988
Cancer Cycling,11,PERP,1.6855468,0.5180319,1.1675148,0.8539156626506121,0.29898968638179735
Cancer Cycling,12,CSTB,2.0919385,0.9717275,1.120211,0.9161646586345487,0.5558829720057568
Cancer Cycling,13,ANXA2,2.2177088,1.1019403,1.1157686,0.9191767068273198,0.5691170279939854
Cancer Cycling,14,ALDOA,2.5395331,1.4582474,1.0812857,0.9598393574297299,0.7118238265628769
Cancer Cycling,15,EPCAM,1.3217796,0.24999173,1.0717878,0.7510040160642655,0.17459482214272534
Cancer Cycling,16,GAPDH,3.83238,2.7734654,1.0589147,0.9864457831325415,0.9112029046519365
Cancer Cycling,17,DBI,2.0561054,1.0201759,1.0359294,0.9031124497992071,0.5762471058723353
Cancer Cycling,18,CHCHD2,2.7088299,1.6769251,1.0319048,0.9643574297188866,0.7837297411072686
Cancer Cycling,19,IDH2,1.4994559,0.47222838,1.0272275,0.8002008032128605,0.33803409808456064
Cancer Cycling,20,ENO1,1.8831267,0.8585597,1.024567,0.8905622489959941,0.5211797516310577
Cancer Cycling,21,HMGN2,2.0428023,1.0241429,1.0186595,0.9131526104417775,0.6001105030519047
Cancer Cycling,22,STRA13,1.4181193,0.40088624,1.0172331,0.8102409638554309,0.3107240580930052
Cancer Cycling,23,P4HB,1.8307639,0.8137948,1.0169692,0.8689759036144677,0.5027362660490531
Cancer Cycling,24,KRT8,1.5099226,0.50306916,1.0068535,0.8278112449799291,0.24828983371924512
Cancer Cycling,25,UQCRH,2.0382261,1.0366485,1.0015776,0.9211847389558339,0.6127920437801875
Cancer Cycling,26,H2AFZ,2.257194,1.2636126,0.9935814,0.9342369477911754,0.6769890549358097
Cancer Cycling,27,HN1,1.5834036,0.59529924,0.98810434,0.8539156626506121,0.41162386865910844
Cancer Cycling,28,HMGB1,2.6625483,1.6754746,0.98707366,0.9633534136546296,0.7993843401390699
Cancer Cycling,29,YBX1,2.3943162,1.4075668,0.9867494,0.936746987951818,0.6970637760471785
Cancer Cycling,30,CKS1B,1.1826223,0.21291389,0.96970844,0.7796184738955911,0.19272258471902742
Cancer Cycling,31,GGCT,1.2797043,0.31757084,0.9621335,0.8167670682731016,0.2671016628078424
Cancer Cycling,32,HMGA1,1.2876617,0.33891395,0.94874775,0.775602409638563,0.2606293411913466
Cancer Cycling,33,PRDX1,2.2879303,1.342559,0.94537127,0.9402610441767176,0.6768838139339153
Cancer Cycling,34,MIF,2.3684804,1.4343234,0.934157,0.9277108433735046,0.6829351715428469
Cancer Cycling,35,TM4SF1,1.4835539,0.5574602,0.9260937,0.7745983935743059,0.2646811197642749
Cancer Cycling,36,LSM4,1.3619941,0.43704322,0.92495096,0.8353413654618569,0.3467954114922562
Cancer Cycling,37,TPI1,2.1891646,1.2705419,0.91862273,0.9347389558233039,0.6781203957061752
Cancer Cycling,38,AP2S1,1.5286367,0.62799126,0.90064543,0.8609437751004114,0.4323826562827474
Cancer Cycling,39,TK1,0.9599758,0.060644906,0.89933085,0.6721887550200878,0.05832982529994032
Cancer Cycling,40,MARCKSL1,1.6199634,0.72681516,0.89314824,0.8413654618473991,0.41849084403270764
Cancer Cycling,41,COX5A,1.7169122,0.83382416,0.883088,0.8995983935743075,0.5313355083138733
Cancer Cycling,42,HIST1H4C,1.390148,0.51193166,0.8782164,0.7259036144578395,0.348242475268302
Cancer Cycling,43,RPS17,2.2054985,1.3319618,0.8735367,0.8960843373494078,0.6433119343295817
Cancer Cycling,44,S100A11,2.722408,1.8534521,0.86895597,0.9558232931727018,0.7561302883604457
Cancer Cycling,45,DSTN,1.841165,0.97783697,0.863328,0.9141566265060346,0.5054462218478355
Cancer Cycling,46,RANBP1,1.3607917,0.5004123,0.8603794,0.8162650602409731,0.3836297621552404
Cancer Cycling,47,SNRPG,1.5573027,0.6991629,0.8581398,0.8719879518072389,0.48679225426206985
Cancer Cycling,48,RPS2,3.347377,2.495535,0.85184216,0.985943775100413,0.8678699221218915
Cancer Cycling,49,UBE2C,0.8906393,0.0409952,0.8496441,0.5722891566265123,0.030546200799831558
Cancer Cycling,50,SLC25A5,1.8845848,1.0434327,0.8411521,0.913654618473906,0.6041359713743679
Cancer Her2 SC,1,CD24,4.3859487,0.7149857,3.6709628,0.9729102167182757,0.2963986772759516
Cancer Her2 SC,2,MUCL1,3.3340776,0.30746534,3.0266123,0.8010835913312768,0.12824222382970266
Cancer Her2 SC,3,KRT19,3.0235991,0.6672334,2.3563657,0.9040247678018662,0.24775240260406853
Cancer Her2 SC,4,KRT7,2.5358906,0.44952595,2.0863647,0.9388544891640958,0.22623230339977826
Cancer Her2 SC,5,SPINT2,2.3915377,0.6409293,1.7506084,0.9388544891640958,0.3365195825151626
Cancer Her2 SC,6,IDH2,2.0526848,0.47234005,1.5803447,0.8800309597523304,0.3437273948536944
Cancer Her2 SC,7,DBI,2.5612,1.0220503,1.5391496,0.9303405572755508,0.5812493541386765
Cancer Her2 SC,8,KRT18,2.1337068,0.6122792,1.5214276,0.9133126934984608,0.2772036788260264
Cancer Her2 SC,9,AZGP1,2.0747347,0.55459374,1.5201409,0.8637770897832899,0.2354552030587598
Cancer Her2 SC,10,CRIP2,2.1013558,0.6207154,1.4806404,0.8668730650154881,0.3416348041747658
Cancer Her2 SC,11,KRT8,1.962193,0.5061819,1.456011,0.8808049535603799,0.2570011367158764
Cancer Her2 SC,12,CLDN4,1.9348282,0.47939098,1.4554372,0.848297213622299,0.22574144879607896
Cancer Her2 SC,13,PPDPF,3.2277122,1.7825751,1.445137,0.9821981424148702,0.7696083496954802
Cancer Her2 SC,14,MIF,2.8447015,1.4353216,1.40938,0.9667182662538794,0.6860597292551149
Cancer Her2 SC,15,PERP,1.9397423,0.5306616,1.4090807,0.9040247678018662,0.3073524852742938
Cancer Her2 SC,16,ALDOA,2.8696375,1.4667847,1.4028528,0.9760061919504739,0.7157693500053994
Cancer Her2 SC,17,CLDN3,1.726827,0.32424033,1.4025867,0.7964396284829796,0.17453756329439432
Cancer Her2 SC,18,MGST1,1.7553215,0.43952584,1.3157957,0.8846749226006276,0.22796321173913894
Cancer Her2 SC,19,DSTN,2.1804876,0.98211986,1.1983678,0.9442724458204426,0.5118321793943161
Cancer Her2 SC,20,SLPI,1.3969147,0.20931683,1.1875979,0.7205882352941242,0.11827012503875542
Cancer Her2 SC,21,MARCKSL1,1.8993298,0.7336393,1.1656904,0.8537151702786459,0.4257259481243034
Cancer Her2 SC,22,PKM,2.1397476,0.97494024,1.1648073,0.8521671826625468,0.5583858633873706
Cancer Her2 SC,23,SERINC2,1.3584334,0.19829984,1.1601335,0.770123839009295,0.17228996589850806
Cancer Her2 SC,24,LGALS3,2.0942116,0.94130176,1.1529098,0.8916408668730735,0.5053218972820799
Cancer Her2 SC,25,CHCHD2,2.8432755,1.6910902,1.1521853,0.9814241486068207,0.7864265784854239
Cancer Her2 SC,26,P4HB,1.9719306,0.8274719,1.1444588,0.8769349845201322,0.5090937273947247
Cancer Her2 SC,27,TM4SF1,1.6753207,0.5678077,1.1075131,0.7979876160990786,0.27312183527947437
Cancer Her2 SC,28,ANXA2,2.2070835,1.1224686,1.0846149,0.9109907120743121,0.575720781233841
Cancer Her2 SC,29,RP11-206M11.7,1.1863827,0.11011337,1.0762693,0.5565015479876207,0.05569908029347631
Cancer Her2 SC,30,SPDEF,1.2498636,0.18413731,1.0657263,0.7608359133127005,0.1359925596775863
Cancer Her2 SC,31,PRDX1,2.4137123,1.3554561,1.0582561,0.9357585139318976,0.6817970445387698
Cancer Her2 SC,32,NUPR1,1.529463,0.47652495,1.0529381,0.8273993808049613,0.3102976128964896
Cancer Her2 SC,33,CD9,1.7533433,0.70137954,1.0519638,0.8599071207430422,0.378061382659819
Cancer Her2 SC,34,SEPP1,1.5549722,0.50815046,1.0468217,0.7492260061919573,0.28813165237154237
Cancer Her2 SC,35,GPX4,2.3009117,1.2570932,1.0438185,0.9489164086687398,0.6506923633358632
Cancer Her2 SC,36,TFF3,1.2318093,0.18910298,1.0427063,0.6609907120743093,0.1133874134545861
Cancer Her2 SC,37,TSTD1,1.6746622,0.63755363,1.0371087,0.8869969040247763,0.37126692156650765
Cancer Her2 SC,38,MT-ND4L,3.720335,2.6876307,1.0327044,0.8846749226006276,0.8038389996903732
Cancer Her2 SC,39,SYNGR2,1.7552831,0.74058294,1.0147002,0.8544891640866954,0.46440012400524283
Cancer Her2 SC,40,TACSTD2,1.4151036,0.4146358,1.0004678,0.7863777089783355,0.2211687506458276
Cancer Her2 SC,41,S100A11,2.8625655,1.8644814,0.99808407,0.9427244582043435,0.7601787744138682
Cancer Her2 SC,42,ENO1,1.8404537,0.8785109,0.96194285,0.8459752321981504,0.5293479384105708
Cancer Her2 SC,43,TMED3,1.3225945,0.36819,0.95440453,0.8057275541795741,0.3015138989355548
Cancer Her2 SC,44,MT-ATP8,2.9946153,2.0417545,0.95286083,0.8630030959752404,0.697349385140223
Cancer Her2 SC,45,ATG5,1.2001572,0.24758238,0.9525748,0.6168730650154852,0.21161000310010444
Cancer Her2 SC,46,PRDX5,1.7491496,0.79677296,0.9523766,0.8746130030959836,0.52526609486401
Cancer Her2 SC,47,EFHD1,1.2302983,0.27797282,0.95232546,0.7291021671826692,0.19319003823496764
Cancer Her2 SC,48,HEBP2,1.1968485,0.25380838,0.94304013,0.7198142414860746,0.22457889841889642
Cancer Her2 SC,49,CSTB,1.9366362,0.99717116,0.93946505,0.9109907120743121,0.5625710447452368
Cancer Her2 SC,50,FXYD3,1.2783614,0.35681766,0.9215438,0.7678018575851464,0.2070114704970268
Cancer LumA SC,1,SCGB2A2,4.0531974,0.2282229,3.8249745,0.7990716180371161,0.10480207657364926
Cancer LumA SC,2,PIP,2.6322942,0.1288626,2.5034316,0.8212864721485196,0.058484750162230384
Cancer LumA SC,3,KRT19,2.9223635,0.5656463,2.356717,0.9482758620689303,0.21355180618649489
Cancer LumA SC,4,AZGP1,2.7654305,0.4274065,2.338024,0.9598806366047381,0.19832900713825075
Cancer LumA SC,5,KRT18,2.8062525,0.4865136,2.3197389,0.9622015915118997,0.243564784771843
Cancer LumA SC,6,ELF3,2.498509,0.31471723,2.1837916,0.9094827586206586,0.17396712091717087
Cancer LumA SC,7,CLDN4,2.3906016,0.37437883,2.0162227,0.8806366047745079,0.194083928185188
Cancer LumA SC,8,AGR2,2.220249,0.23623386,1.9840151,0.8869363395225178,0.11926779147739071
Cancer LumA SC,9,S100A14,2.094676,0.17295893,1.921717,0.8580901856763671,0.10528877352368168
Cancer LumA SC,10,SCGB1D2,2.0094209,0.09316596,1.9162549,0.6657824933686954,0.04953493402552306
Cancer LumA SC,11,KRT8,2.2543511,0.41448608,1.8398651,0.9426392572943951,0.22288016439545444
Cancer LumA SC,12,TSTD1,2.2293415,0.54397684,1.6853647,0.9631962864721118,0.3410123296561625
Cancer LumA SC,13,PPDPF,3.3288903,1.7069615,1.6219288,0.9973474801060603,0.7584631191864334
Cancer LumA SC,14,CLDN3,1.8559698,0.24832764,1.6076422,0.7934350132625809,0.1457927752541684
Cancer LumA SC,15,SPINT2,2.1649225,0.577805,1.5871174,0.9336870026524863,0.3088632922345599
Cancer LumA SC,16,XBP1,2.4430683,0.8695892,1.573479,0.941644562334183,0.4711226476315636
Cancer LumA SC,17,MGP,2.686342,1.1768024,1.5095396,0.8551061007957308,0.42366969500337803
Cancer LumA SC,18,HSPB1,2.8496037,1.3661466,1.4834571,0.9555702917771524,0.5955818732425001
Cancer LumA SC,19,RHOB,2.361644,0.9011901,1.460454,0.944297082228082,0.45811702357791273
Cancer LumA SC,20,CD24,2.1834393,0.7234747,1.4599645,0.9058355437665476,0.27033311702364
Cancer LumA SC,21,CYB5A,1.8816164,0.4277413,1.4538751,0.9293766578249005,0.3164882111184051
Cancer LumA SC,22,ANKRD30A,1.5519847,0.1240335,1.4279512,0.801724137931015,0.0665422885572116
Cancer LumA SC,23,S100A13,1.7982442,0.37657115,1.421673,0.8912466843501036,0.26976530391526854
Cancer LumA SC,24,CRABP2,1.6420869,0.26691747,1.3751694,0.8468169761272967,0.16328682673589834
Cancer LumA SC,25,AGR3,1.5262935,0.16094123,1.3653523,0.762599469496006,0.07614103396062882
Cancer LumA SC,26,CD9,1.9944358,0.6326857,1.3617501,0.9008620689654872,0.3522604369458065
Cancer LumA SC,27,MGST1,1.739252,0.3794996,1.3597524,0.8640583554376396,0.1990320138438535
Cancer LumA SC,28,MIF,2.686826,1.3825017,1.3043243,0.9708222811670711,0.6726422236641817
Cancer LumA SC,29,EFNA1,1.4892524,0.19771901,1.2915335,0.7950928381962677,0.15806835388277024
Cancer LumA SC,30,FXYD3,1.5759784,0.28958967,1.2863888,0.8484748010609835,0.17429158555052598
Cancer LumA SC,31,TACSTD2,1.6347294,0.35008878,1.2846406,0.8272546419097921,0.19148821111834707
Cancer LumA SC,32,MUC1,1.3530188,0.07371033,1.2793084,0.794429708222793,0.0680834955656476
Cancer LumA SC,33,TSPAN13,1.6297226,0.36500075,1.2647219,0.8687002652519628,0.2395630542937966
Cancer LumA SC,34,SMIM22,1.4045907,0.14584497,1.2587458,0.8564323607426803,0.11602314514384122
Cancer LumA SC,35,SCGB2A1,1.2871422,0.04740615,1.239736,0.5785809018567685,0.029796668829763697
Cancer LumA SC,36,S100A1,1.2969722,0.06523855,1.2317336,0.5812334217506674,0.04688513951979098
Cancer LumA SC,37,ADIRF,1.6837118,0.4547003,1.2290115,0.8418435013262362,0.22266385463988436
Cancer LumA SC,38,CALML5,1.3848342,0.17053796,1.2142962,0.5155835543766691,0.08376595284447011
Cancer LumA SC,39,PYCARD,1.6222535,0.41464394,1.2076097,0.8335543766578021,0.3120538611292185
Cancer LumA SC,40,BTG2,2.1480079,0.95323807,1.1947699,0.8292440318302163,0.5179537097124483
Cancer LumA SC,41,DSTN,2.1218739,0.93104035,1.1908336,0.9456233421750314,0.4915639195329358
Cancer LumA SC,42,UQCRQ,1.9837859,0.7965378,1.187248,0.944297082228082,0.51103179753422
Cancer LumA SC,43,CLU,1.5529157,0.3686818,1.1842339,0.7151856763925628,0.20895522388063076
Cancer LumA SC,44,GPRC5A,1.2875752,0.117012285,1.170563,0.72811671087532,0.09644711226475934
Cancer LumA SC,45,GATA3,1.4765557,0.3096537,1.1669021,0.825265251989368,0.20546722907206327
Cancer LumA SC,46,GLUL,1.8425596,0.67942417,1.1631354,0.8895888594164167,0.39817218256555525
Cancer LumA SC,47,ZG16B,1.2827189,0.14393835,1.1387806,0.7937665782493183,0.11472528661042143
Cancer LumA SC,48,CLDN7,1.3279063,0.19453752,1.1333687,0.7808355437665611,0.15028120268224748
Cancer LumA SC,49,S100A11,2.9291973,1.812519,1.1166784,0.9887267904508888,0.7479180186024138
Cancer LumA SC,50,SRP9,1.8153474,0.70595026,1.1093972,0.9287135278514258,0.47220419640941397
Cancer LumB SC,1,KRT19,3.086544,0.65973973,2.4268043,0.9433962264150793,0.2448863342136667
Cancer LumB SC,2,SLC39A6,2.638355,0.2945353,2.3438196,0.8918722786647176,0.21951219512195666
Cancer LumB SC,3,AGR3,2.4058063,0.187467,2.2183392,0.8693759071117428,0.10144477240950991
Cancer LumB SC,4,XBP1,3.0925243,0.9131493,2.179375,0.9557329462989687,0.4905753197656911
Cancer LumB SC,5,COX6C,3.3390844,1.2169365,2.122148,0.965892597968054,0.657889285898808
Cancer LumB SC,6,AGR2,2.3897214,0.31433132,2.07539,0.8657474600870695,0.15258143027290516
Cancer LumB SC,7,H2AFJ,2.543959,0.55833924,1.9856197,0.8925979680696523,0.3867225933404463
Cancer LumB SC,8,TSPAN13,2.2703142,0.3957823,1.874532,0.8904208998548483,0.26547045725233326
Cancer LumB SC,9,DHRS2,1.8962189,0.05697143,1.8392475,0.7133526850507886,0.038527264253535004
Cancer LumB SC,10,AZGP1,2.3407276,0.54171723,1.7990103,0.888969521044979,0.23315726787841706
Cancer LumB SC,11,FXYD3,1.9956847,0.32917213,1.6665126,0.8795355587808282,0.20177618973642464
Cancer LumB SC,12,CST3,2.8504612,1.2186606,1.6318007,0.9027576197387377,0.47951944487574355
Cancer LumB SC,13,MAGED2,2.0246537,0.40666914,1.6179845,0.8708272859216122,0.3005799803220495
Cancer LumB SC,14,KRT18,2.203279,0.60640913,1.59687,0.9136429608127578,0.2757754647609963
Cancer LumB SC,15,MGP,2.817247,1.2361531,1.5810938,0.8838896952104363,0.44094039666491963
Cancer LumB SC,16,ANKRD30A,1.7354529,0.1780483,1.5574046,0.8236574746008586,0.09693956812179813
Cancer LumB SC,17,CRABP2,1.8398635,0.3181831,1.5216805,0.8323657474600746,0.19279167313966608
Cancer LumB SC,18,STARD10,1.6393844,0.16847819,1.4709063,0.7946298984034718,0.1491636890891238
Cancer LumB SC,19,MT-ND2,4.1017284,2.7098184,1.3919101,0.9854862119012902,0.9201750297750807
Cancer LumB SC,20,GATA3,1.7261201,0.3502395,1.3758806,0.84252539912916,0.23113769354254626
Cancer LumB SC,21,STC2,1.4747065,0.10665551,1.368051,0.7264150943396127,0.07223862047537835
Cancer LumB SC,22,CCND1,1.6723542,0.32544065,1.3469136,0.787373004354125,0.23168142509451148
Cancer LumB SC,23,SPINT2,1.9902368,0.6513512,1.3388855,0.9100145137880844,0.33620734296506544
Cancer LumB SC,24,SLC9A3R1,1.8136686,0.5212428,1.2924259,0.8410740203192907,0.35523794728382757
Cancer LumB SC,25,MLLT4,1.3630197,0.09158872,1.271431,0.6799709724237938,0.10071979700688963
Cancer LumB SC,26,ELF3,1.6931041,0.43607026,1.2570338,0.8164005805515119,0.2084822122106623
Cancer LumB SC,27,ARMT1,1.3610185,0.10862989,1.2523886,0.7554426705369995,0.10361969861737078
Cancer LumB SC,28,SMIM22,1.4379117,0.19804081,1.2398709,0.8287373004354013,0.1484128217078385
Cancer LumB SC,29,MYEOV2,1.7074898,0.51042897,1.1970608,0.8309143686502053,0.39490445859858075
Cancer LumB SC,30,LGALS3BP,1.5724039,0.37953812,1.1928658,0.7641509433962156,0.2696649577960604
Cancer LumB SC,31,HSPB1,2.623826,1.4371163,1.1867098,0.9332365747459939,0.6116462120031493
Cancer LumB SC,32,IER3,1.8797517,0.71335703,1.1663947,0.8345428156748786,0.3845217751539228
Cancer LumB SC,33,RPL13A,3.353583,2.1951592,1.1584239,0.9216255442670391,0.8363368028578674
Cancer LumB SC,34,MT-ND4,4.2995896,3.1622372,1.1373525,0.9891146589259635,0.9492258298371911
Cancer LumB SC,35,IFI27,1.9975858,0.8644424,1.1331434,0.7293178519593514,0.339780436020833
Cancer LumB SC,36,KRT8,1.6376909,0.5145169,1.123174,0.8802612481857629,0.2556315053596399
Cancer LumB SC,37,RPL7,3.1779666,2.0660603,1.1119063,0.9317851959361245,0.8385376210443909
Cancer LumB SC,38,MALAT1,6.456379,5.364794,1.0915852,0.9920174165457022,0.9852156801815167
Cancer LumB SC,39,RPS20,2.394649,1.3211432,1.0735059,0.846879535558768,0.6302107607059417
Cancer LumB SC,40,MZT2B,1.4664716,0.42729044,1.0391811,0.7895500725689291,0.33260835793063287
Cancer LumB SC,41,RPS17,2.3579206,1.3404193,1.0175014,0.8577648766327881,0.6486976334727392
Cancer LumB SC,42,CLDN4,1.4911159,0.4919815,0.9991344,0.8084179970972305,0.22577805395888914
Cancer LumB SC,43,RPL38,2.6575508,1.6603069,0.9972439,0.9187227866473004,0.7911811920661379
Cancer LumB SC,44,MRPS30,1.1615603,0.16566359,0.9958967,0.6654571843251004,0.1582258816218774
Cancer LumB SC,45,TPD52,1.1890684,0.1948137,0.9942547,0.7431059506531101,0.17332090518357837
Cancer LumB SC,46,VMP1,1.5976468,0.62025607,0.97739077,0.8091436865021652,0.4229713634714218
Cancer LumB SC,47,GSTM3,1.1812384,0.21243308,0.9688053,0.7060957910014419,0.17798146134328022
Cancer LumB SC,48,RPL23,2.3319604,1.3807544,0.9512061,0.8534107402031801,0.7043653876024516
Cancer LumB SC,49,MT-ND1,3.9209056,2.9733722,0.94753337,0.9775036284470088,0.9233597431508735
Cancer LumB SC,50,ANAPC11,1.7379711,0.79698396,0.9409871,0.838171262699552,0.5131531251615559
Cycling PVL,1,IGFBP7,3.9011645,0.88869566,3.0124688,0.9750000000000005,0.29832332332334144
Cycling PVL,2,ACTA2,3.2872834,0.41485682,2.8724265,0.9750000000000005,0.19261761761759624
Cycling PVL,3,SPARC,3.2819207,0.60302,2.6789007,0.9500000000000005,0.24489489489486654
Cycling PVL,4,CALD1,3.083237,0.5799033,2.5033336,0.9750000000000005,0.26886886886885825
Cycling PVL,5,TIMP1,3.3756216,0.87372243,2.5018992,0.9500000000000005,0.4412412412413988
Cycling PVL,6,MYL9,2.8975043,0.45869443,2.4388099,1.0000000000000004,0.22239739739737205
Cycling PVL,7,LGALS1,3.6638582,1.2384967,2.4253616,0.9750000000000005,0.5453203203204788
Cycling PVL,8,TAGLN,2.7843916,0.45512566,2.329266,0.9250000000000005,0.18180680680678687
Cycling PVL,9,NDUFA4L2,2.3330586,0.16412367,2.1689348,0.7750000000000004,0.07760260260259656
Cycling PVL,10,COL1A1,2.4370408,0.36780915,2.0692317,0.8750000000000004,0.1544794794794632
Cycling PVL,11,RGS5,2.2345257,0.1674579,2.0670679,0.7500000000000003,0.06896896896896408
Cycling PVL,12,COL1A2,2.372084,0.36716473,2.004919,0.8750000000000004,0.1458458458458307
Cycling PVL,13,THY1,2.176306,0.1911915,1.9851146,0.8250000000000004,0.09819819819818941
Cycling PVL,14,COL4A2,2.1406236,0.21493459,1.925689,0.9250000000000005,0.12682682682681423
Cycling PVL,15,TPM2,2.2717915,0.36775008,1.9040414,0.8500000000000004,0.1847347347347144
Cycling PVL,16,BGN,2.1825247,0.31077936,1.8717453,0.8250000000000004,0.14441941941940448
Cycling PVL,17,TUBA1B,3.1062431,1.2834922,1.8227509,0.9500000000000005,0.6508508508508782
Cycling PVL,18,COL4A1,1.8849839,0.18070728,1.7042766,0.8250000000000004,0.10405405405404448
Cycling PVL,19,COL18A1,1.895773,0.21732818,1.6784449,0.8250000000000004,0.1374124124123984
Cycling PVL,20,FN1,2.0146492,0.3747884,1.6398607,0.8000000000000004,0.18188188188186194
Cycling PVL,21,STMN1,2.1499555,0.5148202,1.6351353,0.9750000000000005,0.3148648648648991
Cycling PVL,22,ID3,2.257794,0.6262614,1.6315324,0.9250000000000005,0.3219969969970382
Cycling PVL,23,COL3A1,1.9483216,0.3175685,1.630753,0.8000000000000004,0.1263263263263138
Cycling PVL,24,IFITM3,3.0041025,1.3769631,1.6271393,0.9250000000000005,0.5726476476477722
Cycling PVL,25,COL6A2,1.895061,0.301034,1.594027,0.8250000000000004,0.1458208208208057
Cycling PVL,26,VIM,3.7734964,2.2107747,1.5627217,0.9500000000000005,0.7168418418417872
Cycling PVL,27,TPM1,2.1300569,0.61044925,1.5196075,0.8500000000000004,0.3559059059059802
Cycling PVL,28,HMGN2,2.5841603,1.0733641,1.5107962,0.9750000000000005,0.6153403403404119
Cycling PVL,29,SPARCL1,2.1231582,0.6182866,1.5048716,0.8250000000000004,0.2280030030029769
Cycling PVL,30,IFI27,2.3462186,0.90203863,1.44418,0.8750000000000004,0.3526776776777488
Cycling PVL,31,H2AFZ,2.6814718,1.3117168,1.369755,0.9250000000000005,0.6895645645645438
Cycling PVL,32,COL6A1,1.6088184,0.24339798,1.3654205,0.7750000000000004,0.1315315315315183
Cycling PVL,33,TUBB,2.3549292,1.0087297,1.3461995,0.9250000000000005,0.5563813813815262
Cycling PVL,34,PCOLCE,1.5329522,0.20151949,1.3314327,0.7750000000000004,0.11774274274273135
Cycling PVL,35,SERPINH1,1.7004682,0.42052504,1.2799431,0.8500000000000004,0.2774024024024001
Cycling PVL,36,PRKCDBP,1.4883896,0.24914023,1.2392493,0.8500000000000004,0.16704204204202408
Cycling PVL,37,TYMS,1.3063989,0.09649634,1.2099025,0.7750000000000004,0.07249749749749214
Cycling PVL,38,ITGB1,1.9019581,0.70124125,1.2007169,0.8750000000000004,0.4653403403405214
Cycling PVL,39,CAV1,1.6188712,0.42313167,1.1957395,0.8250000000000004,0.21536536536534095
Cycling PVL,40,SDC2,1.3099326,0.130755,1.1791775,0.7250000000000003,0.10830830830829817
Cycling PVL,41,SOD3,1.3859724,0.21132353,1.1746489,0.7750000000000004,0.11458958958957861
Cycling PVL,42,COL5A2,1.3098135,0.14407767,1.1657358,0.7500000000000003,0.08218218218217553
Cycling PVL,43,MYLK,1.3204067,0.15840428,1.1620024,0.7500000000000003,0.10573073073072094
Cycling PVL,44,TPM4,2.0420144,0.8804531,1.1615613,0.9250000000000005,0.5296296296298076
Cycling PVL,45,CST3,2.431511,1.2737132,1.1577977,0.8750000000000004,0.4937187187189275
Cycling PVL,46,MT2A,2.4026127,1.2695205,1.1330922,0.8500000000000004,0.5646646646647991
Cycling PVL,47,DUT,1.7184081,0.5872568,1.1311513,0.8750000000000004,0.4273773773775214
Cycling PVL,48,RANBP1,1.6523452,0.5421498,1.1101954,0.9000000000000005,0.40467967967980156
Cycling PVL,49,HSPB1,2.5865304,1.4768927,1.1096377,0.9750000000000005,0.6223723723724351
Cycling PVL,50,IGFBP4,1.7946653,0.6888832,1.1057822,0.8500000000000004,0.3220970970971384
Cycling T-cells,1,STMN1,2.6305728,0.48060378,2.149969,0.9130434782608632,0.3053924185798749
Cycling T-cells,2,HMGB2,2.2591152,0.4575685,1.8015467,0.8815592203897991,0.32105356825065173
Cycling T-cells,3,HMGN2,2.8155518,1.0453595,1.7701923,0.9415292353823022,0.6101746624975248
Cycling T-cells,4,TUBA1B,2.9844506,1.2565055,1.7279451,0.9520239880059902,0.6460478478635412
Cycling T-cells,5,TUBB,2.702162,0.981385,1.720777,0.9205397301349261,0.5505809371269066
Cycling T-cells,6,CORO1A,2.299158,0.6284657,1.6706924,0.9055472263868003,0.3152314850126519
Cycling T-cells,7,HIST1H4C,2.1117954,0.5292759,1.5825195,0.7886056971514193,0.35990135509634485
Cycling T-cells,8,RAC2,2.168108,0.61371607,1.5543919,0.910044977511238,0.3256044542751145
Cycling T-cells,9,PFN1,3.7427914,2.1918542,1.5509372,0.9850074962518669,0.8610835685054734
Cycling T-cells,10,H2AFZ,2.7127156,1.2893628,1.4233528,0.9445277361319273,0.6854803854274614
Cycling T-cells,11,TYMS,1.4900848,0.07409471,1.4159901,0.7271364317841036,0.062110695853353916
Cycling T-cells,12,COTL1,2.1715217,0.7755172,1.3960044,0.8635682158920481,0.4081814252664831
Cycling T-cells,13,PSMB9,2.0843046,0.7449633,1.3393413,0.89955022488755,0.45437673200642054
Cycling T-cells,14,CD74,3.424885,2.0905864,1.3342986,0.9745127436281789,0.6909973813342123
Cycling T-cells,15,GAPDH,4.135349,2.8039906,1.3313582,0.9910044977511172,0.913660285257367
Cycling T-cells,16,ACTB,4.914628,3.5971208,1.3175073,0.9925037481259298,0.9627030737556275
Cycling T-cells,17,HMGB1,3.013822,1.7027739,1.3110482,0.9625187406296782,0.8049220756114053
Cycling T-cells,18,LSP1,1.8094186,0.5640399,1.2453787,0.8335832083957966,0.31268909058557776
Cycling T-cells,19,SH3BGRL3,2.9779131,1.7409031,1.23701,0.9595202398800531,0.7769811608578603
Cycling T-cells,20,MKI67,1.2801208,0.04918859,1.2309322,0.6851574212893514,0.03935626573106505
Cycling T-cells,21,CD3E,1.7690971,0.6038815,1.1652156,0.8110944527736079,0.2610276358274309
Cycling T-cells,22,ANP32B,1.8484377,0.69429326,1.1541444,0.8620689655172356,0.4919024737500351
Cycling T-cells,23,ARPC2,2.4955065,1.3519173,1.1435893,0.9430284857571147,0.7090738057107095
Cycling T-cells,24,ARHGDIB,2.3480666,1.2081884,1.1398782,0.9190404797601135,0.6143950372464679
Cycling T-cells,25,CXCL13,1.3278205,0.19629198,1.1315286,0.4317841079460258,0.0760430173137051
Cycling T-cells,26,PTTG1,1.3010226,0.18038571,1.1206369,0.7241379310344784,0.13001805100043054
Cycling T-cells,27,H2AFV,1.7110765,0.5932224,1.1178541,0.8275862068965463,0.435639285078884
Cycling T-cells,28,NKG7,1.5093217,0.39668742,1.1126343,0.5727136431784081,0.14804362748836664
Cycling T-cells,29,RRM2,1.1525638,0.04183989,1.110724,0.6176911544227854,0.03236468105661875
Cycling T-cells,30,CALM3,1.6967007,0.597127,1.0995736,0.8335832083957966,0.43739353723356517
Cycling T-cells,31,IL32,1.9480729,0.8557839,1.092289,0.7586206896551677,0.3865202247478113
Cycling T-cells,32,CCL5,1.8187726,0.7342518,1.0845208,0.6461769115442244,0.253832659598811
Cycling T-cells,33,S100A4,2.40277,1.3384557,1.0643144,0.8845577211394242,0.5422418834061034
Cycling T-cells,34,RAN,2.161084,1.1012617,1.0598222,0.9115442278860506,0.651285180383314
Cycling T-cells,35,IL2RG,1.499954,0.49062857,1.0093254,0.8065967016491702,0.2632395189789854
Cycling T-cells,36,DUSP4,1.5877887,0.58914286,0.99864584,0.7436281859070419,0.32247730912981326
Cycling T-cells,37,CFL1,3.0470228,2.0581114,0.9889114,0.9760119940029914,0.8488800752555175
Cycling T-cells,38,CD52,1.7891147,0.8088922,0.9802225,0.8080959520239828,0.34388427020577766
Cycling T-cells,39,CCL4,1.5877985,0.6141991,0.9735994,0.5202398800599679,0.20196781328655064
Cycling T-cells,40,DEK,1.519372,0.54626125,0.97311074,0.7856071964017941,0.4011389927034877
Cycling T-cells,41,UBE2C,1.0209637,0.0674069,0.9535568,0.5472263868065943,0.04922075610810201
Cycling T-cells,42,DUT,1.526004,0.57248604,0.9535179,0.7451274362818545,0.4224442580023691
Cycling T-cells,43,CD2,1.4423077,0.49743757,0.9448701,0.7496251874062922,0.22606971245518734
Cycling T-cells,44,CD3D,1.4517665,0.5128857,0.9388808,0.75412293853073,0.23471385350723004
Cycling T-cells,45,HLA-A,3.3291247,2.39382,0.93530464,0.9730134932533663,0.8504817837445742
Cycling T-cells,46,HLA-B,3.674051,2.7419508,0.9321003,0.9760119940029914,0.8728802786470975
Cycling T-cells,47,PGAM1,1.575577,0.6535306,0.9220464,0.8290854572713588,0.4655378435412761
Cycling T-cells,48,TPI1,2.2199483,1.3009601,0.9189882,0.9115442278860506,0.6871583657493303
Cycling T-cells,49,LCK,1.2065009,0.30309868,0.9034022,0.7226386806596659,0.16403528843464563
Cycling T-cells,50,CENPF,0.9789636,0.07751393,0.9014497,0.5772113943028458,0.060636107085652514
Cycling_Myeloid,1,CD74,4.701031,2.0950341,2.605997,0.989010989010986,0.6937095677999431
Cycling_Myeloid,2,C1QB,2.8067472,0.26280496,2.5439422,0.8205128205128182,0.09200291992850855
Cycling_Myeloid,3,TYROBP,2.864946,0.4114346,2.4535112,0.8937728937728912,0.14569436403453337
Cycling_Myeloid,4,C1QA,2.5988715,0.2540972,2.3447742,0.8315018315018291,0.09190223273843633
Cycling_Myeloid,5,HLA-DRA,3.4076378,1.0682982,2.3393397,0.9633699633699605,0.4081606967552734
Cycling_Myeloid,6,C1QC,2.5624824,0.24016432,2.322318,0.8205128205128182,0.08362071135499591
Cycling_Myeloid,7,FTL,5.1536684,3.0650647,2.0886037,0.989010989010986,0.9466106174637121
Cycling_Myeloid,8,FCER1G,2.3979018,0.31659633,2.0813055,0.8864468864468839,0.1320512497797395
Cycling_Myeloid,9,HLA-DPA1,3.010231,0.934546,2.075685,0.9230769230769204,0.40096156266511335
Cycling_Myeloid,10,AIF1,2.283571,0.23987684,2.0436943,0.8937728937728912,0.10390918015454903
Cycling_Myeloid,11,GPX1,3.1724753,1.1586521,2.0138233,0.9340659340659313,0.5926951443600401
Cycling_Myeloid,12,LYZ,2.2849157,0.2913239,1.9935918,0.8498168498168474,0.1277217006066315
Cycling_Myeloid,13,CST3,3.2001636,1.2616413,1.9385223,0.9084249084249058,0.4912528003623304
Cycling_Myeloid,14,CTSB,2.6237404,0.72750306,1.8962374,0.8717948717948693,0.43444005336410935
Cycling_Myeloid,15,TUBA1B,3.071357,1.2730447,1.7983123,0.937728937728935,0.6491806579905266
Cycling_Myeloid,16,HLA-DRB5,2.4968042,0.71524864,1.7815557,0.9047619047619021,0.32587409066879375
Cycling_Myeloid,17,HLA-DPB1,2.6634905,0.88845253,1.775038,0.9120879120879094,0.3978402597728761
Cycling_Myeloid,18,HLA-DRB1,2.787797,1.024139,1.7636579,0.926739926739924,0.4274674654516117
Cycling_Myeloid,19,MS4A6A,1.9576086,0.20058404,1.7570245,0.84249084249084,0.08898230422634183
Cycling_Myeloid,20,CD68,1.9843621,0.25685337,1.7275088,0.8315018315018291,0.13595287839504033
Cycling_Myeloid,21,HMGN2,2.7874632,1.0631027,1.7243605,0.9487179487179459,0.6134115337173888
Cycling_Myeloid,22,NPC2,2.5771532,0.86501074,1.7121425,0.9450549450549423,0.4975457497418409
Cycling_Myeloid,23,LAPTM5,2.4107647,0.827963,1.5828017,0.9230769230769204,0.3807989528531616
Cycling_Myeloid,24,H2AFZ,2.8223922,1.3027244,1.5196679,0.9523809523809496,0.6879955697633475
Cycling_Myeloid,25,HLA-DQB1,2.0321488,0.5492625,1.4828863,0.8754578754578729,0.283585470838483
Cycling_Myeloid,26,STMN1,1.9748578,0.50643414,1.4684236,0.8827838827838802,0.3116268532735819
Cycling_Myeloid,27,LGALS1,2.6296794,1.2313819,1.3982975,0.9120879120879094,0.5432325622370874
Cycling_Myeloid,28,PSAP,2.3746533,0.9889855,1.3856678,0.8864468864468839,0.5492989654389355
Cycling_Myeloid,29,SPI1,1.531672,0.15560187,1.3760701,0.8168498168498145,0.08893196063130572
Cycling_Myeloid,30,TUBB,2.359581,1.0008034,1.3587776,0.8827838827838802,0.5545095275251702
Cycling_Myeloid,31,HLA-DQA1,1.7900988,0.49664968,1.2934492,0.8388278388278364,0.24167442797093375
Cycling_Myeloid,32,GRN,1.8749012,0.5859986,1.2889025,0.8571428571428547,0.3951972210334817
Cycling_Myeloid,33,PFN1,3.4620688,2.2091713,1.2528975,0.9780219780219751,0.8623606111708252
Cycling_Myeloid,34,APOE,1.7214209,0.48340383,1.2380171,0.6043956043956028,0.22294661061748977
Cycling_Myeloid,35,CTSZ,1.5343025,0.32330403,1.2109984,0.8131868131868109,0.25191934956078604
Cycling_Myeloid,36,COTL1,1.9946315,0.79057926,1.2040522,0.8864468864468839,0.4125405895234127
Cycling_Myeloid,37,HLA-DMA,1.6242985,0.44316864,1.1811298,0.84249084249084,0.2685830795177299
Cycling_Myeloid,38,RNASE1,1.4785973,0.2979083,1.180689,0.5860805860805846,0.1295592418254506
Cycling_Myeloid,39,SPP1,1.2794073,0.10833143,1.1710758,0.42124542124542025,0.056712059808192467
Cycling_Myeloid,40,AP2S1,1.8311913,0.6648855,1.1663058,0.8864468864468839,0.45075137815580063
Cycling_Myeloid,41,CYBA,2.0830846,0.92693776,1.1561468,0.8937728937728912,0.4984519344524904
Cycling_Myeloid,42,YBX1,2.6019921,1.4488336,1.1531585,0.9523809523809496,0.7073275102572039
Cycling_Myeloid,43,CAPG,1.5645245,0.41850206,1.1460224,0.8205128205128182,0.29483726432904783
Cycling_Myeloid,44,PLAUR,1.4322304,0.2945416,1.1376888,0.780219780219778,0.19263976640573366
Cycling_Myeloid,45,ITGB2,1.541334,0.41423407,1.1271,0.8058608058608036,0.23374531175274174
Cycling_Myeloid,46,APOC1,1.3220992,0.19647816,1.1256211,0.5787545787545773,0.10365746217936847
Cycling_Myeloid,47,SAT1,2.759165,1.6474748,1.1116903,0.9230769230769204,0.703199335464245
Cycling_Myeloid,48,MS4A7,1.302256,0.19770789,1.1045481,0.7435897435897415,0.10614947013365601
Cycling_Myeloid,49,CD14,1.257777,0.16507806,1.0926989,0.7106227106227087,0.10023409771691286
Cycling_Myeloid,50,TYMS,1.1816311,0.09025781,1.0913733,0.7032967032967014,0.0688700380094151
DCs,1,CD74,5.3349705,2.0759203,3.2590501,1.0000000000000042,0.6922396136240878
DCs,2,HLA-DRA,4.1650944,1.0489745,3.1161199,0.9889624724061853,0.4053404809466232
DCs,3,HLA-DPA1,3.6796625,0.9174331,2.7622294,0.9867549668874215,0.39785571598341773
DCs,4,HLA-DPB1,3.6049137,0.8695919,2.7353218,0.9735099337748386,0.3947960654410263
DCs,5,HLA-DRB1,3.3980405,1.0091178,2.3889227,0.9668874172185472,0.42473512529384827
DCs,6,HLA-DQA1,2.8672132,0.47842455,2.3887887,0.9514348785872005,0.2376665739499488
DCs,7,HLA-DQB1,2.7256937,0.53456867,2.191125,0.9249448123620349,0.28032467696659635
DCs,8,CST3,3.426037,1.2502273,2.1758099,0.9470198675496729,0.4889119275797116
DCs,9,HLA-DRB5,2.7917664,0.70376104,2.0880053,0.9028697571743968,0.3232609300325522
DCs,10,TYROBP,2.2918112,0.4068331,1.884978,0.8609271523178844,0.14266568892710071
DCs,11,GPR183,1.9363989,0.32322845,1.6131704,0.7858719646799149,0.1683060661997033
DCs,12,GPX1,2.6630883,1.1553164,1.507772,0.9249448123620349,0.5912458593570515
DCs,13,CD83,1.7636378,0.30953932,1.4540985,0.7924944812362064,0.17604369484409818
DCs,14,LYZ,1.7307899,0.28859758,1.4421923,0.5938189845474636,0.12736743621514354
DCs,15,HLA-DMA,1.798513,0.43579534,1.3627177,0.8763796909492311,0.2655827243532558
DCs,16,FCER1G,1.5969545,0.31629795,1.2806566,0.7704194260485683,0.12994664576327516
DCs,17,SRGN,2.8065033,1.5376177,1.2688856,0.9602649006622558,0.559106885477882
DCs,18,IRF8,1.2890158,0.09379188,1.1952239,0.6534216335540864,0.07019495789819583
DCs,19,AREG,1.6096343,0.41813913,1.1914952,0.6114790286975741,0.22014312084352514
DCs,20,PLEK,1.3083745,0.13635904,1.1720154,0.7483443708609302,0.08766783826839121
DCs,21,IRF7,1.4693642,0.3572504,1.1121137,0.6975717439293626,0.27976837686797973
DCs,22,NPC2,1.955686,0.8643371,1.0913489,0.900662251655633,0.496017397021133
DCs,23,JCHAIN,1.2736645,0.1841507,1.0895138,0.4370860927152333,0.09573418969833669
DCs,24,HLA-DQA2,1.2712594,0.18764026,1.0836191,0.5695364238410617,0.11161402887703814
DCs,25,GRN,1.6651711,0.5825333,1.0826378,0.8410596026490101,0.39327888335389005
DCs,26,CYBA,2.0027776,0.922599,1.0801785,0.854304635761593,0.4971047108502473
DCs,27,LSP1,1.6527196,0.57257366,1.080146,0.8123620309050806,0.31575087870122776
DCs,28,PLAC8,1.1584336,0.10940302,1.0490305,0.5275938189845494,0.06316534756112735
DCs,29,MS4A6A,1.2473896,0.20072183,1.0466677,0.6203090507726293,0.08809770652641338
DCs,30,GZMB,1.2276155,0.21113001,1.0164855,0.37086092715231905,0.0856449288188751
DCs,31,HERPUD1,1.9310507,0.9233556,1.0076951,0.8476821192053016,0.5471464333576246
DCs,32,RGS2,1.4492073,0.47517645,0.97403085,0.6666666666666693,0.2632816648544325
DCs,33,COTL1,1.7476631,0.7879261,0.95973706,0.6644591611479055,0.41292639138230447
DCs,34,RGS1,1.6954386,0.73874956,0.95668906,0.7726269315673321,0.3137026828835938
DCs,35,NR4A3,1.2213438,0.26881436,0.95252943,0.6777041942604883,0.17136571674209475
DCs,36,C1orf162,1.1228921,0.18503422,0.9378579,0.6423841059602674,0.11196803803070346
DCs,37,SPI1,1.0826405,0.15448238,0.92815816,0.5739514348785894,0.0884011429438408
DCs,38,SAT1,2.5683398,1.6445963,0.9237435,0.9183222958057434,0.702253015399187
DCs,39,VIM,3.1051548,2.2021148,0.90303993,0.9646799116997834,0.7142387538875634
DCs,40,RNASET2,1.389472,0.500595,0.88887703,0.8123620309050806,0.35529875843924597
DCs,41,SEC61B,1.9173238,1.0285728,0.88875103,0.900662251655633,0.6227779604013666
DCs,42,TXN,1.942953,1.0666714,0.8762816,0.8410596026490101,0.6026500113786923
DCs,43,REL,1.467517,0.6007695,0.8667475,0.8123620309050806,0.3965661112093519
DCs,44,TMSB4X,4.6765966,3.8118608,0.86473584,1.0000000000000042,0.9661162667202996
DCs,45,AIF1,1.1056362,0.24406773,0.8615685,0.6026490066225189,0.10364882291956846
DCs,46,UCP2,1.3338726,0.49210814,0.84176445,0.7527593818984578,0.3215161706323455
DCs,47,SERPINF1,1.1141468,0.27314916,0.8409977,0.6313465783664484,0.14350013907502565
DCs,48,PLD4,0.8577514,0.025074204,0.83267725,0.4922737306843285,0.018408475990593795
DCs,49,ALOX5AP,1.2651734,0.43393317,0.8312403,0.6048565121412827,0.2225453258148242
DCs,50,VAMP8,1.5832484,0.7590734,0.824175,0.8587196467991206,0.468531114875848
Endothelial ACKR1,1,IGFBP7,4.005778,0.7436049,3.262173,0.9818281938325693,0.2665252461764073
Endothelial ACKR1,2,ACKR1,3.1353216,0.033386882,3.1019347,0.9074889867841143,0.02561282212445043
Endothelial ACKR1,3,SPARCL1,3.3937209,0.48786563,2.9058552,0.9553964757708964,0.19403415042948624
Endothelial ACKR1,4,PLVAP,2.6887991,0.09666069,2.5921385,0.9388766519823508,0.04952336056987133
Endothelial ACKR1,5,CD74,4.397908,2.004153,2.3937552,0.987885462555036,0.6818300858998715
Endothelial ACKR1,6,IFI27,3.0691721,0.8004805,2.2686915,0.9691629955946843,0.32390530064954104
Endothelial ACKR1,7,IFITM3,3.458138,1.2796891,2.178449,0.9785242290748601,0.5537135973184132
Endothelial ACKR1,8,IGFBP4,2.7581205,0.59163153,2.1664891,0.9151982378854355,0.29444269851249155
Endothelial ACKR1,9,AQP1,2.2095883,0.08442666,2.1251616,0.8738986784140717,0.05465640058663185
Endothelial ACKR1,10,VWF,2.163927,0.06370712,2.10022,0.8981277533039385,0.03697883930442089
Endothelial ACKR1,11,RAMP2,2.1372495,0.14216411,1.9950854,0.8799559471365384,0.08838780641105809
Endothelial ACKR1,12,ENG,2.0428295,0.17856441,1.8642651,0.8816079295153929,0.13743976534673383
Endothelial ACKR1,13,PECAM1,1.9787985,0.1455582,1.8332403,0.8777533039647323,0.10106327257489528
Endothelial ACKR1,14,VIM,3.9372597,2.1303074,1.8069522,0.9697136563876358,0.7050597108736559
Endothelial ACKR1,15,RNASE1,2.002971,0.22525808,1.7777128,0.8705947136563625,0.09758013827780779
Endothelial ACKR1,16,RAMP3,1.801886,0.054151315,1.7477347,0.8463656387664957,0.035564634401844014
Endothelial ACKR1,17,HLA-DRB1,2.7026725,0.95691633,1.7457561,0.9218061674008537,0.40752671275940683
Endothelial ACKR1,18,HLA-DRA,2.7454073,1.0052599,1.7401475,0.899779735682793,0.3887492143307273
Endothelial ACKR1,19,FKBP1A,2.6058269,0.86956793,1.736259,0.9410792951541569,0.5405405405407203
Endothelial ACKR1,20,NPDC1,2.0759892,0.34873408,1.7272551,0.8887665198237626,0.26105174942383547
Endothelial ACKR1,21,SPARC,2.216023,0.5291147,1.6869082,0.8876651982378596,0.21506390111039794
Endothelial ACKR1,22,SPRY1,1.7829359,0.17383844,1.6090975,0.7852422907488772,0.11468154200711705
Endothelial ACKR1,23,A2M,1.8843462,0.30887163,1.5754746,0.8584801762114291,0.1688141630001986
Endothelial ACKR1,24,GNG11,1.7540776,0.18838648,1.5656911,0.8386563876651745,0.12201445631677493
Endothelial ACKR1,25,TM4SF1,2.0727706,0.53370637,1.5390642,0.8513215859030594,0.26338256861512205
Endothelial ACKR1,26,SOCS3,2.11118,0.5943707,1.5168093,0.838105726872223,0.3609888958727073
Endothelial ACKR1,27,CRIP2,2.1109357,0.5999411,1.5109947,0.9096916299559203,0.3323905300650113
Endothelial ACKR1,28,PDLIM1,1.8665468,0.3698684,1.4966784,0.8298458149779502,0.27679132620993924
Endothelial ACKR1,29,HSPG2,1.5871974,0.13062835,1.4565691,0.8259911894272896,0.0880211606955752
Endothelial ACKR1,30,EMCN,1.4994133,0.058987956,1.4404253,0.8023127753303743,0.03470039807249148
Endothelial ACKR1,31,FABP4,1.5916427,0.16203696,1.4296057,0.5770925110132032,0.07340771003561414
Endothelial ACKR1,32,CD59,2.145898,0.7230114,1.4228867,0.8975770925109869,0.44526503247450755
Endothelial ACKR1,33,EGFL7,1.5356429,0.118543096,1.4170997,0.7769823788546044,0.08880683008589568
Endothelial ACKR1,34,CST3,2.6258152,1.2106233,1.4151919,0.9140969162995325,0.47412528807897736
Endothelial ACKR1,35,ADIRF,1.8759123,0.48418447,1.3917278,0.7841409691629742,0.24486695998322175
Endothelial ACKR1,36,PRCP,1.5934502,0.20859183,1.3848584,0.7995594713656167,0.19539597737270842
Endothelial ACKR1,37,ID3,1.9447777,0.5652627,1.379515,0.8100220264316955,0.29941860465119324
Endothelial ACKR1,38,NNMT,1.6642971,0.3123054,1.3519917,0.795704845814956,0.17559710873663215
Endothelial ACKR1,39,CLDN5,1.4253669,0.07714845,1.3482184,0.675660792951525,0.03658600460926065
Endothelial ACKR1,40,CLU,1.7365595,0.3971639,1.3393956,0.7186123348017435,0.22470144563166258
Endothelial ACKR1,41,BCAM,1.6610892,0.3522194,1.3088698,0.7968061674008591,0.23072491095745298
Endothelial ACKR1,42,ADGRL4,1.3620237,0.05489086,1.3071328,0.7852422907488772,0.03200293316572447
Endothelial ACKR1,43,PTRF,1.5896386,0.30471018,1.2849284,0.8061674008810349,0.1841347161114481
Endothelial ACKR1,44,PDK4,1.5171183,0.24675342,1.2703649,0.720264317180598,0.15899329562119252
Endothelial ACKR1,45,CLEC14A,1.3188398,0.06859818,1.2502416,0.7477973568281739,0.0364026817515192
Endothelial ACKR1,46,DUSP23,1.6159897,0.36683917,1.2491505,0.810572687224647,0.3110203226482714
Endothelial ACKR1,47,HLA-DPA1,2.1384559,0.8921301,1.2463257,0.8606828193832352,0.38283050492364
Endothelial ACKR1,48,IFITM1,2.4462247,1.2096752,1.2365495,0.7940528634361015,0.5148753404569449
Endothelial ACKR1,49,IFITM2,2.4465024,1.2218757,1.2246268,0.9107929515418234,0.6083176199456292
Endothelial ACKR1,50,CAV1,1.5860884,0.36907366,1.2170148,0.7758810572687014,0.18934632306724067
Endothelial CXCL12,1,IFI27,3.5550961,0.85439306,2.7007031,0.9766162310866452,0.34165966440048506
Endothelial CXCL12,2,RAMP2,2.726135,0.1865848,2.5395503,0.9160935350756428,0.10966821989662676
Endothelial CXCL12,3,A2M,2.7172258,0.33714023,2.3800855,0.9325997248968253,0.18656583403353832
Endothelial CXCL12,4,CAV1,2.7137208,0.38194713,2.3317738,0.8872077028885735,0.20354951238761596
Endothelial CXCL12,5,IFITM3,3.6311169,1.3368902,2.2942266,0.9766162310866452,0.5655284801262992
Endothelial CXCL12,6,TM4SF1,2.8036995,0.5628536,2.240846,0.8982118294360285,0.2788175082117155
Endothelial CXCL12,7,SPARCL1,2.7796578,0.5798089,2.199849,0.8954607977991648,0.21625544267050162
Endothelial CXCL12,8,CLDN5,2.171585,0.100719586,2.0708654,0.785419532324615,0.052275099941436594
Endothelial CXCL12,9,IGFBP7,2.8924346,0.8546721,2.0377626,0.8638239339752317,0.28854429251646024
Endothelial CXCL12,10,GNG11,2.24084,0.22279046,2.0180495,0.881705639614846,0.14108929799098563
Endothelial CXCL12,11,IGFBP3,2.0961647,0.089697726,2.0064669,0.7097661623108621,0.06006671249968335
Endothelial CXCL12,12,FABP4,2.1856313,0.19068305,1.9949483,0.6561210453920191,0.08591144042981556
Endothelial CXCL12,13,SLC9A3R2,2.0616086,0.12063112,1.9409775,0.8404401650618899,0.11567743742520922
Endothelial CXCL12,14,PLPP1,2.1176767,0.19952436,1.9181523,0.8431911966987536,0.15802205077278716
Endothelial CXCL12,15,RNASE1,2.1564295,0.27171174,1.8847178,0.8651994497936636,0.1191149135538475
Endothelial CXCL12,16,CRIP2,2.4797215,0.6350113,1.8447102,0.9202200825309385,0.3482036004379704
Endothelial CXCL12,17,CLEC14A,1.8926517,0.09264404,1.8000076,0.81843191196698,0.054821378555242724
Endothelial CXCL12,18,VIM,3.9677238,2.179843,1.7878809,0.957359009628599,0.7126269956456388
Endothelial CXCL12,19,PECAM1,1.9040956,0.19777517,1.7063205,0.8321870701512987,0.12344358719731792
Endothelial CXCL12,20,ID1,1.8876002,0.22706763,1.6605326,0.7812929848693194,0.14895729890764228
Endothelial CXCL12,21,EGFL7,1.8103756,0.15275212,1.6576234,0.8239339752407074,0.10702009013826838
Endothelial CXCL12,22,SRP14,3.308841,1.679059,1.629782,0.9628610729023265,0.8013902681227754
Endothelial CXCL12,23,ESAM,1.759128,0.14140038,1.6177276,0.8170563961485481,0.08708272859216638
Endothelial CXCL12,24,STOM,1.9457116,0.40968227,1.5360293,0.8363136176065943,0.30168309016370704
Endothelial CXCL12,25,GSN,2.1830797,0.65509033,1.5279894,0.8514442916093449,0.3668678226771795
Endothelial CXCL12,26,ICAM2,1.6687618,0.16270961,1.5060523,0.7840440165061832,0.12326534769435149
Endothelial CXCL12,27,EPAS1,1.7012428,0.2156771,1.4855657,0.8088033012379569,0.16349654979246736
Endothelial CXCL12,28,CXCL12,1.6628176,0.18111205,1.4817055,0.7097661623108621,0.10302243271459276
Endothelial CXCL12,29,NPDC1,1.8690536,0.4004604,1.4685932,0.8321870701512987,0.27950500343744356
Endothelial CXCL12,30,ENG,1.673742,0.23709121,1.4366509,0.7977991746905019,0.15962620629948415
Endothelial CXCL12,31,ID3,2.034984,0.60184735,1.4331367,0.8239339752407074,0.3133195834288074
Endothelial CXCL12,32,RHOB,2.3682768,0.986192,1.3820848,0.8486932599724811,0.4882234614112458
Endothelial CXCL12,33,BST2,2.219087,0.85418767,1.3648992,0.8789546079779823,0.49206834211809514
Endothelial CXCL12,34,EMCN,1.4626145,0.09961059,1.363004,0.764786795048137,0.0566801619433212
Endothelial CXCL12,35,PTRF,1.6769102,0.3387245,1.3381857,0.7757909215955919,0.20194535686091897
Endothelial CXCL12,36,HSPG2,1.4841263,0.17292565,1.3112006,0.7083906464924302,0.11066126855601115
Endothelial CXCL12,37,PODXL,1.3673296,0.05875424,1.3085754,0.7207702888583171,0.05846255697298549
Endothelial CXCL12,38,GJA4,1.3837534,0.08353995,1.3002135,0.6685006877579059,0.04998344918901108
Endothelial CXCL12,39,TCF4,1.5732087,0.3031113,1.2700974,0.7661623108665688,0.19608891604916806
Endothelial CXCL12,40,C10orf10,1.3975214,0.12935759,1.2681638,0.5845942228335618,0.0966821989662155
Endothelial CXCL12,41,ADGRL4,1.3584638,0.09120215,1.2672616,0.7235213204951808,0.054032032184962824
Endothelial CXCL12,42,SAT1,2.880587,1.6323742,1.2482129,0.8789546079779823,0.7014742953171862
Endothelial CXCL12,43,PALMD,1.3417295,0.09532883,1.2464007,0.7152682255845896,0.07949481832302412
Endothelial CXCL12,44,APP,1.75241,0.5193358,1.2330742,0.8294360385144349,0.362641000178259
Endothelial CXCL12,45,HEY1,1.2568613,0.028785264,1.2280761,0.6629986244841785,0.03180301988643531
Endothelial CXCL12,46,RBP7,1.3147271,0.09811044,1.2166166,0.6079779917469036,0.07264532885188563
Endothelial CXCL12,47,IFITM2,2.4634304,1.2555149,1.2079155,0.8872077028885735,0.6171415476280651
Endothelial CXCL12,48,TSC22D1,1.8120316,0.6114323,1.2005993,0.8170563961485481,0.36801364805339287
Endothelial CXCL12,49,HLA-E,2.885899,1.7055684,1.1803306,0.9312242090783934,0.7534438418248843
Endothelial CXCL12,50,FLT1,1.241662,0.06301461,1.1786474,0.6685006877579059,0.04873577266824607
Endothelial Lymphatic LYVE1,1,IGFBP7,3.6589339,0.87919766,2.7797363,0.9666666666666642,0.29598191863379447
Endothelial Lymphatic LYVE1,2,CCL21,2.7727554,0.0270232,2.745732,0.6388888888888876,0.014917127071823397
Endothelial Lymphatic LYVE1,3,FABP4,2.4942667,0.21669178,2.277575,0.6499999999999987,0.09377197388247369
Endothelial Lymphatic LYVE1,4,GNG11,2.126498,0.25102866,1.8754693,0.7944444444444426,0.1516574585635335
Endothelial Lymphatic LYVE1,5,RAMP2,2.0515318,0.22451963,1.8270122,0.7666666666666649,0.12142139628328195
Endothelial Lymphatic LYVE1,6,TFF3,2.0329409,0.21460007,1.8183408,0.6055555555555544,0.1289301858362695
Endothelial Lymphatic LYVE1,7,VIM,3.9669547,2.204407,1.7625477,0.9611111111111087,0.715971873430695
Endothelial Lymphatic LYVE1,8,TFPI,1.9084412,0.16354474,1.7448964,0.6444444444444432,0.11162732295329537
Endothelial Lymphatic LYVE1,9,CAV1,1.9892981,0.4172523,1.5720458,0.7555555555555539,0.21353591160218374
Endothelial Lymphatic LYVE1,10,IFITM3,2.864998,1.3718659,1.4931322,0.8999999999999978,0.5715218483174227
Endothelial Lymphatic LYVE1,11,FABP5,1.948857,0.49401957,1.4548373,0.7222222222222207,0.28380210949266405
Endothelial Lymphatic LYVE1,12,STMN1,1.9049101,0.51018006,1.3947301,0.8222222222222203,0.3132345554996844
Endothelial Lymphatic LYVE1,13,CLDN5,1.5239252,0.13209441,1.3918308,0.6333333333333321,0.06303365143143888
Endothelial Lymphatic LYVE1,14,TM4SF1,1.9708034,0.5973998,1.3734035,0.7611111111111094,0.28794575590150223
Endothelial Lymphatic LYVE1,15,EFEMP1,1.4841847,0.11259834,1.3715864,0.5333333333333324,0.08232044198895092
Endothelial Lymphatic LYVE1,16,CD59,2.1497724,0.78145707,1.3683153,0.8222222222222203,0.4641888498240864
Endothelial Lymphatic LYVE1,17,EGFL7,1.5227363,0.17682286,1.3459134,0.7277777777777762,0.1173028628829799
Endothelial Lymphatic LYVE1,18,MMRN1,1.3545164,0.014940976,1.3395754,0.5555555555555546,0.012029131089904676
Endothelial Lymphatic LYVE1,19,SDPR,1.4245592,0.09892701,1.3256322,0.6166666666666655,0.06283274736313146
Endothelial Lymphatic LYVE1,20,S100A10,2.8398488,1.518326,1.3215227,0.8444444444444424,0.6684580612759121
Endothelial Lymphatic LYVE1,21,CD9,1.9953796,0.72966105,1.2657185,0.705555555555554,0.39221496735299405
Endothelial Lymphatic LYVE1,22,ANXA2,2.4132862,1.1518247,1.2614615,0.8555555555555535,0.5853340030135805
Endothelial Lymphatic LYVE1,23,CRIP2,1.8693007,0.6631141,1.2061867,0.8166666666666648,0.3565293822199088
Endothelial Lymphatic LYVE1,24,APP,1.7267687,0.53638893,1.1903799,0.7833333333333315,0.36926167754888434
Endothelial Lymphatic LYVE1,25,TIMP3,1.5904783,0.43042395,1.1600543,0.6666666666666653,0.2191612255147883
Endothelial Lymphatic LYVE1,26,PPFIBP1,1.2760248,0.14568897,1.1303358,0.6055555555555544,0.14417378201908634
Endothelial Lymphatic LYVE1,27,IGFBP4,1.8094933,0.6849299,1.1245635,0.7944444444444426,0.3204922149672858
Endothelial Lymphatic LYVE1,28,SPTBN1,1.3933573,0.2706901,1.1226672,0.7277777777777762,0.22132094424909185
Endothelial Lymphatic LYVE1,29,PECAM1,1.2660751,0.22409855,1.0419766,0.6666666666666653,0.13392767453541374
Endothelial Lymphatic LYVE1,30,RAB11A,1.5500509,0.5377596,1.0122912,0.7333333333333317,0.4078603716724255
Endothelial Lymphatic LYVE1,31,FKBP1A,1.9353004,0.94393176,0.9913686,0.7888888888888871,0.5576845806127264
Endothelial Lymphatic LYVE1,32,NRP2,1.0891223,0.10965372,0.9794686,0.5722222222222212,0.0939728779507811
Endothelial Lymphatic LYVE1,33,VWF,1.1279068,0.15467773,0.97322905,0.5777777777777767,0.07380713209442412
Endothelial Lymphatic LYVE1,34,ID1,1.2149664,0.2529186,0.9620478,0.538888888888888,0.15873932697136603
Endothelial Lymphatic LYVE1,35,PTRF,1.3141757,0.3587462,0.95542955,0.6611111111111098,0.21034655951780526
Endothelial Lymphatic LYVE1,36,AKAP12,1.0113602,0.075138144,0.936222,0.466666666666666,0.06064791562028882
Endothelial Lymphatic LYVE1,37,HLA-E,2.656823,1.722809,0.93401396,0.9111111111111089,0.7559768960324758
Endothelial Lymphatic LYVE1,38,RGS16,1.2014766,0.27230617,0.92917037,0.5277777777777769,0.17132094424911107
Endothelial Lymphatic LYVE1,39,ARHGAP29,1.1664486,0.23852722,0.92792135,0.6499999999999987,0.19482672024106587
Endothelial Lymphatic LYVE1,40,HYAL2,1.0386076,0.12785976,0.9107478,0.5722222222222212,0.1172024108488262
Endothelial Lymphatic LYVE1,41,TUBB,1.915878,1.0059862,0.90989184,0.8333333333333314,0.5554997488698796
Endothelial Lymphatic LYVE1,42,PRSS23,1.2403702,0.33913782,0.90123236,0.6166666666666655,0.20288799598189652
Endothelial Lymphatic LYVE1,43,PDLIM1,1.3271708,0.43379715,0.8933737,0.6444444444444432,0.3003515821194784
Endothelial Lymphatic LYVE1,44,CYB5R3,1.3655497,0.4797739,0.8857758,0.6833333333333319,0.36489201406320043
Endothelial Lymphatic LYVE1,45,CALCRL,0.9810023,0.1080483,0.87295395,0.5444444444444435,0.06868407835258498
Endothelial Lymphatic LYVE1,46,CXorf36,0.94501126,0.07680662,0.86820465,0.5833333333333323,0.052410848819686995
Endothelial Lymphatic LYVE1,47,RCAN1,1.0328908,0.1657758,0.867115,0.48888888888888815,0.1234053239578177
Endothelial Lymphatic LYVE1,48,FSCN1,1.0246811,0.18752412,0.83715695,0.5888888888888878,0.147312908086388
Endothelial Lymphatic LYVE1,49,PDPN,0.8676715,0.037506904,0.8301646,0.48888888888888815,0.030889000502260844
Endothelial Lymphatic LYVE1,50,EMP1,1.129473,0.31009308,0.8193799,0.5722222222222212,0.214038171772952
Endothelial RGS5,1,IGFBP7,4.1540856,0.84706473,3.307021,0.9814814814814863,0.2896604156107214
Endothelial RGS5,2,SPARCL1,3.186472,0.5846669,2.601805,0.9481481481481524,0.21875316776480813
Endothelial RGS5,3,PLVAP,2.7239518,0.17999993,2.543952,0.9277777777777817,0.07843385707044719
Endothelial RGS5,4,SPARC,3.0682406,0.57200086,2.4962397,0.9555555555555599,0.2358844399391603
Endothelial RGS5,5,RAMP2,2.3133686,0.2042679,2.1091006,0.8870370370370403,0.11388748099340383
Endothelial RGS5,6,IFI27,2.8980706,0.8761821,2.0218885,0.9296296296296336,0.3453117080587649
Endothelial RGS5,7,GNG11,2.2409325,0.23235272,2.0085797,0.9018518518518553,0.14432336543334018
Endothelial RGS5,8,GSN,2.5610516,0.65715986,1.9038918,0.9111111111111148,0.3683476938671763
Endothelial RGS5,9,A2M,2.2257352,0.3551456,1.8705896,0.8537037037037064,0.19118094272679753
Endothelial RGS5,10,IFITM3,3.2125554,1.3534894,1.859066,0.9666666666666712,0.5676127724278734
Endothelial RGS5,11,HSPG2,1.9967383,0.17212412,1.8246142,0.8537037037037064,0.11150532184489924
Endothelial RGS5,12,IGFBP4,2.4281683,0.66620517,1.7619631,0.8648148148148177,0.315205271160643
Endothelial RGS5,13,COL4A2,1.9118829,0.19366448,1.7182184,0.8611111111111139,0.11758743030916628
Endothelial RGS5,14,EGFL7,1.8670963,0.15983123,1.7072651,0.844444444444447,0.11013684744043915
Endothelial RGS5,15,COL4A1,1.8335028,0.15981697,1.6736858,0.8074074074074093,0.09515965534718156
Endothelial RGS5,16,CRIP2,2.3164227,0.6459902,1.6704326,0.9296296296296336,0.3507856056766052
Endothelial RGS5,17,AQP1,1.7988967,0.15876703,1.6401297,0.7870370370370386,0.08233654333501854
Endothelial RGS5,18,CAV1,2.040863,0.40220478,1.6386583,0.8222222222222244,0.2076786619361219
Endothelial RGS5,19,VWF,1.7419382,0.13739575,1.6045425,0.8185185185185206,0.06591485048149752
Endothelial RGS5,20,RBP7,1.6921275,0.09871122,1.5934162,0.7074074074074077,0.07382159148504468
Endothelial RGS5,21,FABP4,1.7855082,0.2056122,1.579896,0.5166666666666638,0.09052204764317794
Endothelial RGS5,22,ESAM,1.7001146,0.14987442,1.5502402,0.8203703703703725,0.09049670552457682
Endothelial RGS5,23,VIM,3.740919,2.1914122,1.5495069,0.9648148148148193,0.7136847440450069
Endothelial RGS5,24,SPRY1,1.7568682,0.22622783,1.5306404,0.82777777777778,0.1357830714647652
Endothelial RGS5,25,ENG,1.7714515,0.24256161,1.5288899,0.8185185185185206,0.1623669538773324
Endothelial RGS5,26,RNASE1,1.812115,0.28535527,1.5267596,0.8259259259259282,0.12318803852001219
Endothelial RGS5,27,ID3,2.1311116,0.6073233,1.5237883,0.8370370370370395,0.3155600608210586
Endothelial RGS5,28,PECAM1,1.7286208,0.20826246,1.5203583,0.8166666666666688,0.12701469842878021
Endothelial RGS5,29,TCF4,1.7610589,0.30655885,1.4545001,0.8407407407407432,0.19776989356308683
Endothelial RGS5,30,ADGRL4,1.5278217,0.09489002,1.4329317,0.8185185185185206,0.05590471363405801
Endothelial RGS5,31,CLEC14A,1.5046533,0.10648383,1.3981695,0.7833333333333349,0.05892042574759042
Endothelial RGS5,32,ID1,1.6341525,0.23840529,1.3957472,0.7555555555555566,0.15230613279269067
Endothelial RGS5,33,COL15A1,1.49461,0.1106573,1.3839526,0.7944444444444462,0.07095793208311894
Endothelial RGS5,34,CD34,1.4723856,0.10628098,1.3661046,0.7759259259259274,0.06652306132792422
Endothelial RGS5,35,FKBP1A,2.2889469,0.930051,1.3588958,0.8944444444444478,0.554130765332052
Endothelial RGS5,36,TIMP3,1.742583,0.41776007,1.3248229,0.7722222222222236,0.21363405980738337
Endothelial RGS5,37,RAMP3,1.4181062,0.11591897,1.3021872,0.7166666666666671,0.06355803345159404
Endothelial RGS5,38,ARHGAP29,1.4985133,0.2255174,1.272996,0.8111111111111131,0.18846933603647847
Endothelial RGS5,39,EMCN,1.3777142,0.10723179,1.2704824,0.7648148148148161,0.06003547896603938
Endothelial RGS5,40,CALCRL,1.3474662,0.09506929,1.252397,0.7351851851851859,0.06173340091231393
Endothelial RGS5,41,NPDC1,1.6596869,0.41028494,1.249402,0.8018518518518537,0.28253928028380876
Endothelial RGS5,42,PTRF,1.591136,0.34623936,1.2448967,0.7981481481481499,0.20435884439937613
Endothelial RGS5,43,PLPP1,1.461631,0.21759187,1.244039,0.7425925925925935,0.16264571718194465
Endothelial RGS5,44,CCDC85B,1.7836549,0.58274096,1.2009139,0.8351851851851876,0.4246325392802476
Endothelial RGS5,45,TM4SF1,1.7847399,0.58741593,1.1973239,0.8240740740740763,0.28276735935121877
Endothelial RGS5,46,CLDN5,1.3036741,0.12241056,1.1812636,0.6425925925925918,0.05770400405473701
Endothelial RGS5,47,MGLL,1.3526227,0.21286681,1.139756,0.7074074074074077,0.1727318803851875
Endothelial RGS5,48,APP,1.6606424,0.5264356,1.1342068,0.82777777777778,0.36487582361882387
Endothelial RGS5,49,SPTBN1,1.3900446,0.26049325,1.1295513,0.7722222222222236,0.2160922453116913
Endothelial RGS5,50,CD36,1.2295173,0.1120935,1.1174239,0.5481481481481458,0.07143943233654008
Luminal Progenitors,1,MGP,4.4949193,1.2370297,3.2578897,0.9878419452887639,0.44730822022272243
Luminal Progenitors,2,KRT15,2.5284772,0.09867646,2.4298007,0.9164133738601905,0.06934065375425993
Luminal Progenitors,3,CLDN4,2.590419,0.49188176,2.0985372,0.9316109422492487,0.23438056021549616
Luminal Progenitors,4,TACSTD2,2.43711,0.41366476,2.0234451,0.9164133738601905,0.22810228254786674
Luminal Progenitors,5,KRT7,2.3939555,0.48552144,1.908434,0.9407294832826836,0.23768491688266954
Luminal Progenitors,6,TM4SF1,2.4791427,0.5722111,1.9069316,0.9148936170212847,0.2796248284275948
Luminal Progenitors,7,LTF,1.9847883,0.11152091,1.8732674,0.8237082066869357,0.07399217121651423
Luminal Progenitors,8,SLPI,1.9720505,0.21883537,1.7532152,0.8829787234042625,0.12526053581414753
Luminal Progenitors,9,CXCL2,1.898244,0.23422919,1.6640148,0.7598784194528914,0.12434548319862224
Luminal Progenitors,10,CRYAB,1.8474575,0.19178338,1.6556741,0.8966565349544149,0.11544913832545828
Luminal Progenitors,11,AZGP1,2.2062728,0.5768887,1.6293842,0.9240121580547196,0.2445732296273156
Luminal Progenitors,12,KRT18,2.2367043,0.6350724,1.6016319,0.9513677811550243,0.286818158710757
Luminal Progenitors,13,SFRP1,1.6442348,0.09533681,1.548898,0.837386018237088,0.07157744903665544
Luminal Progenitors,14,KRT19,2.2221918,0.71860874,1.5035831,0.796352583586631,0.26012912409125055
Luminal Progenitors,15,PTN,1.5858583,0.09020055,1.4956578,0.5577507598784177,0.06382491993289828
Luminal Progenitors,16,KRT8,1.9975231,0.52905416,1.4684689,0.9103343465045672,0.26655991052814115
Luminal Progenitors,17,CCL28,1.4528722,0.048267316,1.4046048,0.8434650455927113,0.047735244776576036
Luminal Progenitors,18,SAA1,1.4199406,0.09906185,1.3208787,0.7325227963525867,0.050022876315389625
Luminal Progenitors,19,WFDC2,1.5012976,0.20844105,1.2928566,0.729483282674775,0.11867724060800634
Luminal Progenitors,20,NDRG2,1.40751,0.13070658,1.2768035,0.8449848024316171,0.11832138681307978
Luminal Progenitors,21,PERP,1.8220987,0.555337,1.2667618,0.9133738601823789,0.31681154999744043
Luminal Progenitors,22,CD24,2.056457,0.81310606,1.243351,0.920972644376908,0.30816938640636216
Luminal Progenitors,23,SCGB2A2,1.7162869,0.49656242,1.2197244,0.5729483282674759,0.15019571958720204
Luminal Progenitors,24,MMP7,1.2529491,0.04284596,1.2101032,0.5744680851063817,0.0296121193635306
Luminal Progenitors,25,ELF3,1.5897565,0.46080324,1.1289532,0.8510638297872404,0.21902801077724446
Luminal Progenitors,26,CLU,1.5681705,0.43940485,1.1287657,0.7781155015197612,0.23824411570326812
Luminal Progenitors,27,RPLP0,4.0569186,2.9361596,1.120759,0.9969604863221988,0.9428600477854673
Luminal Progenitors,28,CLDN3,1.4560541,0.35137215,1.104682,0.7902735562310077,0.1846627014386413
Luminal Progenitors,29,RCAN1,1.240229,0.15177292,1.0884562,0.6945288753799412,0.1155253927100854
Luminal Progenitors,30,GABRP,1.106056,0.020657491,1.0853984,0.7705167173252321,0.017360581566773378
Luminal Progenitors,31,RPL3,4.231889,3.1518307,1.0800581,0.9984802431611046,0.9646688017887878
Luminal Progenitors,32,LMNA,2.2856462,1.2114054,1.0742408,0.9103343465045672,0.5739667530882757
Luminal Progenitors,33,RPL10A,3.542482,2.4750845,1.0673974,0.9984802431611046,0.9090793553957086
Luminal Progenitors,34,ATF3,1.870058,0.80644244,1.0636156,0.8495440729483346,0.41299374714049986
Luminal Progenitors,35,KRT14,1.1519083,0.09771661,1.0541917,0.5455927051671712,0.04847237049463819
Luminal Progenitors,36,APP,1.5712694,0.5245296,1.0467398,0.8632218844984869,0.3628946164404549
Luminal Progenitors,37,EEF2,2.665887,1.6277527,1.0381345,0.9696048632218941,0.772253571246671
Luminal Progenitors,38,RPL12,4.1618996,3.1315627,1.0303369,0.9984802431611046,0.9645671292759518
Luminal Progenitors,39,ANXA1,2.012977,1.0226356,0.9903413,0.7872340425531961,0.46405876671248886
Luminal Progenitors,40,RPS5,3.6755397,2.6900375,0.98550224,0.9969604863221988,0.9259824106546924
Luminal Progenitors,41,KRT23,1.0452147,0.07056708,0.9746476,0.5911854103343457,0.05180214529002242
Luminal Progenitors,42,RARRES1,1.1283479,0.15720843,0.97113943,0.6626139817629191,0.090412282039554
Luminal Progenitors,43,GNB2L1,3.5595315,2.590386,0.96914554,0.9893617021276697,0.9207208581154298
Luminal Progenitors,44,RPL5,3.6235974,2.6575925,0.96600485,0.9939209726443872,0.9294901123475342
Luminal Progenitors,45,RPL13,4.6333537,3.66841,0.96494365,1.0000000000000104,0.9632453866090839
Luminal Progenitors,46,NACA,3.4623668,2.506459,0.9559078,0.995440729483293,0.9252198668084225
Luminal Progenitors,47,TPT1-AS1,1.0300715,0.07570519,0.9543663,0.7279635258358692,0.08032128514056516
Luminal Progenitors,48,RPS6,4.115773,3.16261,0.95316315,0.995440729483293,0.961949062070425
Luminal Progenitors,49,CX3CL1,1.0105957,0.06079575,0.94979995,0.7218844984802459,0.060825580804231574
Luminal Progenitors,50,CD9,1.6585783,0.7199172,0.9386611,0.8799392097264509,0.3854913324183037
Macrophage,1,C1QB,3.369631,0.0988861,3.270745,0.887686062246292,0.05057830241113544
Macrophage,2,TYROBP,3.4658175,0.2499398,3.2158775,0.9706811005863968,0.10269168673742737
Macrophage,3,C1QA,3.2628233,0.09449547,3.1683278,0.8949030221019533,0.050128364608419955
Macrophage,4,C1QC,3.1751826,0.0847256,3.090457,0.8867839422643343,0.04181774872296929
Macrophage,5,CD74,4.997509,1.9435673,3.0539417,0.9733874605322698,0.6794325490300378
Macrophage,6,HLA-DRA,3.942322,0.91655755,3.0257645,0.9666215606675873,0.3794034354073855
Macrophage,7,FTL,5.8982368,2.9139264,2.9843104,0.9981957600361054,0.9438901093088018
Macrophage,8,APOE,3.1603558,0.3352723,2.8250835,0.8466396030672184,0.18910621178839404
Macrophage,9,HLA-DPA1,3.4414773,0.802447,2.6390302,0.9458728010825611,0.3727602360849445
Macrophage,10,FCER1G,2.760303,0.18824531,2.5720577,0.9576003608480107,0.08906121800810185
Macrophage,11,HLA-DRB1,3.412612,0.8967345,2.5158775,0.9391069012178787,0.4010533837968546
Macrophage,12,CTSB,3.0926766,0.6024249,2.4902518,0.9391069012178787,0.4079877193445819
Macrophage,13,CD68,2.550789,0.13473372,2.4160554,0.9183581416328525,0.09506921102083368
Macrophage,14,HLA-DPB1,3.1540692,0.7683378,2.3857315,0.932792061344175,0.37016647698693966
Macrophage,15,CST3,3.5054848,1.1439872,2.3614976,0.9526387009472436,0.46719424079597843
Macrophage,16,AIF1,2.4062061,0.12752943,2.2786767,0.9179070816418736,0.06185321440859398
Macrophage,17,HLA-DRB5,2.8234756,0.6044172,2.2190585,0.9079837618403394,0.2959002726093721
Macrophage,18,GPX1,3.245804,1.0507381,2.195066,0.9472259810554976,0.5743588386310493
Macrophage,19,LYZ,2.363609,0.1841328,2.1794763,0.8570139828597315,0.09014636212053359
Macrophage,20,PSAP,2.997783,0.88112056,2.1166625,0.9494812810103918,0.5282534473174377
Macrophage,21,APOC1,2.1678905,0.08893398,2.0789566,0.7726657645466902,0.06783474049175414
Macrophage,22,MS4A6A,2.1694777,0.09774994,2.0717278,0.8538565629228797,0.04954609215784698
Macrophage,23,SAT1,3.502586,1.5466559,1.95593,0.9751917004961851,0.6888283090279322
Macrophage,24,NPC2,2.7072592,0.76927996,1.9379792,0.9481281010374553,0.4743403117802775
Macrophage,25,CTSD,2.608593,0.71970254,1.8888905,0.9165539016689371,0.4747373157238497
Macrophage,26,HLA-DQA1,2.2825236,0.4012054,1.8813182,0.8218313035633827,0.2119471720086036
Macrophage,27,HLA-DQB1,2.3058827,0.4569035,1.8489792,0.8764095624718212,0.2530767805627205
Macrophage,28,CCL3,1.9494044,0.17424197,1.7751623,0.685611186287776,0.07762750443321131
Macrophage,29,RNASE1,1.966847,0.20851056,1.7583364,0.6865133062697336,0.10017732842813432
Macrophage,30,LAPTM5,2.4954379,0.7415575,1.7538804,0.9282814614343867,0.3525924357514782
Macrophage,31,MS4A7,1.8067273,0.11127588,1.6954514,0.8069463238610813,0.06963449170261654
Macrophage,32,FCGR3A,1.7461224,0.07556707,1.6705554,0.8119079837618485,0.041685414075111796
Macrophage,33,GRN,2.1613731,0.50287414,1.658499,0.8714479025710541,0.3705899478600833
Macrophage,34,CD14,1.7298763,0.08115532,1.648721,0.7852954442940975,0.06444697350660139
Macrophage,35,GLUL,2.2692862,0.6789812,1.590305,0.9012178619756569,0.407881851626296
Macrophage,36,SOD2,2.0975273,0.5463609,1.5511663,0.8615245827695198,0.35084561839976064
Macrophage,37,HLA-DMA,1.9062694,0.36585116,1.5404183,0.8547586829048374,0.23833470079139496
Macrophage,38,FCGRT,1.9486244,0.41728356,1.5313408,0.8619756427604987,0.3027287404388134
Macrophage,39,FTH1,5.1541853,3.6840076,1.4701777,0.9990978800180631,0.9633962364030221
Macrophage,40,CTSS,1.7158691,0.2643965,1.4514725,0.8403247631935148,0.19281158192840486
Macrophage,41,PLTP,1.5629978,0.13773416,1.4252636,0.6797474064050512,0.10496784268057688
Macrophage,42,CTSZ,1.6685568,0.25311816,1.4154387,0.8060442038791237,0.22346028637220866
Macrophage,43,SPI1,1.481712,0.0877323,1.3939797,0.783942264321161,0.05341026387528582
Macrophage,44,PLAUR,1.6087881,0.22564572,1.3831425,0.7983761840324836,0.16134240266788438
Macrophage,45,CYBB,1.4234776,0.06657165,1.3569059,0.7640956247180924,0.04205595108911278
Macrophage,46,TMEM176B,1.5393946,0.20405965,1.335335,0.7465042850699181,0.13646348887066886
Macrophage,47,SRGN,2.803687,1.4785392,1.3251479,0.9494812810103918,0.5410105073709169
Macrophage,48,FCGR2A,1.3564976,0.050149594,1.3063481,0.7708615245827749,0.03959452663896338
Macrophage,49,CTSC,1.7635509,0.47542188,1.288129,0.8028867839422719,0.2948680623560844
Macrophage,50,TYMP,1.8527541,0.5665046,1.2862495,0.8407758231844936,0.3864436386733987
Mature Luminal,1,MGP,4.6297426,1.2432083,3.3865342,0.9767857142857111,0.4488083164298177
Mature Luminal,2,AZGP1,3.5947175,0.56122535,3.033492,0.9839285714285683,0.2454107505071075
Mature Luminal,3,XBP1,3.4785566,0.9528715,2.525685,0.9928571428571397,0.49969574036485503
Mature Luminal,4,KRT18,2.9326444,0.6291723,2.303472,0.9839285714285683,0.2880070993914487
Mature Luminal,5,CLDN4,2.5155516,0.4981592,2.0173924,0.9535714285714255,0.23580121703854734
Mature Luminal,6,KRT8,2.4406252,0.5264128,1.9142125,0.9660714285714255,0.26736815415820486
Mature Luminal,7,TACSTD2,2.222114,0.42174467,1.8003694,0.9357142857142827,0.2295385395537601
Mature Luminal,8,KRT19,2.4927173,0.71850467,1.7742126,0.8660714285714258,0.26047160243407425
Mature Luminal,9,SPINT2,2.4453652,0.6726579,1.7727072,0.9749999999999969,0.34718559837718715
Mature Luminal,10,TM4SF1,2.1949008,0.5809862,1.6139145,0.8803571428571401,0.2816937119675203
Mature Luminal,11,ELF3,2.0429263,0.4571756,1.5857507,0.9071428571428543,0.21980223123732975
Mature Luminal,12,PIP,1.8354471,0.29606968,1.5393775,0.6035714285714268,0.10907707910750852
Mature Luminal,13,ATF3,2.3395915,0.8024178,1.5371737,0.90535714285714,0.41328600405663024
Mature Luminal,14,STC2,1.6570071,0.13244104,1.524566,0.8089285714285689,0.08463488843813649
Mature Luminal,15,EFHD1,1.7791002,0.28785634,1.4912438,0.9232142857142828,0.20038032454361712
Mature Luminal,16,WFDC2,1.6989921,0.20884618,1.4901459,0.8535714285714259,0.11843306288032832
Mature Luminal,17,MAFF,1.7738726,0.35819837,1.4156742,0.8464285714285688,0.26470588235293385
Mature Luminal,18,BTG2,2.4377487,1.0235265,1.4142221,0.9232142857142828,0.5360040567948369
Mature Luminal,19,SLC39A6,1.7195429,0.3561927,1.3633502,0.8946428571428543,0.23341784989858783
Mature Luminal,20,ANKRD30A,1.5667582,0.21274497,1.3540132,0.7678571428571405,0.11280425963489202
Mature Luminal,21,CD9,2.0594218,0.71655977,1.342862,0.9392857142857113,0.38587728194712584
Mature Luminal,22,MAGED2,1.7850364,0.44363013,1.3414063,0.8785714285714258,0.3122971602433499
Mature Luminal,23,PERP,1.8474172,0.5581249,1.2892923,0.9517857142857112,0.317748478701762
Mature Luminal,24,IER3,2.0119472,0.7356713,1.2762759,0.8571428571428544,0.39353448275847674
Mature Luminal,25,CEBPD,1.7106909,0.4363233,1.2743676,0.8357142857142831,0.2869929006084883
Mature Luminal,26,C8orf4,1.4532822,0.17919944,1.2740828,0.6696428571428551,0.12809330628803656
Mature Luminal,27,AREG,1.6561589,0.41424704,1.2419119,0.6982142857142836,0.21784989858012888
Mature Luminal,28,EFNA1,1.4803476,0.27827168,1.202076,0.8071428571428546,0.19756592292089897
Mature Luminal,29,TPM1,1.7884763,0.5952647,1.1932117,0.8892857142857115,0.3488336713994978
Mature Luminal,30,PEBP1,2.1172323,0.94552267,1.1717097,0.9732142857142826,0.57061359026336
Mature Luminal,31,TSC22D1,1.782456,0.61693597,1.1655201,0.9017857142857114,0.3687119675455213
Mature Luminal,32,CD24,1.9771947,0.8173216,1.159873,0.9071428571428543,0.309888438133819
Mature Luminal,33,GSTP1,2.2978377,1.1387722,1.1590655,0.9285714285714256,0.5880070993911306
Mature Luminal,34,DSTN,2.1372755,1.004978,1.1322975,0.9642857142857112,0.5195740365108786
Mature Luminal,35,AGR2,1.490086,0.37014875,1.1199372,0.7196428571428549,0.16944726166329152
Mature Luminal,36,CRACR2B,1.2989904,0.18157916,1.1174113,0.8321428571428545,0.16402129817444752
Mature Luminal,37,MGST1,1.579652,0.46644047,1.1132115,0.8428571428571402,0.24074543610548463
Mature Luminal,38,CLDN7,1.3597007,0.2646633,1.0950373,0.8499999999999973,0.1885649087221157
Mature Luminal,39,CLU,1.5173573,0.44293088,1.0744264,0.8232142857142831,0.23894523326572797
Mature Luminal,40,PLAT,1.1780757,0.11493045,1.0631452,0.6982142857142836,0.09001014198783241
Mature Luminal,41,SPDEF,1.2569956,0.20381592,1.0531796,0.7874999999999975,0.14721095334686074
Mature Luminal,42,PDK4,1.3115188,0.29012814,1.0213907,0.6642857142857123,0.17766227180527963
Mature Luminal,43,PPDPF,2.8326297,1.8150078,1.0176219,0.982142857142854,0.773554766733733
Mature Luminal,44,MLPH,1.2071614,0.19597828,1.0111831,0.8196428571428546,0.15316937119675952
Mature Luminal,45,KRT7,1.5023637,0.50292265,0.999441,0.7642857142857119,0.24193711967546438
Mature Luminal,46,MARCKSL1,1.7466309,0.7574443,0.9891866,0.8982142857142829,0.43303752535478374
Mature Luminal,47,MIF,2.454546,1.46702,0.98752594,0.9678571428571398,0.6912525354964978
Mature Luminal,48,LMNA,2.2000113,1.215287,0.9847243,0.9267857142857113,0.5745689655169055
Mature Luminal,49,ATP1B1,1.2633226,0.2824474,0.9808752,0.7874999999999975,0.21911764705883074
Mature Luminal,50,ADIRF,1.5095291,0.5337056,0.9758235,0.8749999999999972,0.26075050709938835
Monocyte,1,LYZ,3.3721905,0.2281366,3.144054,0.9498464687819882,0.11219024677752905
Monocyte,2,TYROBP,3.4021196,0.35372224,3.0483973,0.9764585465711387,0.13012838582373068
Monocyte,3,HLA-DRA,3.7814364,1.0167323,2.7647042,0.9713408393039944,0.3979448017836244
Monocyte,4,CD74,4.528725,2.052347,2.4763782,0.9774820880245676,0.6886707838964101
Monocyte,5,FCER1G,2.6269848,0.27331296,2.3536718,0.9508700102354171,0.1168285370166176
Monocyte,6,CST3,3.5456743,1.218022,2.3276525,0.9651995905834212,0.48230530712665093
Monocyte,7,AIF1,2.5199482,0.19708891,2.3228593,0.9355168884339841,0.08861440688823914
Monocyte,8,HLA-DPA1,3.1314154,0.89406705,2.2373483,0.9027635619242603,0.39205084181129873
Monocyte,9,FTL,5.2148,3.0258687,2.1889312,0.9979529170931449,0.9456218127763295
Monocyte,10,HLA-DPB1,3.001659,0.84796035,2.1536984,0.9058341862845469,0.3887194731312886
Monocyte,11,HLA-DRB1,3.0206642,0.9864884,2.0341759,0.9150460593654067,0.41875304307722633
Monocyte,12,SAT1,3.5833056,1.6067852,1.9765204,0.9836233367451408,0.6977167311582643
Monocyte,13,S100A9,2.167911,0.25820658,1.9097044,0.7195496417604932,0.13076903364680956
Monocyte,14,GPX1,3.0309222,1.125871,1.9050512,0.9273285568065531,0.5867052763753969
Monocyte,15,PLAUR,2.1490424,0.25606996,1.8929725,0.8741044012282521,0.1796889014171126
Monocyte,16,IL1B,1.923861,0.07354213,1.8503189,0.7001023541453447,0.03905389129487771
Monocyte,17,SRGN,3.2618325,1.5091752,1.7526573,0.9795291709314253,0.5532378340978289
Monocyte,18,LST1,1.8605365,0.116921104,1.7436154,0.8843398157625407,0.07787714937344298
Monocyte,19,HLA-DRB5,2.404922,0.6854066,1.7195153,0.8239508700102376,0.3174538092919943
Monocyte,20,COTL1,2.3889723,0.7589825,1.6299899,0.9242579324462665,0.40304435845533226
Monocyte,21,MS4A6A,1.7753212,0.17344977,1.6018715,0.7758444216990809,0.07705712015990246
Monocyte,22,SOD2,2.1821804,0.5935302,1.5886502,0.8679631525076789,0.3669118212336836
Monocyte,23,SERPINA1,1.7133267,0.1430192,1.5703075,0.7881269191402273,0.09712220997872202
Monocyte,24,FTH1,5.287193,3.7273881,1.5598047,1.0000000000000027,0.9645081106006539
Monocyte,25,NPC2,2.3822129,0.83900225,1.5432106,0.9068577277379758,0.4904287215232911
Monocyte,26,PSAP,2.4959652,0.96094644,1.5350188,0.9293756397134109,0.5421418138021268
Monocyte,27,CTSS,1.8199003,0.30791414,1.5119861,0.8587512794268191,0.21292571047844475
Monocyte,28,HLA-DQB1,2.0118399,0.5230182,1.4888217,0.8106448311156623,0.27453040514570953
Monocyte,29,CD68,1.7202038,0.23230177,1.4879019,0.7830092118730829,0.12461881454525253
Monocyte,30,TYMP,2.07344,0.60185075,1.4715893,0.8812691914022541,0.39986674525286103
Monocyte,31,S100A4,2.7690516,1.3208288,1.4482228,0.9273285568065531,0.5384516823412004
Monocyte,32,S100A8,1.5728432,0.15548828,1.417355,0.567041965199592,0.07172693027188909
Monocyte,33,CTSB,2.115014,0.70603454,1.4089795,0.8526100307062459,0.4270302129514054
Monocyte,34,SPI1,1.5201458,0.13106538,1.3890804,0.7789150460593675,0.07674960920482476
Monocyte,35,FCN1,1.4003042,0.017937632,1.3823665,0.6274309109518952,0.013197345155421243
Monocyte,36,LAPTM5,2.1802287,0.80517715,1.3750515,0.9140225179119779,0.3712426005176968
Monocyte,37,CYBA,2.2567713,0.9017334,1.3550379,0.9068577277379758,0.4909924916076005
Monocyte,38,HLA-DQA1,1.8218263,0.47252044,1.3493059,0.7103377686796334,0.234118340465894
Monocyte,39,SH3BGRL3,3.0365372,1.7295995,1.3069377,0.9611054247697057,0.7754913768798715
Monocyte,40,RGS2,1.7482884,0.4546099,1.2936785,0.774820880245652,0.2551572149758043
Monocyte,41,NAMPT,1.8066423,0.535917,1.2707253,0.8556806550665325,0.3751377392820164
Monocyte,42,BCL2A1,1.4091731,0.14830746,1.2608657,0.7062436028659179,0.09084386131255243
Monocyte,43,C1orf162,1.4027146,0.16543499,1.2372797,0.7737973387922231,0.10155549291442545
Monocyte,44,GRN,1.7937138,0.56477904,1.2289348,0.8147389969293778,0.38792506983067077
Monocyte,45,NEAT1,2.9686866,1.7432759,1.2254107,0.9600818833162769,0.6946672475204154
Monocyte,46,ITGB2,1.6163303,0.39202276,1.2243075,0.8116683725690912,0.2232785792993994
Monocyte,47,C1QA,1.4578527,0.24036272,1.21749,0.5148413510747198,0.08648745611561842
Monocyte,48,HLA-DMA,1.613784,0.4221224,1.1916616,0.7860798362333695,0.25964174973735643
Monocyte,49,C1QB,1.4269565,0.25145534,1.1755012,0.483111566018425,0.08730748532915894
Monocyte,50,CYBB,1.280685,0.11326401,1.167421,0.71340839303992,0.06626861081926001
Myoepithelial,1,KRT14,3.5714595,0.068468355,3.5029912,0.9360902255639028,0.04479578392621746
Myoepithelial,2,TAGLN,3.7522752,0.4130439,3.3392313,0.9586466165413459,0.1720887807844274
Myoepithelial,3,KRT17,3.352724,0.085228756,3.2674954,0.9003759398496178,0.04750684098510052
Myoepithelial,4,ACTA2,3.2480128,0.37957925,2.8684335,0.9097744360902191,0.18374379243943867
Myoepithelial,5,MT2A,3.842418,1.235986,2.606432,0.981203007518789,0.5593392115133147
Myoepithelial,6,MT1X,2.8919098,0.4770836,2.4148262,0.9642857142857066,0.30072463768120505
Myoepithelial,7,MYLK,2.3979049,0.12939525,2.2685096,0.8627819548872127,0.0961791831357019
Myoepithelial,8,TPM2,2.5938282,0.33967504,2.2541533,0.9398496240601433,0.1752305665349087
Myoepithelial,9,MYL9,2.6638591,0.43144187,2.2324173,0.9191729323308204,0.21379345292388074
Myoepithelial,10,KRT5,2.257322,0.056974605,2.2003474,0.8909774436090165,0.04091922570183328
Myoepithelial,11,EGR1,2.9666355,0.78357506,2.1830604,0.9360902255639028,0.40468227424764763
Myoepithelial,12,MT1E,2.4631195,0.30402583,2.1590936,0.9229323308270609,0.19213033343467503
Myoepithelial,13,CSRP1,2.5687962,0.4203585,2.1484377,0.9323308270676622,0.328569980743969
Myoepithelial,14,DST,2.289594,0.17124547,2.1183484,0.9041353383458584,0.16253673862368992
Myoepithelial,15,CXCL14,2.1579707,0.1285196,2.0294511,0.7406015037593958,0.057109557109555446
Myoepithelial,16,CRYAB,2.1518385,0.19296633,1.9588722,0.8834586466165355,0.11812100942535353
Myoepithelial,17,FBXO32,2.1194625,0.17106612,1.9483963,0.8853383458646558,0.14571298266949975
Myoepithelial,18,C2orf40,1.9281424,0.066904165,1.8612382,0.8778195488721747,0.049356440660787086
Myoepithelial,19,FOS,4.263865,2.4333606,1.8305044,0.9699248120300674,0.7844329583459377
Myoepithelial,20,CYR61,2.161547,0.3664631,1.7950839,0.8157894736842062,0.21316002837741274
Myoepithelial,21,TPM1,2.3601062,0.5884058,1.7717004,0.9154135338345799,0.34886490321282604
Myoepithelial,22,CLU,2.1865518,0.434672,1.7518798,0.9285714285714217,0.23793959663524103
Myoepithelial,23,NNMT,2.012812,0.35159165,1.6612203,0.8571428571428519,0.19494273842099297
Myoepithelial,24,CALD1,2.2155108,0.56039315,1.6551178,0.9210526315789407,0.2607935542718184
Myoepithelial,25,PERP,2.194755,0.55435705,1.640398,0.937969924812023,0.31838451403675233
Myoepithelial,26,SFN,1.6934806,0.10705424,1.5864264,0.778195488721801,0.09293604945778572
Myoepithelial,27,ANXA1,2.5846863,1.018091,1.5665953,0.9436090225563838,0.4629826695046265
Myoepithelial,28,JUN,3.5225253,2.0748277,1.4476976,0.9624060150375864,0.7636819702036687
Myoepithelial,29,CDKN1A,2.2480788,0.81953734,1.4285414,0.8684210526315734,0.43802574237375985
Myoepithelial,30,ACTG2,1.4680257,0.044773124,1.4232526,0.6015037593984967,0.028985507246376097
Myoepithelial,31,TACSTD2,1.8319503,0.4282826,1.4036677,0.7875939849624023,0.23203607986215924
Myoepithelial,32,ACTN1,1.7058499,0.33924,1.3666098,0.8458646616541303,0.2777439951353207
Myoepithelial,33,CNN1,1.3841047,0.04445968,1.339645,0.6090225563909777,0.030176345393735943
Myoepithelial,34,PDLIM4,1.4152147,0.10280469,1.31241,0.7631578947368389,0.0968126076821699
Myoepithelial,35,KRT8,1.8428382,0.5358299,1.3070083,0.8571428571428519,0.2693321171582164
Myoepithelial,36,PDLIM3,1.4334705,0.14147453,1.291996,0.6936090225563893,0.11325630890847926
Myoepithelial,37,KRT7,1.7913138,0.4997372,1.2915766,0.7838345864661618,0.2420441876963537
Myoepithelial,38,ACTG1,3.955099,2.6964,1.2586992,0.996240601503751,0.9038208168640962
Myoepithelial,39,SAA1,1.3626243,0.10405114,1.2585732,0.6597744360902247,0.053182324921453826
Myoepithelial,40,GADD45B,2.353789,1.1022092,1.2515799,0.8853383458646558,0.5373720482418284
Myoepithelial,41,ZFP36,3.4634578,2.2188406,1.2446172,0.9511278195488648,0.7907672038106108
Myoepithelial,42,JUNB,3.6872149,2.443571,1.2436438,0.9680451127819472,0.84116246072755
Myoepithelial,43,APOE,1.7143369,0.47537532,1.2389616,0.7368421052631553,0.218658153440755
Myoepithelial,44,BCAM,1.6053082,0.3955529,1.2097553,0.7838345864661618,0.24931590148980637
Myoepithelial,45,PALLD,1.418108,0.20839565,1.2097124,0.7518796992481174,0.17566129522650695
Myoepithelial,46,SCPEP1,1.4570237,0.2507882,1.2062355,0.7951127819548833,0.2269433465085565
Myoepithelial,47,PDLIM1,1.6279641,0.42177466,1.2061895,0.8176691729323264,0.29494780581741054
Myoepithelial,48,MYC,1.6446497,0.46781752,1.1768322,0.7462406015037566,0.292084726867372
Myoepithelial,49,IGFBP4,1.8427937,0.67445123,1.1683425,0.8515037593984911,0.31549609810485507
Myoepithelial,50,PTRF,1.4940338,0.3478014,1.1462324,0.7875939849624023,0.20462146549102406
NK cells,1,GNLY,3.2954683,0.1665828,3.1288855,0.7896634615384723,0.05838950163398673
NK cells,2,NKG7,2.5499618,0.3698954,2.1800663,0.805288461538473,0.14131433823530248
NK cells,3,XCL1,2.1551414,0.124813996,2.0303273,0.7500000000000091,0.04968341503267957
NK cells,4,SRGN,3.3513165,1.5137653,1.8375511,0.9663461538461722,0.555095996732258
NK cells,5,XCL2,1.8658575,0.105181724,1.7606758,0.6766826923076983,0.0435304330065358
NK cells,6,CCL5,2.4688036,0.71587676,1.7529268,0.7079326923076996,0.2508680555556231
NK cells,7,CD69,2.3711598,0.70197624,1.6691835,0.8004807692307805,0.286534926470675
NK cells,8,CD7,2.1157584,0.4570524,1.658706,0.7379807692307778,0.20284415849677362
NK cells,9,KLRD1,1.7731745,0.12661666,1.6465578,0.7139423076923153,0.06331699346405208
NK cells,10,CTSW,1.8502188,0.22047682,1.6297419,0.7475961538461628,0.10751123366013035
NK cells,11,AREG,1.9235561,0.39994338,1.5236127,0.6334134615384657,0.21589052287586563
NK cells,12,TYROBP,1.9059135,0.3967905,1.509123,0.7379807692307778,0.1383272058823597
NK cells,13,CCL4,2.0719194,0.59981304,1.4721065,0.5661057692307705,0.19965277777781765
NK cells,14,KLRB1,1.6518983,0.2164336,1.4354646,0.6370192307692351,0.09112030228758139
NK cells,15,DUSP2,2.234385,0.8416145,1.3927705,0.7427884615384703,0.36782577614392153
NK cells,16,TRDC,1.4184285,0.043258972,1.3751695,0.6069711538461569,0.01902062908496726
NK cells,17,CXCR4,2.354733,1.0130259,1.3417071,0.7836538461538567,0.4087009803923096
NK cells,18,KLRC1,1.3602802,0.04636197,1.3139182,0.5661057692307705,0.021675857843137185
NK cells,19,GZMB,1.4167812,0.19727585,1.2195053,0.5072115384615372,0.07998876633986901
NK cells,20,HOPX,1.4290757,0.2417235,1.1873522,0.6213942307692344,0.14662479575164522
NK cells,21,FCER1G,1.4676765,0.30665222,1.1610243,0.6189903846153881,0.12696589052287643
NK cells,22,TNFAIP3,1.9972185,0.860534,1.1366844,0.7536057692307785,0.41597732843152924
NK cells,23,IFITM2,2.3055549,1.255631,1.0499239,0.8593750000000138,0.6170087826800038
NK cells,24,BTG1,3.1461298,2.106706,1.039424,0.9314903846154015,0.8263888888892672
NK cells,25,CST7,1.3839039,0.35928127,1.0246226,0.5877403846153868,0.1674070669934865
NK cells,26,REL,1.5795376,0.5900044,0.98953325,0.6670673076923133,0.39562908496746596
NK cells,27,RGCC,1.7957861,0.8384475,0.95733863,0.6153846153846187,0.3638939950981678
NK cells,28,GZMA,1.2554266,0.3101401,0.9452865,0.48918269230769085,0.12985089869281263
NK cells,29,HCST,1.4816866,0.54510117,0.9365854,0.6490384615384663,0.2829350490196927
NK cells,30,NR4A2,1.7929418,0.89857525,0.89436656,0.6850961538461602,0.4732945261439785
NK cells,31,ZFP36L2,2.6221702,1.7614839,0.8606863,0.8449519230769362,0.7395833333336648
NK cells,32,TSC22D3,2.3008914,1.4632305,0.8376609,0.8088942307692424,0.6796875000002991
NK cells,33,PTPRC,1.5802686,0.76986307,0.81040555,0.7079326923076996,0.36728962418313693
NK cells,34,TMSB4X,4.6132846,3.8048358,0.8084488,0.9915865384615579,0.9659671160135256
NK cells,35,RPS27,4.167735,3.3816936,0.7860415,0.9951923076923272,0.9741625816998045
NK cells,36,CLEC2B,1.3026934,0.5185281,0.78416526,0.5745192307692324,0.30984477124192944
NK cells,37,ZNF331,1.3372959,0.5534918,0.7838041,0.5781250000000018,0.2973856209151253
NK cells,38,IL2RB,0.8957091,0.11569925,0.78000987,0.4615384615384602,0.07230392156862721
NK cells,39,B2M,5.0948534,4.314939,0.7799144,1.0000000000000198,0.9896599264710547
NK cells,40,SYTL3,0.9678088,0.19071256,0.7770962,0.4639423076923063,0.11578329248365973
NK cells,41,ADGRE5,1.0394474,0.2829421,0.75650537,0.5204326923076916,0.19245302287585297
NK cells,42,TNFRSF18,0.9018729,0.15265454,0.74921834,0.42668269230769107,0.09701797385620882
NK cells,43,CD52,1.5362899,0.8101288,0.7261611,0.645432692307697,0.34538398692822314
NK cells,44,HLA-B,3.4549444,2.7426884,0.71225595,0.9579326923077103,0.8728298611115145
NK cells,45,CREM,1.401122,0.69997215,0.7011498,0.5661057692307705,0.38605494281059805
NK cells,46,PRF1,0.79225487,0.123904444,0.6683504,0.39182692307692196,0.06661049836601285
NK cells,47,CMC1,0.8760276,0.21466774,0.66135985,0.36658653846153744,0.20399305555559777
NK cells,48,YPEL5,1.4478278,0.7898254,0.65800244,0.62740384615385,0.4849366830067299
NK cells,49,MATK,0.7233183,0.066264115,0.6570542,0.37980769230769124,0.04240706699346391
NK cells,50,ZNF683,0.7800222,0.12787697,0.65214527,0.33533653846153755,0.05943627450980372
NKT cells,1,NKG7,3.8137157,0.36786085,3.445855,0.9763636363636418,0.1436755386565264
NKT cells,2,GNLY,3.3699086,0.1879112,3.1819973,0.8218181818181862,0.06316856780735071
NKT cells,3,CCL4,3.4178555,0.5915709,2.8262846,0.8763636363636411,0.19794676806083533
NKT cells,4,CCL5,3.1404047,0.7190451,2.4213595,0.8981818181818231,0.2514828897338404
NKT cells,5,GZMB,2.5243797,0.19055137,2.3338284,0.7981818181818224,0.07898605830164719
NKT cells,6,GZMA,2.3214736,0.30203584,2.0194378,0.8127272727272771,0.12790874524714754
NKT cells,7,CST7,2.1685796,0.3556655,1.8129141,0.770909090909095,0.16785804816222968
NKT cells,8,PRF1,1.8552533,0.11386207,1.7413913,0.7036363636363673,0.06458808618504398
NKT cells,9,KLRD1,1.8516915,0.13729207,1.7143995,0.7127272727272764,0.06798479087452432
NKT cells,10,GZMH,1.7599735,0.11774258,1.642231,0.6690909090909125,0.05619771863117838
NKT cells,11,CTSW,1.7860235,0.23302153,1.553002,0.7090909090909128,0.11262357414448602
NKT cells,12,FGFBP2,1.4683383,0.0049928045,1.4633454,0.5690909090909119,0.0034474017743979647
NKT cells,13,KLRB1,1.5634228,0.22792819,1.3354946,0.5763636363636392,0.09586818757921363
NKT cells,14,HCST,1.8697194,0.54638577,1.3233336,0.7272727272727311,0.28446134347278634
NKT cells,15,SRGN,2.8549285,1.5338218,1.3211067,0.9000000000000049,0.5589607097595237
NKT cells,16,S100A4,2.597551,1.3389004,1.2586507,0.8490909090909137,0.543751584284222
NKT cells,17,HOPX,1.4295243,0.25020444,1.1793199,0.6036363636363666,0.1502661596958166
NKT cells,18,FCGR3A,1.2764685,0.15270601,1.1237625,0.5309090909090934,0.07814955640050651
NKT cells,19,B2M,5.403183,4.3161883,1.0869946,1.0000000000000056,0.9897338403049865
NKT cells,20,TMSB4X,4.8785467,3.8069007,1.071646,0.9963636363636419,0.9660836501908923
NKT cells,21,PLAC8,1.1474317,0.106977,1.0404547,0.5018181818181842,0.06238276299112765
NKT cells,22,TYROBP,1.4433328,0.41402727,1.0293055,0.5436363636363662,0.14532319391634896
NKT cells,23,PTPRC,1.7901752,0.77272916,1.017446,0.7254545454545492,0.369480354879723
NKT cells,24,CD7,1.478091,0.47779936,1.0002916,0.5727272727272755,0.20897338403041701
NKT cells,25,CD247,1.1705064,0.20054823,0.9699581,0.5127272727272751,0.1182256020278827
NKT cells,26,GZMM,1.0962843,0.15261677,0.94366753,0.5163636363636388,0.08866920152091202
NKT cells,27,CORO1A,1.579394,0.643459,0.93593496,0.6563636363636397,0.3204562737643338
NKT cells,28,KLRF1,0.9431351,0.013545377,0.9295897,0.4127272727272745,0.007883396704689447
NKT cells,29,CD69,1.6459533,0.7240212,0.9219321,0.6090909090909121,0.29287705956911997
NKT cells,30,IFITM2,2.176603,1.2649366,0.9116665,0.8000000000000043,0.6195690747786011
NKT cells,31,CCL4L2,1.1523409,0.25652382,0.89581704,0.39272727272727437,0.10575411913814893
NKT cells,32,SPON2,1.0310338,0.15115212,0.8798816,0.41818181818182,0.09196451204055713
NKT cells,33,ITGB2,1.2685871,0.41012362,0.8584635,0.5436363636363662,0.23338403041824957
NKT cells,34,DUSP2,1.7014743,0.8589986,0.8424757,0.610909090909094,0.3723447401775715
NKT cells,35,IL32,1.6999433,0.86248463,0.83745867,0.6290909090909123,0.38942965779482713
NKT cells,36,CYBA,1.7522191,0.9234332,0.8287859,0.6600000000000034,0.4989353612169996
NKT cells,37,MYL12A,2.3948367,1.5696671,0.82516956,0.8527272727272773,0.7665906210398512
NKT cells,38,TRBC1,1.1122069,0.29488286,0.81732404,0.48363636363636586,0.13969581749049348
NKT cells,39,RAC2,1.4418093,0.6284511,0.8133582,0.6072727272727303,0.33155893536130404
NKT cells,40,CCL3,1.0695729,0.2615197,0.80805326,0.3581818181818196,0.10788339670468884
NKT cells,41,HLA-C,3.276721,2.4779181,0.79880285,0.9181818181818232,0.8779467680615187
NKT cells,42,SH3BGRL3,2.5419717,1.7506481,0.79132354,0.8509090909090955,0.7790367553871398
NKT cells,43,CD52,1.6049725,0.814365,0.79060745,0.600000000000003,0.34816223067184177
NKT cells,44,HLA-B,3.5318377,2.7466946,0.78514314,0.9454545454545507,0.8736121673010577
NKT cells,45,TRDC,0.8432731,0.061107725,0.7821654,0.35636363636363777,0.026717363751584136
NKT cells,46,CD53,1.1735766,0.40768856,0.76588804,0.5454545454545481,0.24299112801013797
NKT cells,47,FCER1G,1.067108,0.32053635,0.74657166,0.41818181818182,0.13328263624841494
NKT cells,48,ARHGDIB,1.9629664,1.2169318,0.7460346,0.7727272727272768,0.6173384030422235
NKT cells,49,ARPC2,2.0872674,1.3609961,0.7262713,0.7963636363636406,0.7118124207863061
NKT cells,50,MALAT1,6.105443,5.3925843,0.7128587,1.0000000000000056,0.9852471482897724
PVL Differentiated,1,IGFBP7,4.3736105,0.76364565,3.6099648,0.9823819591261344,0.27386537414790296
PVL Differentiated,2,TAGLN,3.9337776,0.32959664,3.6041808,0.9513742071881511,0.15427282859440197
PVL Differentiated,3,ACTA2,3.7165372,0.2963997,3.4201374,0.954897815362922,0.1653922915424867
PVL Differentiated,4,MYL9,3.5611868,0.34711394,3.214073,0.9520789288231053,0.19636608693400473
PVL Differentiated,5,SPARCL1,3.3929315,0.5177952,2.8751364,0.9626497533474178,0.2016018247324036
PVL Differentiated,6,ADIRF,3.0720506,0.45451042,2.6175401,0.9393939393939303,0.24470594334001405
PVL Differentiated,7,TPM2,2.8915918,0.27689832,2.6146934,0.9006342494714513,0.15909385448797717
PVL Differentiated,8,CALD1,3.0588531,0.49132398,2.5675292,0.9358703312191595,0.24506881625673477
PVL Differentiated,9,SOD3,2.2818153,0.13638903,2.1454263,0.8505990133897057,0.08820403825718066
PVL Differentiated,10,NDUFA4L2,2.1047873,0.09499548,2.0097919,0.7751937984496101,0.05266841191260223
PVL Differentiated,11,DSTN,2.9076798,0.95142955,1.9562502,0.9260042283298012,0.5110805837068133
PVL Differentiated,12,CAV1,2.2159324,0.3584324,1.8575,0.864693446088789,0.1921152899095621
PVL Differentiated,13,IFITM3,3.1514492,1.3133903,1.838059,0.9513742071881511,0.5590834866902048
PVL Differentiated,14,VIM,3.9441543,2.148635,1.7955194,0.9534883720930136,0.7083797724268868
PVL Differentiated,15,MFGE8,1.990902,0.23352028,1.7573817,0.8428470754052099,0.16013063425003635
PVL Differentiated,16,TPM1,2.2853076,0.55042446,1.7348832,0.8442565186751182,0.3384567533241208
PVL Differentiated,17,SPARC,2.215391,0.5464983,1.6688926,0.8534178999295223,0.223244602265389
PVL Differentiated,18,BGN,1.843311,0.25635388,1.5869571,0.7928118393234642,0.12127731266686854
PVL Differentiated,19,RGS5,1.6876436,0.11368912,1.5739546,0.5863284002818941,0.050646691376586825
PVL Differentiated,20,PLAC9,1.6752242,0.12878227,1.5464419,0.7723749119097935,0.08532697441746644
PVL Differentiated,21,S100A4,2.8003395,1.3030895,1.49725,0.8809020436927347,0.5357041030557452
PVL Differentiated,22,MT2A,2.7112072,1.2176701,1.4935371,0.8449612403100724,0.554651253207397
PVL Differentiated,23,MYH11,1.470867,0.028684095,1.4421829,0.628611698379144,0.020061688395842475
PVL Differentiated,24,IGFBP5,1.748629,0.31043887,1.4381901,0.6934460887949271,0.16396671936965532
PVL Differentiated,25,TINAGL1,1.56766,0.13747773,1.4301822,0.7512332628611685,0.11147974391540928
PVL Differentiated,26,ID3,2.0024517,0.5773375,1.4251142,0.7850599013389684,0.30559083486687993
PVL Differentiated,27,PPP1R14A,1.4895777,0.0727011,1.4168766,0.6976744186046521,0.050050543013402796
PVL Differentiated,28,LGALS1,2.596459,1.1910692,1.4053897,0.9189570119802596,0.5320235349004312
PVL Differentiated,29,MCAM,1.4780979,0.079915546,1.3981824,0.7300916138125436,0.06293253155698812
PVL Differentiated,30,PRKCDBP,1.5917833,0.2010429,1.3907404,0.753347427766031,0.14618594645034036
PVL Differentiated,31,TIMP3,1.7652843,0.38674107,1.3785433,0.7639182522903435,0.2012130323216314
PVL Differentiated,32,COL18A1,1.5095426,0.1715411,1.3380015,0.6934460887949271,0.11767450299371289
PVL Differentiated,33,PTP4A3,1.4399129,0.12275803,1.3171549,0.6990838618745604,0.10220056504497961
PVL Differentiated,34,TSC22D1,1.9007407,0.5866359,1.3141048,0.7956307258632809,0.3607475182083693
PVL Differentiated,35,CSRP2,1.4489951,0.14600535,1.3029897,0.7040169133192395,0.11705243513647738
PVL Differentiated,36,RERGL,1.2645552,0.0058187237,1.2587365,0.5412262156448276,0.0079054456857002
PVL Differentiated,37,GADD45B,2.3272352,1.0744152,1.25282,0.8040873854827308,0.5323604883231008
PVL Differentiated,38,MT1E,1.5407091,0.28831348,1.2523956,0.6645525017618064,0.18483191208109634
PVL Differentiated,39,PTRF,1.563911,0.31887802,1.2450329,0.7427766032417186,0.192866955237055
PVL Differentiated,40,GSN,1.8828905,0.6387262,1.2441642,0.8153629316419975,0.3595033824938996
PVL Differentiated,41,MYLK,1.3435675,0.116019115,1.2275484,0.6807610993657521,0.085249215935312
PVL Differentiated,42,CRYAB,1.4007014,0.17555751,1.2251439,0.6849894291754771,0.10782509525415067
PVL Differentiated,43,LHFP,1.4186883,0.1977469,1.2209414,0.7195207892882312,0.1277831056737899
PVL Differentiated,44,MGST3,1.997125,0.7771306,1.2199944,0.8407329105003474,0.5026567481400734
PVL Differentiated,45,MT1M,1.2819332,0.09073729,1.1911958,0.5539112050740026,0.05769679375858926
PVL Differentiated,46,FRZB,1.2721018,0.0884127,1.1836891,0.6596194503171272,0.06026282366968573
PVL Differentiated,47,SERPING1,1.5605302,0.4078078,1.1527224,0.7519379844961227,0.23392343381459857
PVL Differentiated,48,NOTCH3,1.2423191,0.09272064,1.1495985,0.671599718111348,0.08747829242373924
PVL Differentiated,49,A2M,1.4844888,0.33979,1.1446989,0.7223396758280478,0.18091806847932293
PVL Differentiated,50,HSPB1,2.577752,1.4375465,1.1402056,0.8872445384073222,0.61299603431734
PVL Immature,1,IGFBP7,4.598973,0.8140203,3.7849526,0.9805115712545748,0.28471885448832934
PVL Immature,2,RGS5,2.928843,0.11170333,2.8171396,0.8246041412911117,0.05382985783199927
PVL Immature,3,CALD1,3.0842745,0.5299813,2.5542932,0.9257003654080448,0.2558258250593083
PVL Immature,4,SPARC,2.9908202,0.5557198,2.4351003,0.9281364190012239,0.23129737869774533
PVL Immature,5,MYL9,2.685463,0.41452223,2.2709408,0.8891595615103581,0.20921922458457995
PVL Immature,6,IFITM3,3.536002,1.3333832,2.2026186,0.9805115712545748,0.5644605528470491
PVL Immature,7,TAGLN,2.6095796,0.41235676,2.1972227,0.799025578562731,0.1696316904464071
PVL Immature,8,ACTA2,2.4297316,0.37556794,2.0541637,0.799025578562731,0.180709053319371
PVL Immature,9,SPARCL1,2.6161733,0.57795835,2.038215,0.8964677222898955,0.21460476275553705
PVL Immature,10,NDUFA4L2,2.1210752,0.12533043,1.9957447,0.7722289890377608,0.06375864621352986
PVL Immature,11,LHFP,2.1467097,0.20112659,1.9455831,0.8721071863581044,0.13361749917048069
PVL Immature,12,TIMP1,2.641765,0.8392227,1.8025424,0.8721071863581044,0.43273182061809357
PVL Immature,13,BGN,2.0034764,0.27721983,1.7262566,0.799025578562731,0.1313969218203704
PVL Immature,14,SERPING1,2.1279578,0.41351023,1.7144476,0.8477466504263133,0.2398223538119618
PVL Immature,15,TPM2,2.0457451,0.33453277,1.7112124,0.8185140073081639,0.1721330304499796
PVL Immature,16,COL1A2,2.03163,0.3343317,1.6972983,0.8075517661388579,0.13272416345491908
PVL Immature,17,CST3,2.8571885,1.2417158,1.6154727,0.9171741778319179,0.48523443681552847
PVL Immature,18,MT2A,2.825943,1.238066,1.587877,0.8611449451887984,0.5587432042674548
PVL Immature,19,COL18A1,1.7442385,0.18704514,1.5571934,0.7210718635809995,0.12588376426147593
PVL Immature,20,THY1,1.7106291,0.16137806,1.5492511,0.6747868453105964,0.08685775543020678
PVL Immature,21,CPE,1.687472,0.15312079,1.5343512,0.7478684531059697,0.10314198933102432
PVL Immature,22,TIMP3,1.9131356,0.40468436,1.5084512,0.7344701583434846,0.21041884683119125
PVL Immature,23,LGALS1,2.6831977,1.2107074,1.4724903,0.8964677222898955,0.5384006738302377
PVL Immature,24,CAV1,1.8503935,0.3944439,1.4559497,0.8026796589524997,0.203680543148098
PVL Immature,25,COL6A2,1.7178862,0.27297035,1.4449159,0.7381242387332533,0.1341024528446427
PVL Immature,26,TPM1,2.0231872,0.5823974,1.4407897,0.8282582216808804,0.34651216212760494
PVL Immature,27,COL3A1,1.7068967,0.29011944,1.4167773,0.7040194884287457,0.11490849689885643
PVL Immature,28,VIM,3.5605392,2.1840875,1.3764517,0.9317904993909926,0.7125756144871632
PVL Immature,29,A2M,1.7267072,0.35218635,1.3745209,0.7844092570036564,0.18788126292145133
PVL Immature,30,SOD3,1.5401534,0.18467718,1.3554761,0.7015834348355666,0.1029633221879119
PVL Immature,31,COL4A2,1.5393634,0.18914762,1.3502158,0.697929354445798,0.11567421322648108
PVL Immature,32,ADIRF,1.8621976,0.5198174,1.3423803,0.7758830694275295,0.2587355471042804
PVL Immature,33,CD63,2.558996,1.2294997,1.3294963,0.9135200974421492,0.60346103780071
PVL Immature,34,CCL2,1.583841,0.25935918,1.3244817,0.5298416565164393,0.13055463385998375
PVL Immature,35,IGFBP4,1.9746614,0.66306955,1.3115919,0.8038976857490893,0.31253988105867647
PVL Immature,36,MFGE8,1.5805017,0.26894388,1.3115578,0.7722289890377608,0.1720309349396297
PVL Immature,37,MGP,2.5682771,1.2638495,1.3044276,0.8830694275274104,0.4472549069653665
PVL Immature,38,NOTCH3,1.3843701,0.10729059,1.2770795,0.7222898903775891,0.0953316827892529
PVL Immature,39,PCOLCE,1.4462055,0.1767966,1.269409,0.7052375152253353,0.10610275913117297
PVL Immature,40,COL1A1,1.6117468,0.34385455,1.2678922,0.6796589524969546,0.14420990836928257
PVL Immature,41,PDGFRB,1.3599286,0.10678942,1.2531391,0.6967113276492084,0.07281962275708821
PVL Immature,42,COL4A1,1.3966008,0.1569683,1.2396326,0.6248477466504246,0.09387682176676607
PVL Immature,43,C1S,1.4503917,0.22848114,1.2219105,0.6528623629719844,0.12351004364583999
PVL Immature,44,STEAP4,1.2302638,0.050895397,1.1793684,0.5870889159561484,0.05107327905255128
PVL Immature,45,GSN,1.8340968,0.65873736,1.1753595,0.8051157125456788,0.36667602542170974
PVL Immature,46,IGFBP5,1.459468,0.33845055,1.1210175,0.511571254567596,0.17585951657775087
PVL Immature,47,SERPINF1,1.378608,0.2597083,1.1188997,0.6662606577344695,0.1381862732586386
PVL Immature,48,ID3,1.7163149,0.60508466,1.1112303,0.6845310596833128,0.3150156971846615
PVL Immature,49,NR2F2,1.2652502,0.15896584,1.1062844,0.6613885505481113,0.13816074938105113
PVL Immature,50,GGT5,1.1998221,0.100952715,1.0988693,0.6272838002436038,0.08325888869037093
Plasmablasts,1,IGHG1,4.228541,0.14719358,4.0813475,0.8611898016997338,0.11384368197366387
Plasmablasts,2,IGKC,4.14284,0.4397846,3.7030554,0.8378186968838685,0.24598320721472458
Plasmablasts,3,MZB1,2.618845,0.05493436,2.5639107,0.9355524079320326,0.04402923188555974
Plasmablasts,4,JCHAIN,2.6433146,0.10695628,2.5363584,0.8009915014164443,0.07393490204208245
Plasmablasts,5,SSR4,3.510481,1.1431463,2.3673348,0.9808781869688624,0.6613195812170959
Plasmablasts,6,IGHG4,2.3187585,0.055922247,2.2628362,0.7528328611898126,0.05688296879858856
Plasmablasts,7,IGKV3-20,2.4002721,0.19104809,2.209224,0.6890934844192708,0.11270343111847583
Plasmablasts,8,IGKV3-15,2.320911,0.12708288,2.193828,0.6402266288951887,0.07834041670985442
Plasmablasts,9,IGKV3-11,2.3269095,0.15797472,2.1689348,0.6728045325779101,0.09534052036902158
Plasmablasts,10,IGKV1-5,2.2758627,0.16093528,2.1149273,0.6713881019830091,0.09373380325489297
Plasmablasts,11,IGKV1-9,2.1495006,0.11450429,2.0349963,0.6458923512747924,0.07307971390069141
Plasmablasts,12,DERL3,1.8816929,0.031178722,1.8505142,0.8392351274787694,0.02734010573235244
Plasmablasts,13,IGKV4-1,1.8956028,0.1485801,1.7470227,0.6876770538243698,0.091816108634804
Plasmablasts,14,XBP1,2.6711464,0.9266496,1.7444968,0.9426345609065373,0.4906447600289227
Plasmablasts,15,IGHG3,1.6688948,0.07347312,1.5954217,0.6196883852691252,0.07056597906084505
Plasmablasts,16,CD79A,1.5469532,0.102447055,1.4445062,0.774787535410777,0.048097854255207975
Plasmablasts,17,ITM2C,1.6702629,0.23355664,1.4367063,0.8045325779036966,0.1705970768114567
Plasmablasts,18,FKBP11,1.614388,0.19307168,1.4213163,0.8335694050991657,0.17207421996476926
Plasmablasts,19,SEC11C,1.7827342,0.36713752,1.4155966,0.8491501416430759,0.31201409764694643
Plasmablasts,20,IGLC2,1.5805377,0.16937104,1.4111667,0.49575070821529416,0.11298849383227284
Plasmablasts,21,HERPUD1,2.2801433,0.885539,1.3946042,0.8866855524079506,0.5382502332330799
Plasmablasts,22,IGLV1-40,1.3692905,0.100554205,1.2687362,0.5106232294617535,0.0678967554680185
Plasmablasts,23,IGLV3-1,1.3049854,0.05695021,1.2480352,0.6345609065155849,0.03998652430807487
Plasmablasts,24,IGHV3-30,1.1804767,0.043457653,1.137019,0.4390934844192614,0.028843163677827785
Plasmablasts,25,IGLL5,1.117013,0.012809102,1.1042038,0.5984419263456112,0.007593034103866527
Plasmablasts,26,IGHA1,1.160111,0.1060702,1.0540408,0.4617563739376745,0.08484502954285893
Plasmablasts,27,IGLV2-14,1.128564,0.08618828,1.0423757,0.43059490084985647,0.05732352026536576
Plasmablasts,28,IGHV3-23,1.0903876,0.048115768,1.0422719,0.426345609065154,0.0333782523064169
Plasmablasts,29,HSP90B1,2.0627716,1.0293157,1.0334558,0.8845609065155992,0.5852596662174987
Plasmablasts,30,PRDX4,1.4210514,0.40156788,1.0194836,0.7754957507082275,0.32587851145433905
Plasmablasts,31,IGKV3D-11,1.0342572,0.01750875,1.0167484,0.3873937677053815,0.013605265885767515
Plasmablasts,32,IGKV1-12,0.9946766,0.0100799445,0.98459667,0.4390934844192614,0.00811132994713386
Plasmablasts,33,IGHV3-21,1.0265539,0.05467042,0.9718835,0.43838526912181097,0.03653985695034738
Plasmablasts,34,IGLV3-25,1.0105283,0.07854959,0.9319787,0.4043909348441913,0.052632942883796774
Plasmablasts,35,IGKV1-8,0.91789526,0.018430388,0.89946485,0.3973087818696872,0.01342386234062395
Plasmablasts,36,IGHV6-1,0.906004,0.04678704,0.859217,0.3661473087818692,0.034803565875401954
Plasmablasts,37,FKBP2,1.3830907,0.5379865,0.8451042,0.7818696883852817,0.41546594796304237
Plasmablasts,38,SDF2L1,1.1607271,0.33434612,0.826381,0.7237960339943436,0.2837151446045675
Plasmablasts,39,IGLV1-44,0.8698127,0.047165513,0.8226472,0.34135977337110485,0.03324867834560008
Plasmablasts,40,IGLC3,0.8941658,0.09102391,0.8031419,0.33427762039660075,0.06551259458898896
Plasmablasts,41,IGLV1-51,0.8349909,0.063311525,0.7716794,0.3215297450424934,0.04174873017518366
Plasmablasts,42,IGLV2-23,0.80674464,0.045101643,0.761643,0.36402266288951796,0.032134342282575404
Plasmablasts,43,PIM2,0.92912585,0.1975007,0.73162514,0.5892351274787552,0.13242458795480025
Plasmablasts,44,JSRP1,0.71505743,0.004818316,0.7102391,0.4461756373937655,0.004975640095366443
Plasmablasts,45,IGLV1-47,0.7408808,0.033723045,0.70715773,0.29674220963172904,0.024489478594381955
Plasmablasts,46,SPCS3,1.0143063,0.31592408,0.69838226,0.6805949008498652,0.28114958018039576
Plasmablasts,47,UBE2J1,1.0272633,0.3329865,0.6942768,0.6600566572238017,0.2872136415466198
Plasmablasts,48,IGHV4-39,0.74625844,0.058797102,0.6874613,0.3505665722379602,0.040712138488649074
Plasmablasts,49,IGHG2,0.69938624,0.012803484,0.68658274,0.3286118980169975,0.013268373587643753
Plasmablasts,50,IGHV1-46,0.7269361,0.042587753,0.68434834,0.32648725212464624,0.030916347050897228
T cells CD4+,1,IL7R,2.0824206,0.2664244,1.8159962,0.7349109279446496,0.12054313689266168
T cells CD4+,2,SRGN,2.9319384,1.2323865,1.6995519,0.9219622440839526,0.48066383398003704
T cells CD4+,3,CXCR4,2.3571072,0.736105,1.6210022,0.800983780909279,0.32745242933684365
T cells CD4+,4,BTG1,3.320592,1.8522005,1.4683914,0.9465567668172653,0.8012500769748575
T cells CD4+,5,CD3E,1.7467358,0.36312437,1.3836114,0.7496676415846373,0.15915388878626185
T cells CD4+,6,LTB,1.5500879,0.2285915,1.3214965,0.6139324647699761,0.11884968286224129
T cells CD4+,7,CD52,1.871015,0.58303165,1.2879833,0.7645572985907509,0.2559886692530712
T cells CD4+,8,TNFAIP3,1.9086457,0.6469103,1.2617354,0.7346450412123976,0.3508220949566555
T cells CD4+,9,IL32,1.8837215,0.64014375,1.2435777,0.7043339537356662,0.3205554529220375
T cells CD4+,10,CD3D,1.5320252,0.2961341,1.2358911,0.7007444828502638,0.13744688712359077
T cells CD4+,11,TSC22D3,2.4755886,1.2502258,1.2253628,0.8391385269874453,0.6460681076419993
T cells CD4+,12,CD2,1.4969788,0.2853468,1.211632,0.6559425684657968,0.13726214668390846
T cells CD4+,13,PTPRC,1.7662638,0.5598528,1.2064111,0.7621643180004827,0.284561857257268
T cells CD4+,14,RGCC,1.7566283,0.6503188,1.1063094,0.631082159000232,0.3084549541228464
T cells CD4+,15,CD69,1.5874667,0.5396543,1.0478125,0.6317468758308621,0.2197487530020586
T cells CD4+,16,B2M,5.181802,4.134128,1.0476737,0.997607019409655,0.988084241639894
T cells CD4+,17,S100A4,2.2010114,1.1605422,1.0404692,0.7817069928210069,0.4938111952707612
T cells CD4+,18,RGS1,1.5938953,0.55404055,1.0398548,0.6002392980589966,0.2537409939036031
T cells CD4+,19,SARAF,2.34248,1.3121872,1.0302927,0.8468492422227542,0.7375146252845765
T cells CD4+,20,CREM,1.5387299,0.5236732,1.0150567,0.6144642382344802,0.33776710388577247
T cells CD4+,21,ARHGDIB,2.0466764,1.0373964,1.00928,0.8134804573251244,0.574542767411795
T cells CD4+,22,CYTIP,1.3708481,0.37147442,0.9993737,0.6280244615793337,0.21121990270339208
T cells CD4+,23,ZFP36L2,2.5694158,1.596417,0.97299886,0.8332890188779006,0.7205800849803955
T cells CD4+,24,TMSB4X,4.60329,3.640611,0.96267915,0.9916245679339843,0.9606810764204011
T cells CD4+,25,RPS27,4.179507,3.2170427,0.9624641,0.9914916245678583,0.970687850236508
T cells CD4+,26,BIRC3,1.2265865,0.36429065,0.8622958,0.5434724807231882,0.238038056530607
T cells CD4+,27,TRAC,1.0561135,0.19955046,0.85656303,0.47287955331027426,0.10973582117125158
T cells CD4+,28,TRBC2,1.0887142,0.24476053,0.8439537,0.5086413187981723,0.12531559825111926
T cells CD4+,29,HLA-B,3.441764,2.5990303,0.84273386,0.9509438978994238,0.8569185294656924
T cells CD4+,30,DUSP2,1.5532645,0.7124732,0.8407913,0.603828768944399,0.3227723381982252
T cells CD4+,31,IL2RG,1.1765782,0.35248792,0.82409024,0.5643445892049725,0.20466161709467018
T cells CD4+,32,FYB,1.2039739,0.3841327,0.81984115,0.576841265620818,0.21186649424228016
T cells CD4+,33,FXYD5,1.7897382,0.9714005,0.8183377,0.7580430736505762,0.5783915265718361
T cells CD4+,34,STK4,1.2390007,0.43716583,0.8018348,0.595054506780082,0.3275140094834044
T cells CD4+,35,RAC2,1.2779188,0.4918079,0.7861109,0.5904014889656715,0.2762793275448446
T cells CD4+,36,LAPTM5,1.4758034,0.69122463,0.78457874,0.6773464504120852,0.31667590368870907
T cells CD4+,37,RHOH,1.0676785,0.29712847,0.77055,0.5200744482850096,0.17504156659894027
T cells CD4+,38,CORO1A,1.2779926,0.5123446,0.765648,0.5826907737303626,0.26541043167686884
T cells CD4+,39,YPEL5,1.4021207,0.6648753,0.7372454,0.6054240893379111,0.4606810764210675
T cells CD4+,40,CD7,1.0865211,0.3537567,0.7327645,0.48457856952936357,0.1513024200997638
T cells CD4+,41,HSPA8,2.6169808,1.8918384,0.72514236,0.8892581760169529,0.8220949565856402
T cells CD4+,42,CD37,1.2316593,0.5071803,0.724479,0.6022334485508868,0.2694747213498796
T cells CD4+,43,RPS15A,3.7850282,3.0617535,0.7232747,0.9859080031905657,0.9606194962738405
T cells CD4+,44,SPOCK2,0.84319997,0.12590563,0.71729434,0.4412390321722827,0.08153211404643207
T cells CD4+,45,RPS29,2.4826398,1.7661787,0.71646106,0.854825844190315,0.804852515548656
T cells CD4+,46,RPL34,3.748923,3.0447166,0.70420647,0.9905610210049762,0.9711804914089933
T cells CD4+,47,LEPROTL1,1.1043019,0.4029802,0.7013217,0.5486572720021028,0.33087012747096634
T cells CD4+,48,SAMSN1,0.95452154,0.25439742,0.70012414,0.4606487636266809,0.15650594248414879
T cells CD4+,49,RPS25,3.4576907,2.765321,0.6923697,0.9760701940972406,0.9469794938106547
T cells CD4+,50,RPL39,3.7904408,3.1004527,0.68998814,0.9875033235840779,0.9654843278521325
T cells CD8+,1,CCL5,3.3735092,0.41832733,2.9551818,0.9281132492810722,0.17528678936835074
T cells CD8+,2,CCL4,2.6260514,0.37613678,2.2499146,0.7053749170537095,0.1438033766453433
T cells CD8+,3,NKG7,2.0789442,0.2032396,1.8757046,0.7358991373589489,0.08111840807238654
T cells CD8+,4,CD69,2.1830647,0.5523899,1.6306748,0.7728378677283327,0.23661884495050312
T cells CD8+,5,CXCR4,2.455098,0.86072934,1.5943686,0.8157487281574374,0.365624735759216
T cells CD8+,6,CD8A,1.5913129,0.071629964,1.5196829,0.6244193762441616,0.036556836438457016
T cells CD8+,7,CD3E,1.9402423,0.45549968,1.4847426,0.7838973678389267,0.20474083260518403
T cells CD8+,8,SRGN,2.8462381,1.3870639,1.4591743,0.9292191992921316,0.5170664336651117
T cells CD8+,9,DUSP2,2.127299,0.7104451,1.4168539,0.731917717319135,0.33022351250036525
T cells CD8+,10,CD52,2.069677,0.6666612,1.4030159,0.7914178279141306,0.29558330279883055
T cells CD8+,11,CST7,1.6182977,0.22287577,1.395422,0.6682149966821137,0.11344739141464914
T cells CD8+,12,IL32,2.099861,0.71779054,1.3820703,0.7717319177172733,0.34442909890359835
T cells CD8+,13,CD3D,1.6847968,0.3812039,1.3035929,0.7285998672859568,0.18154401195072106
T cells CD8+,14,CD7,1.6303561,0.3464384,1.2839177,0.6494138464941039,0.15848811973279797
T cells CD8+,15,GZMA,1.4596416,0.18583,1.2738116,0.5633709356336828,0.08303503480932975
T cells CD8+,16,PTPRC,1.8977971,0.64513695,1.2526602,0.7947356779473088,0.3208094929394925
T cells CD8+,17,BTG1,3.2337022,1.9874822,1.24622,0.9420482194204206,0.8141153922041469
T cells CD8+,18,RGCC,1.9477897,0.71953595,1.2282537,0.6644547666445118,0.33149186842922534
T cells CD8+,19,ZFP36L2,2.8239582,1.646275,1.1776831,0.862419818624144,0.726401533301644
T cells CD8+,20,HCST,1.6083297,0.4315789,1.1767508,0.6965273169652343,0.23881732856052512
T cells CD8+,21,HLA-B,3.7781973,2.6274285,1.1507688,0.9681486396814224,0.8626793314358346
T cells CD8+,22,CD8B,1.1561885,0.053502187,1.1026863,0.5204600752045782,0.030186871106851785
T cells CD8+,23,TNFAIP3,1.8508364,0.7609987,1.0898377,0.7177615571775747,0.38543927393674154
T cells CD8+,24,TMSB4X,4.7865567,3.6986938,1.087863,0.9969033399689667,0.9626257786300104
T cells CD8+,25,CD2,1.4595749,0.3925978,1.0669771,0.6447688564476545,0.18255869669380814
T cells CD8+,26,B2M,5.263509,4.2123456,1.0511632,0.999999999999933,0.9885847966406804
T cells CD8+,27,CTSW,1.1698306,0.13772133,1.0321093,0.5352798053527741,0.06801206347417198
T cells CD8+,28,TSC22D3,2.38033,1.3660194,1.0143107,0.8111037381109879,0.6659714197132873
T cells CD8+,29,RAC2,1.5195662,0.52750784,0.99205834,0.6573766865737316,0.29431494686997045
T cells CD8+,30,RGS1,1.6211451,0.63852626,0.98261887,0.6164565361645339,0.2809831167732854
T cells CD8+,31,CORO1A,1.5233936,0.5458352,0.97755843,0.6514045565140109,0.2834916429436976
T cells CD8+,32,SH3BGRL3,2.6225955,1.651803,0.97079253,0.8741428887413736,0.7680317934555633
T cells CD8+,33,ANXA1,1.8737007,0.9325525,0.9411482,0.6735235567351988,0.44336086135468605
T cells CD8+,34,IFITM1,2.079242,1.1621698,0.9170722,0.713558947135549,0.5038473463176587
T cells CD8+,35,ALOX5AP,1.2446185,0.34124312,0.9033754,0.5478876354788512,0.18596916485807305
T cells CD8+,36,CCL4L2,1.0696694,0.16679364,0.9028757,0.3623092236230842,0.07751064009696404
T cells CD8+,37,CLEC2B,1.3344136,0.43295053,0.90146315,0.5896925458968965,0.28039121733981737
T cells CD8+,38,GZMK,1.0134939,0.117771104,0.8957228,0.38464941384648405,0.05575128949519706
T cells CD8+,39,CYTIP,1.3517456,0.45844167,0.89330393,0.6171201061711695,0.24786493418638492
T cells CD8+,40,S100A4,2.1400578,1.256318,0.8837398,0.7903118779030712,0.5170664336651117
T cells CD8+,41,ARHGDIB,2.0074453,1.1277686,0.8796767,0.8042468480424196,0.5959299867529019
T cells CD8+,42,EVL,1.327549,0.47859707,0.84895194,0.6111479761114488,0.327404943769565
T cells CD8+,43,HLA-C,3.2382574,2.3934097,0.8448477,0.9318734793186741,0.8716987513743953
T cells CD8+,44,ZNF683,0.89037526,0.046006665,0.8443686,0.3875248838752385,0.024098762648327058
T cells CD8+,45,IFNG,0.94100857,0.099606276,0.8414023,0.34793187347931204,0.0450407283181615
T cells CD8+,46,GZMB,0.95940983,0.12875694,0.8306529,0.37137801371377127,0.05287634938978225
T cells CD8+,47,HLA-A,3.1352868,2.3169258,0.81836104,0.9345277593452167,0.842075594013685
T cells CD8+,48,TUBA4A,1.1624931,0.34477597,0.81771713,0.5282017252819939,0.2436934524648047
T cells CD8+,49,IL2RG,1.2315899,0.41518375,0.81640613,0.5746516257464886,0.2337720905323977
T cells CD8+,50,TRBC2,1.1227204,0.311813,0.81090736,0.5169210351691881,0.1566842357450876
