seed,grid_id,donors_per_group,cells_per_donor,donor_sd,nonnull_fraction,method,discoveries,true_positive,false_positive,fdp,sensitivity,any_false_positive,pvalue_nonfinite,two_methods_seconds
260908,0,4,20,0.0,0.0,cell_welch,0,0,0,0.0,,0,0,0.004247899982146919
260908,0,4,20,0.0,0.0,donor_mean_welch,0,0,0,0.0,,0,0,0.004247899982146919
260909,0,4,20,0.0,0.0,cell_welch,0,0,0,0.0,,0,0,0.0014255999703891575
260909,0,4,20,0.0,0.0,donor_mean_welch,0,0,0,0.0,,0,0,0.0014255999703891575
260910,0,4,20,0.0,0.0,cell_welch,0,0,0,0.0,,0,0,0.0013926999527029693
260910,0,4,20,0.0,0.0,donor_mean_welch,0,0,0,0.0,,0,0,0.0013926999527029693
260911,0,4,20,0.0,0.0,cell_welch,0,0,0,0.0,,0,0,0.0016336999833583832
260911,0,4,20,0.0,0.0,donor_mean_welch,0,0,0,0.0,,0,0,0.0016336999833583832
260912,0,4,20,0.0,0.0,cell_welch,0,0,0,0.0,,0,0,0.0015075000119395554
260912,0,4,20,0.0,0.0,donor_mean_welch,0,0,0,0.0,,0,0,0.0015075000119395554
260913,0,4,20,0.0,0.0,cell_welch,0,0,0,0.0,,0,0,0.0024251999566331506
260913,0,4,20,0.0,0.0,donor_mean_welch,0,0,0,0.0,,0,0,0.0024251999566331506
260914,0,4,20,0.0,0.0,cell_welch,0,0,0,0.0,,0,0,0.002320599975064397
260914,0,4,20,0.0,0.0,donor_mean_welch,0,0,0,0.0,,0,0,0.002320599975064397
260915,0,4,20,0.0,0.0,cell_welch,0,0,0,0.0,,0,0,0.0018177999882027507
260915,0,4,20,0.0,0.0,donor_mean_welch,0,0,0,0.0,,0,0,0.0018177999882027507
260916,0,4,20,0.0,0.0,cell_welch,1,0,1,1.0,,1,0,0.0014008000143803656
260916,0,4,20,0.0,0.0,donor_mean_welch,0,0,0,0.0,,0,0,0.0014008000143803656
260917,0,4,20,0.0,0.0,cell_welch,0,0,0,0.0,,0,0,0.002355300006456673
260917,0,4,20,0.0,0.0,donor_mean_welch,0,0,0,0.0,,0,0,0.002355300006456673
260918,0,4,20,0.0,0.0,cell_welch,0,0,0,0.0,,0,0,0.0014400000218302011
260918,0,4,20,0.0,0.0,donor_mean_welch,0,0,0,0.0,,0,0,0.0014400000218302011
260919,0,4,20,0.0,0.0,cell_welch,0,0,0,0.0,,0,0,0.0028775999671779573
260919,0,4,20,0.0,0.0,donor_mean_welch,0,0,0,0.0,,0,0,0.0028775999671779573
260920,0,4,20,0.0,0.0,cell_welch,0,0,0,0.0,,0,0,0.001318399969022721
260920,0,4,20,0.0,0.0,donor_mean_welch,0,0,0,0.0,,0,0,0.001318399969022721
260921,0,4,20,0.0,0.0,cell_welch,1,0,1,1.0,,1,0,0.0025283999857492745
260921,0,4,20,0.0,0.0,donor_mean_welch,0,0,0,0.0,,0,0,0.0025283999857492745
260922,0,4,20,0.0,0.0,cell_welch,0,0,0,0.0,,0,0,0.001608800026588142
260922,0,4,20,0.0,0.0,donor_mean_welch,0,0,0,0.0,,0,0,0.001608800026588142
260923,0,4,20,0.0,0.0,cell_welch,0,0,0,0.0,,0,0,0.0028774000238627195
260923,0,4,20,0.0,0.0,donor_mean_welch,0,0,0,0.0,,0,0,0.0028774000238627195
260924,0,4,20,0.0,0.0,cell_welch,0,0,0,0.0,,0,0,0.0013081000070087612
260924,0,4,20,0.0,0.0,donor_mean_welch,0,0,0,0.0,,0,0,0.0013081000070087612
260925,0,4,20,0.0,0.0,cell_welch,0,0,0,0.0,,0,0,0.0027900999994017184
260925,0,4,20,0.0,0.0,donor_mean_welch,0,0,0,0.0,,0,0,0.0027900999994017184
260926,0,4,20,0.0,0.0,cell_welch,0,0,0,0.0,,0,0,0.0013383000041358173
260926,0,4,20,0.0,0.0,donor_mean_welch,0,0,0,0.0,,0,0,0.0013383000041358173
260927,0,4,20,0.0,0.0,cell_welch,0,0,0,0.0,,0,0,0.0029885999974794686
260927,0,4,20,0.0,0.0,donor_mean_welch,0,0,0,0.0,,0,0,0.0029885999974794686
260928,0,4,20,0.0,0.0,cell_welch,0,0,0,0.0,,0,0,0.0018075000261887908
260928,0,4,20,0.0,0.0,donor_mean_welch,0,0,0,0.0,,0,0,0.0018075000261887908
260929,0,4,20,0.0,0.0,cell_welch,0,0,0,0.0,,0,0,0.0020191000076010823
260929,0,4,20,0.0,0.0,donor_mean_welch,0,0,0,0.0,,0,0,0.0020191000076010823
260930,0,4,20,0.0,0.0,cell_welch,0,0,0,0.0,,0,0,0.00154079997446388
260930,0,4,20,0.0,0.0,donor_mean_welch,0,0,0,0.0,,0,0,0.00154079997446388
260931,0,4,20,0.0,0.0,cell_welch,0,0,0,0.0,,0,0,0.002376599994022399
260931,0,4,20,0.0,0.0,donor_mean_welch,0,0,0,0.0,,0,0,0.002376599994022399
260932,0,4,20,0.0,0.0,cell_welch,0,0,0,0.0,,0,0,0.001640800037421286
260932,0,4,20,0.0,0.0,donor_mean_welch,0,0,0,0.0,,0,0,0.001640800037421286
260933,0,4,20,0.0,0.0,cell_welch,1,0,1,1.0,,1,0,0.0031934999860823154
260933,0,4,20,0.0,0.0,donor_mean_welch,0,0,0,0.0,,0,0,0.0031934999860823154
260934,0,4,20,0.0,0.0,cell_welch,0,0,0,0.0,,0,0,0.002101499994751066
260934,0,4,20,0.0,0.0,donor_mean_welch,0,0,0,0.0,,0,0,0.002101499994751066
260935,0,4,20,0.0,0.0,cell_welch,0,0,0,0.0,,0,0,0.0015833000070415437
260935,0,4,20,0.0,0.0,donor_mean_welch,0,0,0,0.0,,0,0,0.0015833000070415437
260936,0,4,20,0.0,0.0,cell_welch,0,0,0,0.0,,0,0,0.001394999970216304
260936,0,4,20,0.0,0.0,donor_mean_welch,0,0,0,0.0,,0,0,0.001394999970216304
260937,0,4,20,0.0,0.0,cell_welch,0,0,0,0.0,,0,0,0.001197999983560294
260937,0,4,20,0.0,0.0,donor_mean_welch,0,0,0,0.0,,0,0,0.001197999983560294
260938,0,4,20,0.0,0.0,cell_welch,0,0,0,0.0,,0,0,0.0015172000275924802
260938,0,4,20,0.0,0.0,donor_mean_welch,0,0,0,0.0,,0,0,0.0015172000275924802
260939,0,4,20,0.0,0.0,cell_welch,0,0,0,0.0,,0,0,0.0013112000306136906
260939,0,4,20,0.0,0.0,donor_mean_welch,0,0,0,0.0,,0,0,0.0013112000306136906
260940,0,4,20,0.0,0.0,cell_welch,0,0,0,0.0,,0,0,0.001770299975760281
260940,0,4,20,0.0,0.0,donor_mean_welch,0,0,0,0.0,,0,0,0.001770299975760281
260941,0,4,20,0.0,0.0,cell_welch,0,0,0,0.0,,0,0,0.0013758999994024634
260941,0,4,20,0.0,0.0,donor_mean_welch,0,0,0,0.0,,0,0,0.0013758999994024634
260942,0,4,20,0.0,0.0,cell_welch,0,0,0,0.0,,0,0,0.0023447999847121537
260942,0,4,20,0.0,0.0,donor_mean_welch,0,0,0,0.0,,0,0,0.0023447999847121537
260943,0,4,20,0.0,0.0,cell_welch,0,0,0,0.0,,0,0,0.0013589999871328473
260943,0,4,20,0.0,0.0,donor_mean_welch,0,0,0,0.0,,0,0,0.0013589999871328473
260944,0,4,20,0.0,0.0,cell_welch,0,0,0,0.0,,0,0,0.0016874999855645
260944,0,4,20,0.0,0.0,donor_mean_welch,0,0,0,0.0,,0,0,0.0016874999855645
260945,0,4,20,0.0,0.0,cell_welch,0,0,0,0.0,,0,0,0.0012818999821320176
260945,0,4,20,0.0,0.0,donor_mean_welch,0,0,0,0.0,,0,0,0.0012818999821320176
260946,0,4,20,0.0,0.0,cell_welch,1,0,1,1.0,,1,0,0.001303299970459193
260946,0,4,20,0.0,0.0,donor_mean_welch,0,0,0,0.0,,0,0,0.001303299970459193
260947,0,4,20,0.0,0.0,cell_welch,0,0,0,0.0,,0,0,0.0015299000078812242
260947,0,4,20,0.0,0.0,donor_mean_welch,0,0,0,0.0,,0,0,0.0015299000078812242
260948,0,4,20,0.0,0.0,cell_welch,0,0,0,0.0,,0,0,0.0013136000488884747
260948,0,4,20,0.0,0.0,donor_mean_welch,0,0,0,0.0,,0,0,0.0013136000488884747
260949,0,4,20,0.0,0.0,cell_welch,0,0,0,0.0,,0,0,0.0014782999642193317
260949,0,4,20,0.0,0.0,donor_mean_welch,0,0,0,0.0,,0,0,0.0014782999642193317
260950,0,4,20,0.0,0.0,cell_welch,0,0,0,0.0,,0,0,0.0012360000400803983
260950,0,4,20,0.0,0.0,donor_mean_welch,0,0,0,0.0,,0,0,0.0012360000400803983
260951,0,4,20,0.0,0.0,cell_welch,0,0,0,0.0,,0,0,0.0026493000332266092
260951,0,4,20,0.0,0.0,donor_mean_welch,0,0,0,0.0,,0,0,0.0026493000332266092
260952,0,4,20,0.0,0.0,cell_welch,0,0,0,0.0,,0,0,0.0013145999982953072
260952,0,4,20,0.0,0.0,donor_mean_welch,0,0,0,0.0,,0,0,0.0013145999982953072
260953,0,4,20,0.0,0.0,cell_welch,0,0,0,0.0,,0,0,0.0031439000158570707
260953,0,4,20,0.0,0.0,donor_mean_welch,0,0,0,0.0,,0,0,0.0031439000158570707
260954,0,4,20,0.0,0.0,cell_welch,0,0,0,0.0,,0,0,0.0012813000357709825
260954,0,4,20,0.0,0.0,donor_mean_welch,0,0,0,0.0,,0,0,0.0012813000357709825
260955,0,4,20,0.0,0.0,cell_welch,0,0,0,0.0,,0,0,0.0023892000317573547
260955,0,4,20,0.0,0.0,donor_mean_welch,0,0,0,0.0,,0,0,0.0023892000317573547
260956,0,4,20,0.0,0.0,cell_welch,0,0,0,0.0,,0,0,0.0014327999670058489
260956,0,4,20,0.0,0.0,donor_mean_welch,0,0,0,0.0,,0,0,0.0014327999670058489
260957,0,4,20,0.0,0.0,cell_welch,1,0,1,1.0,,1,0,0.002719599986448884
260957,0,4,20,0.0,0.0,donor_mean_welch,0,0,0,0.0,,0,0,0.002719599986448884
261908,1,4,20,0.0,0.2,cell_welch,41,39,2,0.04878048780487805,0.975,1,0,0.0014516999945044518
261908,1,4,20,0.0,0.2,donor_mean_welch,35,35,0,0.0,0.875,0,0,0.0014516999945044518
261909,1,4,20,0.0,0.2,cell_welch,40,40,0,0.0,1.0,0,0,0.0014041000395081937
261909,1,4,20,0.0,0.2,donor_mean_welch,29,28,1,0.034482758620689655,0.7,1,0,0.0014041000395081937
261910,1,4,20,0.0,0.2,cell_welch,40,40,0,0.0,1.0,0,0,0.0013167000142857432
261910,1,4,20,0.0,0.2,donor_mean_welch,35,35,0,0.0,0.875,0,0,0.0013167000142857432
261911,1,4,20,0.0,0.2,cell_welch,41,39,2,0.04878048780487805,0.975,1,0,0.0014883999829180539
261911,1,4,20,0.0,0.2,donor_mean_welch,28,28,0,0.0,0.7,0,0,0.0014883999829180539
261912,1,4,20,0.0,0.2,cell_welch,40,39,1,0.025,0.975,1,0,0.0013888999819755554
261912,1,4,20,0.0,0.2,donor_mean_welch,34,33,1,0.029411764705882353,0.825,1,0,0.0013888999819755554
261913,1,4,20,0.0,0.2,cell_welch,38,38,0,0.0,0.95,0,0,0.0013337000273168087
261913,1,4,20,0.0,0.2,donor_mean_welch,34,32,2,0.058823529411764705,0.8,1,0,0.0013337000273168087
261914,1,4,20,0.0,0.2,cell_welch,41,40,1,0.024390243902439025,1.0,1,0,0.002002199995331466
261914,1,4,20,0.0,0.2,donor_mean_welch,30,30,0,0.0,0.75,0,0,0.002002199995331466
261915,1,4,20,0.0,0.2,cell_welch,41,40,1,0.024390243902439025,1.0,1,0,0.001406199997290969
261915,1,4,20,0.0,0.2,donor_mean_welch,35,33,2,0.05714285714285714,0.825,1,0,0.001406199997290969
261916,1,4,20,0.0,0.2,cell_welch,40,39,1,0.025,0.975,1,0,0.0016055000014603138
261916,1,4,20,0.0,0.2,donor_mean_welch,32,31,1,0.03125,0.775,1,0,0.0016055000014603138
261917,1,4,20,0.0,0.2,cell_welch,43,40,3,0.06976744186046512,1.0,1,0,0.0016001000185497105
261917,1,4,20,0.0,0.2,donor_mean_welch,30,30,0,0.0,0.75,0,0,0.0016001000185497105
261918,1,4,20,0.0,0.2,cell_welch,40,39,1,0.025,0.975,1,0,0.0015959999873302877
261918,1,4,20,0.0,0.2,donor_mean_welch,36,34,2,0.05555555555555555,0.85,1,0,0.0015959999873302877
261919,1,4,20,0.0,0.2,cell_welch,42,40,2,0.047619047619047616,1.0,1,0,0.0014154999516904354
261919,1,4,20,0.0,0.2,donor_mean_welch,28,27,1,0.03571428571428571,0.675,1,0,0.0014154999516904354
261920,1,4,20,0.0,0.2,cell_welch,42,40,2,0.047619047619047616,1.0,1,0,0.0027824999997392297
261920,1,4,20,0.0,0.2,donor_mean_welch,40,36,4,0.1,0.9,1,0,0.0027824999997392297
261921,1,4,20,0.0,0.2,cell_welch,41,39,2,0.04878048780487805,0.975,1,0,0.0014334999723359942
261921,1,4,20,0.0,0.2,donor_mean_welch,25,23,2,0.08,0.575,1,0,0.0014334999723359942
261922,1,4,20,0.0,0.2,cell_welch,41,40,1,0.024390243902439025,1.0,1,0,0.0015848000184632838
261922,1,4,20,0.0,0.2,donor_mean_welch,34,33,1,0.029411764705882353,0.825,1,0,0.0015848000184632838
261923,1,4,20,0.0,0.2,cell_welch,41,40,1,0.024390243902439025,1.0,1,0,0.0014797999756410718
261923,1,4,20,0.0,0.2,donor_mean_welch,28,28,0,0.0,0.7,0,0,0.0014797999756410718
261924,1,4,20,0.0,0.2,cell_welch,39,38,1,0.02564102564102564,0.95,1,0,0.001366599986795336
261924,1,4,20,0.0,0.2,donor_mean_welch,29,29,0,0.0,0.725,0,0,0.001366599986795336
261925,1,4,20,0.0,0.2,cell_welch,41,40,1,0.024390243902439025,1.0,1,0,0.0014324000221677125
261925,1,4,20,0.0,0.2,donor_mean_welch,39,38,1,0.02564102564102564,0.95,1,0,0.0014324000221677125
261926,1,4,20,0.0,0.2,cell_welch,41,40,1,0.024390243902439025,1.0,1,0,0.001256599964108318
261926,1,4,20,0.0,0.2,donor_mean_welch,32,31,1,0.03125,0.775,1,0,0.001256599964108318
261927,1,4,20,0.0,0.2,cell_welch,41,40,1,0.024390243902439025,1.0,1,0,0.0014726999797858298
261927,1,4,20,0.0,0.2,donor_mean_welch,30,30,0,0.0,0.75,0,0,0.0014726999797858298
261928,1,4,20,0.0,0.2,cell_welch,44,40,4,0.09090909090909091,1.0,1,0,0.0012653999729081988
261928,1,4,20,0.0,0.2,donor_mean_welch,25,25,0,0.0,0.625,0,0,0.0012653999729081988
261929,1,4,20,0.0,0.2,cell_welch,42,40,2,0.047619047619047616,1.0,1,0,0.0020665000192821026
261929,1,4,20,0.0,0.2,donor_mean_welch,34,34,0,0.0,0.85,0,0,0.0020665000192821026
261930,1,4,20,0.0,0.2,cell_welch,40,40,0,0.0,1.0,0,0,0.0012387000024318695
261930,1,4,20,0.0,0.2,donor_mean_welch,32,32,0,0.0,0.8,0,0,0.0012387000024318695
261931,1,4,20,0.0,0.2,cell_welch,40,40,0,0.0,1.0,0,0,0.00294700002996251
261931,1,4,20,0.0,0.2,donor_mean_welch,40,38,2,0.05,0.95,1,0,0.00294700002996251
261932,1,4,20,0.0,0.2,cell_welch,42,40,2,0.047619047619047616,1.0,1,0,0.0013020000187680125
261932,1,4,20,0.0,0.2,donor_mean_welch,36,34,2,0.05555555555555555,0.85,1,0,0.0013020000187680125
261933,1,4,20,0.0,0.2,cell_welch,39,37,2,0.05128205128205128,0.925,1,0,0.0025201000389643013
261933,1,4,20,0.0,0.2,donor_mean_welch,22,22,0,0.0,0.55,0,0,0.0025201000389643013
261934,1,4,20,0.0,0.2,cell_welch,42,40,2,0.047619047619047616,1.0,1,0,0.0012939000152982771
261934,1,4,20,0.0,0.2,donor_mean_welch,26,25,1,0.038461538461538464,0.625,1,0,0.0012939000152982771
261935,1,4,20,0.0,0.2,cell_welch,43,40,3,0.06976744186046512,1.0,1,0,0.004642300016712397
261935,1,4,20,0.0,0.2,donor_mean_welch,32,32,0,0.0,0.8,0,0,0.004642300016712397
261936,1,4,20,0.0,0.2,cell_welch,40,39,1,0.025,0.975,1,0,0.0013019999605603516
261936,1,4,20,0.0,0.2,donor_mean_welch,33,32,1,0.030303030303030304,0.8,1,0,0.0013019999605603516
261937,1,4,20,0.0,0.2,cell_welch,41,38,3,0.07317073170731707,0.95,1,0,0.0015873999800533056
261937,1,4,20,0.0,0.2,donor_mean_welch,30,29,1,0.03333333333333333,0.725,1,0,0.0015873999800533056
261938,1,4,20,0.0,0.2,cell_welch,42,40,2,0.047619047619047616,1.0,1,0,0.0012546000070869923
261938,1,4,20,0.0,0.2,donor_mean_welch,36,35,1,0.027777777777777776,0.875,1,0,0.0012546000070869923
261939,1,4,20,0.0,0.2,cell_welch,41,40,1,0.024390243902439025,1.0,1,0,0.003254299983382225
261939,1,4,20,0.0,0.2,donor_mean_welch,39,37,2,0.05128205128205128,0.925,1,0,0.003254299983382225
261940,1,4,20,0.0,0.2,cell_welch,40,40,0,0.0,1.0,0,0,0.001319300034083426
261940,1,4,20,0.0,0.2,donor_mean_welch,30,30,0,0.0,0.75,0,0,0.001319300034083426
261941,1,4,20,0.0,0.2,cell_welch,43,40,3,0.06976744186046512,1.0,1,0,0.0014282999909482896
261941,1,4,20,0.0,0.2,donor_mean_welch,37,36,1,0.02702702702702703,0.9,1,0,0.0014282999909482896
261942,1,4,20,0.0,0.2,cell_welch,45,40,5,0.1111111111111111,1.0,1,0,0.0013466000091284513
261942,1,4,20,0.0,0.2,donor_mean_welch,34,31,3,0.08823529411764706,0.775,1,0,0.0013466000091284513
261943,1,4,20,0.0,0.2,cell_welch,42,40,2,0.047619047619047616,1.0,1,0,0.0014818999916315079
261943,1,4,20,0.0,0.2,donor_mean_welch,33,33,0,0.0,0.825,0,0,0.0014818999916315079
261944,1,4,20,0.0,0.2,cell_welch,40,40,0,0.0,1.0,0,0,0.001337599998805672
261944,1,4,20,0.0,0.2,donor_mean_welch,33,32,1,0.030303030303030304,0.8,1,0,0.001337599998805672
261945,1,4,20,0.0,0.2,cell_welch,41,40,1,0.024390243902439025,1.0,1,0,0.0013775999541394413
261945,1,4,20,0.0,0.2,donor_mean_welch,35,35,0,0.0,0.875,0,0,0.0013775999541394413
261946,1,4,20,0.0,0.2,cell_welch,44,40,4,0.09090909090909091,1.0,1,0,0.0013947999686934054
261946,1,4,20,0.0,0.2,donor_mean_welch,32,31,1,0.03125,0.775,1,0,0.0013947999686934054
261947,1,4,20,0.0,0.2,cell_welch,43,39,4,0.09302325581395349,0.975,1,0,0.001380499976221472
261947,1,4,20,0.0,0.2,donor_mean_welch,29,28,1,0.034482758620689655,0.7,1,0,0.001380499976221472
261948,1,4,20,0.0,0.2,cell_welch,43,40,3,0.06976744186046512,1.0,1,0,0.0016678999527357519
261948,1,4,20,0.0,0.2,donor_mean_welch,33,31,2,0.06060606060606061,0.775,1,0,0.0016678999527357519
261949,1,4,20,0.0,0.2,cell_welch,40,39,1,0.025,0.975,1,0,0.0013069999986328185
261949,1,4,20,0.0,0.2,donor_mean_welch,25,25,0,0.0,0.625,0,0,0.0013069999986328185
261950,1,4,20,0.0,0.2,cell_welch,40,39,1,0.025,0.975,1,0,0.0018801999976858497
261950,1,4,20,0.0,0.2,donor_mean_welch,29,27,2,0.06896551724137931,0.675,1,0,0.0018801999976858497
261951,1,4,20,0.0,0.2,cell_welch,41,40,1,0.024390243902439025,1.0,1,0,0.0013534999452531338
261951,1,4,20,0.0,0.2,donor_mean_welch,26,26,0,0.0,0.65,0,0,0.0013534999452531338
261952,1,4,20,0.0,0.2,cell_welch,40,39,1,0.025,0.975,1,0,0.0019425000064074993
261952,1,4,20,0.0,0.2,donor_mean_welch,30,30,0,0.0,0.75,0,0,0.0019425000064074993
261953,1,4,20,0.0,0.2,cell_welch,41,40,1,0.024390243902439025,1.0,1,0,0.0013196999789215624
261953,1,4,20,0.0,0.2,donor_mean_welch,34,34,0,0.0,0.85,0,0,0.0013196999789215624
261954,1,4,20,0.0,0.2,cell_welch,39,39,0,0.0,0.975,0,0,0.0011851000017486513
261954,1,4,20,0.0,0.2,donor_mean_welch,28,28,0,0.0,0.7,0,0,0.0011851000017486513
261955,1,4,20,0.0,0.2,cell_welch,42,40,2,0.047619047619047616,1.0,1,0,0.0013651999761350453
261955,1,4,20,0.0,0.2,donor_mean_welch,34,33,1,0.029411764705882353,0.825,1,0,0.0013651999761350453
261956,1,4,20,0.0,0.2,cell_welch,40,40,0,0.0,1.0,0,0,0.0012404000153765082
261956,1,4,20,0.0,0.2,donor_mean_welch,37,36,1,0.02702702702702703,0.9,1,0,0.0012404000153765082
261957,1,4,20,0.0,0.2,cell_welch,40,39,1,0.025,0.975,1,0,0.0021522000315599144
261957,1,4,20,0.0,0.2,donor_mean_welch,30,27,3,0.1,0.675,1,0,0.0021522000315599144
262908,2,4,20,0.8,0.0,cell_welch,105,0,105,1.0,,1,0,0.0013050000416114926
262908,2,4,20,0.8,0.0,donor_mean_welch,0,0,0,0.0,,0,0,0.0013050000416114926
262909,2,4,20,0.8,0.0,cell_welch,99,0,99,1.0,,1,0,0.0016184999840334058
262909,2,4,20,0.8,0.0,donor_mean_welch,0,0,0,0.0,,0,0,0.0016184999840334058
262910,2,4,20,0.8,0.0,cell_welch,109,0,109,1.0,,1,0,0.0013708999613299966
262910,2,4,20,0.8,0.0,donor_mean_welch,0,0,0,0.0,,0,0,0.0013708999613299966
262911,2,4,20,0.8,0.0,cell_welch,100,0,100,1.0,,1,0,0.002647200017236173
262911,2,4,20,0.8,0.0,donor_mean_welch,0,0,0,0.0,,0,0,0.002647200017236173
262912,2,4,20,0.8,0.0,cell_welch,99,0,99,1.0,,1,0,0.0013380000018514693
262912,2,4,20,0.8,0.0,donor_mean_welch,0,0,0,0.0,,0,0,0.0013380000018514693
262913,2,4,20,0.8,0.0,cell_welch,113,0,113,1.0,,1,0,0.0018252000445500016
262913,2,4,20,0.8,0.0,donor_mean_welch,0,0,0,0.0,,0,0,0.0018252000445500016
262914,2,4,20,0.8,0.0,cell_welch,96,0,96,1.0,,1,0,0.0012244000099599361
262914,2,4,20,0.8,0.0,donor_mean_welch,0,0,0,0.0,,0,0,0.0012244000099599361
262915,2,4,20,0.8,0.0,cell_welch,86,0,86,1.0,,1,0,0.00449520000256598
262915,2,4,20,0.8,0.0,donor_mean_welch,0,0,0,0.0,,0,0,0.00449520000256598
262916,2,4,20,0.8,0.0,cell_welch,103,0,103,1.0,,1,0,0.0013108999701216817
262916,2,4,20,0.8,0.0,donor_mean_welch,0,0,0,0.0,,0,0,0.0013108999701216817
262917,2,4,20,0.8,0.0,cell_welch,96,0,96,1.0,,1,0,0.001885899982880801
262917,2,4,20,0.8,0.0,donor_mean_welch,0,0,0,0.0,,0,0,0.001885899982880801
262918,2,4,20,0.8,0.0,cell_welch,111,0,111,1.0,,1,0,0.0014036999782547355
262918,2,4,20,0.8,0.0,donor_mean_welch,0,0,0,0.0,,0,0,0.0014036999782547355
262919,2,4,20,0.8,0.0,cell_welch,91,0,91,1.0,,1,0,0.0021764999837614596
262919,2,4,20,0.8,0.0,donor_mean_welch,0,0,0,0.0,,0,0,0.0021764999837614596
262920,2,4,20,0.8,0.0,cell_welch,90,0,90,1.0,,1,0,0.001283199992030859
262920,2,4,20,0.8,0.0,donor_mean_welch,0,0,0,0.0,,0,0,0.001283199992030859
262921,2,4,20,0.8,0.0,cell_welch,97,0,97,1.0,,1,0,0.0020765000372193754
262921,2,4,20,0.8,0.0,donor_mean_welch,0,0,0,0.0,,0,0,0.0020765000372193754
262922,2,4,20,0.8,0.0,cell_welch,91,0,91,1.0,,1,0,0.0013196999789215624
262922,2,4,20,0.8,0.0,donor_mean_welch,0,0,0,0.0,,0,0,0.0013196999789215624
262923,2,4,20,0.8,0.0,cell_welch,108,0,108,1.0,,1,0,0.0023295999853871763
262923,2,4,20,0.8,0.0,donor_mean_welch,0,0,0,0.0,,0,0,0.0023295999853871763
262924,2,4,20,0.8,0.0,cell_welch,98,0,98,1.0,,1,0,0.0013118000351823866
262924,2,4,20,0.8,0.0,donor_mean_welch,0,0,0,0.0,,0,0,0.0013118000351823866
262925,2,4,20,0.8,0.0,cell_welch,105,0,105,1.0,,1,0,0.001289700041525066
262925,2,4,20,0.8,0.0,donor_mean_welch,0,0,0,0.0,,0,0,0.001289700041525066
262926,2,4,20,0.8,0.0,cell_welch,90,0,90,1.0,,1,0,0.0013384000048972666
262926,2,4,20,0.8,0.0,donor_mean_welch,0,0,0,0.0,,0,0,0.0013384000048972666
262927,2,4,20,0.8,0.0,cell_welch,101,0,101,1.0,,1,0,0.0013503999798558652
262927,2,4,20,0.8,0.0,donor_mean_welch,0,0,0,0.0,,0,0,0.0013503999798558652
262928,2,4,20,0.8,0.0,cell_welch,110,0,110,1.0,,1,0,0.0013487000251188874
262928,2,4,20,0.8,0.0,donor_mean_welch,0,0,0,0.0,,0,0,0.0013487000251188874
262929,2,4,20,0.8,0.0,cell_welch,99,0,99,1.0,,1,0,0.0012939000152982771
262929,2,4,20,0.8,0.0,donor_mean_welch,0,0,0,0.0,,0,0,0.0012939000152982771
262930,2,4,20,0.8,0.0,cell_welch,104,0,104,1.0,,1,0,0.001963999995496124
262930,2,4,20,0.8,0.0,donor_mean_welch,0,0,0,0.0,,0,0,0.001963999995496124
262931,2,4,20,0.8,0.0,cell_welch,111,0,111,1.0,,1,0,0.0013439000467769802
262931,2,4,20,0.8,0.0,donor_mean_welch,0,0,0,0.0,,0,0,0.0013439000467769802
262932,2,4,20,0.8,0.0,cell_welch,104,0,104,1.0,,1,0,0.0023101000115275383
262932,2,4,20,0.8,0.0,donor_mean_welch,0,0,0,0.0,,0,0,0.0023101000115275383
262933,2,4,20,0.8,0.0,cell_welch,95,0,95,1.0,,1,0,0.0013586999848484993
262933,2,4,20,0.8,0.0,donor_mean_welch,0,0,0,0.0,,0,0,0.0013586999848484993
262934,2,4,20,0.8,0.0,cell_welch,89,0,89,1.0,,1,0,0.0027268999838270247
262934,2,4,20,0.8,0.0,donor_mean_welch,0,0,0,0.0,,0,0,0.0027268999838270247
262935,2,4,20,0.8,0.0,cell_welch,98,0,98,1.0,,1,0,0.0019269000040367246
262935,2,4,20,0.8,0.0,donor_mean_welch,0,0,0,0.0,,0,0,0.0019269000040367246
262936,2,4,20,0.8,0.0,cell_welch,98,0,98,1.0,,1,0,0.0026254000258632004
262936,2,4,20,0.8,0.0,donor_mean_welch,1,0,1,1.0,,1,0,0.0026254000258632004
262937,2,4,20,0.8,0.0,cell_welch,111,0,111,1.0,,1,0,0.0013335999683476985
262937,2,4,20,0.8,0.0,donor_mean_welch,0,0,0,0.0,,0,0,0.0013335999683476985
262938,2,4,20,0.8,0.0,cell_welch,97,0,97,1.0,,1,0,0.001539600023534149
262938,2,4,20,0.8,0.0,donor_mean_welch,0,0,0,0.0,,0,0,0.001539600023534149
262939,2,4,20,0.8,0.0,cell_welch,88,0,88,1.0,,1,0,0.001292700006160885
262939,2,4,20,0.8,0.0,donor_mean_welch,0,0,0,0.0,,0,0,0.001292700006160885
262940,2,4,20,0.8,0.0,cell_welch,104,0,104,1.0,,1,0,0.0018259999924339354
262940,2,4,20,0.8,0.0,donor_mean_welch,0,0,0,0.0,,0,0,0.0018259999924339354
262941,2,4,20,0.8,0.0,cell_welch,112,0,112,1.0,,1,0,0.0012730000307783484
262941,2,4,20,0.8,0.0,donor_mean_welch,0,0,0,0.0,,0,0,0.0012730000307783484
262942,2,4,20,0.8,0.0,cell_welch,99,0,99,1.0,,1,0,0.0032303999760188162
262942,2,4,20,0.8,0.0,donor_mean_welch,0,0,0,0.0,,0,0,0.0032303999760188162
262943,2,4,20,0.8,0.0,cell_welch,104,0,104,1.0,,1,0,0.001357999979518354
262943,2,4,20,0.8,0.0,donor_mean_welch,0,0,0,0.0,,0,0,0.001357999979518354
262944,2,4,20,0.8,0.0,cell_welch,126,0,126,1.0,,1,0,0.0016871000407263637
262944,2,4,20,0.8,0.0,donor_mean_welch,0,0,0,0.0,,0,0,0.0016871000407263637
262945,2,4,20,0.8,0.0,cell_welch,82,0,82,1.0,,1,0,0.0016885999939404428
262945,2,4,20,0.8,0.0,donor_mean_welch,0,0,0,0.0,,0,0,0.0016885999939404428
262946,2,4,20,0.8,0.0,cell_welch,101,0,101,1.0,,1,0,0.0025695000076666474
262946,2,4,20,0.8,0.0,donor_mean_welch,0,0,0,0.0,,0,0,0.0025695000076666474
262947,2,4,20,0.8,0.0,cell_welch,113,0,113,1.0,,1,0,0.0013012000126764178
262947,2,4,20,0.8,0.0,donor_mean_welch,0,0,0,0.0,,0,0,0.0013012000126764178
262948,2,4,20,0.8,0.0,cell_welch,115,0,115,1.0,,1,0,0.0025984999956563115
262948,2,4,20,0.8,0.0,donor_mean_welch,0,0,0,0.0,,0,0,0.0025984999956563115
262949,2,4,20,0.8,0.0,cell_welch,107,0,107,1.0,,1,0,0.0016074000159278512
262949,2,4,20,0.8,0.0,donor_mean_welch,0,0,0,0.0,,0,0,0.0016074000159278512
262950,2,4,20,0.8,0.0,cell_welch,96,0,96,1.0,,1,0,0.002944100007880479
262950,2,4,20,0.8,0.0,donor_mean_welch,0,0,0,0.0,,0,0,0.002944100007880479
262951,2,4,20,0.8,0.0,cell_welch,111,0,111,1.0,,1,0,0.0020383999799378216
262951,2,4,20,0.8,0.0,donor_mean_welch,0,0,0,0.0,,0,0,0.0020383999799378216
262952,2,4,20,0.8,0.0,cell_welch,110,0,110,1.0,,1,0,0.0031855999841354787
262952,2,4,20,0.8,0.0,donor_mean_welch,1,0,1,1.0,,1,0,0.0031855999841354787
262953,2,4,20,0.8,0.0,cell_welch,115,0,115,1.0,,1,0,0.0013882999774068594
262953,2,4,20,0.8,0.0,donor_mean_welch,0,0,0,0.0,,0,0,0.0013882999774068594
262954,2,4,20,0.8,0.0,cell_welch,88,0,88,1.0,,1,0,0.0016235000221058726
262954,2,4,20,0.8,0.0,donor_mean_welch,0,0,0,0.0,,0,0,0.0016235000221058726
262955,2,4,20,0.8,0.0,cell_welch,93,0,93,1.0,,1,0,0.0012263000244274735
262955,2,4,20,0.8,0.0,donor_mean_welch,0,0,0,0.0,,0,0,0.0012263000244274735
262956,2,4,20,0.8,0.0,cell_welch,102,0,102,1.0,,1,0,0.001310400024522096
262956,2,4,20,0.8,0.0,donor_mean_welch,0,0,0,0.0,,0,0,0.001310400024522096
262957,2,4,20,0.8,0.0,cell_welch,103,0,103,1.0,,1,0,0.0013704000157304108
262957,2,4,20,0.8,0.0,donor_mean_welch,0,0,0,0.0,,0,0,0.0013704000157304108
263908,3,4,20,0.8,0.2,cell_welch,116,29,87,0.75,0.725,1,0,0.0012390000047162175
263908,3,4,20,0.8,0.2,donor_mean_welch,0,0,0,0.0,0.0,0,0,0.0012390000047162175
263909,3,4,20,0.8,0.2,cell_welch,118,29,89,0.7542372881355932,0.725,1,0,0.0013189000310376287
263909,3,4,20,0.8,0.2,donor_mean_welch,0,0,0,0.0,0.0,0,0,0.0013189000310376287
263910,3,4,20,0.8,0.2,cell_welch,109,33,76,0.6972477064220184,0.825,1,0,0.0014572000363841653
263910,3,4,20,0.8,0.2,donor_mean_welch,1,1,0,0.0,0.025,0,0,0.0014572000363841653
263911,3,4,20,0.8,0.2,cell_welch,110,32,78,0.7090909090909091,0.8,1,0,0.001506500004325062
263911,3,4,20,0.8,0.2,donor_mean_welch,0,0,0,0.0,0.0,0,0,0.001506500004325062
263912,3,4,20,0.8,0.2,cell_welch,117,34,83,0.7094017094017094,0.85,1,0,0.0013261999702081084
263912,3,4,20,0.8,0.2,donor_mean_welch,0,0,0,0.0,0.0,0,0,0.0013261999702081084
263913,3,4,20,0.8,0.2,cell_welch,109,30,79,0.7247706422018348,0.75,1,0,0.002737000002525747
263913,3,4,20,0.8,0.2,donor_mean_welch,0,0,0,0.0,0.0,0,0,0.002737000002525747
263914,3,4,20,0.8,0.2,cell_welch,125,30,95,0.76,0.75,1,0,0.0013420000323094428
263914,3,4,20,0.8,0.2,donor_mean_welch,0,0,0,0.0,0.0,0,0,0.0013420000323094428
263915,3,4,20,0.8,0.2,cell_welch,118,25,93,0.788135593220339,0.625,1,0,0.0023793000145815313
263915,3,4,20,0.8,0.2,donor_mean_welch,0,0,0,0.0,0.0,0,0,0.0023793000145815313
263916,3,4,20,0.8,0.2,cell_welch,115,28,87,0.7565217391304347,0.7,1,0,0.002036200021393597
263916,3,4,20,0.8,0.2,donor_mean_welch,0,0,0,0.0,0.0,0,0,0.002036200021393597
263917,3,4,20,0.8,0.2,cell_welch,114,32,82,0.7192982456140351,0.8,1,0,0.0022276999661698937
263917,3,4,20,0.8,0.2,donor_mean_welch,0,0,0,0.0,0.0,0,0,0.0022276999661698937
263918,3,4,20,0.8,0.2,cell_welch,123,32,91,0.7398373983739838,0.8,1,0,0.001367200049571693
263918,3,4,20,0.8,0.2,donor_mean_welch,1,1,0,0.0,0.025,0,0,0.001367200049571693
263919,3,4,20,0.8,0.2,cell_welch,96,27,69,0.71875,0.675,1,0,0.0025752000510692596
263919,3,4,20,0.8,0.2,donor_mean_welch,1,1,0,0.0,0.025,0,0,0.0025752000510692596
263920,3,4,20,0.8,0.2,cell_welch,106,31,75,0.7075471698113207,0.775,1,0,0.002037100028246641
263920,3,4,20,0.8,0.2,donor_mean_welch,0,0,0,0.0,0.0,0,0,0.002037100028246641
263921,3,4,20,0.8,0.2,cell_welch,125,31,94,0.752,0.775,1,0,0.0018014999805018306
263921,3,4,20,0.8,0.2,donor_mean_welch,0,0,0,0.0,0.0,0,0,0.0018014999805018306
263922,3,4,20,0.8,0.2,cell_welch,114,30,84,0.7368421052631579,0.75,1,0,0.0012704000109806657
263922,3,4,20,0.8,0.2,donor_mean_welch,0,0,0,0.0,0.0,0,0,0.0012704000109806657
263923,3,4,20,0.8,0.2,cell_welch,114,30,84,0.7368421052631579,0.75,1,0,0.0021575999562628567
263923,3,4,20,0.8,0.2,donor_mean_welch,0,0,0,0.0,0.0,0,0,0.0021575999562628567
263924,3,4,20,0.8,0.2,cell_welch,116,29,87,0.75,0.725,1,0,0.0013821000466123223
263924,3,4,20,0.8,0.2,donor_mean_welch,0,0,0,0.0,0.0,0,0,0.0013821000466123223
263925,3,4,20,0.8,0.2,cell_welch,106,28,78,0.7358490566037735,0.7,1,0,0.001553500012960285
263925,3,4,20,0.8,0.2,donor_mean_welch,0,0,0,0.0,0.0,0,0,0.001553500012960285
263926,3,4,20,0.8,0.2,cell_welch,122,31,91,0.7459016393442623,0.775,1,0,0.0012949000229127705
263926,3,4,20,0.8,0.2,donor_mean_welch,1,1,0,0.0,0.025,0,0,0.0012949000229127705
263927,3,4,20,0.8,0.2,cell_welch,125,32,93,0.744,0.8,1,0,0.0027683000080287457
263927,3,4,20,0.8,0.2,donor_mean_welch,0,0,0,0.0,0.0,0,0,0.0027683000080287457
263928,3,4,20,0.8,0.2,cell_welch,97,28,69,0.711340206185567,0.7,1,0,0.0013628999586217105
263928,3,4,20,0.8,0.2,donor_mean_welch,0,0,0,0.0,0.0,0,0,0.0013628999586217105
263929,3,4,20,0.8,0.2,cell_welch,120,30,90,0.75,0.75,1,0,0.002495500026270747
263929,3,4,20,0.8,0.2,donor_mean_welch,0,0,0,0.0,0.0,0,0,0.002495500026270747
263930,3,4,20,0.8,0.2,cell_welch,104,26,78,0.75,0.65,1,0,0.0019203000119887292
263930,3,4,20,0.8,0.2,donor_mean_welch,0,0,0,0.0,0.0,0,0,0.0019203000119887292
263931,3,4,20,0.8,0.2,cell_welch,106,30,76,0.7169811320754716,0.75,1,0,0.0018816000083461404
263931,3,4,20,0.8,0.2,donor_mean_welch,0,0,0,0.0,0.0,0,0,0.0018816000083461404
263932,3,4,20,0.8,0.2,cell_welch,105,32,73,0.6952380952380952,0.8,1,0,0.002200599992647767
263932,3,4,20,0.8,0.2,donor_mean_welch,0,0,0,0.0,0.0,0,0,0.002200599992647767
263933,3,4,20,0.8,0.2,cell_welch,99,25,74,0.7474747474747475,0.625,1,0,0.0023039000225253403
263933,3,4,20,0.8,0.2,donor_mean_welch,0,0,0,0.0,0.0,0,0,0.0023039000225253403
263934,3,4,20,0.8,0.2,cell_welch,110,31,79,0.7181818181818181,0.775,1,0,0.001415400009136647
263934,3,4,20,0.8,0.2,donor_mean_welch,0,0,0,0.0,0.0,0,0,0.001415400009136647
263935,3,4,20,0.8,0.2,cell_welch,115,32,83,0.7217391304347827,0.8,1,0,0.0026812999858520925
263935,3,4,20,0.8,0.2,donor_mean_welch,0,0,0,0.0,0.0,0,0,0.0026812999858520925
263936,3,4,20,0.8,0.2,cell_welch,123,31,92,0.7479674796747967,0.775,1,0,0.0016997000202536583
263936,3,4,20,0.8,0.2,donor_mean_welch,0,0,0,0.0,0.0,0,0,0.0016997000202536583
263937,3,4,20,0.8,0.2,cell_welch,113,31,82,0.7256637168141593,0.775,1,0,0.0021866000024601817
263937,3,4,20,0.8,0.2,donor_mean_welch,0,0,0,0.0,0.0,0,0,0.0021866000024601817
263938,3,4,20,0.8,0.2,cell_welch,116,30,86,0.7413793103448276,0.75,1,0,0.0013162000104784966
263938,3,4,20,0.8,0.2,donor_mean_welch,0,0,0,0.0,0.0,0,0,0.0013162000104784966
263939,3,4,20,0.8,0.2,cell_welch,122,30,92,0.7540983606557377,0.75,1,0,0.0028342000441625714
263939,3,4,20,0.8,0.2,donor_mean_welch,0,0,0,0.0,0.0,0,0,0.0028342000441625714
263940,3,4,20,0.8,0.2,cell_welch,119,28,91,0.7647058823529411,0.7,1,0,0.001741300045978278
263940,3,4,20,0.8,0.2,donor_mean_welch,0,0,0,0.0,0.0,0,0,0.001741300045978278
263941,3,4,20,0.8,0.2,cell_welch,104,27,77,0.7403846153846154,0.675,1,0,0.0022735000238753855
263941,3,4,20,0.8,0.2,donor_mean_welch,1,1,0,0.0,0.025,0,0,0.0022735000238753855
263942,3,4,20,0.8,0.2,cell_welch,117,31,86,0.7350427350427351,0.775,1,0,0.002230699989013374
263942,3,4,20,0.8,0.2,donor_mean_welch,0,0,0,0.0,0.0,0,0,0.002230699989013374
263943,3,4,20,0.8,0.2,cell_welch,115,30,85,0.7391304347826086,0.75,1,0,0.002519700035918504
263943,3,4,20,0.8,0.2,donor_mean_welch,0,0,0,0.0,0.0,0,0,0.002519700035918504
263944,3,4,20,0.8,0.2,cell_welch,113,26,87,0.7699115044247787,0.65,1,0,0.0019292000215500593
263944,3,4,20,0.8,0.2,donor_mean_welch,0,0,0,0.0,0.0,0,0,0.0019292000215500593
263945,3,4,20,0.8,0.2,cell_welch,104,27,77,0.7403846153846154,0.675,1,0,0.0019845999777317047
263945,3,4,20,0.8,0.2,donor_mean_welch,0,0,0,0.0,0.0,0,0,0.0019845999777317047
263946,3,4,20,0.8,0.2,cell_welch,103,28,75,0.7281553398058253,0.7,1,0,0.0019900999614037573
263946,3,4,20,0.8,0.2,donor_mean_welch,0,0,0,0.0,0.0,0,0,0.0019900999614037573
263947,3,4,20,0.8,0.2,cell_welch,115,29,86,0.7478260869565218,0.725,1,0,0.0020313000422902405
263947,3,4,20,0.8,0.2,donor_mean_welch,0,0,0,0.0,0.0,0,0,0.0020313000422902405
263948,3,4,20,0.8,0.2,cell_welch,104,32,72,0.6923076923076923,0.8,1,0,0.0026393000152893364
263948,3,4,20,0.8,0.2,donor_mean_welch,0,0,0,0.0,0.0,0,0,0.0026393000152893364
263949,3,4,20,0.8,0.2,cell_welch,121,31,90,0.743801652892562,0.775,1,0,0.0013709000195376575
263949,3,4,20,0.8,0.2,donor_mean_welch,0,0,0,0.0,0.0,0,0,0.0013709000195376575
263950,3,4,20,0.8,0.2,cell_welch,114,27,87,0.7631578947368421,0.675,1,0,0.0016087000258266926
263950,3,4,20,0.8,0.2,donor_mean_welch,0,0,0,0.0,0.0,0,0,0.0016087000258266926
263951,3,4,20,0.8,0.2,cell_welch,107,30,77,0.719626168224299,0.75,1,0,0.001334100030362606
263951,3,4,20,0.8,0.2,donor_mean_welch,0,0,0,0.0,0.0,0,0,0.001334100030362606
263952,3,4,20,0.8,0.2,cell_welch,122,32,90,0.7377049180327869,0.8,1,0,0.0012552000116556883
263952,3,4,20,0.8,0.2,donor_mean_welch,0,0,0,0.0,0.0,0,0,0.0012552000116556883
263953,3,4,20,0.8,0.2,cell_welch,115,30,85,0.7391304347826086,0.75,1,0,0.0014552000211551785
263953,3,4,20,0.8,0.2,donor_mean_welch,0,0,0,0.0,0.0,0,0,0.0014552000211551785
263954,3,4,20,0.8,0.2,cell_welch,97,27,70,0.7216494845360825,0.675,1,0,0.0013235000078566372
263954,3,4,20,0.8,0.2,donor_mean_welch,0,0,0,0.0,0.0,0,0,0.0013235000078566372
263955,3,4,20,0.8,0.2,cell_welch,111,30,81,0.7297297297297297,0.75,1,0,0.0018924999749287963
263955,3,4,20,0.8,0.2,donor_mean_welch,0,0,0,0.0,0.0,0,0,0.0018924999749287963
263956,3,4,20,0.8,0.2,cell_welch,121,31,90,0.743801652892562,0.775,1,0,0.0013229000032879412
263956,3,4,20,0.8,0.2,donor_mean_welch,0,0,0,0.0,0.0,0,0,0.0013229000032879412
263957,3,4,20,0.8,0.2,cell_welch,123,34,89,0.7235772357723578,0.85,1,0,0.002205300028435886
263957,3,4,20,0.8,0.2,donor_mean_welch,0,0,0,0.0,0.0,0,0,0.002205300028435886
264908,4,4,100,0.0,0.0,cell_welch,0,0,0,0.0,,0,0,0.0029054000042378902
264908,4,4,100,0.0,0.0,donor_mean_welch,0,0,0,0.0,,0,0,0.0029054000042378902
264909,4,4,100,0.0,0.0,cell_welch,0,0,0,0.0,,0,0,0.0030132000101730227
264909,4,4,100,0.0,0.0,donor_mean_welch,0,0,0,0.0,,0,0,0.0030132000101730227
264910,4,4,100,0.0,0.0,cell_welch,0,0,0,0.0,,0,0,0.003203700005542487
264910,4,4,100,0.0,0.0,donor_mean_welch,0,0,0,0.0,,0,0,0.003203700005542487
264911,4,4,100,0.0,0.0,cell_welch,0,0,0,0.0,,0,0,0.0028705999720841646
264911,4,4,100,0.0,0.0,donor_mean_welch,0,0,0,0.0,,0,0,0.0028705999720841646
264912,4,4,100,0.0,0.0,cell_welch,0,0,0,0.0,,0,0,0.003174800018314272
264912,4,4,100,0.0,0.0,donor_mean_welch,0,0,0,0.0,,0,0,0.003174800018314272
264913,4,4,100,0.0,0.0,cell_welch,0,0,0,0.0,,0,0,0.0032577000092715025
264913,4,4,100,0.0,0.0,donor_mean_welch,0,0,0,0.0,,0,0,0.0032577000092715025
264914,4,4,100,0.0,0.0,cell_welch,0,0,0,0.0,,0,0,0.002572900033555925
264914,4,4,100,0.0,0.0,donor_mean_welch,0,0,0,0.0,,0,0,0.002572900033555925
264915,4,4,100,0.0,0.0,cell_welch,0,0,0,0.0,,0,0,0.0027628999669104815
264915,4,4,100,0.0,0.0,donor_mean_welch,0,0,0,0.0,,0,0,0.0027628999669104815
264916,4,4,100,0.0,0.0,cell_welch,1,0,1,1.0,,1,0,0.002425000013317913
264916,4,4,100,0.0,0.0,donor_mean_welch,0,0,0,0.0,,0,0,0.002425000013317913
264917,4,4,100,0.0,0.0,cell_welch,0,0,0,0.0,,0,0,0.0024077999987639487
264917,4,4,100,0.0,0.0,donor_mean_welch,0,0,0,0.0,,0,0,0.0024077999987639487
264918,4,4,100,0.0,0.0,cell_welch,0,0,0,0.0,,0,0,0.0022404000046662986
264918,4,4,100,0.0,0.0,donor_mean_welch,0,0,0,0.0,,0,0,0.0022404000046662986
264919,4,4,100,0.0,0.0,cell_welch,0,0,0,0.0,,0,0,0.00252169999293983
264919,4,4,100,0.0,0.0,donor_mean_welch,0,0,0,0.0,,0,0,0.00252169999293983
264920,4,4,100,0.0,0.0,cell_welch,0,0,0,0.0,,0,0,0.0022284999722614884
264920,4,4,100,0.0,0.0,donor_mean_welch,0,0,0,0.0,,0,0,0.0022284999722614884
264921,4,4,100,0.0,0.0,cell_welch,0,0,0,0.0,,0,0,0.002451700042001903
264921,4,4,100,0.0,0.0,donor_mean_welch,0,0,0,0.0,,0,0,0.002451700042001903
264922,4,4,100,0.0,0.0,cell_welch,0,0,0,0.0,,0,0,0.0029391999705694616
264922,4,4,100,0.0,0.0,donor_mean_welch,0,0,0,0.0,,0,0,0.0029391999705694616
264923,4,4,100,0.0,0.0,cell_welch,0,0,0,0.0,,0,0,0.004480700008571148
264923,4,4,100,0.0,0.0,donor_mean_welch,0,0,0,0.0,,0,0,0.004480700008571148
264924,4,4,100,0.0,0.0,cell_welch,0,0,0,0.0,,0,0,0.0036899999831803143
264924,4,4,100,0.0,0.0,donor_mean_welch,0,0,0,0.0,,0,0,0.0036899999831803143
264925,4,4,100,0.0,0.0,cell_welch,0,0,0,0.0,,0,0,0.002774299995508045
264925,4,4,100,0.0,0.0,donor_mean_welch,0,0,0,0.0,,0,0,0.002774299995508045
264926,4,4,100,0.0,0.0,cell_welch,1,0,1,1.0,,1,0,0.0030126000056043267
264926,4,4,100,0.0,0.0,donor_mean_welch,0,0,0,0.0,,0,0,0.0030126000056043267
264927,4,4,100,0.0,0.0,cell_welch,0,0,0,0.0,,0,0,0.0028120999922975898
264927,4,4,100,0.0,0.0,donor_mean_welch,1,0,1,1.0,,1,0,0.0028120999922975898
264928,4,4,100,0.0,0.0,cell_welch,1,0,1,1.0,,1,0,0.0021643000072799623
264928,4,4,100,0.0,0.0,donor_mean_welch,0,0,0,0.0,,0,0,0.0021643000072799623
264929,4,4,100,0.0,0.0,cell_welch,0,0,0,0.0,,0,0,0.0026225000037811697
264929,4,4,100,0.0,0.0,donor_mean_welch,0,0,0,0.0,,0,0,0.0026225000037811697
264930,4,4,100,0.0,0.0,cell_welch,0,0,0,0.0,,0,0,0.002178399998228997
264930,4,4,100,0.0,0.0,donor_mean_welch,0,0,0,0.0,,0,0,0.002178399998228997
264931,4,4,100,0.0,0.0,cell_welch,0,0,0,0.0,,0,0,0.002199100039433688
264931,4,4,100,0.0,0.0,donor_mean_welch,0,0,0,0.0,,0,0,0.002199100039433688
264932,4,4,100,0.0,0.0,cell_welch,0,0,0,0.0,,0,0,0.0036065999884158373
264932,4,4,100,0.0,0.0,donor_mean_welch,0,0,0,0.0,,0,0,0.0036065999884158373
264933,4,4,100,0.0,0.0,cell_welch,0,0,0,0.0,,0,0,0.0029722999897785485
264933,4,4,100,0.0,0.0,donor_mean_welch,0,0,0,0.0,,0,0,0.0029722999897785485
264934,4,4,100,0.0,0.0,cell_welch,0,0,0,0.0,,0,0,0.0027606000076048076
264934,4,4,100,0.0,0.0,donor_mean_welch,0,0,0,0.0,,0,0,0.0027606000076048076
264935,4,4,100,0.0,0.0,cell_welch,0,0,0,0.0,,0,0,0.0022811000235378742
264935,4,4,100,0.0,0.0,donor_mean_welch,0,0,0,0.0,,0,0,0.0022811000235378742
264936,4,4,100,0.0,0.0,cell_welch,0,0,0,0.0,,0,0,0.0023648999631404877
264936,4,4,100,0.0,0.0,donor_mean_welch,0,0,0,0.0,,0,0,0.0023648999631404877
264937,4,4,100,0.0,0.0,cell_welch,0,0,0,0.0,,0,0,0.0022629000013694167
264937,4,4,100,0.0,0.0,donor_mean_welch,1,0,1,1.0,,1,0,0.0022629000013694167
264938,4,4,100,0.0,0.0,cell_welch,1,0,1,1.0,,1,0,0.0022427000221796334
264938,4,4,100,0.0,0.0,donor_mean_welch,0,0,0,0.0,,0,0,0.0022427000221796334
264939,4,4,100,0.0,0.0,cell_welch,0,0,0,0.0,,0,0,0.0025893999845720828
264939,4,4,100,0.0,0.0,donor_mean_welch,0,0,0,0.0,,0,0,0.0025893999845720828
264940,4,4,100,0.0,0.0,cell_welch,0,0,0,0.0,,0,0,0.002147999999579042
264940,4,4,100,0.0,0.0,donor_mean_welch,0,0,0,0.0,,0,0,0.002147999999579042
264941,4,4,100,0.0,0.0,cell_welch,0,0,0,0.0,,0,0,0.0021424000151455402
264941,4,4,100,0.0,0.0,donor_mean_welch,0,0,0,0.0,,0,0,0.0021424000151455402
264942,4,4,100,0.0,0.0,cell_welch,0,0,0,0.0,,0,0,0.0021965999621897936
264942,4,4,100,0.0,0.0,donor_mean_welch,0,0,0,0.0,,0,0,0.0021965999621897936
264943,4,4,100,0.0,0.0,cell_welch,0,0,0,0.0,,0,0,0.002157100010663271
264943,4,4,100,0.0,0.0,donor_mean_welch,0,0,0,0.0,,0,0,0.002157100010663271
264944,4,4,100,0.0,0.0,cell_welch,0,0,0,0.0,,0,0,0.0021169999963603914
264944,4,4,100,0.0,0.0,donor_mean_welch,0,0,0,0.0,,0,0,0.0021169999963603914
264945,4,4,100,0.0,0.0,cell_welch,0,0,0,0.0,,0,0,0.0022270000190474093
264945,4,4,100,0.0,0.0,donor_mean_welch,0,0,0,0.0,,0,0,0.0022270000190474093
264946,4,4,100,0.0,0.0,cell_welch,0,0,0,0.0,,0,0,0.002270400000270456
264946,4,4,100,0.0,0.0,donor_mean_welch,0,0,0,0.0,,0,0,0.002270400000270456
264947,4,4,100,0.0,0.0,cell_welch,0,0,0,0.0,,0,0,0.0021655999589711428
264947,4,4,100,0.0,0.0,donor_mean_welch,0,0,0,0.0,,0,0,0.0021655999589711428
264948,4,4,100,0.0,0.0,cell_welch,0,0,0,0.0,,0,0,0.0024867000174708664
264948,4,4,100,0.0,0.0,donor_mean_welch,0,0,0,0.0,,0,0,0.0024867000174708664
264949,4,4,100,0.0,0.0,cell_welch,0,0,0,0.0,,0,0,0.0021026000031270087
264949,4,4,100,0.0,0.0,donor_mean_welch,0,0,0,0.0,,0,0,0.0021026000031270087
264950,4,4,100,0.0,0.0,cell_welch,0,0,0,0.0,,0,0,0.0021803000126965344
264950,4,4,100,0.0,0.0,donor_mean_welch,0,0,0,0.0,,0,0,0.0021803000126965344
264951,4,4,100,0.0,0.0,cell_welch,0,0,0,0.0,,0,0,0.0023123000282794237
264951,4,4,100,0.0,0.0,donor_mean_welch,0,0,0,0.0,,0,0,0.0023123000282794237
264952,4,4,100,0.0,0.0,cell_welch,0,0,0,0.0,,0,0,0.0039061999996192753
264952,4,4,100,0.0,0.0,donor_mean_welch,0,0,0,0.0,,0,0,0.0039061999996192753
264953,4,4,100,0.0,0.0,cell_welch,0,0,0,0.0,,0,0,0.0023086000001057982
264953,4,4,100,0.0,0.0,donor_mean_welch,0,0,0,0.0,,0,0,0.0023086000001057982
264954,4,4,100,0.0,0.0,cell_welch,0,0,0,0.0,,0,0,0.0022563000093214214
264954,4,4,100,0.0,0.0,donor_mean_welch,1,0,1,1.0,,1,0,0.0022563000093214214
264955,4,4,100,0.0,0.0,cell_welch,0,0,0,0.0,,0,0,0.0024497999693267047
264955,4,4,100,0.0,0.0,donor_mean_welch,0,0,0,0.0,,0,0,0.0024497999693267047
264956,4,4,100,0.0,0.0,cell_welch,0,0,0,0.0,,0,0,0.0023301999899558723
264956,4,4,100,0.0,0.0,donor_mean_welch,0,0,0,0.0,,0,0,0.0023301999899558723
264957,4,4,100,0.0,0.0,cell_welch,0,0,0,0.0,,0,0,0.0026161999558098614
264957,4,4,100,0.0,0.0,donor_mean_welch,0,0,0,0.0,,0,0,0.0026161999558098614
265908,5,4,100,0.0,0.2,cell_welch,43,40,3,0.06976744186046512,1.0,1,0,0.0024539000005461276
265908,5,4,100,0.0,0.2,donor_mean_welch,40,40,0,0.0,1.0,0,0,0.0024539000005461276
265909,5,4,100,0.0,0.2,cell_welch,40,40,0,0.0,1.0,0,0,0.002467299986165017
265909,5,4,100,0.0,0.2,donor_mean_welch,40,40,0,0.0,1.0,0,0,0.002467299986165017
265910,5,4,100,0.0,0.2,cell_welch,43,40,3,0.06976744186046512,1.0,1,0,0.002368499990552664
265910,5,4,100,0.0,0.2,donor_mean_welch,41,40,1,0.024390243902439025,1.0,1,0,0.002368499990552664
265911,5,4,100,0.0,0.2,cell_welch,41,40,1,0.024390243902439025,1.0,1,0,0.0024510000366717577
265911,5,4,100,0.0,0.2,donor_mean_welch,40,40,0,0.0,1.0,0,0,0.0024510000366717577
265912,5,4,100,0.0,0.2,cell_welch,43,40,3,0.06976744186046512,1.0,1,0,0.0021299999789334834
265912,5,4,100,0.0,0.2,donor_mean_welch,41,40,1,0.024390243902439025,1.0,1,0,0.0021299999789334834
265913,5,4,100,0.0,0.2,cell_welch,41,40,1,0.024390243902439025,1.0,1,0,0.002228399971500039
265913,5,4,100,0.0,0.2,donor_mean_welch,44,40,4,0.09090909090909091,1.0,1,0,0.002228399971500039
265914,5,4,100,0.0,0.2,cell_welch,42,40,2,0.047619047619047616,1.0,1,0,0.002430399996228516
265914,5,4,100,0.0,0.2,donor_mean_welch,40,40,0,0.0,1.0,0,0,0.002430399996228516
265915,5,4,100,0.0,0.2,cell_welch,43,40,3,0.06976744186046512,1.0,1,0,0.002137599978595972
265915,5,4,100,0.0,0.2,donor_mean_welch,41,40,1,0.024390243902439025,1.0,1,0,0.002137599978595972
265916,5,4,100,0.0,0.2,cell_welch,42,40,2,0.047619047619047616,1.0,1,0,0.0023529999889433384
265916,5,4,100,0.0,0.2,donor_mean_welch,41,40,1,0.024390243902439025,1.0,1,0,0.0023529999889433384
265917,5,4,100,0.0,0.2,cell_welch,40,40,0,0.0,1.0,0,0,0.002111000008881092
265917,5,4,100,0.0,0.2,donor_mean_welch,40,40,0,0.0,1.0,0,0,0.002111000008881092
265918,5,4,100,0.0,0.2,cell_welch,41,40,1,0.024390243902439025,1.0,1,0,0.0022160999942570925
265918,5,4,100,0.0,0.2,donor_mean_welch,43,40,3,0.06976744186046512,1.0,1,0,0.0022160999942570925
265919,5,4,100,0.0,0.2,cell_welch,40,40,0,0.0,1.0,0,0,0.002087899949401617
265919,5,4,100,0.0,0.2,donor_mean_welch,40,40,0,0.0,1.0,0,0,0.002087899949401617
265920,5,4,100,0.0,0.2,cell_welch,41,40,1,0.024390243902439025,1.0,1,0,0.0024302999954670668
265920,5,4,100,0.0,0.2,donor_mean_welch,40,40,0,0.0,1.0,0,0,0.0024302999954670668
265921,5,4,100,0.0,0.2,cell_welch,42,40,2,0.047619047619047616,1.0,1,0,0.002240500005427748
265921,5,4,100,0.0,0.2,donor_mean_welch,40,40,0,0.0,1.0,0,0,0.002240500005427748
265922,5,4,100,0.0,0.2,cell_welch,41,40,1,0.024390243902439025,1.0,1,0,0.0021199999609962106
265922,5,4,100,0.0,0.2,donor_mean_welch,41,40,1,0.024390243902439025,1.0,1,0,0.0021199999609962106
265923,5,4,100,0.0,0.2,cell_welch,43,40,3,0.06976744186046512,1.0,1,0,0.0020813000155612826
265923,5,4,100,0.0,0.2,donor_mean_welch,40,40,0,0.0,1.0,0,0,0.0020813000155612826
265924,5,4,100,0.0,0.2,cell_welch,42,40,2,0.047619047619047616,1.0,1,0,0.0022191000171005726
265924,5,4,100,0.0,0.2,donor_mean_welch,41,40,1,0.024390243902439025,1.0,1,0,0.0022191000171005726
265925,5,4,100,0.0,0.2,cell_welch,42,40,2,0.047619047619047616,1.0,1,0,0.0022622999968007207
265925,5,4,100,0.0,0.2,donor_mean_welch,42,40,2,0.047619047619047616,1.0,1,0,0.0022622999968007207
265926,5,4,100,0.0,0.2,cell_welch,40,40,0,0.0,1.0,0,0,0.0022527999826706946
265926,5,4,100,0.0,0.2,donor_mean_welch,41,40,1,0.024390243902439025,1.0,1,0,0.0022527999826706946
265927,5,4,100,0.0,0.2,cell_welch,41,40,1,0.024390243902439025,1.0,1,0,0.002508200006559491
265927,5,4,100,0.0,0.2,donor_mean_welch,41,40,1,0.024390243902439025,1.0,1,0,0.002508200006559491
265928,5,4,100,0.0,0.2,cell_welch,46,40,6,0.13043478260869565,1.0,1,0,0.0029377000173553824
265928,5,4,100,0.0,0.2,donor_mean_welch,43,40,3,0.06976744186046512,1.0,1,0,0.0029377000173553824
265929,5,4,100,0.0,0.2,cell_welch,43,40,3,0.06976744186046512,1.0,1,0,0.0023361999774351716
265929,5,4,100,0.0,0.2,donor_mean_welch,42,40,2,0.047619047619047616,1.0,1,0,0.0023361999774351716
265930,5,4,100,0.0,0.2,cell_welch,41,40,1,0.024390243902439025,1.0,1,0,0.002711599983740598
265930,5,4,100,0.0,0.2,donor_mean_welch,41,40,1,0.024390243902439025,1.0,1,0,0.002711599983740598
265931,5,4,100,0.0,0.2,cell_welch,41,40,1,0.024390243902439025,1.0,1,0,0.0033325999975204468
265931,5,4,100,0.0,0.2,donor_mean_welch,40,40,0,0.0,1.0,0,0,0.0033325999975204468
265932,5,4,100,0.0,0.2,cell_welch,41,40,1,0.024390243902439025,1.0,1,0,0.004516199987847358
265932,5,4,100,0.0,0.2,donor_mean_welch,41,40,1,0.024390243902439025,1.0,1,0,0.004516199987847358
265933,5,4,100,0.0,0.2,cell_welch,41,40,1,0.024390243902439025,1.0,1,0,0.0025687000015750527
265933,5,4,100,0.0,0.2,donor_mean_welch,41,40,1,0.024390243902439025,1.0,1,0,0.0025687000015750527
265934,5,4,100,0.0,0.2,cell_welch,41,40,1,0.024390243902439025,1.0,1,0,0.0034356999676674604
265934,5,4,100,0.0,0.2,donor_mean_welch,40,40,0,0.0,1.0,0,0,0.0034356999676674604
265935,5,4,100,0.0,0.2,cell_welch,40,40,0,0.0,1.0,0,0,0.002822800015565008
265935,5,4,100,0.0,0.2,donor_mean_welch,40,40,0,0.0,1.0,0,0,0.002822800015565008
265936,5,4,100,0.0,0.2,cell_welch,41,40,1,0.024390243902439025,1.0,1,0,0.002596899983473122
265936,5,4,100,0.0,0.2,donor_mean_welch,41,40,1,0.024390243902439025,1.0,1,0,0.002596899983473122
265937,5,4,100,0.0,0.2,cell_welch,43,40,3,0.06976744186046512,1.0,1,0,0.00266700005158782
265937,5,4,100,0.0,0.2,donor_mean_welch,41,40,1,0.024390243902439025,1.0,1,0,0.00266700005158782
265938,5,4,100,0.0,0.2,cell_welch,42,40,2,0.047619047619047616,1.0,1,0,0.0023944000131450593
265938,5,4,100,0.0,0.2,donor_mean_welch,40,40,0,0.0,1.0,0,0,0.0023944000131450593
265939,5,4,100,0.0,0.2,cell_welch,43,40,3,0.06976744186046512,1.0,1,0,0.0025464000063948333
265939,5,4,100,0.0,0.2,donor_mean_welch,42,40,2,0.047619047619047616,1.0,1,0,0.0025464000063948333
265940,5,4,100,0.0,0.2,cell_welch,41,40,1,0.024390243902439025,1.0,1,0,0.002591500000562519
265940,5,4,100,0.0,0.2,donor_mean_welch,41,40,1,0.024390243902439025,1.0,1,0,0.002591500000562519
265941,5,4,100,0.0,0.2,cell_welch,44,40,4,0.09090909090909091,1.0,1,0,0.002255600003991276
265941,5,4,100,0.0,0.2,donor_mean_welch,41,40,1,0.024390243902439025,1.0,1,0,0.002255600003991276
265942,5,4,100,0.0,0.2,cell_welch,41,40,1,0.024390243902439025,1.0,1,0,0.002361999999266118
265942,5,4,100,0.0,0.2,donor_mean_welch,41,40,1,0.024390243902439025,1.0,1,0,0.002361999999266118
265943,5,4,100,0.0,0.2,cell_welch,44,40,4,0.09090909090909091,1.0,1,0,0.0028145999531261623
265943,5,4,100,0.0,0.2,donor_mean_welch,39,39,0,0.0,0.975,0,0,0.0028145999531261623
265944,5,4,100,0.0,0.2,cell_welch,41,40,1,0.024390243902439025,1.0,1,0,0.002438299998175353
265944,5,4,100,0.0,0.2,donor_mean_welch,42,40,2,0.047619047619047616,1.0,1,0,0.002438299998175353
265945,5,4,100,0.0,0.2,cell_welch,43,40,3,0.06976744186046512,1.0,1,0,0.002770999970380217
265945,5,4,100,0.0,0.2,donor_mean_welch,41,40,1,0.024390243902439025,1.0,1,0,0.002770999970380217
265946,5,4,100,0.0,0.2,cell_welch,45,40,5,0.1111111111111111,1.0,1,0,0.0024381999974139035
265946,5,4,100,0.0,0.2,donor_mean_welch,45,40,5,0.1111111111111111,1.0,1,0,0.0024381999974139035
265947,5,4,100,0.0,0.2,cell_welch,40,40,0,0.0,1.0,0,0,0.002371799957472831
265947,5,4,100,0.0,0.2,donor_mean_welch,40,40,0,0.0,1.0,0,0,0.002371799957472831
265948,5,4,100,0.0,0.2,cell_welch,40,40,0,0.0,1.0,0,0,0.0023654000251553953
265948,5,4,100,0.0,0.2,donor_mean_welch,40,40,0,0.0,1.0,0,0,0.0023654000251553953
265949,5,4,100,0.0,0.2,cell_welch,40,40,0,0.0,1.0,0,0,0.0075468000140972435
265949,5,4,100,0.0,0.2,donor_mean_welch,42,40,2,0.047619047619047616,1.0,1,0,0.0075468000140972435
265950,5,4,100,0.0,0.2,cell_welch,43,40,3,0.06976744186046512,1.0,1,0,0.002940499980468303
265950,5,4,100,0.0,0.2,donor_mean_welch,41,40,1,0.024390243902439025,1.0,1,0,0.002940499980468303
265951,5,4,100,0.0,0.2,cell_welch,42,40,2,0.047619047619047616,1.0,1,0,0.0025456000003032386
265951,5,4,100,0.0,0.2,donor_mean_welch,42,40,2,0.047619047619047616,1.0,1,0,0.0025456000003032386
265952,5,4,100,0.0,0.2,cell_welch,42,40,2,0.047619047619047616,1.0,1,0,0.0025136999902315438
265952,5,4,100,0.0,0.2,donor_mean_welch,41,40,1,0.024390243902439025,1.0,1,0,0.0025136999902315438
265953,5,4,100,0.0,0.2,cell_welch,41,40,1,0.024390243902439025,1.0,1,0,0.002494300017133355
265953,5,4,100,0.0,0.2,donor_mean_welch,41,40,1,0.024390243902439025,1.0,1,0,0.002494300017133355
265954,5,4,100,0.0,0.2,cell_welch,41,40,1,0.024390243902439025,1.0,1,0,0.0028729999903589487
265954,5,4,100,0.0,0.2,donor_mean_welch,40,40,0,0.0,1.0,0,0,0.0028729999903589487
265955,5,4,100,0.0,0.2,cell_welch,44,40,4,0.09090909090909091,1.0,1,0,0.003199900034815073
265955,5,4,100,0.0,0.2,donor_mean_welch,40,40,0,0.0,1.0,0,0,0.003199900034815073
265956,5,4,100,0.0,0.2,cell_welch,40,40,0,0.0,1.0,0,0,0.0025812999811023474
265956,5,4,100,0.0,0.2,donor_mean_welch,41,40,1,0.024390243902439025,1.0,1,0,0.0025812999811023474
265957,5,4,100,0.0,0.2,cell_welch,40,40,0,0.0,1.0,0,0,0.0030101999873295426
265957,5,4,100,0.0,0.2,donor_mean_welch,41,40,1,0.024390243902439025,1.0,1,0,0.0030101999873295426
266908,6,4,100,0.8,0.0,cell_welch,144,0,144,1.0,,1,0,0.0029508000006899238
266908,6,4,100,0.8,0.0,donor_mean_welch,0,0,0,0.0,,0,0,0.0029508000006899238
266909,6,4,100,0.8,0.0,cell_welch,160,0,160,1.0,,1,0,0.00302539998665452
266909,6,4,100,0.8,0.0,donor_mean_welch,0,0,0,0.0,,0,0,0.00302539998665452
266910,6,4,100,0.8,0.0,cell_welch,157,0,157,1.0,,1,0,0.0031776000396348536
266910,6,4,100,0.8,0.0,donor_mean_welch,0,0,0,0.0,,0,0,0.0031776000396348536
266911,6,4,100,0.8,0.0,cell_welch,164,0,164,1.0,,1,0,0.0029952999902889132
266911,6,4,100,0.8,0.0,donor_mean_welch,0,0,0,0.0,,0,0,0.0029952999902889132
266912,6,4,100,0.8,0.0,cell_welch,168,0,168,1.0,,1,0,0.0027624000213108957
266912,6,4,100,0.8,0.0,donor_mean_welch,0,0,0,0.0,,0,0,0.0027624000213108957
266913,6,4,100,0.8,0.0,cell_welch,154,0,154,1.0,,1,0,0.0026359999901615083
266913,6,4,100,0.8,0.0,donor_mean_welch,1,0,1,1.0,,1,0,0.0026359999901615083
266914,6,4,100,0.8,0.0,cell_welch,155,0,155,1.0,,1,0,0.0028927000239491463
266914,6,4,100,0.8,0.0,donor_mean_welch,0,0,0,0.0,,0,0,0.0028927000239491463
266915,6,4,100,0.8,0.0,cell_welch,150,0,150,1.0,,1,0,0.0023262000177055597
266915,6,4,100,0.8,0.0,donor_mean_welch,0,0,0,0.0,,0,0,0.0023262000177055597
266916,6,4,100,0.8,0.0,cell_welch,147,0,147,1.0,,1,0,0.002562499954365194
266916,6,4,100,0.8,0.0,donor_mean_welch,0,0,0,0.0,,0,0,0.002562499954365194
266917,6,4,100,0.8,0.0,cell_welch,166,0,166,1.0,,1,0,0.002677299955394119
266917,6,4,100,0.8,0.0,donor_mean_welch,0,0,0,0.0,,0,0,0.002677299955394119
266918,6,4,100,0.8,0.0,cell_welch,157,0,157,1.0,,1,0,0.002480899973306805
266918,6,4,100,0.8,0.0,donor_mean_welch,0,0,0,0.0,,0,0,0.002480899973306805
266919,6,4,100,0.8,0.0,cell_welch,154,0,154,1.0,,1,0,0.002354399999603629
266919,6,4,100,0.8,0.0,donor_mean_welch,0,0,0,0.0,,0,0,0.002354399999603629
266920,6,4,100,0.8,0.0,cell_welch,160,0,160,1.0,,1,0,0.0021747000282630324
266920,6,4,100,0.8,0.0,donor_mean_welch,0,0,0,0.0,,0,0,0.0021747000282630324
266921,6,4,100,0.8,0.0,cell_welch,161,0,161,1.0,,1,0,0.002236299973446876
266921,6,4,100,0.8,0.0,donor_mean_welch,0,0,0,0.0,,0,0,0.002236299973446876
266922,6,4,100,0.8,0.0,cell_welch,148,0,148,1.0,,1,0,0.0024491999647580087
266922,6,4,100,0.8,0.0,donor_mean_welch,0,0,0,0.0,,0,0,0.0024491999647580087
266923,6,4,100,0.8,0.0,cell_welch,154,0,154,1.0,,1,0,0.0021294999751262367
266923,6,4,100,0.8,0.0,donor_mean_welch,0,0,0,0.0,,0,0,0.0021294999751262367
266924,6,4,100,0.8,0.0,cell_welch,148,0,148,1.0,,1,0,0.0022590000298805535
266924,6,4,100,0.8,0.0,donor_mean_welch,0,0,0,0.0,,0,0,0.0022590000298805535
266925,6,4,100,0.8,0.0,cell_welch,153,0,153,1.0,,1,0,0.002088500012177974
266925,6,4,100,0.8,0.0,donor_mean_welch,0,0,0,0.0,,0,0,0.002088500012177974
266926,6,4,100,0.8,0.0,cell_welch,154,0,154,1.0,,1,0,0.0021294999751262367
266926,6,4,100,0.8,0.0,donor_mean_welch,0,0,0,0.0,,0,0,0.0021294999751262367
266927,6,4,100,0.8,0.0,cell_welch,156,0,156,1.0,,1,0,0.0022188000148162246
266927,6,4,100,0.8,0.0,donor_mean_welch,0,0,0,0.0,,0,0,0.0022188000148162246
266928,6,4,100,0.8,0.0,cell_welch,154,0,154,1.0,,1,0,0.002372399962041527
266928,6,4,100,0.8,0.0,donor_mean_welch,0,0,0,0.0,,0,0,0.002372399962041527
266929,6,4,100,0.8,0.0,cell_welch,158,0,158,1.0,,1,0,0.0022012999979779124
266929,6,4,100,0.8,0.0,donor_mean_welch,0,0,0,0.0,,0,0,0.0022012999979779124
266930,6,4,100,0.8,0.0,cell_welch,161,0,161,1.0,,1,0,0.0022840999881736934
266930,6,4,100,0.8,0.0,donor_mean_welch,0,0,0,0.0,,0,0,0.0022840999881736934
266931,6,4,100,0.8,0.0,cell_welch,159,0,159,1.0,,1,0,0.0022754999808967113
266931,6,4,100,0.8,0.0,donor_mean_welch,0,0,0,0.0,,0,0,0.0022754999808967113
266932,6,4,100,0.8,0.0,cell_welch,170,0,170,1.0,,1,0,0.0022391999955289066
266932,6,4,100,0.8,0.0,donor_mean_welch,0,0,0,0.0,,0,0,0.0022391999955289066
266933,6,4,100,0.8,0.0,cell_welch,150,0,150,1.0,,1,0,0.0025538000045344234
266933,6,4,100,0.8,0.0,donor_mean_welch,0,0,0,0.0,,0,0,0.0025538000045344234
266934,6,4,100,0.8,0.0,cell_welch,136,0,136,1.0,,1,0,0.003492999996524304
266934,6,4,100,0.8,0.0,donor_mean_welch,0,0,0,0.0,,0,0,0.003492999996524304
266935,6,4,100,0.8,0.0,cell_welch,144,0,144,1.0,,1,0,0.003576899995096028
266935,6,4,100,0.8,0.0,donor_mean_welch,0,0,0,0.0,,0,0,0.003576899995096028
266936,6,4,100,0.8,0.0,cell_welch,158,0,158,1.0,,1,0,0.0048319000052288175
266936,6,4,100,0.8,0.0,donor_mean_welch,0,0,0,0.0,,0,0,0.0048319000052288175
266937,6,4,100,0.8,0.0,cell_welch,154,0,154,1.0,,1,0,0.002432500012218952
266937,6,4,100,0.8,0.0,donor_mean_welch,0,0,0,0.0,,0,0,0.002432500012218952
266938,6,4,100,0.8,0.0,cell_welch,162,0,162,1.0,,1,0,0.0023461999953724444
266938,6,4,100,0.8,0.0,donor_mean_welch,0,0,0,0.0,,0,0,0.0023461999953724444
266939,6,4,100,0.8,0.0,cell_welch,163,0,163,1.0,,1,0,0.002203000010922551
266939,6,4,100,0.8,0.0,donor_mean_welch,0,0,0,0.0,,0,0,0.002203000010922551
266940,6,4,100,0.8,0.0,cell_welch,160,0,160,1.0,,1,0,0.0026294999988749623
266940,6,4,100,0.8,0.0,donor_mean_welch,0,0,0,0.0,,0,0,0.0026294999988749623
266941,6,4,100,0.8,0.0,cell_welch,167,0,167,1.0,,1,0,0.0026037999778054655
266941,6,4,100,0.8,0.0,donor_mean_welch,0,0,0,0.0,,0,0,0.0026037999778054655
266942,6,4,100,0.8,0.0,cell_welch,159,0,159,1.0,,1,0,0.0029092999757267535
266942,6,4,100,0.8,0.0,donor_mean_welch,0,0,0,0.0,,0,0,0.0029092999757267535
266943,6,4,100,0.8,0.0,cell_welch,166,0,166,1.0,,1,0,0.0023996999952942133
266943,6,4,100,0.8,0.0,donor_mean_welch,0,0,0,0.0,,0,0,0.0023996999952942133
266944,6,4,100,0.8,0.0,cell_welch,154,0,154,1.0,,1,0,0.002239299996290356
266944,6,4,100,0.8,0.0,donor_mean_welch,0,0,0,0.0,,0,0,0.002239299996290356
266945,6,4,100,0.8,0.0,cell_welch,155,0,155,1.0,,1,0,0.0027892999933101237
266945,6,4,100,0.8,0.0,donor_mean_welch,0,0,0,0.0,,0,0,0.0027892999933101237
266946,6,4,100,0.8,0.0,cell_welch,162,0,162,1.0,,1,0,0.0021496000117622316
266946,6,4,100,0.8,0.0,donor_mean_welch,0,0,0,0.0,,0,0,0.0021496000117622316
266947,6,4,100,0.8,0.0,cell_welch,154,0,154,1.0,,1,0,0.0021502000163309276
266947,6,4,100,0.8,0.0,donor_mean_welch,0,0,0,0.0,,0,0,0.0021502000163309276
266948,6,4,100,0.8,0.0,cell_welch,160,0,160,1.0,,1,0,0.0021724000107496977
266948,6,4,100,0.8,0.0,donor_mean_welch,0,0,0,0.0,,0,0,0.0021724000107496977
266949,6,4,100,0.8,0.0,cell_welch,151,0,151,1.0,,1,0,0.002588899980764836
266949,6,4,100,0.8,0.0,donor_mean_welch,0,0,0,0.0,,0,0,0.002588899980764836
266950,6,4,100,0.8,0.0,cell_welch,152,0,152,1.0,,1,0,0.0021866000024601817
266950,6,4,100,0.8,0.0,donor_mean_welch,0,0,0,0.0,,0,0,0.0021866000024601817
266951,6,4,100,0.8,0.0,cell_welch,166,0,166,1.0,,1,0,0.002184299984946847
266951,6,4,100,0.8,0.0,donor_mean_welch,0,0,0,0.0,,0,0,0.002184299984946847
266952,6,4,100,0.8,0.0,cell_welch,153,0,153,1.0,,1,0,0.0043005000334233046
266952,6,4,100,0.8,0.0,donor_mean_welch,0,0,0,0.0,,0,0,0.0043005000334233046
266953,6,4,100,0.8,0.0,cell_welch,158,0,158,1.0,,1,0,0.002847699972335249
266953,6,4,100,0.8,0.0,donor_mean_welch,0,0,0,0.0,,0,0,0.002847699972335249
266954,6,4,100,0.8,0.0,cell_welch,164,0,164,1.0,,1,0,0.002495399967301637
266954,6,4,100,0.8,0.0,donor_mean_welch,0,0,0,0.0,,0,0,0.002495399967301637
266955,6,4,100,0.8,0.0,cell_welch,159,0,159,1.0,,1,0,0.0024465000024065375
266955,6,4,100,0.8,0.0,donor_mean_welch,0,0,0,0.0,,0,0,0.0024465000024065375
266956,6,4,100,0.8,0.0,cell_welch,160,0,160,1.0,,1,0,0.002458999981172383
266956,6,4,100,0.8,0.0,donor_mean_welch,0,0,0,0.0,,0,0,0.002458999981172383
266957,6,4,100,0.8,0.0,cell_welch,154,0,154,1.0,,1,0,0.0022629000013694167
266957,6,4,100,0.8,0.0,donor_mean_welch,0,0,0,0.0,,0,0,0.0022629000013694167
267908,7,4,100,0.8,0.2,cell_welch,157,33,124,0.7898089171974523,0.825,1,0,0.0022329000057652593
267908,7,4,100,0.8,0.2,donor_mean_welch,0,0,0,0.0,0.0,0,0,0.0022329000057652593
267909,7,4,100,0.8,0.2,cell_welch,152,33,119,0.7828947368421053,0.825,1,0,0.0023239999427460134
267909,7,4,100,0.8,0.2,donor_mean_welch,0,0,0,0.0,0.0,0,0,0.0023239999427460134
267910,7,4,100,0.8,0.2,cell_welch,167,36,131,0.7844311377245509,0.9,1,0,0.002370900008827448
267910,7,4,100,0.8,0.2,donor_mean_welch,0,0,0,0.0,0.0,0,0,0.002370900008827448
267911,7,4,100,0.8,0.2,cell_welch,162,34,128,0.7901234567901234,0.85,1,0,0.0021636999445036054
267911,7,4,100,0.8,0.2,donor_mean_welch,0,0,0,0.0,0.0,0,0,0.0021636999445036054
267912,7,4,100,0.8,0.2,cell_welch,166,34,132,0.7951807228915663,0.85,1,0,0.002217500004917383
267912,7,4,100,0.8,0.2,donor_mean_welch,0,0,0,0.0,0.0,0,0,0.002217500004917383
267913,7,4,100,0.8,0.2,cell_welch,159,37,122,0.7672955974842768,0.925,1,0,0.0021479000570252538
267913,7,4,100,0.8,0.2,donor_mean_welch,0,0,0,0.0,0.0,0,0,0.0021479000570252538
267914,7,4,100,0.8,0.2,cell_welch,152,37,115,0.756578947368421,0.925,1,0,0.002230999991297722
267914,7,4,100,0.8,0.2,donor_mean_welch,0,0,0,0.0,0.0,0,0,0.002230999991297722
267915,7,4,100,0.8,0.2,cell_welch,149,33,116,0.7785234899328859,0.825,1,0,0.0026140999980270863
267915,7,4,100,0.8,0.2,donor_mean_welch,0,0,0,0.0,0.0,0,0,0.0026140999980270863
267916,7,4,100,0.8,0.2,cell_welch,171,38,133,0.7777777777777778,0.95,1,0,0.002129899978172034
267916,7,4,100,0.8,0.2,donor_mean_welch,0,0,0,0.0,0.0,0,0,0.002129899978172034
267917,7,4,100,0.8,0.2,cell_welch,174,40,134,0.7701149425287356,1.0,1,0,0.0027852000202983618
267917,7,4,100,0.8,0.2,donor_mean_welch,0,0,0,0.0,0.0,0,0,0.0027852000202983618
267918,7,4,100,0.8,0.2,cell_welch,165,39,126,0.7636363636363637,0.975,1,0,0.0032130000181496143
267918,7,4,100,0.8,0.2,donor_mean_welch,0,0,0,0.0,0.0,0,0,0.0032130000181496143
267919,7,4,100,0.8,0.2,cell_welch,158,34,124,0.7848101265822784,0.85,1,0,0.002890000003390014
267919,7,4,100,0.8,0.2,donor_mean_welch,0,0,0,0.0,0.0,0,0,0.002890000003390014
267920,7,4,100,0.8,0.2,cell_welch,162,36,126,0.7777777777777778,0.9,1,0,0.0036791000165976584
267920,7,4,100,0.8,0.2,donor_mean_welch,0,0,0,0.0,0.0,0,0,0.0036791000165976584
267921,7,4,100,0.8,0.2,cell_welch,163,37,126,0.7730061349693251,0.925,1,0,0.0032740000169724226
267921,7,4,100,0.8,0.2,donor_mean_welch,0,0,0,0.0,0.0,0,0,0.0032740000169724226
267922,7,4,100,0.8,0.2,cell_welch,159,33,126,0.7924528301886793,0.825,1,0,0.0029758000164292753
267922,7,4,100,0.8,0.2,donor_mean_welch,0,0,0,0.0,0.0,0,0,0.0029758000164292753
267923,7,4,100,0.8,0.2,cell_welch,167,34,133,0.7964071856287425,0.85,1,0,0.003476099984254688
267923,7,4,100,0.8,0.2,donor_mean_welch,0,0,0,0.0,0.0,0,0,0.003476099984254688
267924,7,4,100,0.8,0.2,cell_welch,171,38,133,0.7777777777777778,0.95,1,0,0.002654800016898662
267924,7,4,100,0.8,0.2,donor_mean_welch,0,0,0,0.0,0.0,0,0,0.002654800016898662
267925,7,4,100,0.8,0.2,cell_welch,165,39,126,0.7636363636363637,0.975,1,0,0.003045499965082854
267925,7,4,100,0.8,0.2,donor_mean_welch,0,0,0,0.0,0.0,0,0,0.003045499965082854
267926,7,4,100,0.8,0.2,cell_welch,144,33,111,0.7708333333333334,0.825,1,0,0.004165799997281283
267926,7,4,100,0.8,0.2,donor_mean_welch,0,0,0,0.0,0.0,0,0,0.004165799997281283
267927,7,4,100,0.8,0.2,cell_welch,161,36,125,0.7763975155279503,0.9,1,0,0.00406850001309067
267927,7,4,100,0.8,0.2,donor_mean_welch,0,0,0,0.0,0.0,0,0,0.00406850001309067
267928,7,4,100,0.8,0.2,cell_welch,166,37,129,0.7771084337349398,0.925,1,0,0.003006399958394468
267928,7,4,100,0.8,0.2,donor_mean_welch,0,0,0,0.0,0.0,0,0,0.003006399958394468
267929,7,4,100,0.8,0.2,cell_welch,155,36,119,0.7677419354838709,0.9,1,0,0.003334800014272332
267929,7,4,100,0.8,0.2,donor_mean_welch,1,1,0,0.0,0.025,0,0,0.003334800014272332
267930,7,4,100,0.8,0.2,cell_welch,165,35,130,0.7878787878787878,0.875,1,0,0.002407000050880015
267930,7,4,100,0.8,0.2,donor_mean_welch,0,0,0,0.0,0.0,0,0,0.002407000050880015
267931,7,4,100,0.8,0.2,cell_welch,169,35,134,0.7928994082840237,0.875,1,0,0.0027208999963477254
267931,7,4,100,0.8,0.2,donor_mean_welch,0,0,0,0.0,0.0,0,0,0.0027208999963477254
267932,7,4,100,0.8,0.2,cell_welch,167,35,132,0.7904191616766467,0.875,1,0,0.002672899980098009
267932,7,4,100,0.8,0.2,donor_mean_welch,0,0,0,0.0,0.0,0,0,0.002672899980098009
267933,7,4,100,0.8,0.2,cell_welch,159,37,122,0.7672955974842768,0.925,1,0,0.0039025000296533108
267933,7,4,100,0.8,0.2,donor_mean_welch,0,0,0,0.0,0.0,0,0,0.0039025000296533108
267934,7,4,100,0.8,0.2,cell_welch,154,31,123,0.7987012987012987,0.775,1,0,0.003846600011456758
267934,7,4,100,0.8,0.2,donor_mean_welch,0,0,0,0.0,0.0,0,0,0.003846600011456758
267935,7,4,100,0.8,0.2,cell_welch,152,32,120,0.7894736842105263,0.8,1,0,0.0027997999568469822
267935,7,4,100,0.8,0.2,donor_mean_welch,0,0,0,0.0,0.0,0,0,0.0027997999568469822
267936,7,4,100,0.8,0.2,cell_welch,167,37,130,0.7784431137724551,0.925,1,0,0.0028658999945037067
267936,7,4,100,0.8,0.2,donor_mean_welch,0,0,0,0.0,0.0,0,0,0.0028658999945037067
267937,7,4,100,0.8,0.2,cell_welch,161,37,124,0.7701863354037267,0.925,1,0,0.003071800048928708
267937,7,4,100,0.8,0.2,donor_mean_welch,0,0,0,0.0,0.0,0,0,0.003071800048928708
267938,7,4,100,0.8,0.2,cell_welch,165,37,128,0.7757575757575758,0.925,1,0,0.002409899956546724
267938,7,4,100,0.8,0.2,donor_mean_welch,0,0,0,0.0,0.0,0,0,0.002409899956546724
267939,7,4,100,0.8,0.2,cell_welch,166,34,132,0.7951807228915663,0.85,1,0,0.0029336000443436205
267939,7,4,100,0.8,0.2,donor_mean_welch,0,0,0,0.0,0.0,0,0,0.0029336000443436205
267940,7,4,100,0.8,0.2,cell_welch,163,34,129,0.7914110429447853,0.85,1,0,0.002370900008827448
267940,7,4,100,0.8,0.2,donor_mean_welch,0,0,0,0.0,0.0,0,0,0.002370900008827448
267941,7,4,100,0.8,0.2,cell_welch,164,36,128,0.7804878048780488,0.9,1,0,0.0023726000217720866
267941,7,4,100,0.8,0.2,donor_mean_welch,0,0,0,0.0,0.0,0,0,0.0023726000217720866
267942,7,4,100,0.8,0.2,cell_welch,164,37,127,0.774390243902439,0.925,1,0,0.0021025000023655593
267942,7,4,100,0.8,0.2,donor_mean_welch,0,0,0,0.0,0.0,0,0,0.0021025000023655593
267943,7,4,100,0.8,0.2,cell_welch,157,31,126,0.802547770700637,0.775,1,0,0.0022838999866507947
267943,7,4,100,0.8,0.2,donor_mean_welch,0,0,0,0.0,0.0,0,0,0.0022838999866507947
267944,7,4,100,0.8,0.2,cell_welch,153,34,119,0.7777777777777778,0.85,1,0,0.005303699988871813
267944,7,4,100,0.8,0.2,donor_mean_welch,0,0,0,0.0,0.0,0,0,0.005303699988871813
267945,7,4,100,0.8,0.2,cell_welch,167,34,133,0.7964071856287425,0.85,1,0,0.002988200052641332
267945,7,4,100,0.8,0.2,donor_mean_welch,0,0,0,0.0,0.0,0,0,0.002988200052641332
267946,7,4,100,0.8,0.2,cell_welch,154,32,122,0.7922077922077922,0.8,1,0,0.0024054000386968255
267946,7,4,100,0.8,0.2,donor_mean_welch,1,1,0,0.0,0.025,0,0,0.0024054000386968255
267947,7,4,100,0.8,0.2,cell_welch,171,38,133,0.7777777777777778,0.95,1,0,0.002294400008395314
267947,7,4,100,0.8,0.2,donor_mean_welch,0,0,0,0.0,0.0,0,0,0.002294400008395314
267948,7,4,100,0.8,0.2,cell_welch,149,32,117,0.785234899328859,0.8,1,0,0.002440400014165789
267948,7,4,100,0.8,0.2,donor_mean_welch,0,0,0,0.0,0.0,0,0,0.002440400014165789
267949,7,4,100,0.8,0.2,cell_welch,164,36,128,0.7804878048780488,0.9,1,0,0.002472299966029823
267949,7,4,100,0.8,0.2,donor_mean_welch,0,0,0,0.0,0.0,0,0,0.002472299966029823
267950,7,4,100,0.8,0.2,cell_welch,166,37,129,0.7771084337349398,0.925,1,0,0.002554600010626018
267950,7,4,100,0.8,0.2,donor_mean_welch,0,0,0,0.0,0.0,0,0,0.002554600010626018
267951,7,4,100,0.8,0.2,cell_welch,163,37,126,0.7730061349693251,0.925,1,0,0.002279799955431372
267951,7,4,100,0.8,0.2,donor_mean_welch,0,0,0,0.0,0.0,0,0,0.002279799955431372
267952,7,4,100,0.8,0.2,cell_welch,171,36,135,0.7894736842105263,0.9,1,0,0.0023390999995172024
267952,7,4,100,0.8,0.2,donor_mean_welch,0,0,0,0.0,0.0,0,0,0.0023390999995172024
267953,7,4,100,0.8,0.2,cell_welch,166,36,130,0.7831325301204819,0.9,1,0,0.002521200047340244
267953,7,4,100,0.8,0.2,donor_mean_welch,0,0,0,0.0,0.0,0,0,0.002521200047340244
267954,7,4,100,0.8,0.2,cell_welch,170,36,134,0.788235294117647,0.9,1,0,0.002541899972129613
267954,7,4,100,0.8,0.2,donor_mean_welch,1,0,1,1.0,0.0,1,0,0.002541899972129613
267955,7,4,100,0.8,0.2,cell_welch,155,38,117,0.7548387096774194,0.95,1,0,0.0021668000263161957
267955,7,4,100,0.8,0.2,donor_mean_welch,0,0,0,0.0,0.0,0,0,0.0021668000263161957
267956,7,4,100,0.8,0.2,cell_welch,168,34,134,0.7976190476190477,0.85,1,0,0.004371899995021522
267956,7,4,100,0.8,0.2,donor_mean_welch,0,0,0,0.0,0.0,0,0,0.004371899995021522
267957,7,4,100,0.8,0.2,cell_welch,160,36,124,0.775,0.9,1,0,0.0042990000220015645
267957,7,4,100,0.8,0.2,donor_mean_welch,0,0,0,0.0,0.0,0,0,0.0042990000220015645
268908,8,8,20,0.0,0.0,cell_welch,0,0,0,0.0,,0,0,0.0016784999752417207
268908,8,8,20,0.0,0.0,donor_mean_welch,0,0,0,0.0,,0,0,0.0016784999752417207
268909,8,8,20,0.0,0.0,cell_welch,0,0,0,0.0,,0,0,0.0016118999919854105
268909,8,8,20,0.0,0.0,donor_mean_welch,0,0,0,0.0,,0,0,0.0016118999919854105
268910,8,8,20,0.0,0.0,cell_welch,0,0,0,0.0,,0,0,0.00397649995284155
268910,8,8,20,0.0,0.0,donor_mean_welch,0,0,0,0.0,,0,0,0.00397649995284155
268911,8,8,20,0.0,0.0,cell_welch,0,0,0,0.0,,0,0,0.0014793999725952744
268911,8,8,20,0.0,0.0,donor_mean_welch,0,0,0,0.0,,0,0,0.0014793999725952744
268912,8,8,20,0.0,0.0,cell_welch,0,0,0,0.0,,0,0,0.002325100009329617
268912,8,8,20,0.0,0.0,donor_mean_welch,0,0,0,0.0,,0,0,0.002325100009329617
268913,8,8,20,0.0,0.0,cell_welch,0,0,0,0.0,,0,0,0.0015253000310622156
268913,8,8,20,0.0,0.0,donor_mean_welch,0,0,0,0.0,,0,0,0.0015253000310622156
268914,8,8,20,0.0,0.0,cell_welch,0,0,0,0.0,,0,0,0.0018105999915860593
268914,8,8,20,0.0,0.0,donor_mean_welch,0,0,0,0.0,,0,0,0.0018105999915860593
268915,8,8,20,0.0,0.0,cell_welch,0,0,0,0.0,,0,0,0.0018797999946400523
268915,8,8,20,0.0,0.0,donor_mean_welch,0,0,0,0.0,,0,0,0.0018797999946400523
268916,8,8,20,0.0,0.0,cell_welch,0,0,0,0.0,,0,0,0.0014943999703973532
268916,8,8,20,0.0,0.0,donor_mean_welch,0,0,0,0.0,,0,0,0.0014943999703973532
268917,8,8,20,0.0,0.0,cell_welch,0,0,0,0.0,,0,0,0.0021573000121861696
268917,8,8,20,0.0,0.0,donor_mean_welch,0,0,0,0.0,,0,0,0.0021573000121861696
268918,8,8,20,0.0,0.0,cell_welch,0,0,0,0.0,,0,0,0.0014549000188708305
268918,8,8,20,0.0,0.0,donor_mean_welch,0,0,0,0.0,,0,0,0.0014549000188708305
268919,8,8,20,0.0,0.0,cell_welch,0,0,0,0.0,,0,0,0.0018907000194303691
268919,8,8,20,0.0,0.0,donor_mean_welch,0,0,0,0.0,,0,0,0.0018907000194303691
268920,8,8,20,0.0,0.0,cell_welch,0,0,0,0.0,,0,0,0.002279800013639033
268920,8,8,20,0.0,0.0,donor_mean_welch,0,0,0,0.0,,0,0,0.002279800013639033
268921,8,8,20,0.0,0.0,cell_welch,0,0,0,0.0,,0,0,0.0017488999874331057
268921,8,8,20,0.0,0.0,donor_mean_welch,0,0,0,0.0,,0,0,0.0017488999874331057
268922,8,8,20,0.0,0.0,cell_welch,0,0,0,0.0,,0,0,0.0014942000270821154
268922,8,8,20,0.0,0.0,donor_mean_welch,0,0,0,0.0,,0,0,0.0014942000270821154
268923,8,8,20,0.0,0.0,cell_welch,0,0,0,0.0,,0,0,0.0021976999705657363
268923,8,8,20,0.0,0.0,donor_mean_welch,0,0,0,0.0,,0,0,0.0021976999705657363
268924,8,8,20,0.0,0.0,cell_welch,0,0,0,0.0,,0,0,0.001665899995714426
268924,8,8,20,0.0,0.0,donor_mean_welch,0,0,0,0.0,,0,0,0.001665899995714426
268925,8,8,20,0.0,0.0,cell_welch,0,0,0,0.0,,0,0,0.001638399960938841
268925,8,8,20,0.0,0.0,donor_mean_welch,0,0,0,0.0,,0,0,0.001638399960938841
268926,8,8,20,0.0,0.0,cell_welch,0,0,0,0.0,,0,0,0.0019001999753527343
268926,8,8,20,0.0,0.0,donor_mean_welch,0,0,0,0.0,,0,0,0.0019001999753527343
268927,8,8,20,0.0,0.0,cell_welch,0,0,0,0.0,,0,0,0.0017894000047817826
268927,8,8,20,0.0,0.0,donor_mean_welch,0,0,0,0.0,,0,0,0.0017894000047817826
268928,8,8,20,0.0,0.0,cell_welch,0,0,0,0.0,,0,0,0.0023527999874204397
268928,8,8,20,0.0,0.0,donor_mean_welch,0,0,0,0.0,,0,0,0.0023527999874204397
268929,8,8,20,0.0,0.0,cell_welch,0,0,0,0.0,,0,0,0.0024228999973274767
268929,8,8,20,0.0,0.0,donor_mean_welch,0,0,0,0.0,,0,0,0.0024228999973274767
268930,8,8,20,0.0,0.0,cell_welch,0,0,0,0.0,,0,0,0.001959300017915666
268930,8,8,20,0.0,0.0,donor_mean_welch,0,0,0,0.0,,0,0,0.001959300017915666
268931,8,8,20,0.0,0.0,cell_welch,0,0,0,0.0,,0,0,0.0020975000225007534
268931,8,8,20,0.0,0.0,donor_mean_welch,0,0,0,0.0,,0,0,0.0020975000225007534
268932,8,8,20,0.0,0.0,cell_welch,0,0,0,0.0,,0,0,0.0016918000183068216
268932,8,8,20,0.0,0.0,donor_mean_welch,0,0,0,0.0,,0,0,0.0016918000183068216
268933,8,8,20,0.0,0.0,cell_welch,0,0,0,0.0,,0,0,0.0022477000020444393
268933,8,8,20,0.0,0.0,donor_mean_welch,0,0,0,0.0,,0,0,0.0022477000020444393
268934,8,8,20,0.0,0.0,cell_welch,0,0,0,0.0,,0,0,0.001680399989709258
268934,8,8,20,0.0,0.0,donor_mean_welch,0,0,0,0.0,,0,0,0.001680399989709258
268935,8,8,20,0.0,0.0,cell_welch,0,0,0,0.0,,0,0,0.003303999954368919
268935,8,8,20,0.0,0.0,donor_mean_welch,0,0,0,0.0,,0,0,0.003303999954368919
268936,8,8,20,0.0,0.0,cell_welch,0,0,0,0.0,,0,0,0.003432299999985844
268936,8,8,20,0.0,0.0,donor_mean_welch,0,0,0,0.0,,0,0,0.003432299999985844
268937,8,8,20,0.0,0.0,cell_welch,0,0,0,0.0,,0,0,0.003244600025936961
268937,8,8,20,0.0,0.0,donor_mean_welch,0,0,0,0.0,,0,0,0.003244600025936961
268938,8,8,20,0.0,0.0,cell_welch,0,0,0,0.0,,0,0,0.0015006999601610005
268938,8,8,20,0.0,0.0,donor_mean_welch,0,0,0,0.0,,0,0,0.0015006999601610005
268939,8,8,20,0.0,0.0,cell_welch,0,0,0,0.0,,0,0,0.0017321000341325998
268939,8,8,20,0.0,0.0,donor_mean_welch,0,0,0,0.0,,0,0,0.0017321000341325998
268940,8,8,20,0.0,0.0,cell_welch,0,0,0,0.0,,0,0,0.0014424000401049852
268940,8,8,20,0.0,0.0,donor_mean_welch,0,0,0,0.0,,0,0,0.0014424000401049852
268941,8,8,20,0.0,0.0,cell_welch,0,0,0,0.0,,0,0,0.001600499963387847
268941,8,8,20,0.0,0.0,donor_mean_welch,0,0,0,0.0,,0,0,0.001600499963387847
268942,8,8,20,0.0,0.0,cell_welch,0,0,0,0.0,,0,0,0.0016484999796375632
268942,8,8,20,0.0,0.0,donor_mean_welch,0,0,0,0.0,,0,0,0.0016484999796375632
268943,8,8,20,0.0,0.0,cell_welch,0,0,0,0.0,,0,0,0.0015703999670222402
268943,8,8,20,0.0,0.0,donor_mean_welch,0,0,0,0.0,,0,0,0.0015703999670222402
268944,8,8,20,0.0,0.0,cell_welch,0,0,0,0.0,,0,0,0.001706100010778755
268944,8,8,20,0.0,0.0,donor_mean_welch,0,0,0,0.0,,0,0,0.001706100010778755
268945,8,8,20,0.0,0.0,cell_welch,0,0,0,0.0,,0,0,0.001582800003234297
268945,8,8,20,0.0,0.0,donor_mean_welch,0,0,0,0.0,,0,0,0.001582800003234297
268946,8,8,20,0.0,0.0,cell_welch,0,0,0,0.0,,0,0,0.0026320000179111958
268946,8,8,20,0.0,0.0,donor_mean_welch,0,0,0,0.0,,0,0,0.0026320000179111958
268947,8,8,20,0.0,0.0,cell_welch,0,0,0,0.0,,0,0,0.001380200032144785
268947,8,8,20,0.0,0.0,donor_mean_welch,0,0,0,0.0,,0,0,0.001380200032144785
268948,8,8,20,0.0,0.0,cell_welch,1,0,1,1.0,,1,0,0.001492300012614578
268948,8,8,20,0.0,0.0,donor_mean_welch,0,0,0,0.0,,0,0,0.001492300012614578
268949,8,8,20,0.0,0.0,cell_welch,0,0,0,0.0,,0,0,0.002535999985411763
268949,8,8,20,0.0,0.0,donor_mean_welch,0,0,0,0.0,,0,0,0.002535999985411763
268950,8,8,20,0.0,0.0,cell_welch,0,0,0,0.0,,0,0,0.0014483999693766236
268950,8,8,20,0.0,0.0,donor_mean_welch,0,0,0,0.0,,0,0,0.0014483999693766236
268951,8,8,20,0.0,0.0,cell_welch,0,0,0,0.0,,0,0,0.0017445000121369958
268951,8,8,20,0.0,0.0,donor_mean_welch,0,0,0,0.0,,0,0,0.0017445000121369958
268952,8,8,20,0.0,0.0,cell_welch,0,0,0,0.0,,0,0,0.0014177999692037702
268952,8,8,20,0.0,0.0,donor_mean_welch,0,0,0,0.0,,0,0,0.0014177999692037702
268953,8,8,20,0.0,0.0,cell_welch,0,0,0,0.0,,0,0,0.0014968999894335866
268953,8,8,20,0.0,0.0,donor_mean_welch,0,0,0,0.0,,0,0,0.0014968999894335866
268954,8,8,20,0.0,0.0,cell_welch,0,0,0,0.0,,0,0,0.0013477999600581825
268954,8,8,20,0.0,0.0,donor_mean_welch,0,0,0,0.0,,0,0,0.0013477999600581825
268955,8,8,20,0.0,0.0,cell_welch,1,0,1,1.0,,1,0,0.0036860000109300017
268955,8,8,20,0.0,0.0,donor_mean_welch,0,0,0,0.0,,0,0,0.0036860000109300017
268956,8,8,20,0.0,0.0,cell_welch,0,0,0,0.0,,0,0,0.0034333000076003373
268956,8,8,20,0.0,0.0,donor_mean_welch,0,0,0,0.0,,0,0,0.0034333000076003373
268957,8,8,20,0.0,0.0,cell_welch,0,0,0,0.0,,0,0,0.0014953999780118465
268957,8,8,20,0.0,0.0,donor_mean_welch,0,0,0,0.0,,0,0,0.0014953999780118465
269908,9,8,20,0.0,0.2,cell_welch,43,40,3,0.06976744186046512,1.0,1,0,0.00222239998402074
269908,9,8,20,0.0,0.2,donor_mean_welch,43,40,3,0.06976744186046512,1.0,1,0,0.00222239998402074
269909,9,8,20,0.0,0.2,cell_welch,42,40,2,0.047619047619047616,1.0,1,0,0.0026837000041268766
269909,9,8,20,0.0,0.2,donor_mean_welch,42,40,2,0.047619047619047616,1.0,1,0,0.0026837000041268766
269910,9,8,20,0.0,0.2,cell_welch,44,40,4,0.09090909090909091,1.0,1,0,0.0017520999535918236
269910,9,8,20,0.0,0.2,donor_mean_welch,40,40,0,0.0,1.0,0,0,0.0017520999535918236
269911,9,8,20,0.0,0.2,cell_welch,42,40,2,0.047619047619047616,1.0,1,0,0.0016054000006988645
269911,9,8,20,0.0,0.2,donor_mean_welch,42,40,2,0.047619047619047616,1.0,1,0,0.0016054000006988645
269912,9,8,20,0.0,0.2,cell_welch,42,40,2,0.047619047619047616,1.0,1,0,0.0015308000147342682
269912,9,8,20,0.0,0.2,donor_mean_welch,44,40,4,0.09090909090909091,1.0,1,0,0.0015308000147342682
269913,9,8,20,0.0,0.2,cell_welch,41,40,1,0.024390243902439025,1.0,1,0,0.0015575999859720469
269913,9,8,20,0.0,0.2,donor_mean_welch,41,40,1,0.024390243902439025,1.0,1,0,0.0015575999859720469
269914,9,8,20,0.0,0.2,cell_welch,41,40,1,0.024390243902439025,1.0,1,0,0.0024417000240646303
269914,9,8,20,0.0,0.2,donor_mean_welch,42,40,2,0.047619047619047616,1.0,1,0,0.0024417000240646303
269915,9,8,20,0.0,0.2,cell_welch,43,40,3,0.06976744186046512,1.0,1,0,0.0019581999513320625
269915,9,8,20,0.0,0.2,donor_mean_welch,43,40,3,0.06976744186046512,1.0,1,0,0.0019581999513320625
269916,9,8,20,0.0,0.2,cell_welch,41,39,2,0.04878048780487805,0.975,1,0,0.0025522999931126833
269916,9,8,20,0.0,0.2,donor_mean_welch,41,40,1,0.024390243902439025,1.0,1,0,0.0025522999931126833
269917,9,8,20,0.0,0.2,cell_welch,43,40,3,0.06976744186046512,1.0,1,0,0.0017351999995298684
269917,9,8,20,0.0,0.2,donor_mean_welch,40,40,0,0.0,1.0,0,0,0.0017351999995298684
269918,9,8,20,0.0,0.2,cell_welch,41,40,1,0.024390243902439025,1.0,1,0,0.0015102000324986875
269918,9,8,20,0.0,0.2,donor_mean_welch,41,40,1,0.024390243902439025,1.0,1,0,0.0015102000324986875
269919,9,8,20,0.0,0.2,cell_welch,42,40,2,0.047619047619047616,1.0,1,0,0.0030396999791264534
269919,9,8,20,0.0,0.2,donor_mean_welch,42,40,2,0.047619047619047616,1.0,1,0,0.0030396999791264534
269920,9,8,20,0.0,0.2,cell_welch,43,40,3,0.06976744186046512,1.0,1,0,0.001520699996035546
269920,9,8,20,0.0,0.2,donor_mean_welch,42,40,2,0.047619047619047616,1.0,1,0,0.001520699996035546
269921,9,8,20,0.0,0.2,cell_welch,41,40,1,0.024390243902439025,1.0,1,0,0.0017963999998755753
269921,9,8,20,0.0,0.2,donor_mean_welch,42,40,2,0.047619047619047616,1.0,1,0,0.0017963999998755753
269922,9,8,20,0.0,0.2,cell_welch,40,40,0,0.0,1.0,0,0,0.003286799998022616
269922,9,8,20,0.0,0.2,donor_mean_welch,40,40,0,0.0,1.0,0,0,0.003286799998022616
269923,9,8,20,0.0,0.2,cell_welch,43,40,3,0.06976744186046512,1.0,1,0,0.001456799975130707
269923,9,8,20,0.0,0.2,donor_mean_welch,43,40,3,0.06976744186046512,1.0,1,0,0.001456799975130707
269924,9,8,20,0.0,0.2,cell_welch,40,40,0,0.0,1.0,0,0,0.0027317999629303813
269924,9,8,20,0.0,0.2,donor_mean_welch,40,40,0,0.0,1.0,0,0,0.0027317999629303813
269925,9,8,20,0.0,0.2,cell_welch,41,40,1,0.024390243902439025,1.0,1,0,0.0017337999888695776
269925,9,8,20,0.0,0.2,donor_mean_welch,40,40,0,0.0,1.0,0,0,0.0017337999888695776
269926,9,8,20,0.0,0.2,cell_welch,44,40,4,0.09090909090909091,1.0,1,0,0.00195870001334697
269926,9,8,20,0.0,0.2,donor_mean_welch,42,40,2,0.047619047619047616,1.0,1,0,0.00195870001334697
269927,9,8,20,0.0,0.2,cell_welch,46,40,6,0.13043478260869565,1.0,1,0,0.0024089000071398914
269927,9,8,20,0.0,0.2,donor_mean_welch,44,40,4,0.09090909090909091,1.0,1,0,0.0024089000071398914
269928,9,8,20,0.0,0.2,cell_welch,42,40,2,0.047619047619047616,1.0,1,0,0.0014807999832555652
269928,9,8,20,0.0,0.2,donor_mean_welch,42,40,2,0.047619047619047616,1.0,1,0,0.0014807999832555652
269929,9,8,20,0.0,0.2,cell_welch,42,40,2,0.047619047619047616,1.0,1,0,0.0027618000167421997
269929,9,8,20,0.0,0.2,donor_mean_welch,41,40,1,0.024390243902439025,1.0,1,0,0.0027618000167421997
269930,9,8,20,0.0,0.2,cell_welch,42,40,2,0.047619047619047616,1.0,1,0,0.00395010004285723
269930,9,8,20,0.0,0.2,donor_mean_welch,43,40,3,0.06976744186046512,1.0,1,0,0.00395010004285723
269931,9,8,20,0.0,0.2,cell_welch,42,40,2,0.047619047619047616,1.0,1,0,0.0016415999853052199
269931,9,8,20,0.0,0.2,donor_mean_welch,42,40,2,0.047619047619047616,1.0,1,0,0.0016415999853052199
269932,9,8,20,0.0,0.2,cell_welch,40,40,0,0.0,1.0,0,0,0.0015950000379234552
269932,9,8,20,0.0,0.2,donor_mean_welch,40,40,0,0.0,1.0,0,0,0.0015950000379234552
269933,9,8,20,0.0,0.2,cell_welch,42,40,2,0.047619047619047616,1.0,1,0,0.0017491999897174537
269933,9,8,20,0.0,0.2,donor_mean_welch,42,40,2,0.047619047619047616,1.0,1,0,0.0017491999897174537
269934,9,8,20,0.0,0.2,cell_welch,40,40,0,0.0,1.0,0,0,0.00152449996676296
269934,9,8,20,0.0,0.2,donor_mean_welch,40,40,0,0.0,1.0,0,0,0.00152449996676296
269935,9,8,20,0.0,0.2,cell_welch,41,40,1,0.024390243902439025,1.0,1,0,0.0031688999733887613
269935,9,8,20,0.0,0.2,donor_mean_welch,43,40,3,0.06976744186046512,1.0,1,0,0.0031688999733887613
269936,9,8,20,0.0,0.2,cell_welch,41,40,1,0.024390243902439025,1.0,1,0,0.0016388000221922994
269936,9,8,20,0.0,0.2,donor_mean_welch,41,40,1,0.024390243902439025,1.0,1,0,0.0016388000221922994
269937,9,8,20,0.0,0.2,cell_welch,40,40,0,0.0,1.0,0,0,0.002175700035877526
269937,9,8,20,0.0,0.2,donor_mean_welch,40,40,0,0.0,1.0,0,0,0.002175700035877526
269938,9,8,20,0.0,0.2,cell_welch,41,40,1,0.024390243902439025,1.0,1,0,0.003287400002591312
269938,9,8,20,0.0,0.2,donor_mean_welch,42,40,2,0.047619047619047616,1.0,1,0,0.003287400002591312
269939,9,8,20,0.0,0.2,cell_welch,41,40,1,0.024390243902439025,1.0,1,0,0.002411500026937574
269939,9,8,20,0.0,0.2,donor_mean_welch,40,40,0,0.0,1.0,0,0,0.002411500026937574
269940,9,8,20,0.0,0.2,cell_welch,41,40,1,0.024390243902439025,1.0,1,0,0.0016439000028185546
269940,9,8,20,0.0,0.2,donor_mean_welch,42,40,2,0.047619047619047616,1.0,1,0,0.0016439000028185546
269941,9,8,20,0.0,0.2,cell_welch,41,40,1,0.024390243902439025,1.0,1,0,0.0028601999511010945
269941,9,8,20,0.0,0.2,donor_mean_welch,39,39,0,0.0,0.975,0,0,0.0028601999511010945
269942,9,8,20,0.0,0.2,cell_welch,42,40,2,0.047619047619047616,1.0,1,0,0.0015648000407963991
269942,9,8,20,0.0,0.2,donor_mean_welch,40,40,0,0.0,1.0,0,0,0.0015648000407963991
269943,9,8,20,0.0,0.2,cell_welch,40,40,0,0.0,1.0,0,0,0.001582800003234297
269943,9,8,20,0.0,0.2,donor_mean_welch,41,40,1,0.024390243902439025,1.0,1,0,0.001582800003234297
269944,9,8,20,0.0,0.2,cell_welch,42,40,2,0.047619047619047616,1.0,1,0,0.0030926999752409756
269944,9,8,20,0.0,0.2,donor_mean_welch,41,40,1,0.024390243902439025,1.0,1,0,0.0030926999752409756
269945,9,8,20,0.0,0.2,cell_welch,40,40,0,0.0,1.0,0,0,0.00163870002143085
269945,9,8,20,0.0,0.2,donor_mean_welch,41,40,1,0.024390243902439025,1.0,1,0,0.00163870002143085
269946,9,8,20,0.0,0.2,cell_welch,41,40,1,0.024390243902439025,1.0,1,0,0.0025188999716192484
269946,9,8,20,0.0,0.2,donor_mean_welch,42,40,2,0.047619047619047616,1.0,1,0,0.0025188999716192484
269947,9,8,20,0.0,0.2,cell_welch,41,40,1,0.024390243902439025,1.0,1,0,0.002397499978542328
269947,9,8,20,0.0,0.2,donor_mean_welch,40,40,0,0.0,1.0,0,0,0.002397499978542328
269948,9,8,20,0.0,0.2,cell_welch,42,40,2,0.047619047619047616,1.0,1,0,0.0019373999675735831
269948,9,8,20,0.0,0.2,donor_mean_welch,41,40,1,0.024390243902439025,1.0,1,0,0.0019373999675735831
269949,9,8,20,0.0,0.2,cell_welch,42,40,2,0.047619047619047616,1.0,1,0,0.0022559999488294125
269949,9,8,20,0.0,0.2,donor_mean_welch,43,40,3,0.06976744186046512,1.0,1,0,0.0022559999488294125
269950,9,8,20,0.0,0.2,cell_welch,42,40,2,0.047619047619047616,1.0,1,0,0.0014987000031396747
269950,9,8,20,0.0,0.2,donor_mean_welch,42,40,2,0.047619047619047616,1.0,1,0,0.0014987000031396747
269951,9,8,20,0.0,0.2,cell_welch,43,40,3,0.06976744186046512,1.0,1,0,0.0016291000065393746
269951,9,8,20,0.0,0.2,donor_mean_welch,43,40,3,0.06976744186046512,1.0,1,0,0.0016291000065393746
269952,9,8,20,0.0,0.2,cell_welch,43,40,3,0.06976744186046512,1.0,1,0,0.002204400021582842
269952,9,8,20,0.0,0.2,donor_mean_welch,41,40,1,0.024390243902439025,1.0,1,0,0.002204400021582842
269953,9,8,20,0.0,0.2,cell_welch,41,40,1,0.024390243902439025,1.0,1,0,0.00152160000288859
269953,9,8,20,0.0,0.2,donor_mean_welch,41,40,1,0.024390243902439025,1.0,1,0,0.00152160000288859
269954,9,8,20,0.0,0.2,cell_welch,41,40,1,0.024390243902439025,1.0,1,0,0.0020761999767273664
269954,9,8,20,0.0,0.2,donor_mean_welch,40,40,0,0.0,1.0,0,0,0.0020761999767273664
269955,9,8,20,0.0,0.2,cell_welch,41,40,1,0.024390243902439025,1.0,1,0,0.002177799993660301
269955,9,8,20,0.0,0.2,donor_mean_welch,40,40,0,0.0,1.0,0,0,0.002177799993660301
269956,9,8,20,0.0,0.2,cell_welch,42,40,2,0.047619047619047616,1.0,1,0,0.00255279999691993
269956,9,8,20,0.0,0.2,donor_mean_welch,41,40,1,0.024390243902439025,1.0,1,0,0.00255279999691993
269957,9,8,20,0.0,0.2,cell_welch,43,40,3,0.06976744186046512,1.0,1,0,0.0018068000208586454
269957,9,8,20,0.0,0.2,donor_mean_welch,41,40,1,0.024390243902439025,1.0,1,0,0.0018068000208586454
270908,10,8,20,0.8,0.0,cell_welch,100,0,100,1.0,,1,0,0.003079499991144985
270908,10,8,20,0.8,0.0,donor_mean_welch,0,0,0,0.0,,0,0,0.003079499991144985
270909,10,8,20,0.8,0.0,cell_welch,101,0,101,1.0,,1,0,0.0014926999574527144
270909,10,8,20,0.8,0.0,donor_mean_welch,0,0,0,0.0,,0,0,0.0014926999574527144
270910,10,8,20,0.8,0.0,cell_welch,103,0,103,1.0,,1,0,0.0021909999777562916
270910,10,8,20,0.8,0.0,donor_mean_welch,0,0,0,0.0,,0,0,0.0021909999777562916
270911,10,8,20,0.8,0.0,cell_welch,103,0,103,1.0,,1,0,0.002645400003530085
270911,10,8,20,0.8,0.0,donor_mean_welch,0,0,0,0.0,,0,0,0.002645400003530085
270912,10,8,20,0.8,0.0,cell_welch,103,0,103,1.0,,1,0,0.0021526999771595
270912,10,8,20,0.8,0.0,donor_mean_welch,0,0,0,0.0,,0,0,0.0021526999771595
270913,10,8,20,0.8,0.0,cell_welch,96,0,96,1.0,,1,0,0.003038100025150925
270913,10,8,20,0.8,0.0,donor_mean_welch,0,0,0,0.0,,0,0,0.003038100025150925
270914,10,8,20,0.8,0.0,cell_welch,99,0,99,1.0,,1,0,0.0030963000026531518
270914,10,8,20,0.8,0.0,donor_mean_welch,0,0,0,0.0,,0,0,0.0030963000026531518
270915,10,8,20,0.8,0.0,cell_welch,100,0,100,1.0,,1,0,0.0016042000497691333
270915,10,8,20,0.8,0.0,donor_mean_welch,0,0,0,0.0,,0,0,0.0016042000497691333
270916,10,8,20,0.8,0.0,cell_welch,100,0,100,1.0,,1,0,0.0017030000453814864
270916,10,8,20,0.8,0.0,donor_mean_welch,0,0,0,0.0,,0,0,0.0017030000453814864
270917,10,8,20,0.8,0.0,cell_welch,110,0,110,1.0,,1,0,0.0026013999595306814
270917,10,8,20,0.8,0.0,donor_mean_welch,0,0,0,0.0,,0,0,0.0026013999595306814
270918,10,8,20,0.8,0.0,cell_welch,95,0,95,1.0,,1,0,0.001415100006852299
270918,10,8,20,0.8,0.0,donor_mean_welch,0,0,0,0.0,,0,0,0.001415100006852299
270919,10,8,20,0.8,0.0,cell_welch,96,0,96,1.0,,1,0,0.0017257999861612916
270919,10,8,20,0.8,0.0,donor_mean_welch,0,0,0,0.0,,0,0,0.0017257999861612916
270920,10,8,20,0.8,0.0,cell_welch,100,0,100,1.0,,1,0,0.002252299978863448
270920,10,8,20,0.8,0.0,donor_mean_welch,0,0,0,0.0,,0,0,0.002252299978863448
270921,10,8,20,0.8,0.0,cell_welch,101,0,101,1.0,,1,0,0.0015376000083051622
270921,10,8,20,0.8,0.0,donor_mean_welch,0,0,0,0.0,,0,0,0.0015376000083051622
270922,10,8,20,0.8,0.0,cell_welch,103,0,103,1.0,,1,0,0.0018497999990358949
270922,10,8,20,0.8,0.0,donor_mean_welch,0,0,0,0.0,,0,0,0.0018497999990358949
270923,10,8,20,0.8,0.0,cell_welch,102,0,102,1.0,,1,0,0.0013971999869681895
270923,10,8,20,0.8,0.0,donor_mean_welch,0,0,0,0.0,,0,0,0.0013971999869681895
270924,10,8,20,0.8,0.0,cell_welch,108,0,108,1.0,,1,0,0.0016260999836958945
270924,10,8,20,0.8,0.0,donor_mean_welch,0,0,0,0.0,,0,0,0.0016260999836958945
270925,10,8,20,0.8,0.0,cell_welch,104,0,104,1.0,,1,0,0.0020726000075228512
270925,10,8,20,0.8,0.0,donor_mean_welch,0,0,0,0.0,,0,0,0.0020726000075228512
270926,10,8,20,0.8,0.0,cell_welch,86,0,86,1.0,,1,0,0.0014790999703109264
270926,10,8,20,0.8,0.0,donor_mean_welch,0,0,0,0.0,,0,0,0.0014790999703109264
270927,10,8,20,0.8,0.0,cell_welch,103,0,103,1.0,,1,0,0.0020738999592140317
270927,10,8,20,0.8,0.0,donor_mean_welch,0,0,0,0.0,,0,0,0.0020738999592140317
270928,10,8,20,0.8,0.0,cell_welch,111,0,111,1.0,,1,0,0.0016515000024810433
270928,10,8,20,0.8,0.0,donor_mean_welch,0,0,0,0.0,,0,0,0.0016515000024810433
270929,10,8,20,0.8,0.0,cell_welch,112,0,112,1.0,,1,0,0.0017455999623052776
270929,10,8,20,0.8,0.0,donor_mean_welch,0,0,0,0.0,,0,0,0.0017455999623052776
270930,10,8,20,0.8,0.0,cell_welch,108,0,108,1.0,,1,0,0.0021243999944999814
270930,10,8,20,0.8,0.0,donor_mean_welch,0,0,0,0.0,,0,0,0.0021243999944999814
270931,10,8,20,0.8,0.0,cell_welch,107,0,107,1.0,,1,0,0.0017624000320211053
270931,10,8,20,0.8,0.0,donor_mean_welch,0,0,0,0.0,,0,0,0.0017624000320211053
270932,10,8,20,0.8,0.0,cell_welch,102,0,102,1.0,,1,0,0.0016505999956279993
270932,10,8,20,0.8,0.0,donor_mean_welch,0,0,0,0.0,,0,0,0.0016505999956279993
270933,10,8,20,0.8,0.0,cell_welch,113,0,113,1.0,,1,0,0.0026382000069133937
270933,10,8,20,0.8,0.0,donor_mean_welch,0,0,0,0.0,,0,0,0.0026382000069133937
270934,10,8,20,0.8,0.0,cell_welch,96,0,96,1.0,,1,0,0.0018979000160470605
270934,10,8,20,0.8,0.0,donor_mean_welch,0,0,0,0.0,,0,0,0.0018979000160470605
270935,10,8,20,0.8,0.0,cell_welch,84,0,84,1.0,,1,0,0.0015152000123634934
270935,10,8,20,0.8,0.0,donor_mean_welch,0,0,0,0.0,,0,0,0.0015152000123634934
270936,10,8,20,0.8,0.0,cell_welch,109,0,109,1.0,,1,0,0.0018013999797403812
270936,10,8,20,0.8,0.0,donor_mean_welch,0,0,0,0.0,,0,0,0.0018013999797403812
270937,10,8,20,0.8,0.0,cell_welch,107,0,107,1.0,,1,0,0.0016937999753281474
270937,10,8,20,0.8,0.0,donor_mean_welch,0,0,0,0.0,,0,0,0.0016937999753281474
270938,10,8,20,0.8,0.0,cell_welch,90,0,90,1.0,,1,0,0.0016403999761678278
270938,10,8,20,0.8,0.0,donor_mean_welch,0,0,0,0.0,,0,0,0.0016403999761678278
270939,10,8,20,0.8,0.0,cell_welch,97,0,97,1.0,,1,0,0.003652100043836981
270939,10,8,20,0.8,0.0,donor_mean_welch,0,0,0,0.0,,0,0,0.003652100043836981
270940,10,8,20,0.8,0.0,cell_welch,113,0,113,1.0,,1,0,0.0018020999850705266
270940,10,8,20,0.8,0.0,donor_mean_welch,0,0,0,0.0,,0,0,0.0018020999850705266
270941,10,8,20,0.8,0.0,cell_welch,96,0,96,1.0,,1,0,0.0015061000012792647
270941,10,8,20,0.8,0.0,donor_mean_welch,0,0,0,0.0,,0,0,0.0015061000012792647
270942,10,8,20,0.8,0.0,cell_welch,108,0,108,1.0,,1,0,0.0015057999989949167
270942,10,8,20,0.8,0.0,donor_mean_welch,0,0,0,0.0,,0,0,0.0015057999989949167
270943,10,8,20,0.8,0.0,cell_welch,101,0,101,1.0,,1,0,0.001476000004913658
270943,10,8,20,0.8,0.0,donor_mean_welch,0,0,0,0.0,,0,0,0.001476000004913658
270944,10,8,20,0.8,0.0,cell_welch,95,0,95,1.0,,1,0,0.002762200019787997
270944,10,8,20,0.8,0.0,donor_mean_welch,1,0,1,1.0,,1,0,0.002762200019787997
270945,10,8,20,0.8,0.0,cell_welch,103,0,103,1.0,,1,0,0.0014093999634496868
270945,10,8,20,0.8,0.0,donor_mean_welch,0,0,0,0.0,,0,0,0.0014093999634496868
270946,10,8,20,0.8,0.0,cell_welch,100,0,100,1.0,,1,0,0.0015577999874949455
270946,10,8,20,0.8,0.0,donor_mean_welch,0,0,0,0.0,,0,0,0.0015577999874949455
270947,10,8,20,0.8,0.0,cell_welch,88,0,88,1.0,,1,0,0.0016502999933436513
270947,10,8,20,0.8,0.0,donor_mean_welch,0,0,0,0.0,,0,0,0.0016502999933436513
270948,10,8,20,0.8,0.0,cell_welch,92,0,92,1.0,,1,0,0.001437300001271069
270948,10,8,20,0.8,0.0,donor_mean_welch,0,0,0,0.0,,0,0,0.001437300001271069
270949,10,8,20,0.8,0.0,cell_welch,106,0,106,1.0,,1,0,0.0018621000344865024
270949,10,8,20,0.8,0.0,donor_mean_welch,0,0,0,0.0,,0,0,0.0018621000344865024
270950,10,8,20,0.8,0.0,cell_welch,95,0,95,1.0,,1,0,0.0014143000007607043
270950,10,8,20,0.8,0.0,donor_mean_welch,0,0,0,0.0,,0,0,0.0014143000007607043
270951,10,8,20,0.8,0.0,cell_welch,101,0,101,1.0,,1,0,0.0015612999559380114
270951,10,8,20,0.8,0.0,donor_mean_welch,0,0,0,0.0,,0,0,0.0015612999559380114
270952,10,8,20,0.8,0.0,cell_welch,93,0,93,1.0,,1,0,0.0034989999840036035
270952,10,8,20,0.8,0.0,donor_mean_welch,0,0,0,0.0,,0,0,0.0034989999840036035
270953,10,8,20,0.8,0.0,cell_welch,102,0,102,1.0,,1,0,0.0014188999775797129
270953,10,8,20,0.8,0.0,donor_mean_welch,0,0,0,0.0,,0,0,0.0014188999775797129
270954,10,8,20,0.8,0.0,cell_welch,107,0,107,1.0,,1,0,0.0015842000138945878
270954,10,8,20,0.8,0.0,donor_mean_welch,0,0,0,0.0,,0,0,0.0015842000138945878
270955,10,8,20,0.8,0.0,cell_welch,95,0,95,1.0,,1,0,0.001362500013783574
270955,10,8,20,0.8,0.0,donor_mean_welch,0,0,0,0.0,,0,0,0.001362500013783574
270956,10,8,20,0.8,0.0,cell_welch,92,0,92,1.0,,1,0,0.001576900016516447
270956,10,8,20,0.8,0.0,donor_mean_welch,0,0,0,0.0,,0,0,0.001576900016516447
270957,10,8,20,0.8,0.0,cell_welch,103,0,103,1.0,,1,0,0.00166379997972399
270957,10,8,20,0.8,0.0,donor_mean_welch,0,0,0,0.0,,0,0,0.00166379997972399
271908,11,8,20,0.8,0.2,cell_welch,125,38,87,0.696,0.95,1,0,0.0015710999723523855
271908,11,8,20,0.8,0.2,donor_mean_welch,1,1,0,0.0,0.025,0,0,0.0015710999723523855
271909,11,8,20,0.8,0.2,cell_welch,100,32,68,0.68,0.8,1,0,0.003617500013206154
271909,11,8,20,0.8,0.2,donor_mean_welch,0,0,0,0.0,0.0,0,0,0.003617500013206154
271910,11,8,20,0.8,0.2,cell_welch,119,32,87,0.7310924369747899,0.8,1,0,0.0014161000144667923
271910,11,8,20,0.8,0.2,donor_mean_welch,0,0,0,0.0,0.0,0,0,0.0014161000144667923
271911,11,8,20,0.8,0.2,cell_welch,119,36,83,0.6974789915966386,0.9,1,0,0.001893900043796748
271911,11,8,20,0.8,0.2,donor_mean_welch,0,0,0,0.0,0.0,0,0,0.001893900043796748
271912,11,8,20,0.8,0.2,cell_welch,129,37,92,0.7131782945736435,0.925,1,0,0.0017828000127337873
271912,11,8,20,0.8,0.2,donor_mean_welch,0,0,0,0.0,0.0,0,0,0.0017828000127337873
271913,11,8,20,0.8,0.2,cell_welch,112,35,77,0.6875,0.875,1,0,0.0014544000150635839
271913,11,8,20,0.8,0.2,donor_mean_welch,0,0,0,0.0,0.0,0,0,0.0014544000150635839
271914,11,8,20,0.8,0.2,cell_welch,107,31,76,0.7102803738317757,0.775,1,0,0.0014457000070251524
271914,11,8,20,0.8,0.2,donor_mean_welch,0,0,0,0.0,0.0,0,0,0.0014457000070251524
271915,11,8,20,0.8,0.2,cell_welch,111,32,79,0.7117117117117117,0.8,1,0,0.0037321000127121806
271915,11,8,20,0.8,0.2,donor_mean_welch,0,0,0,0.0,0.0,0,0,0.0037321000127121806
271916,11,8,20,0.8,0.2,cell_welch,110,36,74,0.6727272727272727,0.9,1,0,0.0013794000260531902
271916,11,8,20,0.8,0.2,donor_mean_welch,0,0,0,0.0,0.0,0,0,0.0013794000260531902
271917,11,8,20,0.8,0.2,cell_welch,105,35,70,0.6666666666666666,0.875,1,0,0.003372000006493181
271917,11,8,20,0.8,0.2,donor_mean_welch,1,1,0,0.0,0.025,0,0,0.003372000006493181
271918,11,8,20,0.8,0.2,cell_welch,127,35,92,0.7244094488188977,0.875,1,0,0.003948300029151142
271918,11,8,20,0.8,0.2,donor_mean_welch,0,0,0,0.0,0.0,0,0,0.003948300029151142
271919,11,8,20,0.8,0.2,cell_welch,107,35,72,0.6728971962616822,0.875,1,0,0.001346500008367002
271919,11,8,20,0.8,0.2,donor_mean_welch,0,0,0,0.0,0.0,0,0,0.001346500008367002
271920,11,8,20,0.8,0.2,cell_welch,111,32,79,0.7117117117117117,0.8,1,0,0.001433999976143241
271920,11,8,20,0.8,0.2,donor_mean_welch,0,0,0,0.0,0.0,0,0,0.001433999976143241
271921,11,8,20,0.8,0.2,cell_welch,108,33,75,0.6944444444444444,0.825,1,0,0.0014745999942533672
271921,11,8,20,0.8,0.2,donor_mean_welch,0,0,0,0.0,0.0,0,0,0.0014745999942533672
271922,11,8,20,0.8,0.2,cell_welch,127,34,93,0.7322834645669292,0.85,1,0,0.0014084999565966427
271922,11,8,20,0.8,0.2,donor_mean_welch,1,1,0,0.0,0.025,0,0,0.0014084999565966427
271923,11,8,20,0.8,0.2,cell_welch,130,34,96,0.7384615384615385,0.85,1,0,0.001727700000628829
271923,11,8,20,0.8,0.2,donor_mean_welch,0,0,0,0.0,0.0,0,0,0.001727700000628829
271924,11,8,20,0.8,0.2,cell_welch,124,37,87,0.7016129032258065,0.925,1,0,0.001208100002259016
271924,11,8,20,0.8,0.2,donor_mean_welch,1,1,0,0.0,0.025,0,0,0.001208100002259016
271925,11,8,20,0.8,0.2,cell_welch,111,32,79,0.7117117117117117,0.8,1,0,0.0017825000104494393
271925,11,8,20,0.8,0.2,donor_mean_welch,2,2,0,0.0,0.05,0,0,0.0017825000104494393
271926,11,8,20,0.8,0.2,cell_welch,125,39,86,0.688,0.975,1,0,0.00315730000147596
271926,11,8,20,0.8,0.2,donor_mean_welch,0,0,0,0.0,0.0,0,0,0.00315730000147596
271927,11,8,20,0.8,0.2,cell_welch,129,29,100,0.7751937984496124,0.725,1,0,0.0014853000175207853
271927,11,8,20,0.8,0.2,donor_mean_welch,0,0,0,0.0,0.0,0,0,0.0014853000175207853
271928,11,8,20,0.8,0.2,cell_welch,114,38,76,0.6666666666666666,0.95,1,0,0.002000899985432625
271928,11,8,20,0.8,0.2,donor_mean_welch,1,1,0,0.0,0.025,0,0,0.002000899985432625
271929,11,8,20,0.8,0.2,cell_welch,113,35,78,0.6902654867256637,0.875,1,0,0.0013038000324741006
271929,11,8,20,0.8,0.2,donor_mean_welch,1,1,0,0.0,0.025,0,0,0.0013038000324741006
271930,11,8,20,0.8,0.2,cell_welch,122,35,87,0.7131147540983607,0.875,1,0,0.0015457000117748976
271930,11,8,20,0.8,0.2,donor_mean_welch,0,0,0,0.0,0.0,0,0,0.0015457000117748976
271931,11,8,20,0.8,0.2,cell_welch,124,37,87,0.7016129032258065,0.925,1,0,0.0027068000053986907
271931,11,8,20,0.8,0.2,donor_mean_welch,0,0,0,0.0,0.0,0,0,0.0027068000053986907
271932,11,8,20,0.8,0.2,cell_welch,121,34,87,0.71900826446281,0.85,1,0,0.0013986999983899295
271932,11,8,20,0.8,0.2,donor_mean_welch,0,0,0,0.0,0.0,0,0,0.0013986999983899295
271933,11,8,20,0.8,0.2,cell_welch,116,30,86,0.7413793103448276,0.75,1,0,0.0016873000422492623
271933,11,8,20,0.8,0.2,donor_mean_welch,0,0,0,0.0,0.0,0,0,0.0016873000422492623
271934,11,8,20,0.8,0.2,cell_welch,130,35,95,0.7307692307692307,0.875,1,0,0.003598499984946102
271934,11,8,20,0.8,0.2,donor_mean_welch,0,0,0,0.0,0.0,0,0,0.003598499984946102
271935,11,8,20,0.8,0.2,cell_welch,123,35,88,0.7154471544715447,0.875,1,0,0.0016830000095069408
271935,11,8,20,0.8,0.2,donor_mean_welch,0,0,0,0.0,0.0,0,0,0.0016830000095069408
271936,11,8,20,0.8,0.2,cell_welch,116,34,82,0.7068965517241379,0.85,1,0,0.0016493999864906073
271936,11,8,20,0.8,0.2,donor_mean_welch,0,0,0,0.0,0.0,0,0,0.0016493999864906073
271937,11,8,20,0.8,0.2,cell_welch,117,34,83,0.7094017094017094,0.85,1,0,0.0012993999989703298
271937,11,8,20,0.8,0.2,donor_mean_welch,0,0,0,0.0,0.0,0,0,0.0012993999989703298
271938,11,8,20,0.8,0.2,cell_welch,126,35,91,0.7222222222222222,0.875,1,0,0.0015422999858856201
271938,11,8,20,0.8,0.2,donor_mean_welch,0,0,0,0.0,0.0,0,0,0.0015422999858856201
271939,11,8,20,0.8,0.2,cell_welch,123,37,86,0.6991869918699187,0.925,1,0,0.00149049999890849
271939,11,8,20,0.8,0.2,donor_mean_welch,0,0,0,0.0,0.0,0,0,0.00149049999890849
271940,11,8,20,0.8,0.2,cell_welch,107,34,73,0.6822429906542056,0.85,1,0,0.0013968999846838415
271940,11,8,20,0.8,0.2,donor_mean_welch,0,0,0,0.0,0.0,0,0,0.0013968999846838415
271941,11,8,20,0.8,0.2,cell_welch,117,33,84,0.717948717948718,0.825,1,0,0.001608799968380481
271941,11,8,20,0.8,0.2,donor_mean_welch,0,0,0,0.0,0.0,0,0,0.001608799968380481
271942,11,8,20,0.8,0.2,cell_welch,121,34,87,0.71900826446281,0.85,1,0,0.0013211999903433025
271942,11,8,20,0.8,0.2,donor_mean_welch,0,0,0,0.0,0.0,0,0,0.0013211999903433025
271943,11,8,20,0.8,0.2,cell_welch,120,36,84,0.7,0.9,1,0,0.0014572999789379537
271943,11,8,20,0.8,0.2,donor_mean_welch,0,0,0,0.0,0.0,0,0,0.0014572999789379537
271944,11,8,20,0.8,0.2,cell_welch,106,32,74,0.6981132075471698,0.8,1,0,0.0017072000191546977
271944,11,8,20,0.8,0.2,donor_mean_welch,0,0,0,0.0,0.0,0,0,0.0017072000191546977
271945,11,8,20,0.8,0.2,cell_welch,114,36,78,0.6842105263157895,0.9,1,0,0.0014570000348612666
271945,11,8,20,0.8,0.2,donor_mean_welch,0,0,0,0.0,0.0,0,0,0.0014570000348612666
271946,11,8,20,0.8,0.2,cell_welch,109,36,73,0.6697247706422018,0.9,1,0,0.0014247000217437744
271946,11,8,20,0.8,0.2,donor_mean_welch,0,0,0,0.0,0.0,0,0,0.0014247000217437744
271947,11,8,20,0.8,0.2,cell_welch,118,35,83,0.7033898305084746,0.875,1,0,0.0013210000470280647
271947,11,8,20,0.8,0.2,donor_mean_welch,0,0,0,0.0,0.0,0,0,0.0013210000470280647
271948,11,8,20,0.8,0.2,cell_welch,127,34,93,0.7322834645669292,0.85,1,0,0.00134529999922961
271948,11,8,20,0.8,0.2,donor_mean_welch,1,1,0,0.0,0.025,0,0,0.00134529999922961
271949,11,8,20,0.8,0.2,cell_welch,128,35,93,0.7265625,0.875,1,0,0.002489000034984201
271949,11,8,20,0.8,0.2,donor_mean_welch,0,0,0,0.0,0.0,0,0,0.002489000034984201
271950,11,8,20,0.8,0.2,cell_welch,125,35,90,0.72,0.875,1,0,0.001218999968841672
271950,11,8,20,0.8,0.2,donor_mean_welch,0,0,0,0.0,0.0,0,0,0.001218999968841672
271951,11,8,20,0.8,0.2,cell_welch,112,31,81,0.7232142857142857,0.775,1,0,0.0016450999537482858
271951,11,8,20,0.8,0.2,donor_mean_welch,0,0,0,0.0,0.0,0,0,0.0016450999537482858
271952,11,8,20,0.8,0.2,cell_welch,128,34,94,0.734375,0.85,1,0,0.0013292999938130379
271952,11,8,20,0.8,0.2,donor_mean_welch,0,0,0,0.0,0.0,0,0,0.0013292999938130379
271953,11,8,20,0.8,0.2,cell_welch,117,37,80,0.6837606837606838,0.925,1,0,0.001393500017002225
271953,11,8,20,0.8,0.2,donor_mean_welch,0,0,0,0.0,0.0,0,0,0.001393500017002225
271954,11,8,20,0.8,0.2,cell_welch,116,35,81,0.6982758620689655,0.875,1,0,0.0020392999867908657
271954,11,8,20,0.8,0.2,donor_mean_welch,1,0,1,1.0,0.0,1,0,0.0020392999867908657
271955,11,8,20,0.8,0.2,cell_welch,118,33,85,0.7203389830508474,0.825,1,0,0.0012593999854288995
271955,11,8,20,0.8,0.2,donor_mean_welch,0,0,0,0.0,0.0,0,0,0.0012593999854288995
271956,11,8,20,0.8,0.2,cell_welch,109,31,78,0.7155963302752294,0.775,1,0,0.0015450000064447522
271956,11,8,20,0.8,0.2,donor_mean_welch,3,2,1,0.3333333333333333,0.05,1,0,0.0015450000064447522
271957,11,8,20,0.8,0.2,cell_welch,113,32,81,0.7168141592920354,0.8,1,0,0.0013159000081941485
271957,11,8,20,0.8,0.2,donor_mean_welch,0,0,0,0.0,0.0,0,0,0.0013159000081941485
272908,12,8,100,0.0,0.0,cell_welch,0,0,0,0.0,,0,0,0.006070500006899238
272908,12,8,100,0.0,0.0,donor_mean_welch,0,0,0,0.0,,0,0,0.006070500006899238
272909,12,8,100,0.0,0.0,cell_welch,1,0,1,1.0,,1,0,0.00587009999435395
272909,12,8,100,0.0,0.0,donor_mean_welch,1,0,1,1.0,,1,0,0.00587009999435395
272910,12,8,100,0.0,0.0,cell_welch,0,0,0,0.0,,0,0,0.0055958000011742115
272910,12,8,100,0.0,0.0,donor_mean_welch,0,0,0,0.0,,0,0,0.0055958000011742115
272911,12,8,100,0.0,0.0,cell_welch,0,0,0,0.0,,0,0,0.00609229999827221
272911,12,8,100,0.0,0.0,donor_mean_welch,0,0,0,0.0,,0,0,0.00609229999827221
272912,12,8,100,0.0,0.0,cell_welch,0,0,0,0.0,,0,0,0.006052599987015128
272912,12,8,100,0.0,0.0,donor_mean_welch,0,0,0,0.0,,0,0,0.006052599987015128
272913,12,8,100,0.0,0.0,cell_welch,0,0,0,0.0,,0,0,0.006463900033850223
272913,12,8,100,0.0,0.0,donor_mean_welch,0,0,0,0.0,,0,0,0.006463900033850223
272914,12,8,100,0.0,0.0,cell_welch,0,0,0,0.0,,0,0,0.00780510000186041
272914,12,8,100,0.0,0.0,donor_mean_welch,0,0,0,0.0,,0,0,0.00780510000186041
272915,12,8,100,0.0,0.0,cell_welch,0,0,0,0.0,,0,0,0.007509399962145835
272915,12,8,100,0.0,0.0,donor_mean_welch,0,0,0,0.0,,0,0,0.007509399962145835
272916,12,8,100,0.0,0.0,cell_welch,0,0,0,0.0,,0,0,0.007500300009269267
272916,12,8,100,0.0,0.0,donor_mean_welch,0,0,0,0.0,,0,0,0.007500300009269267
272917,12,8,100,0.0,0.0,cell_welch,0,0,0,0.0,,0,0,0.008115900040138513
272917,12,8,100,0.0,0.0,donor_mean_welch,0,0,0,0.0,,0,0,0.008115900040138513
272918,12,8,100,0.0,0.0,cell_welch,0,0,0,0.0,,0,0,0.006669200025498867
272918,12,8,100,0.0,0.0,donor_mean_welch,0,0,0,0.0,,0,0,0.006669200025498867
272919,12,8,100,0.0,0.0,cell_welch,0,0,0,0.0,,0,0,0.005647700047120452
272919,12,8,100,0.0,0.0,donor_mean_welch,0,0,0,0.0,,0,0,0.005647700047120452
272920,12,8,100,0.0,0.0,cell_welch,0,0,0,0.0,,0,0,0.005764200002886355
272920,12,8,100,0.0,0.0,donor_mean_welch,0,0,0,0.0,,0,0,0.005764200002886355
272921,12,8,100,0.0,0.0,cell_welch,0,0,0,0.0,,0,0,0.0059362000320106745
272921,12,8,100,0.0,0.0,donor_mean_welch,0,0,0,0.0,,0,0,0.0059362000320106745
272922,12,8,100,0.0,0.0,cell_welch,0,0,0,0.0,,0,0,0.006889300013426691
272922,12,8,100,0.0,0.0,donor_mean_welch,0,0,0,0.0,,0,0,0.006889300013426691
272923,12,8,100,0.0,0.0,cell_welch,0,0,0,0.0,,0,0,0.007268999994266778
272923,12,8,100,0.0,0.0,donor_mean_welch,0,0,0,0.0,,0,0,0.007268999994266778
272924,12,8,100,0.0,0.0,cell_welch,0,0,0,0.0,,0,0,0.008325800008606166
272924,12,8,100,0.0,0.0,donor_mean_welch,0,0,0,0.0,,0,0,0.008325800008606166
272925,12,8,100,0.0,0.0,cell_welch,0,0,0,0.0,,0,0,0.0063303999486379325
272925,12,8,100,0.0,0.0,donor_mean_welch,0,0,0,0.0,,0,0,0.0063303999486379325
272926,12,8,100,0.0,0.0,cell_welch,0,0,0,0.0,,0,0,0.007834899995941669
272926,12,8,100,0.0,0.0,donor_mean_welch,0,0,0,0.0,,0,0,0.007834899995941669
272927,12,8,100,0.0,0.0,cell_welch,0,0,0,0.0,,0,0,0.008423199993558228
272927,12,8,100,0.0,0.0,donor_mean_welch,0,0,0,0.0,,0,0,0.008423199993558228
272928,12,8,100,0.0,0.0,cell_welch,0,0,0,0.0,,0,0,0.008335800026543438
272928,12,8,100,0.0,0.0,donor_mean_welch,0,0,0,0.0,,0,0,0.008335800026543438
272929,12,8,100,0.0,0.0,cell_welch,0,0,0,0.0,,0,0,0.006887499999720603
272929,12,8,100,0.0,0.0,donor_mean_welch,0,0,0,0.0,,0,0,0.006887499999720603
272930,12,8,100,0.0,0.0,cell_welch,0,0,0,0.0,,0,0,0.007495799975004047
272930,12,8,100,0.0,0.0,donor_mean_welch,0,0,0,0.0,,0,0,0.007495799975004047
272931,12,8,100,0.0,0.0,cell_welch,0,0,0,0.0,,0,0,0.007014500035438687
272931,12,8,100,0.0,0.0,donor_mean_welch,0,0,0,0.0,,0,0,0.007014500035438687
272932,12,8,100,0.0,0.0,cell_welch,0,0,0,0.0,,0,0,0.007311500026844442
272932,12,8,100,0.0,0.0,donor_mean_welch,0,0,0,0.0,,0,0,0.007311500026844442
272933,12,8,100,0.0,0.0,cell_welch,0,0,0,0.0,,0,0,0.006952300027478486
272933,12,8,100,0.0,0.0,donor_mean_welch,0,0,0,0.0,,0,0,0.006952300027478486
272934,12,8,100,0.0,0.0,cell_welch,0,0,0,0.0,,0,0,0.007798900012858212
272934,12,8,100,0.0,0.0,donor_mean_welch,0,0,0,0.0,,0,0,0.007798900012858212
272935,12,8,100,0.0,0.0,cell_welch,0,0,0,0.0,,0,0,0.008263399999123067
272935,12,8,100,0.0,0.0,donor_mean_welch,0,0,0,0.0,,0,0,0.008263399999123067
272936,12,8,100,0.0,0.0,cell_welch,0,0,0,0.0,,0,0,0.006353000004310161
272936,12,8,100,0.0,0.0,donor_mean_welch,0,0,0,0.0,,0,0,0.006353000004310161
272937,12,8,100,0.0,0.0,cell_welch,0,0,0,0.0,,0,0,0.007761299959383905
272937,12,8,100,0.0,0.0,donor_mean_welch,0,0,0,0.0,,0,0,0.007761299959383905
272938,12,8,100,0.0,0.0,cell_welch,0,0,0,0.0,,0,0,0.0073850000044330955
272938,12,8,100,0.0,0.0,donor_mean_welch,0,0,0,0.0,,0,0,0.0073850000044330955
272939,12,8,100,0.0,0.0,cell_welch,0,0,0,0.0,,0,0,0.007582299993373454
272939,12,8,100,0.0,0.0,donor_mean_welch,0,0,0,0.0,,0,0,0.007582299993373454
272940,12,8,100,0.0,0.0,cell_welch,0,0,0,0.0,,0,0,0.007406199991237372
272940,12,8,100,0.0,0.0,donor_mean_welch,0,0,0,0.0,,0,0,0.007406199991237372
272941,12,8,100,0.0,0.0,cell_welch,0,0,0,0.0,,0,0,0.005637699970975518
272941,12,8,100,0.0,0.0,donor_mean_welch,0,0,0,0.0,,0,0,0.005637699970975518
272942,12,8,100,0.0,0.0,cell_welch,0,0,0,0.0,,0,0,0.005529200017917901
272942,12,8,100,0.0,0.0,donor_mean_welch,0,0,0,0.0,,0,0,0.005529200017917901
272943,12,8,100,0.0,0.0,cell_welch,1,0,1,1.0,,1,0,0.00673679995816201
272943,12,8,100,0.0,0.0,donor_mean_welch,0,0,0,0.0,,0,0,0.00673679995816201
272944,12,8,100,0.0,0.0,cell_welch,0,0,0,0.0,,0,0,0.005604500009212643
272944,12,8,100,0.0,0.0,donor_mean_welch,0,0,0,0.0,,0,0,0.005604500009212643
272945,12,8,100,0.0,0.0,cell_welch,0,0,0,0.0,,0,0,0.007449999975506216
272945,12,8,100,0.0,0.0,donor_mean_welch,0,0,0,0.0,,0,0,0.007449999975506216
272946,12,8,100,0.0,0.0,cell_welch,0,0,0,0.0,,0,0,0.007224500004667789
272946,12,8,100,0.0,0.0,donor_mean_welch,0,0,0,0.0,,0,0,0.007224500004667789
272947,12,8,100,0.0,0.0,cell_welch,0,0,0,0.0,,0,0,0.007374599983450025
272947,12,8,100,0.0,0.0,donor_mean_welch,0,0,0,0.0,,0,0,0.007374599983450025
272948,12,8,100,0.0,0.0,cell_welch,0,0,0,0.0,,0,0,0.005605200014542788
272948,12,8,100,0.0,0.0,donor_mean_welch,0,0,0,0.0,,0,0,0.005605200014542788
272949,12,8,100,0.0,0.0,cell_welch,0,0,0,0.0,,0,0,0.005514899967238307
272949,12,8,100,0.0,0.0,donor_mean_welch,0,0,0,0.0,,0,0,0.005514899967238307
272950,12,8,100,0.0,0.0,cell_welch,0,0,0,0.0,,0,0,0.005342999997083098
272950,12,8,100,0.0,0.0,donor_mean_welch,0,0,0,0.0,,0,0,0.005342999997083098
272951,12,8,100,0.0,0.0,cell_welch,0,0,0,0.0,,0,0,0.005435900005977601
272951,12,8,100,0.0,0.0,donor_mean_welch,0,0,0,0.0,,0,0,0.005435900005977601
272952,12,8,100,0.0,0.0,cell_welch,0,0,0,0.0,,0,0,0.00548940000589937
272952,12,8,100,0.0,0.0,donor_mean_welch,0,0,0,0.0,,0,0,0.00548940000589937
272953,12,8,100,0.0,0.0,cell_welch,0,0,0,0.0,,0,0,0.00637969997478649
272953,12,8,100,0.0,0.0,donor_mean_welch,0,0,0,0.0,,0,0,0.00637969997478649
272954,12,8,100,0.0,0.0,cell_welch,0,0,0,0.0,,0,0,0.008382699976209551
272954,12,8,100,0.0,0.0,donor_mean_welch,0,0,0,0.0,,0,0,0.008382699976209551
272955,12,8,100,0.0,0.0,cell_welch,0,0,0,0.0,,0,0,0.007918099989183247
272955,12,8,100,0.0,0.0,donor_mean_welch,0,0,0,0.0,,0,0,0.007918099989183247
272956,12,8,100,0.0,0.0,cell_welch,0,0,0,0.0,,0,0,0.006503799988422543
272956,12,8,100,0.0,0.0,donor_mean_welch,0,0,0,0.0,,0,0,0.006503799988422543
272957,12,8,100,0.0,0.0,cell_welch,0,0,0,0.0,,0,0,0.006052200042176992
272957,12,8,100,0.0,0.0,donor_mean_welch,0,0,0,0.0,,0,0,0.006052200042176992
273908,13,8,100,0.0,0.2,cell_welch,40,40,0,0.0,1.0,0,0,0.005621700023766607
273908,13,8,100,0.0,0.2,donor_mean_welch,40,40,0,0.0,1.0,0,0,0.005621700023766607
273909,13,8,100,0.0,0.2,cell_welch,40,40,0,0.0,1.0,0,0,0.005763599998317659
273909,13,8,100,0.0,0.2,donor_mean_welch,41,40,1,0.024390243902439025,1.0,1,0,0.005763599998317659
273910,13,8,100,0.0,0.2,cell_welch,42,40,2,0.047619047619047616,1.0,1,0,0.005817700002808124
273910,13,8,100,0.0,0.2,donor_mean_welch,43,40,3,0.06976744186046512,1.0,1,0,0.005817700002808124
273911,13,8,100,0.0,0.2,cell_welch,41,40,1,0.024390243902439025,1.0,1,0,0.00638430000981316
273911,13,8,100,0.0,0.2,donor_mean_welch,42,40,2,0.047619047619047616,1.0,1,0,0.00638430000981316
273912,13,8,100,0.0,0.2,cell_welch,41,40,1,0.024390243902439025,1.0,1,0,0.0076336999773047864
273912,13,8,100,0.0,0.2,donor_mean_welch,43,40,3,0.06976744186046512,1.0,1,0,0.0076336999773047864
273913,13,8,100,0.0,0.2,cell_welch,41,40,1,0.024390243902439025,1.0,1,0,0.007193299999926239
273913,13,8,100,0.0,0.2,donor_mean_welch,41,40,1,0.024390243902439025,1.0,1,0,0.007193299999926239
273914,13,8,100,0.0,0.2,cell_welch,41,40,1,0.024390243902439025,1.0,1,0,0.006727700005285442
273914,13,8,100,0.0,0.2,donor_mean_welch,41,40,1,0.024390243902439025,1.0,1,0,0.006727700005285442
273915,13,8,100,0.0,0.2,cell_welch,41,40,1,0.024390243902439025,1.0,1,0,0.006229699996765703
273915,13,8,100,0.0,0.2,donor_mean_welch,45,40,5,0.1111111111111111,1.0,1,0,0.006229699996765703
273916,13,8,100,0.0,0.2,cell_welch,40,40,0,0.0,1.0,0,0,0.005574999959208071
273916,13,8,100,0.0,0.2,donor_mean_welch,41,40,1,0.024390243902439025,1.0,1,0,0.005574999959208071
273917,13,8,100,0.0,0.2,cell_welch,40,40,0,0.0,1.0,0,0,0.006175000045914203
273917,13,8,100,0.0,0.2,donor_mean_welch,40,40,0,0.0,1.0,0,0,0.006175000045914203
273918,13,8,100,0.0,0.2,cell_welch,43,40,3,0.06976744186046512,1.0,1,0,0.006167900050058961
273918,13,8,100,0.0,0.2,donor_mean_welch,42,40,2,0.047619047619047616,1.0,1,0,0.006167900050058961
273919,13,8,100,0.0,0.2,cell_welch,41,40,1,0.024390243902439025,1.0,1,0,0.006410399975720793
273919,13,8,100,0.0,0.2,donor_mean_welch,40,40,0,0.0,1.0,0,0,0.006410399975720793
273920,13,8,100,0.0,0.2,cell_welch,42,40,2,0.047619047619047616,1.0,1,0,0.005724999995436519
273920,13,8,100,0.0,0.2,donor_mean_welch,40,40,0,0.0,1.0,0,0,0.005724999995436519
273921,13,8,100,0.0,0.2,cell_welch,40,40,0,0.0,1.0,0,0,0.006434999988414347
273921,13,8,100,0.0,0.2,donor_mean_welch,40,40,0,0.0,1.0,0,0,0.006434999988414347
273922,13,8,100,0.0,0.2,cell_welch,40,40,0,0.0,1.0,0,0,0.006373400043230504
273922,13,8,100,0.0,0.2,donor_mean_welch,40,40,0,0.0,1.0,0,0,0.006373400043230504
273923,13,8,100,0.0,0.2,cell_welch,43,40,3,0.06976744186046512,1.0,1,0,0.005943200027104467
273923,13,8,100,0.0,0.2,donor_mean_welch,42,40,2,0.047619047619047616,1.0,1,0,0.005943200027104467
273924,13,8,100,0.0,0.2,cell_welch,41,40,1,0.024390243902439025,1.0,1,0,0.007096999965142459
273924,13,8,100,0.0,0.2,donor_mean_welch,42,40,2,0.047619047619047616,1.0,1,0,0.007096999965142459
273925,13,8,100,0.0,0.2,cell_welch,41,40,1,0.024390243902439025,1.0,1,0,0.006681099999696016
273925,13,8,100,0.0,0.2,donor_mean_welch,40,40,0,0.0,1.0,0,0,0.006681099999696016
273926,13,8,100,0.0,0.2,cell_welch,42,40,2,0.047619047619047616,1.0,1,0,0.006039300002157688
273926,13,8,100,0.0,0.2,donor_mean_welch,41,40,1,0.024390243902439025,1.0,1,0,0.006039300002157688
273927,13,8,100,0.0,0.2,cell_welch,40,40,0,0.0,1.0,0,0,0.006425899977330118
273927,13,8,100,0.0,0.2,donor_mean_welch,40,40,0,0.0,1.0,0,0,0.006425899977330118
273928,13,8,100,0.0,0.2,cell_welch,42,40,2,0.047619047619047616,1.0,1,0,0.007515100005548447
273928,13,8,100,0.0,0.2,donor_mean_welch,40,40,0,0.0,1.0,0,0,0.007515100005548447
273929,13,8,100,0.0,0.2,cell_welch,41,40,1,0.024390243902439025,1.0,1,0,0.007549000030849129
273929,13,8,100,0.0,0.2,donor_mean_welch,41,40,1,0.024390243902439025,1.0,1,0,0.007549000030849129
273930,13,8,100,0.0,0.2,cell_welch,41,40,1,0.024390243902439025,1.0,1,0,0.007510000024922192
273930,13,8,100,0.0,0.2,donor_mean_welch,41,40,1,0.024390243902439025,1.0,1,0,0.007510000024922192
273931,13,8,100,0.0,0.2,cell_welch,41,40,1,0.024390243902439025,1.0,1,0,0.008099800033960491
273931,13,8,100,0.0,0.2,donor_mean_welch,40,40,0,0.0,1.0,0,0,0.008099800033960491
273932,13,8,100,0.0,0.2,cell_welch,42,40,2,0.047619047619047616,1.0,1,0,0.008296200016047806
273932,13,8,100,0.0,0.2,donor_mean_welch,40,40,0,0.0,1.0,0,0,0.008296200016047806
273933,13,8,100,0.0,0.2,cell_welch,41,40,1,0.024390243902439025,1.0,1,0,0.008482999983243644
273933,13,8,100,0.0,0.2,donor_mean_welch,42,40,2,0.047619047619047616,1.0,1,0,0.008482999983243644
273934,13,8,100,0.0,0.2,cell_welch,41,40,1,0.024390243902439025,1.0,1,0,0.0060603999882005155
273934,13,8,100,0.0,0.2,donor_mean_welch,45,40,5,0.1111111111111111,1.0,1,0,0.0060603999882005155
273935,13,8,100,0.0,0.2,cell_welch,43,40,3,0.06976744186046512,1.0,1,0,0.005719200009480119
273935,13,8,100,0.0,0.2,donor_mean_welch,41,40,1,0.024390243902439025,1.0,1,0,0.005719200009480119
273936,13,8,100,0.0,0.2,cell_welch,41,40,1,0.024390243902439025,1.0,1,0,0.0064560999744571745
273936,13,8,100,0.0,0.2,donor_mean_welch,41,40,1,0.024390243902439025,1.0,1,0,0.0064560999744571745
273937,13,8,100,0.0,0.2,cell_welch,43,40,3,0.06976744186046512,1.0,1,0,0.006821100017987192
273937,13,8,100,0.0,0.2,donor_mean_welch,42,40,2,0.047619047619047616,1.0,1,0,0.006821100017987192
273938,13,8,100,0.0,0.2,cell_welch,42,40,2,0.047619047619047616,1.0,1,0,0.006368699949234724
273938,13,8,100,0.0,0.2,donor_mean_welch,43,40,3,0.06976744186046512,1.0,1,0,0.006368699949234724
273939,13,8,100,0.0,0.2,cell_welch,40,40,0,0.0,1.0,0,0,0.006146800005808473
273939,13,8,100,0.0,0.2,donor_mean_welch,40,40,0,0.0,1.0,0,0,0.006146800005808473
273940,13,8,100,0.0,0.2,cell_welch,42,40,2,0.047619047619047616,1.0,1,0,0.005813299969304353
273940,13,8,100,0.0,0.2,donor_mean_welch,41,40,1,0.024390243902439025,1.0,1,0,0.005813299969304353
273941,13,8,100,0.0,0.2,cell_welch,41,40,1,0.024390243902439025,1.0,1,0,0.006634699995629489
273941,13,8,100,0.0,0.2,donor_mean_welch,41,40,1,0.024390243902439025,1.0,1,0,0.006634699995629489
273942,13,8,100,0.0,0.2,cell_welch,45,40,5,0.1111111111111111,1.0,1,0,0.00594870001077652
273942,13,8,100,0.0,0.2,donor_mean_welch,46,40,6,0.13043478260869565,1.0,1,0,0.00594870001077652
273943,13,8,100,0.0,0.2,cell_welch,44,40,4,0.09090909090909091,1.0,1,0,0.006183799996506423
273943,13,8,100,0.0,0.2,donor_mean_welch,40,40,0,0.0,1.0,0,0,0.006183799996506423
273944,13,8,100,0.0,0.2,cell_welch,42,40,2,0.047619047619047616,1.0,1,0,0.00822140002856031
273944,13,8,100,0.0,0.2,donor_mean_welch,40,40,0,0.0,1.0,0,0,0.00822140002856031
273945,13,8,100,0.0,0.2,cell_welch,42,40,2,0.047619047619047616,1.0,1,0,0.008212300017476082
273945,13,8,100,0.0,0.2,donor_mean_welch,41,40,1,0.024390243902439025,1.0,1,0,0.008212300017476082
273946,13,8,100,0.0,0.2,cell_welch,40,40,0,0.0,1.0,0,0,0.008000199974048883
273946,13,8,100,0.0,0.2,donor_mean_welch,42,40,2,0.047619047619047616,1.0,1,0,0.008000199974048883
273947,13,8,100,0.0,0.2,cell_welch,40,40,0,0.0,1.0,0,0,0.009347599989268929
273947,13,8,100,0.0,0.2,donor_mean_welch,40,40,0,0.0,1.0,0,0,0.009347599989268929
273948,13,8,100,0.0,0.2,cell_welch,40,40,0,0.0,1.0,0,0,0.00639459997182712
273948,13,8,100,0.0,0.2,donor_mean_welch,42,40,2,0.047619047619047616,1.0,1,0,0.00639459997182712
273949,13,8,100,0.0,0.2,cell_welch,47,40,7,0.14893617021276595,1.0,1,0,0.008546999946702272
273949,13,8,100,0.0,0.2,donor_mean_welch,45,40,5,0.1111111111111111,1.0,1,0,0.008546999946702272
273950,13,8,100,0.0,0.2,cell_welch,42,40,2,0.047619047619047616,1.0,1,0,0.00672649999614805
273950,13,8,100,0.0,0.2,donor_mean_welch,41,40,1,0.024390243902439025,1.0,1,0,0.00672649999614805
273951,13,8,100,0.0,0.2,cell_welch,42,40,2,0.047619047619047616,1.0,1,0,0.006501099967863411
273951,13,8,100,0.0,0.2,donor_mean_welch,41,40,1,0.024390243902439025,1.0,1,0,0.006501099967863411
273952,13,8,100,0.0,0.2,cell_welch,42,40,2,0.047619047619047616,1.0,1,0,0.00628639996284619
273952,13,8,100,0.0,0.2,donor_mean_welch,41,40,1,0.024390243902439025,1.0,1,0,0.00628639996284619
273953,13,8,100,0.0,0.2,cell_welch,40,40,0,0.0,1.0,0,0,0.00677979999454692
273953,13,8,100,0.0,0.2,donor_mean_welch,40,40,0,0.0,1.0,0,0,0.00677979999454692
273954,13,8,100,0.0,0.2,cell_welch,41,40,1,0.024390243902439025,1.0,1,0,0.008403000014368445
273954,13,8,100,0.0,0.2,donor_mean_welch,43,40,3,0.06976744186046512,1.0,1,0,0.008403000014368445
273955,13,8,100,0.0,0.2,cell_welch,42,40,2,0.047619047619047616,1.0,1,0,0.006722600024659187
273955,13,8,100,0.0,0.2,donor_mean_welch,40,40,0,0.0,1.0,0,0,0.006722600024659187
273956,13,8,100,0.0,0.2,cell_welch,42,40,2,0.047619047619047616,1.0,1,0,0.006452800007537007
273956,13,8,100,0.0,0.2,donor_mean_welch,42,40,2,0.047619047619047616,1.0,1,0,0.006452800007537007
273957,13,8,100,0.0,0.2,cell_welch,41,40,1,0.024390243902439025,1.0,1,0,0.006622999964747578
273957,13,8,100,0.0,0.2,donor_mean_welch,40,40,0,0.0,1.0,0,0,0.006622999964747578
274908,14,8,100,0.8,0.0,cell_welch,155,0,155,1.0,,1,0,0.006584800023119897
274908,14,8,100,0.8,0.0,donor_mean_welch,0,0,0,0.0,,0,0,0.006584800023119897
274909,14,8,100,0.8,0.0,cell_welch,164,0,164,1.0,,1,0,0.00926740001887083
274909,14,8,100,0.8,0.0,donor_mean_welch,0,0,0,0.0,,0,0,0.00926740001887083
274910,14,8,100,0.8,0.0,cell_welch,157,0,157,1.0,,1,0,0.00582849996862933
274910,14,8,100,0.8,0.0,donor_mean_welch,0,0,0,0.0,,0,0,0.00582849996862933
274911,14,8,100,0.8,0.0,cell_welch,151,0,151,1.0,,1,0,0.007051500026136637
274911,14,8,100,0.8,0.0,donor_mean_welch,0,0,0,0.0,,0,0,0.007051500026136637
274912,14,8,100,0.8,0.0,cell_welch,152,0,152,1.0,,1,0,0.006464200036134571
274912,14,8,100,0.8,0.0,donor_mean_welch,0,0,0,0.0,,0,0,0.006464200036134571
274913,14,8,100,0.8,0.0,cell_welch,159,0,159,1.0,,1,0,0.007333900022786111
274913,14,8,100,0.8,0.0,donor_mean_welch,0,0,0,0.0,,0,0,0.007333900022786111
274914,14,8,100,0.8,0.0,cell_welch,155,0,155,1.0,,1,0,0.007562299957498908
274914,14,8,100,0.8,0.0,donor_mean_welch,0,0,0,0.0,,0,0,0.007562299957498908
274915,14,8,100,0.8,0.0,cell_welch,150,0,150,1.0,,1,0,0.007181499968282878
274915,14,8,100,0.8,0.0,donor_mean_welch,0,0,0,0.0,,0,0,0.007181499968282878
274916,14,8,100,0.8,0.0,cell_welch,166,0,166,1.0,,1,0,0.007666499994229525
274916,14,8,100,0.8,0.0,donor_mean_welch,0,0,0,0.0,,0,0,0.007666499994229525
274917,14,8,100,0.8,0.0,cell_welch,155,0,155,1.0,,1,0,0.008418699959293008
274917,14,8,100,0.8,0.0,donor_mean_welch,0,0,0,0.0,,0,0,0.008418699959293008
274918,14,8,100,0.8,0.0,cell_welch,152,0,152,1.0,,1,0,0.007366099976934493
274918,14,8,100,0.8,0.0,donor_mean_welch,0,0,0,0.0,,0,0,0.007366099976934493
274919,14,8,100,0.8,0.0,cell_welch,154,0,154,1.0,,1,0,0.006390499998815358
274919,14,8,100,0.8,0.0,donor_mean_welch,1,0,1,1.0,,1,0,0.006390499998815358
274920,14,8,100,0.8,0.0,cell_welch,158,0,158,1.0,,1,0,0.006730500026606023
274920,14,8,100,0.8,0.0,donor_mean_welch,0,0,0,0.0,,0,0,0.006730500026606023
274921,14,8,100,0.8,0.0,cell_welch,143,0,143,1.0,,1,0,0.007119199959561229
274921,14,8,100,0.8,0.0,donor_mean_welch,0,0,0,0.0,,0,0,0.007119199959561229
274922,14,8,100,0.8,0.0,cell_welch,163,0,163,1.0,,1,0,0.0074760999996215105
274922,14,8,100,0.8,0.0,donor_mean_welch,0,0,0,0.0,,0,0,0.0074760999996215105
274923,14,8,100,0.8,0.0,cell_welch,161,0,161,1.0,,1,0,0.00670430000172928
274923,14,8,100,0.8,0.0,donor_mean_welch,0,0,0,0.0,,0,0,0.00670430000172928
274924,14,8,100,0.8,0.0,cell_welch,160,0,160,1.0,,1,0,0.007189700030721724
274924,14,8,100,0.8,0.0,donor_mean_welch,0,0,0,0.0,,0,0,0.007189700030721724
274925,14,8,100,0.8,0.0,cell_welch,159,0,159,1.0,,1,0,0.00833260000217706
274925,14,8,100,0.8,0.0,donor_mean_welch,0,0,0,0.0,,0,0,0.00833260000217706
274926,14,8,100,0.8,0.0,cell_welch,155,0,155,1.0,,1,0,0.006046599999535829
274926,14,8,100,0.8,0.0,donor_mean_welch,0,0,0,0.0,,0,0,0.006046599999535829
274927,14,8,100,0.8,0.0,cell_welch,149,0,149,1.0,,1,0,0.006458599993493408
274927,14,8,100,0.8,0.0,donor_mean_welch,0,0,0,0.0,,0,0,0.006458599993493408
274928,14,8,100,0.8,0.0,cell_welch,149,0,149,1.0,,1,0,0.005988200020510703
274928,14,8,100,0.8,0.0,donor_mean_welch,0,0,0,0.0,,0,0,0.005988200020510703
274929,14,8,100,0.8,0.0,cell_welch,151,0,151,1.0,,1,0,0.006009500008076429
274929,14,8,100,0.8,0.0,donor_mean_welch,0,0,0,0.0,,0,0,0.006009500008076429
274930,14,8,100,0.8,0.0,cell_welch,152,0,152,1.0,,1,0,0.005996600026264787
274930,14,8,100,0.8,0.0,donor_mean_welch,0,0,0,0.0,,0,0,0.005996600026264787
274931,14,8,100,0.8,0.0,cell_welch,151,0,151,1.0,,1,0,0.005666300014127046
274931,14,8,100,0.8,0.0,donor_mean_welch,0,0,0,0.0,,0,0,0.005666300014127046
274932,14,8,100,0.8,0.0,cell_welch,146,0,146,1.0,,1,0,0.005637400026898831
274932,14,8,100,0.8,0.0,donor_mean_welch,0,0,0,0.0,,0,0,0.005637400026898831
274933,14,8,100,0.8,0.0,cell_welch,157,0,157,1.0,,1,0,0.00591310003073886
274933,14,8,100,0.8,0.0,donor_mean_welch,0,0,0,0.0,,0,0,0.00591310003073886
274934,14,8,100,0.8,0.0,cell_welch,164,0,164,1.0,,1,0,0.005585999984759837
274934,14,8,100,0.8,0.0,donor_mean_welch,0,0,0,0.0,,0,0,0.005585999984759837
274935,14,8,100,0.8,0.0,cell_welch,150,0,150,1.0,,1,0,0.007336800044868141
274935,14,8,100,0.8,0.0,donor_mean_welch,0,0,0,0.0,,0,0,0.007336800044868141
274936,14,8,100,0.8,0.0,cell_welch,159,0,159,1.0,,1,0,0.006170899956487119
274936,14,8,100,0.8,0.0,donor_mean_welch,0,0,0,0.0,,0,0,0.006170899956487119
274937,14,8,100,0.8,0.0,cell_welch,156,0,156,1.0,,1,0,0.006458399991970509
274937,14,8,100,0.8,0.0,donor_mean_welch,0,0,0,0.0,,0,0,0.006458399991970509
274938,14,8,100,0.8,0.0,cell_welch,142,0,142,1.0,,1,0,0.0077099999762140214
274938,14,8,100,0.8,0.0,donor_mean_welch,0,0,0,0.0,,0,0,0.0077099999762140214
274939,14,8,100,0.8,0.0,cell_welch,153,0,153,1.0,,1,0,0.008052100019995123
274939,14,8,100,0.8,0.0,donor_mean_welch,0,0,0,0.0,,0,0,0.008052100019995123
274940,14,8,100,0.8,0.0,cell_welch,159,0,159,1.0,,1,0,0.007336699985899031
274940,14,8,100,0.8,0.0,donor_mean_welch,0,0,0,0.0,,0,0,0.007336699985899031
274941,14,8,100,0.8,0.0,cell_welch,154,0,154,1.0,,1,0,0.00855770002817735
274941,14,8,100,0.8,0.0,donor_mean_welch,1,0,1,1.0,,1,0,0.00855770002817735
274942,14,8,100,0.8,0.0,cell_welch,161,0,161,1.0,,1,0,0.007718499982729554
274942,14,8,100,0.8,0.0,donor_mean_welch,0,0,0,0.0,,0,0,0.007718499982729554
274943,14,8,100,0.8,0.0,cell_welch,160,0,160,1.0,,1,0,0.007225500012282282
274943,14,8,100,0.8,0.0,donor_mean_welch,0,0,0,0.0,,0,0,0.007225500012282282
274944,14,8,100,0.8,0.0,cell_welch,160,0,160,1.0,,1,0,0.005847799999173731
274944,14,8,100,0.8,0.0,donor_mean_welch,0,0,0,0.0,,0,0,0.005847799999173731
274945,14,8,100,0.8,0.0,cell_welch,152,0,152,1.0,,1,0,0.008195400005206466
274945,14,8,100,0.8,0.0,donor_mean_welch,0,0,0,0.0,,0,0,0.008195400005206466
274946,14,8,100,0.8,0.0,cell_welch,160,0,160,1.0,,1,0,0.008192699984647334
274946,14,8,100,0.8,0.0,donor_mean_welch,0,0,0,0.0,,0,0,0.008192699984647334
274947,14,8,100,0.8,0.0,cell_welch,159,0,159,1.0,,1,0,0.007903099991381168
274947,14,8,100,0.8,0.0,donor_mean_welch,0,0,0,0.0,,0,0,0.007903099991381168
274948,14,8,100,0.8,0.0,cell_welch,160,0,160,1.0,,1,0,0.008985199965536594
274948,14,8,100,0.8,0.0,donor_mean_welch,0,0,0,0.0,,0,0,0.008985199965536594
274949,14,8,100,0.8,0.0,cell_welch,150,0,150,1.0,,1,0,0.007667600002605468
274949,14,8,100,0.8,0.0,donor_mean_welch,0,0,0,0.0,,0,0,0.007667600002605468
274950,14,8,100,0.8,0.0,cell_welch,143,0,143,1.0,,1,0,0.007276799995452166
274950,14,8,100,0.8,0.0,donor_mean_welch,0,0,0,0.0,,0,0,0.007276799995452166
274951,14,8,100,0.8,0.0,cell_welch,160,0,160,1.0,,1,0,0.006283800001256168
274951,14,8,100,0.8,0.0,donor_mean_welch,0,0,0,0.0,,0,0,0.006283800001256168
274952,14,8,100,0.8,0.0,cell_welch,143,0,143,1.0,,1,0,0.007604199985507876
274952,14,8,100,0.8,0.0,donor_mean_welch,0,0,0,0.0,,0,0,0.007604199985507876
274953,14,8,100,0.8,0.0,cell_welch,163,0,163,1.0,,1,0,0.00696800003061071
274953,14,8,100,0.8,0.0,donor_mean_welch,0,0,0,0.0,,0,0,0.00696800003061071
274954,14,8,100,0.8,0.0,cell_welch,145,0,145,1.0,,1,0,0.007400000002235174
274954,14,8,100,0.8,0.0,donor_mean_welch,0,0,0,0.0,,0,0,0.007400000002235174
274955,14,8,100,0.8,0.0,cell_welch,151,0,151,1.0,,1,0,0.007144200033508241
274955,14,8,100,0.8,0.0,donor_mean_welch,0,0,0,0.0,,0,0,0.007144200033508241
274956,14,8,100,0.8,0.0,cell_welch,162,0,162,1.0,,1,0,0.006708500033710152
274956,14,8,100,0.8,0.0,donor_mean_welch,0,0,0,0.0,,0,0,0.006708500033710152
274957,14,8,100,0.8,0.0,cell_welch,155,0,155,1.0,,1,0,0.007591900008264929
274957,14,8,100,0.8,0.0,donor_mean_welch,0,0,0,0.0,,0,0,0.007591900008264929
275908,15,8,100,0.8,0.2,cell_welch,167,40,127,0.7604790419161677,1.0,1,0,0.007712799997534603
275908,15,8,100,0.8,0.2,donor_mean_welch,0,0,0,0.0,0.0,0,0,0.007712799997534603
275909,15,8,100,0.8,0.2,cell_welch,165,39,126,0.7636363636363637,0.975,1,0,0.007369400002062321
275909,15,8,100,0.8,0.2,donor_mean_welch,0,0,0,0.0,0.0,0,0,0.007369400002062321
275910,15,8,100,0.8,0.2,cell_welch,167,39,128,0.7664670658682635,0.975,1,0,0.0074677999946288764
275910,15,8,100,0.8,0.2,donor_mean_welch,0,0,0,0.0,0.0,0,0,0.0074677999946288764
275911,15,8,100,0.8,0.2,cell_welch,154,36,118,0.7662337662337663,0.9,1,0,0.007173300022259355
275911,15,8,100,0.8,0.2,donor_mean_welch,0,0,0,0.0,0.0,0,0,0.007173300022259355
275912,15,8,100,0.8,0.2,cell_welch,168,35,133,0.7916666666666666,0.875,1,0,0.006106499989982694
275912,15,8,100,0.8,0.2,donor_mean_welch,0,0,0,0.0,0.0,0,0,0.006106499989982694
275913,15,8,100,0.8,0.2,cell_welch,165,39,126,0.7636363636363637,0.975,1,0,0.00555750000057742
275913,15,8,100,0.8,0.2,donor_mean_welch,0,0,0,0.0,0.0,0,0,0.00555750000057742
275914,15,8,100,0.8,0.2,cell_welch,173,39,134,0.7745664739884393,0.975,1,0,0.007256100012455136
275914,15,8,100,0.8,0.2,donor_mean_welch,1,1,0,0.0,0.025,0,0,0.007256100012455136
275915,15,8,100,0.8,0.2,cell_welch,163,39,124,0.7607361963190185,0.975,1,0,0.007024300051853061
275915,15,8,100,0.8,0.2,donor_mean_welch,1,1,0,0.0,0.025,0,0,0.007024300051853061
275916,15,8,100,0.8,0.2,cell_welch,158,38,120,0.759493670886076,0.95,1,0,0.006271800026297569
275916,15,8,100,0.8,0.2,donor_mean_welch,0,0,0,0.0,0.0,0,0,0.006271800026297569
275917,15,8,100,0.8,0.2,cell_welch,163,39,124,0.7607361963190185,0.975,1,0,0.00820219999877736
275917,15,8,100,0.8,0.2,donor_mean_welch,0,0,0,0.0,0.0,0,0,0.00820219999877736
275918,15,8,100,0.8,0.2,cell_welch,164,40,124,0.7560975609756098,1.0,1,0,0.006867100019007921
275918,15,8,100,0.8,0.2,donor_mean_welch,0,0,0,0.0,0.0,0,0,0.006867100019007921
275919,15,8,100,0.8,0.2,cell_welch,166,39,127,0.7650602409638554,0.975,1,0,0.00681829999666661
275919,15,8,100,0.8,0.2,donor_mean_welch,2,2,0,0.0,0.05,0,0,0.00681829999666661
275920,15,8,100,0.8,0.2,cell_welch,157,39,118,0.7515923566878981,0.975,1,0,0.0056377999717369676
275920,15,8,100,0.8,0.2,donor_mean_welch,1,1,0,0.0,0.025,0,0,0.0056377999717369676
275921,15,8,100,0.8,0.2,cell_welch,164,37,127,0.774390243902439,0.925,1,0,0.005849099950864911
275921,15,8,100,0.8,0.2,donor_mean_welch,0,0,0,0.0,0.0,0,0,0.005849099950864911
275922,15,8,100,0.8,0.2,cell_welch,166,38,128,0.7710843373493976,0.95,1,0,0.0076969999936409295
275922,15,8,100,0.8,0.2,donor_mean_welch,0,0,0,0.0,0.0,0,0,0.0076969999936409295
275923,15,8,100,0.8,0.2,cell_welch,162,38,124,0.7654320987654321,0.95,1,0,0.005986900010611862
275923,15,8,100,0.8,0.2,donor_mean_welch,0,0,0,0.0,0.0,0,0,0.005986900010611862
275924,15,8,100,0.8,0.2,cell_welch,162,38,124,0.7654320987654321,0.95,1,0,0.005465299997013062
275924,15,8,100,0.8,0.2,donor_mean_welch,1,1,0,0.0,0.025,0,0,0.005465299997013062
275925,15,8,100,0.8,0.2,cell_welch,148,37,111,0.75,0.925,1,0,0.00610419997246936
275925,15,8,100,0.8,0.2,donor_mean_welch,2,2,0,0.0,0.05,0,0,0.00610419997246936
275926,15,8,100,0.8,0.2,cell_welch,167,38,129,0.7724550898203593,0.95,1,0,0.006440800032578409
275926,15,8,100,0.8,0.2,donor_mean_welch,3,2,1,0.3333333333333333,0.05,1,0,0.006440800032578409
275927,15,8,100,0.8,0.2,cell_welch,167,38,129,0.7724550898203593,0.95,1,0,0.005799200036562979
275927,15,8,100,0.8,0.2,donor_mean_welch,1,1,0,0.0,0.025,0,0,0.005799200036562979
275928,15,8,100,0.8,0.2,cell_welch,158,40,118,0.7468354430379747,1.0,1,0,0.006381699990015477
275928,15,8,100,0.8,0.2,donor_mean_welch,1,1,0,0.0,0.025,0,0,0.006381699990015477
275929,15,8,100,0.8,0.2,cell_welch,165,38,127,0.7696969696969697,0.95,1,0,0.006566299998667091
275929,15,8,100,0.8,0.2,donor_mean_welch,0,0,0,0.0,0.0,0,0,0.006566299998667091
275930,15,8,100,0.8,0.2,cell_welch,165,38,127,0.7696969696969697,0.95,1,0,0.0069414000026881695
275930,15,8,100,0.8,0.2,donor_mean_welch,0,0,0,0.0,0.0,0,0,0.0069414000026881695
275931,15,8,100,0.8,0.2,cell_welch,166,40,126,0.7590361445783133,1.0,1,0,0.0072731999680399895
275931,15,8,100,0.8,0.2,donor_mean_welch,1,1,0,0.0,0.025,0,0,0.0072731999680399895
275932,15,8,100,0.8,0.2,cell_welch,144,39,105,0.7291666666666666,0.975,1,0,0.007933799992315471
275932,15,8,100,0.8,0.2,donor_mean_welch,0,0,0,0.0,0.0,0,0,0.007933799992315471
275933,15,8,100,0.8,0.2,cell_welch,168,36,132,0.7857142857142857,0.9,1,0,0.00881259999005124
275933,15,8,100,0.8,0.2,donor_mean_welch,0,0,0,0.0,0.0,0,0,0.00881259999005124
275934,15,8,100,0.8,0.2,cell_welch,168,40,128,0.7619047619047619,1.0,1,0,0.008092199976090342
275934,15,8,100,0.8,0.2,donor_mean_welch,0,0,0,0.0,0.0,0,0,0.008092199976090342
275935,15,8,100,0.8,0.2,cell_welch,161,34,127,0.7888198757763976,0.85,1,0,0.008235699962824583
275935,15,8,100,0.8,0.2,donor_mean_welch,0,0,0,0.0,0.0,0,0,0.008235699962824583
275936,15,8,100,0.8,0.2,cell_welch,159,37,122,0.7672955974842768,0.925,1,0,0.007546700013335794
275936,15,8,100,0.8,0.2,donor_mean_welch,0,0,0,0.0,0.0,0,0,0.007546700013335794
275937,15,8,100,0.8,0.2,cell_welch,155,37,118,0.7612903225806451,0.925,1,0,0.007740799977909774
275937,15,8,100,0.8,0.2,donor_mean_welch,0,0,0,0.0,0.0,0,0,0.007740799977909774
275938,15,8,100,0.8,0.2,cell_welch,165,39,126,0.7636363636363637,0.975,1,0,0.008716500014998019
275938,15,8,100,0.8,0.2,donor_mean_welch,0,0,0,0.0,0.0,0,0,0.008716500014998019
275939,15,8,100,0.8,0.2,cell_welch,151,39,112,0.7417218543046358,0.975,1,0,0.007142300019040704
275939,15,8,100,0.8,0.2,donor_mean_welch,1,1,0,0.0,0.025,0,0,0.007142300019040704
275940,15,8,100,0.8,0.2,cell_welch,164,38,126,0.7682926829268293,0.95,1,0,0.008207000035326928
275940,15,8,100,0.8,0.2,donor_mean_welch,1,1,0,0.0,0.025,0,0,0.008207000035326928
275941,15,8,100,0.8,0.2,cell_welch,161,38,123,0.7639751552795031,0.95,1,0,0.00794160005170852
275941,15,8,100,0.8,0.2,donor_mean_welch,0,0,0,0.0,0.0,0,0,0.00794160005170852
275942,15,8,100,0.8,0.2,cell_welch,159,37,122,0.7672955974842768,0.925,1,0,0.008537399990018457
275942,15,8,100,0.8,0.2,donor_mean_welch,0,0,0,0.0,0.0,0,0,0.008537399990018457
275943,15,8,100,0.8,0.2,cell_welch,166,40,126,0.7590361445783133,1.0,1,0,0.0073670000419951975
275943,15,8,100,0.8,0.2,donor_mean_welch,2,2,0,0.0,0.05,0,0,0.0073670000419951975
275944,15,8,100,0.8,0.2,cell_welch,166,39,127,0.7650602409638554,0.975,1,0,0.007570400019176304
275944,15,8,100,0.8,0.2,donor_mean_welch,2,2,0,0.0,0.05,0,0,0.007570400019176304
275945,15,8,100,0.8,0.2,cell_welch,169,38,131,0.7751479289940828,0.95,1,0,0.007956799992825836
275945,15,8,100,0.8,0.2,donor_mean_welch,0,0,0,0.0,0.0,0,0,0.007956799992825836
275946,15,8,100,0.8,0.2,cell_welch,164,40,124,0.7560975609756098,1.0,1,0,0.007198100036475807
275946,15,8,100,0.8,0.2,donor_mean_welch,0,0,0,0.0,0.0,0,0,0.007198100036475807
275947,15,8,100,0.8,0.2,cell_welch,164,37,127,0.774390243902439,0.925,1,0,0.0077889999956823885
275947,15,8,100,0.8,0.2,donor_mean_welch,0,0,0,0.0,0.0,0,0,0.0077889999956823885
275948,15,8,100,0.8,0.2,cell_welch,167,39,128,0.7664670658682635,0.975,1,0,0.006979199999477714
275948,15,8,100,0.8,0.2,donor_mean_welch,0,0,0,0.0,0.0,0,0,0.006979199999477714
275949,15,8,100,0.8,0.2,cell_welch,155,39,116,0.7483870967741936,0.975,1,0,0.008408499998040497
275949,15,8,100,0.8,0.2,donor_mean_welch,2,2,0,0.0,0.05,0,0,0.008408499998040497
275950,15,8,100,0.8,0.2,cell_welch,152,36,116,0.7631578947368421,0.9,1,0,0.006561800022609532
275950,15,8,100,0.8,0.2,donor_mean_welch,1,1,0,0.0,0.025,0,0,0.006561800022609532
275951,15,8,100,0.8,0.2,cell_welch,160,37,123,0.76875,0.925,1,0,0.007032900000922382
275951,15,8,100,0.8,0.2,donor_mean_welch,0,0,0,0.0,0.0,0,0,0.007032900000922382
275952,15,8,100,0.8,0.2,cell_welch,159,37,122,0.7672955974842768,0.925,1,0,0.007198599982075393
275952,15,8,100,0.8,0.2,donor_mean_welch,0,0,0,0.0,0.0,0,0,0.007198599982075393
275953,15,8,100,0.8,0.2,cell_welch,157,38,119,0.7579617834394905,0.95,1,0,0.007555700023658574
275953,15,8,100,0.8,0.2,donor_mean_welch,0,0,0,0.0,0.0,0,0,0.007555700023658574
275954,15,8,100,0.8,0.2,cell_welch,161,37,124,0.7701863354037267,0.925,1,0,0.006570700032170862
275954,15,8,100,0.8,0.2,donor_mean_welch,2,2,0,0.0,0.05,0,0,0.006570700032170862
275955,15,8,100,0.8,0.2,cell_welch,157,37,120,0.7643312101910829,0.925,1,0,0.006011100020259619
275955,15,8,100,0.8,0.2,donor_mean_welch,0,0,0,0.0,0.0,0,0,0.006011100020259619
275956,15,8,100,0.8,0.2,cell_welch,161,37,124,0.7701863354037267,0.925,1,0,0.005535900010727346
275956,15,8,100,0.8,0.2,donor_mean_welch,0,0,0,0.0,0.0,0,0,0.005535900010727346
275957,15,8,100,0.8,0.2,cell_welch,162,37,125,0.7716049382716049,0.925,1,0,0.005481599946506321
275957,15,8,100,0.8,0.2,donor_mean_welch,1,1,0,0.0,0.025,0,0,0.005481599946506321
