gene,baseMean,log2FoldChange,lfcSE,stat,pvalue,padj_native,padj
MALAT1,2813477.3634633585,0.16455969672122295,0.030157850935936405,5.456612179388815,4.8530472010989045e-08,1.3480686669719177e-07,1.3480686669719177e-07
FTH1,23497.168409433056,-0.5589819548666585,0.09881287023777517,-5.656975184726142,1.5406402829649656e-08,4.654502365453068e-08,4.654502365453068e-08
FTL,60227.127043445886,-0.8690576016324684,0.13101120635567168,-6.633460036030311,3.2790778695324676e-11,1.4350450194890448e-10,1.4350450194890448e-10
B2M,200674.69588508512,0.4486481559042143,0.08983850111984633,4.993940797228004,5.915953947287557e-07,1.4119221831235218e-06,1.411922183123522e-06
TMSB4X,60792.470454757706,-0.032893718212488536,0.05901670136865744,-0.5573628727063643,0.5772795267783216,0.6180722984778605,0.6180722984778604
ISG15,19955.30573810317,2.5541124638352155,0.47947059216500043,5.326942894041492,9.98795482847698e-08,2.61807466015124e-07,2.61807466015124e-07
HLA-B,116098.27984259697,0.46856138701062966,0.08623239565873876,5.433704855712724,5.519584923384986e-08,1.5122150475027357e-07,1.5122150475027357e-07
CXCL10,51365.530395188944,2.1120368910695806,0.4670451436508461,4.522125794007824,6.1221656083032295e-06,1.2943267670831351e-05,1.2943267670831353e-05
TIMP1,3201.9741053782195,-0.3199175351940993,0.19929327026968893,-1.6052601011623644,0.10843657582687669,0.13362375373890284,0.13362375373890284
RPS2,5989.4833998440345,-0.3559696690025709,0.06497606597005577,-5.47847370702036,4.290103210076071e-08,1.20339500983901e-07,1.2033950098390102e-07
RPL10,2209.3963659984415,-0.8526381015946184,0.10560933166776823,-8.073511006365377,6.830501656138287e-16,5.399606052283231e-15,5.399606052283231e-15
ACTB,57400.095572622995,-0.5534752321537248,0.07509607746717985,-7.370228257203139,1.7033613662117884e-13,1.0108969532414174e-12,1.0108969532414174e-12
RPL13,6209.466603706875,-0.703741339644528,0.06643197289273675,-10.593413216566846,3.1971702829885524e-26,7.18465232132259e-25,7.184652321322589e-25
RPS18,2380.582283964705,-0.4942322899849311,0.0947566259455072,-5.215807180272069,1.8301848387037967e-07,4.6569588771088977e-07,4.6569588771088977e-07
CCL2,6749.692816914522,-0.692426500889051,0.40297433316879566,-1.7182893397803858,0.0857438528233747,0.10738115569614864,0.10738115569614864
RPS6,25917.573240083308,-0.6871084888857926,0.06284759979645788,-10.932931267241782,8.021462345298289e-28,2.2918463843709397e-26,2.2918463843709394e-26
RPL13A,11165.52183550993,-0.42651631771520937,0.06986811895075985,-6.104591394764762,1.0306400276755838e-09,3.7073382290488626e-09,3.707338229048863e-09
RPLP1,16636.00932108548,-0.18221062119508835,0.048968639240578704,-3.7209655816634655,0.00019846248866106273,0.0003445529317032339,0.0003445529317032339
RPS19,12130.303129323367,-0.3267539373871258,0.056541838046862664,-5.778976217863799,7.515654813257838e-09,2.370869026264302e-08,2.370869026264302e-08
RPS4X,9373.403177033977,-0.5770820016516649,0.08135026620162417,-7.093793648091878,1.3048465140172833e-12,7.03421301357026e-12,7.034213013570261e-12
RPL3,8248.115017160433,-0.9381266021185277,0.10372042964380065,-9.044762014005013,1.4999153549688648e-19,1.6758830781775025e-18,1.6758830781775025e-18
RPL21,4839.551546218507,-0.2723099876284018,0.05973520540020694,-4.558618084662323,5.1491310299017845e-06,1.099067455688748e-05,1.099067455688748e-05
HLA-DRA,28470.5644487886,-0.9518595093424279,0.08894132130707386,-10.702106685104113,9.949016392482246e-27,2.368813426781487e-25,2.368813426781487e-25
RPS14,10029.100633849912,-0.3539725787027874,0.043525210596881185,-8.132587386680019,4.2022305747842184e-16,3.3888956248259827e-15,3.3888956248259823e-15
HLA-A,47359.558339992676,0.44980980290010264,0.07643681956663613,5.884726829953556,3.987119728354431e-09,1.3202383206471626e-08,1.3202383206471624e-08
RPL32,12341.734319684592,-0.33069528060968206,0.04692237157698508,-7.047710281802647,1.8188583965474082e-12,9.497955073354613e-12,9.497955073354613e-12
RPS3,14149.111210368,-0.33350006300581747,0.05725204340544458,-5.825120697335706,5.707133840233507e-09,1.838046325357007e-08,1.838046325357007e-08
CD74,67395.28995654917,-0.26679529106566013,0.0605119406756734,-4.408969338722851,1.038637271375172e-05,2.1131989244662706e-05,2.1131989244662702e-05
CCL8,6925.805032770109,1.1874605649364764,0.5414622413652863,2.193062552140881,0.028302872612951564,0.03790582377611766,0.03790582377611766
RPL11,16869.953508286333,-0.360300683581166,0.04890998443968164,-7.366608018972236,1.750241353005754e-13,1.032590768734958e-12,1.032590768734958e-12
SAT1,50462.7367879993,1.2897949433650375,0.17976933243028545,7.174721772220075,7.245438285040085e-13,4.036455869103112e-12,4.036455869103111e-12
HLA-C,34919.61526371247,0.25441696990270457,0.08409303663500096,3.0254225567686523,0.0024828597937933505,0.0037762126141343733,0.0037762126141343733
SOD2,24550.313581014943,0.05657558351345595,0.06109622240452974,0.9260078821053488,0.3544418840402649,0.3975792305555411,0.39757923055554106
RPS27A,12455.688218174168,-0.4196770423165131,0.06521905758390371,-6.4348835733574115,1.2356800977735193e-10,5.02308982834764e-10,5.02308982834764e-10
EIF1,11395.747977235113,0.16260355240655022,0.047931299967364796,3.3924294253914007,0.0006927577554083823,0.0011366000909079283,0.0011366000909079283
RPL15,8264.68673041956,-0.48964700694740054,0.04694686544141185,-10.429812562426857,1.812454703974359e-25,3.6988871509680796e-24,3.6988871509680796e-24
RPL7,7884.936333061193,-0.6773848621064942,0.07850027550164333,-8.629076239258724,6.1849456771530154e-18,5.700410762353009e-17,5.70041076235301e-17
ISG20,25459.160594888875,1.8118642545933292,0.25066227022609583,7.228308643973578,4.890462871389013e-13,2.7786720860164846e-12,2.778672086016485e-12
RPS3A,2687.6761489018522,-0.385110278865505,0.08878726557145399,-4.337449479797043,1.4414565251389845e-05,2.8800330172607085e-05,2.8800330172607085e-05
RNF213,253380.47390185366,0.817844620198502,0.19049253452796228,4.293315862614296,1.760243071384946e-05,3.4787412477963356e-05,3.4787412477963356e-05
RPL18A,543.2314194218832,-0.8644594623087251,0.12539184811488296,-6.894064289703382,5.422050060587687e-12,2.677555585475401e-11,2.6775555854754012e-11
RPL34,17934.170397073518,-0.4236227153275813,0.04147609055555439,-10.213660681451344,1.722412751286847e-24,3.1316595477942676e-23,3.1316595477942676e-23
RPL19,15341.210157138281,-0.5184914106888154,0.042487146146995544,-12.203488765636482,2.9778610671291444e-34,1.8611631669557152e-32,1.8611631669557152e-32
TMSB10,34882.21543805115,-0.005652580843853342,0.11823518666655451,-0.04780794113172659,0.9618693076870718,0.9681623630468765,0.9681623630468765
C15orf48,2494.006274546511,0.2208294462071685,0.11370891968754349,1.942059134973558,0.052129941857496614,0.06765728988643298,0.06765728988643298
S100A11,6095.395672795888,0.2500544742219958,0.08873300760732664,2.8180547573521997,0.004831556929858239,0.0071000101834801455,0.0071000101834801455
MBNL1,229935.06880698283,-0.03444051346400656,0.037227774993495014,-0.9251295160676274,0.35489854139579446,0.3978683199504422,0.3978683199504422
SRGN,22207.801428832176,0.02245295348174773,0.12223310768315827,0.18368962310889017,0.8542569499499751,0.8725811541879214,0.8725811541879215
RPL8,5475.761974630367,-0.5307529267236345,0.04600249502542857,-11.537481313356,8.538896282575897e-31,3.795065014478176e-29,3.795065014478177e-29
PFN1,10964.084836805652,-0.13223431632355714,0.0640287406061791,-2.0652337539619805,0.03890088821765152,0.051151726781921786,0.051151726781921786
PTMA,43633.46848896624,-0.06766724513575532,0.05336285036565174,-1.2680590461732708,0.20477686520438876,0.24133985292208454,0.2413398529220846
STAT1,207207.3454491968,0.8586546897014823,0.22351860517828137,3.8415356476325897,0.0001222669749458564,0.00021794469687318432,0.00021794469687318432
RPS12,18605.740862043767,-0.18439857360544898,0.03644490122285408,-5.0596535432455845,4.200189409377648e-07,1.020702165097849e-06,1.0207021650978488e-06
TPT1,42263.1349152127,-0.5378323453276864,0.055449074386008095,-9.699573009705675,3.0276300277225443e-22,4.419897850689846e-21,4.419897850689846e-21
PABPC1,53626.16848284107,-0.9306357697011669,0.0983422230863672,-9.463237056211893,2.9855456168407985e-21,3.980727489121065e-20,3.980727489121065e-20
RPS9,5538.551851954754,-0.25388736743195145,0.049881855417068084,-5.089773933009693,3.58490639181315e-07,8.775780640913464e-07,8.775780640913463e-07
OAZ1,5606.500669404792,-0.24852048996138,0.054150042295884486,-4.589479147650971,4.4435338311199775e-06,9.577878156616438e-06,9.577878156616438e-06
MYL6,7838.782485844825,-0.320539679937144,0.04070027907010219,-7.875613810535456,3.390740621594242e-15,2.439381742154131e-14,2.439381742154131e-14
APOBEC3A,18032.658756459965,1.9940328064653934,0.45178134774087164,4.413712111924354,1.0161306411040764e-05,2.0758542208459168e-05,2.075854220845917e-05
PTPRC,170898.58348964696,-0.07667310450505588,0.029683836165436867,-2.582991769585771,0.009794765958723237,0.013903145434667476,0.013903145434667474
IFIT3,72795.32752275694,2.3167482150886363,0.45272673321990387,5.117321432757799,3.0990522837462965e-07,7.642545705909486e-07,7.642545705909486e-07
LYZ,70071.67002081136,-2.1800989630996654,0.12221583129730215,-17.838106078060854,3.5761281176935792e-71,1.4304512470774316e-68,1.4304512470774316e-68
RPS13,8923.532890957727,-0.5287598534019968,0.05067984941449781,-10.433335132419243,1.7464836491130293e-25,3.60099721466604e-24,3.60099721466604e-24
RPL12,11320.297550744077,-0.049573398040803615,0.04370459479257787,-1.1342834380705074,0.2566756740702226,0.29553906052990514,0.29553906052990514
RPLP2,17246.68776937867,-0.24216237612072306,0.040857701437271965,-5.926970132975058,3.085750725344573e-09,1.038973308196826e-08,1.038973308196826e-08
TYROBP,14127.173048388615,-0.10662905266599848,0.1413082063283167,-0.7545849985403935,0.4504980275237167,0.49532493405576333,0.4953249340557633
RPL26,10608.068236962841,-0.21089537938737987,0.046643097132545566,-4.521470321494283,6.141157113935275e-06,1.2969708793949893e-05,1.2969708793949895e-05
RPS27,17514.937525568934,-0.3680245353984481,0.04571255411021584,-8.050841668376654,8.222658775888738e-16,6.4491441379519504e-15,6.449144137951951e-15
ARHGAP15,181315.96915900634,-0.008278069655725044,0.03225532941077323,-0.2566419195508257,0.7974552114191182,0.8233920613516967,0.8233920613516966
ANXA1,7965.989169908746,0.5804591896136055,0.06389469751809582,9.084622232528949,1.0405941011537482e-19,1.1892504013185694e-18,1.1892504013185694e-18
RSAD2,85682.62493204407,2.6756533844020405,0.44365281116266947,6.030962313503717,1.6298619691940522e-09,5.708798491047468e-09,5.708798491047468e-09
SH3BGRL3,6035.086142569103,-0.8091923943556291,0.07895574404104243,-10.248683033561157,1.1996690692271273e-24,2.2216093874576432e-23,2.2216093874576432e-23
VIM,23961.12081954272,-0.004997604197944087,0.07762029735764531,-0.06438527509005788,0.9486634544744108,0.9567962223645092,0.9567962223645092
HLA-E,64033.40880789949,0.25084627949464605,0.076987845041116,3.258258227135459,0.0011209835094564487,0.0017864279035162529,0.0017864279035162529
SMCHD1,167527.7240669107,1.1231189969274429,0.16753495455754805,6.70378906833829,2.0308335548574108e-11,9.127341819583869e-11,9.127341819583869e-11
MAML2,179534.38110643902,0.5086024482958198,0.10098441127110794,5.0364451492458535,4.742569272477377e-07,1.1455481334486419e-06,1.1455481334486417e-06
HBB,208.19714192729762,-0.20830818851419353,0.2959181753903926,-0.7039384729896403,0.4814710907971579,0.5250502625923205,0.5250502625923205
TNFSF10,55692.52407198768,2.357325354903849,0.3936228067003091,5.988792607483833,2.1140452765256973e-09,7.289811298364473e-09,7.289811298364473e-09
RPS15,5226.230877939172,-0.15432631007813935,0.04221816207592639,-3.6554483305216925,0.00025673291505799413,0.00044150114369388504,0.000441501143693885
FCER1G,5870.558022785725,-0.27836843283141566,0.12294145594510794,-2.264235694066485,0.023559622318403018,0.032075728139418676,0.032075728139418676
GAPDH,6614.777622282522,-0.5138558450530043,0.08739452588273502,-5.87972575928257,4.109467604729849e-09,1.3585016875139998e-08,1.3585016875139998e-08
MX1,99648.18133693041,1.90697229006216,0.3966196507593196,4.808063055905837,1.5239969997380445e-06,3.459698069779897e-06,3.459698069779897e-06
RPL23A,3915.2007816319697,-0.3419235076623523,0.03847014169752321,-8.88802308945917,6.220575658232554e-19,6.380077598187236e-18,6.380077598187236e-18
HLA-DRB1,17742.738809749597,-0.7782496223738516,0.08977584749837872,-8.668808416293771,4.36665979392176e-18,4.062009110624893e-17,4.062009110624893e-17
EPSTI1,138346.18730730403,1.5138432269102342,0.2711776416830216,5.582478029954103,2.3711557093319418e-08,6.923082363012969e-08,6.923082363012969e-08
RPL9,10363.513873578098,-0.4425881057180786,0.06018791889251044,-7.353437597809228,1.9317321111831841e-13,1.1363130065783436e-12,1.1363130065783436e-12
RPS15A,4189.509096129873,-0.5617210246275474,0.07425099462073592,-7.565164985287305,3.8737262767921433e-14,2.459508747169615e-13,2.459508747169615e-13
EMP3,5555.646812791245,-0.2034703504125203,0.03689895944270221,-5.514257135854334,3.502561994393559e-08,9.950460211345337e-08,9.950460211345337e-08
RPL27A,9645.262382624336,-0.24209146103147045,0.037885320404006835,-6.390112540947821,1.6576371076482907e-10,6.657177139149762e-10,6.657177139149761e-10
S100A10,4198.540840064933,-0.277898298290756,0.08702030670490672,-3.1934879203900404,0.0014056521841644281,0.0022119332552941575,0.002211933255294158
TYMP,22149.113503870292,0.18114371641060723,0.16793965641136363,1.0786238359741585,0.2807554510806991,0.3215984548461616,0.3215984548461617
UTRN,157476.2249956459,0.47045528463641206,0.1284287163277895,3.6631627107107874,0.00024912018123831735,0.0004291475990324158,0.0004291475990324158
RPL28,13075.178056413248,0.0850860566981948,0.056135027324904316,1.5157391160731895,0.12958533255874194,0.15771367400220185,0.15771367400220182
CD63,6224.613995316887,-0.1831649602142145,0.08638569401540203,-2.120315896073687,0.03397941399892542,0.045035671304076104,0.04503567130407611
RPL31,13285.164896566008,-0.30676778761180934,0.03958917860284305,-7.748778793550901,9.27804806202804e-15,6.31159732110751e-14,6.31159732110751e-14
RPS8,14807.490189136775,-0.6032554271610939,0.06006756599949055,-10.042947755968841,9.868030116526796e-24,1.6446716860877995e-22,1.6446716860877995e-22
RPS23,10524.697178163959,-0.30400890440131956,0.039113090693158895,-7.772561539211026,7.69146161883639e-15,5.304456288852682e-14,5.304456288852682e-14
IFIT2,68630.16284702254,2.963909908173793,0.47419559667035227,6.250395256694511,4.094152310075067e-10,1.565641418766756e-09,1.565641418766756e-09
PARP14,140625.58297533393,1.3400196917874891,0.23385206807123576,5.730202443107298,1.0031084533297305e-08,3.089951060969098e-08,3.089951060969098e-08
RPL35A,10703.162299558468,-0.4277706434456231,0.04222947702287433,-10.129669453730477,4.080264071258672e-24,6.915701815692666e-23,6.915701815692664e-23
SP100,130293.31535331241,0.949428149582961,0.16211820724598305,5.856394329246359,4.73024324117551e-09,1.542482912906256e-08,1.542482912906256e-08
NEAT1,117004.8796128821,-0.08524194588744871,0.06724278470790152,-1.2676742383251145,0.20491430828247503,0.24135960928442288,0.24135960928442288
RPL30,11078.359496639916,-0.3594155014672221,0.04362914801858696,-8.237967455016618,1.7516081388787925e-16,1.4536167127624835e-15,1.4536167127624835e-15
IFITM3,7348.7010336182675,1.3228359818709265,0.38915371142967037,3.3992634350347073,0.0006756760249713658,0.0011113092515976412,0.0011113092515976412
SYNE2,142528.9071430542,0.44685099697604325,0.056310698573376915,7.935454687953552,2.0972555178125673e-15,1.5768838479793738e-14,1.5768838479793738e-14
IFI6,33917.14579825995,1.882127451854248,0.432389164186799,4.352855269613414,1.3437586562887719e-05,2.6983105547967307e-05,2.6983105547967307e-05
IFIT1,27701.430541767248,2.4542639812685336,0.47938896711309836,5.119567094020166,3.0623780738217174e-07,7.561427342769672e-07,7.561427342769673e-07
FOXP1,141291.60675690856,-0.061310444260089976,0.05858888656966465,-1.0464517735319867,0.2953524997942949,0.3367759404724001,0.3367759404724001
SAMD9L,112775.01727907953,1.614592433945513,0.2961016226119776,5.452832104406716,4.95738706924719e-08,1.375142044173978e-07,1.375142044173978e-07
RPS16,7348.436276074931,-0.5192614549606962,0.059639216611381246,-8.70671153084199,3.128178851252531e-18,3.05188180610003e-17,3.0518818061000304e-17
PDE3B,137596.68726329258,-0.059056542065736295,0.09277676885258485,-0.6365445013457259,0.5244215852657782,0.5669422543413819,0.5669422543413818
RPL18,5411.620502975759,-0.38330133522361026,0.04418919340369761,-8.674096667071929,4.168461164419575e-18,3.914048041708521e-17,3.9140480417085206e-17
ANXA5,9701.90343539173,0.10342422415096876,0.09542729688125093,1.0838012553123992,0.278452928521989,0.31950995814341826,0.31950995814341826
CYBA,9942.380681243738,-0.5178058240501384,0.06008867220585778,-8.61736172628657,6.8514425409208225e-18,6.285727101762222e-17,6.285727101762222e-17
ANK3,135023.56552765786,0.4328151565039831,0.05559830828439015,7.784682121802991,6.988870202016397e-15,4.8702928237048063e-14,4.870292823704807e-14
RPL14,5268.064220531373,-0.25185953510013154,0.04144236098134726,-6.077345236519963,1.2218851237420964e-09,4.363875441936059e-09,4.363875441936059e-09
RPS5,5320.123125596153,-0.6656583369970994,0.06337522661993886,-10.503447048624404,8.328222503763275e-26,1.7910155922071557e-24,1.791015592207156e-24
PSAP,47461.56021375116,-1.1541677698532653,0.08308544684850529,-13.891334928459,7.149037552828019e-44,8.936296941035023e-42,8.936296941035023e-42
IFI44L,109906.40120919356,1.9287369985128637,0.38953175902646686,4.951424251858794,7.367229573424383e-07,1.7396055663339746e-06,1.7396055663339746e-06
TXN,7483.6657144984265,1.556696610806635,0.1284320720535499,12.120777823763277,8.197740007474623e-34,4.968327277257347e-32,4.968327277257347e-32
FAU,3849.073155183874,-0.25597631647351304,0.04929816369432807,-5.192410777421391,2.0758836054894445e-07,5.25540153288467e-07,5.25540153288467e-07
ARPC2,25330.721462578087,-0.2993704326601313,0.025028321753826112,-11.96126674431801,5.669044700589982e-33,3.0643484868053957e-31,3.0643484868053957e-31
CTSB,59669.48591673281,0.019504769026626668,0.1229352350300249,0.15865889890610246,0.8739376218324635,0.8899568450432418,0.8899568450432418
S100A6,4412.881274464326,-0.5757462035665319,0.08388107043123894,-6.863839488535102,6.703394899875836e-12,3.238355024094607e-11,3.238355024094607e-11
ZEB2,120332.81443194141,-0.35422008416780276,0.04065164311061655,-8.713548999826157,2.9450629733149057e-18,2.8873166405048095e-17,2.8873166405048095e-17
ANXA2,16612.15348192884,0.2529979859284436,0.06003154430762304,4.2144174174829105,2.504237602906184e-05,4.853173649042992e-05,4.853173649042993e-05
LGALS1,1049.9002915806348,-0.38171577765614484,0.10064085182475824,-3.7928512203057534,0.00014892739282606378,0.0002633552481451172,0.00026335524814511725
LGALS3,6630.39349240698,-0.5214410596592658,0.07833628416312094,-6.656443629282447,2.805326560312396e-11,1.233110575961493e-10,1.233110575961493e-10
SLC8A1,125296.74881082767,-0.04864156606777648,0.11548459136011595,-0.4211952910332197,0.6736124826534577,0.7072047061978559,0.7072047061978559
RPL6,2852.277643879872,-0.7216757385347364,0.08620415234521234,-8.371705061778469,5.679044009956986e-17,4.9169212207419795e-16,4.9169212207419795e-16
RPS7,1423.3125134315285,-0.11948026354988686,0.08531345624614277,-1.4004855600406982,0.16136796453487967,0.1938353928346903,0.19383539283469028
ZBTB20,124799.17166909804,-0.12616254935541446,0.06381551636040328,-1.976988615792142,0.048042917026302444,0.06263744071225873,0.06263744071225873
ANKRD44,124306.82253603393,-0.21697449951162354,0.051422830631598485,-4.219419601111889,2.4493204743700764e-05,4.7559620861554886e-05,4.7559620861554886e-05
LY6E,13753.178948595809,1.4393652811952509,0.3002438711195471,4.793987220548937,1.634986939054572e-06,3.6865545412729917e-06,3.6865545412729917e-06
MYL12A,15542.140723630824,0.7359041715369432,0.12793783261188774,5.752045008995755,8.81703163521207e-09,2.755322386003772e-08,2.7553223860037722e-08
TSHZ2,122239.82337172156,0.478454727506412,0.06738021486090913,7.100819261174383,1.2401948186851644e-12,6.74018923198459e-12,6.740189231984589e-12
ETV6,119860.8555757457,0.4631789709617813,0.08219843989890002,5.634887615038294,1.751725357161842e-08,5.236847106612382e-08,5.236847106612382e-08
SERF2,7536.0599011923805,-0.2898139628207103,0.049834138018851004,-5.815570898629389,6.042729446229396e-09,1.9367722584068577e-08,1.9367722584068577e-08
RABGAP1L,105286.05905105738,0.1887969111868032,0.05034218949578909,3.7502721490211552,0.00017664275116239454,0.0003090861787618452,0.0003090861787618452
LINC-PINT,116164.61322947417,0.23505990285818903,0.07995178578938812,2.940020670424952,0.003281903519610172,0.004891063367526337,0.004891063367526337
GBP1,66538.31694026645,1.419111599947366,0.265532504876665,5.344398798205581,9.071764277642493e-08,2.403116364938409e-07,2.4031163649384087e-07
RPL29,1282.7086633865376,-0.26159337358475204,0.06226996920868692,-4.200955563476635,2.65790761095341e-05,5.131095774041332e-05,5.131095774041332e-05
XRN1,108838.80585537746,1.414825503173696,0.20615404692021533,6.862952846718816,6.745149666006824e-12,3.2487104112259296e-11,3.2487104112259296e-11
BTG1,13392.442486443628,0.3100303140754536,0.09787923908418421,3.1674777713464035,0.001537674649513671,0.002413931945861336,0.002413931945861336
LYN,104976.14359453449,0.7011216026821251,0.17786217921697248,3.9419375483240486,8.082602444789788e-05,0.00014682293269372912,0.00014682293269372912
CCR7,45960.89193936929,1.1169961209281296,0.09361067972263235,11.93235776342806,8.026734778824626e-33,4.224597252012961e-31,4.22459725201296e-31
RPL10A,6127.619449255054,-0.6490388918614248,0.057945286121866627,-11.200892001748164,4.036485368491699e-29,1.3918915063764481e-27,1.3918915063764481e-27
HLA-DPB1,14524.028522270082,-0.6467915351960685,0.07773461148466913,-8.3205090093443,8.75863541979473e-17,7.391253518814118e-16,7.391253518814118e-16
RPS20,9993.930185602416,-0.2988003677014362,0.052254160006288346,-5.718212055566067,1.076507478216539e-08,3.297113256405939e-08,3.297113256405939e-08
UBC,9887.190881529565,0.40340062649915476,0.07567293515886714,5.330844186924411,9.775726739142091e-08,2.569179169288329e-07,2.569179169288329e-07
HLA-DPA1,12963.602935028073,-0.411973865482511,0.08550708210603752,-4.818008699812973,1.4499805003076092e-06,3.2991592725997935e-06,3.2991592725997935e-06
HSP90AA1,24654.798647628555,0.17092931968773228,0.09530281236084545,1.7935390934796536,0.07288676546857326,0.09197068197927225,0.09197068197927225
S100A4,1209.439839411724,-2.3847540365706212,0.18747547568501832,-12.72035197060814,4.5580242014552e-37,3.6464193611641596e-35,3.6464193611641596e-35
CST3,4940.906934185445,0.07685346023710886,0.11700309705527756,0.6568497943332201,0.5112775029602104,0.5542303555124231,0.5542303555124232
IDO1,26711.386795778566,2.173777604966357,0.25820392167579637,8.418840391184204,3.802289975927075e-17,3.335342084146557e-16,3.335342084146557e-16
CXCL11,25397.694212507264,3.9904482728987465,0.5263677394048324,7.581103426685635,3.426283174321932e-14,2.2033975397568693e-13,2.2033975397568693e-13
NACA,7426.149326863418,-0.3542880946141117,0.05448845581130038,-6.502076253382019,7.921892393861293e-11,3.3076794963930247e-10,3.307679496393024e-10
RPS25,11528.289824050522,-0.36457539389563504,0.04049065818340896,-9.003938445362682,2.1776226345723365e-19,2.3929919061234468e-18,2.3929919061234468e-18
RPS24,7904.606458480154,-0.20215018967355985,0.031029248320521327,-6.51482715873162,7.277340515617557e-11,3.044912349630777e-10,3.044912349630777e-10
PFDN5,3062.0921551709175,-0.5278893969100618,0.0678492389260494,-7.780328936120003,7.233621807135442e-15,5.02334847717739e-14,5.02334847717739e-14
EEF1A1,15833.917067992734,-0.2799768661363436,0.10771222364254862,-2.599304486234251,0.009341287423983092,0.01333517119769178,0.01333517119769178
CD44,66305.9689912611,-0.8295397019970572,0.07973586703480012,-10.403595431338456,2.3875092338687556e-25,4.756060980071133e-24,4.756060980071134e-24
NFKBIA,7820.818609532437,0.18837859328678178,0.05050990953412663,3.7295373328575305,0.00019183168381365492,0.0003336203196759216,0.0003336203196759216
CDC42SE2,91697.34182092983,0.23606443888927187,0.03476743586641864,6.789814463058608,1.1227784473312532e-11,5.222225336424433e-11,5.222225336424433e-11
CLIC1,3841.76889667377,0.00891539081997722,0.11004845412609014,0.08101332172973769,0.9354313581213207,0.9458355491621039,0.9458355491621039
TMBIM6,7839.228151582488,-0.06180313880231985,0.04471044650908142,-1.3822975082516036,0.16688037076784035,0.1994983511868982,0.1994983511868982
PSME2,7217.035039981983,0.34651919677387577,0.13348439857064612,2.595952789123006,0.009432902529454777,0.013446760555174308,0.013446760555174308
DOCK8,93077.65866171634,0.15193316999492687,0.11238554486914402,1.3518924535342163,0.1764097220186911,0.21013665517414068,0.21013665517414068
DOCK10,93617.2281466156,0.03917560912253251,0.035785432702077444,1.0947362142768855,0.2736322181865797,0.3141586890775886,0.3141586890775886
DDX60L,88569.42092656024,1.6075236967073163,0.28993005112036296,5.544522516708561,2.9475740396534267e-08,8.482227452240077e-08,8.482227452240077e-08
UBB,4033.5946864532466,0.19027196343467986,0.056902786480396074,3.3438074864792715,0.0008263706027068701,0.00134369203692174,0.00134369203692174
UBA52,4362.664754963859,-0.26122789054389767,0.046556397504308754,-5.610998800320004,2.0116215983253946e-08,5.960360291334502e-08,5.960360291334502e-08
RPLP0,7292.748129919056,-0.37472773785592073,0.05611891240978589,-6.67738774264942,2.4323879301197667e-11,1.0786642705630895e-10,1.0786642705630895e-10
EEF1D,8116.3077208502,-0.32932002257022674,0.045919274995104314,-7.171716509142124,7.406318894552513e-13,4.11462160808473e-12,4.11462160808473e-12
CTSS,44411.9921982921,-0.6157214929029149,0.09807460639002982,-6.2780929291143055,3.427510455347275e-10,1.3182732520566442e-09,1.318273252056644e-09
AOAH,92805.71904286342,-0.4772426994994963,0.07414144329954428,-6.436922162026886,1.2192041524976483e-10,4.976343479582238e-10,4.976343479582238e-10
ACTG1,16859.722891111014,-0.12991666136343274,0.056696993243701574,-2.2914206544429954,0.0219390961192242,0.030020440917857903,0.0300204409178579
CFL1,9910.057762418617,-0.24918958542338931,0.045148744207133384,-5.519302691568949,3.403475008991377e-08,9.69650999712643e-08,9.69650999712643e-08
RPL35,6071.3309243999565,-0.5099862366051923,0.04555261955607401,-11.195541366779432,4.287751213113814e-29,1.453474987496208e-27,1.453474987496208e-27
MX2,74794.56707352698,1.4654813337570476,0.28478808779969106,5.145865984351882,2.66289485409875e-07,6.640635546380922e-07,6.640635546380922e-07
HNRNPA2B1,35571.537898483315,-0.12673939969003695,0.02361038284900154,-5.367951909149014,7.963577968088833e-08,2.1321493890465414e-07,2.1321493890465414e-07
SLFN12L,91638.8684844466,1.2695952377246078,0.17610190175451565,7.209435134291799,5.618445361128495e-13,3.1653213302132364e-12,3.1653213302132364e-12
ELMO1,90750.13768393318,0.11940224510943798,0.049281927553310706,2.4228404008807214,0.015399690601173717,0.02147795062925205,0.021477950629252045
SP110,74177.7466039124,0.9132434085544449,0.186128508164887,4.9065208632383355,9.270613172802864e-07,2.1635036575969343e-06,2.1635036575969343e-06
HSPA8,16473.40037939626,0.5158635397515849,0.13186081843243785,3.912182146934727,9.146588131301552e-05,0.00016539942371250548,0.00016539942371250545
RPL24,4720.457640741588,-0.25070861546107326,0.045637033225272045,-5.4935344772201455,3.939681512746662e-08,1.1129043821318256e-07,1.1129043821318255e-07
YBX1,9561.38351842698,-0.23808126923043396,0.056012805945120585,-4.250479246901107,2.1331360082215347e-05,4.166281266057685e-05,4.166281266057685e-05
CTSL,19010.363495885013,1.8116609801576562,0.2634174576001394,6.877528151181645,6.089999128162886e-12,2.970731282030676e-11,2.970731282030676e-11
ANKRD12,73417.19510551625,-0.08509818781982957,0.018956438975157804,-4.489144186381723,7.150988421662997e-06,1.4928994617250518e-05,1.4928994617250518e-05
USP15,82043.83954169796,0.7008335388193515,0.11905903464311435,5.886437269713605,3.946094341796088e-09,1.309162196010681e-08,1.309162196010681e-08
PLSCR1,30234.872702459354,1.5193450086819935,0.2645281250168105,5.743604800379697,9.268195691545956e-09,2.8783216433372536e-08,2.878321643337254e-08
FCHSD2,88680.10526046705,0.8355226828176001,0.13502972221573603,6.187694598695031,6.105045896993692e-10,2.265323152873355e-09,2.265323152873355e-09
WIPF1,78294.10179025431,0.47345801944248944,0.04161383179800505,11.377419453720838,5.417923588980801e-30,2.044499467539925e-28,2.044499467539925e-28
IFI16,64529.851750056325,0.7797965733815011,0.1636853246897659,4.76399808510296,1.8979430582316353e-06,4.245957624679274e-06,4.245957624679273e-06
CHST11,85056.76808818955,-0.3496446834866152,0.08362382568723527,-4.181161058025914,2.9002433328916265e-05,5.556021710520357e-05,5.5560217105203576e-05
PSMB9,10570.82304087814,0.41598210504883976,0.10701826670961445,3.887019644763768,0.00010148254411106618,0.00018287737641068178,0.00018287737641068178
XAF1,71448.45480111979,1.1225668407081837,0.2824271377215047,3.974713088000498,7.046414960829663e-05,0.00012870164312017647,0.00012870164312017647
KYNU,42731.44826447564,0.3774116626696359,0.0691402546185774,5.458638599925384,4.797992468765228e-08,1.336488152859395e-07,1.336488152859395e-07
JAK1,66603.57705717726,0.4034929768364687,0.056927516382001844,7.087837349672903,1.3622393568718567e-12,7.265276569983236e-12,7.265276569983236e-12
IKZF1,82303.17948677122,-0.38527094924198446,0.06159493875757881,-6.254912449191772,3.977389742499977e-10,1.5239041159003744e-09,1.5239041159003742e-09
ARPC1B,10294.212939229858,-0.3451649287402212,0.06017042053514842,-5.736455315923775,9.667854115282151e-09,2.993143688941843e-08,2.993143688941843e-08
TNRC6B,81995.08270355135,0.06722502919468785,0.03929268259046891,1.7108790940884857,0.08710343463723529,0.10881128624264245,0.10881128624264245
COX4I1,5090.734744553353,-0.6040938745738207,0.053338073375282936,-11.325753563002896,9.783388069376796e-30,3.4940671676345704e-28,3.4940671676345704e-28
NPC2,4812.762541817628,-0.5023491412016001,0.06858914799893064,-7.324032384969006,2.406285771033371e-13,1.4113113026588688e-12,1.4113113026588688e-12
APOBEC3B,101.19474478672767,1.3709439663808962,0.2882478491504563,4.756129041106242,1.973403540279784e-06,4.406064931316326e-06,4.406064931316325e-06
OAS1,27705.49779259597,1.950282698861509,0.3217843656992702,6.060837339388276,1.3541472389493088e-09,4.776533470720666e-09,4.776533470720666e-09
CCL7,482.3394694351529,0.8735788547897512,0.5379325090144393,1.6239562401429475,0.10438514823974311,0.1291096453181733,0.12910964531817332
EIF4A1,7696.916153533316,-0.28844176356302753,0.03495195852339845,-8.252520767038886,1.5508793750382102e-16,1.297807008400176e-15,1.2978070084001757e-15
TNFAIP8,63410.604034413445,0.13589359010037666,0.041233729774515386,3.295689981078696,0.0009818029465130074,0.0015810031344814935,0.0015810031344814935
CCL3,1611.7645690585184,0.3173397624785521,0.21196780913730662,1.497112999233712,0.13436385788101088,0.16326106668409585,0.16326106668409585
FOXN3,79254.77610205096,-0.17126337625348034,0.04297133034219401,-3.985526510109346,6.73306590542352e-05,0.00012320340174608454,0.00012320340174608454
RPL27,5377.520904103779,-0.49220490084792734,0.043005094524324855,-11.445269596361959,2.4833126651537012e-30,1.0135970061851842e-28,1.0135970061851842e-28
SDCBP,10012.037489706816,0.03545219574378269,0.07403941897610908,0.4788286595714959,0.6320605262804215,0.6695556422462093,0.6695556422462092
LAPTM5,12995.530084969258,-0.6413958265836902,0.05808520659962962,-11.042326680607522,2.3876908173504313e-28,7.260532672966082e-27,7.260532672966082e-27
RPL7A,6304.435141631016,-0.6855606431709345,0.05179300228131465,-13.23654959114552,5.397196183074031e-40,5.39719618307403e-38,5.39719618307403e-38
MACF1,75990.47510142518,0.06936503640704633,0.07273731396784146,0.9536375846613464,0.34026712398254555,0.3831836981785423,0.3831836981785423
RPL36AL,5813.4865080309455,0.05206483855061593,0.05232613325801721,0.9950064204799379,0.31973314168904565,0.3618937653526267,0.36189376535262663
ARPC3,8913.196850333874,-0.2132235427057632,0.06393764158011483,-3.3348671836541053,0.0008534014924379696,0.001385392033178522,0.001385392033178522
ITM2B,18301.769763224285,-0.04125590644224428,0.09150950636258649,-0.4508373838099042,0.6521067555118656,0.6882393198014413,0.6882393198014413
MYL12B,6682.655199662538,0.2086579701231578,0.0475357496996945,4.3894957256664195,1.1361381143760493e-05,2.2929124407185654e-05,2.2929124407185657e-05
JAK2,75097.54440340788,1.0943994794467318,0.18550090864238014,5.89969875326369,3.6416585533629884e-09,1.2138861844543295e-08,1.2138861844543295e-08
IQGAP2,71762.31097322748,0.3951393116651373,0.07009401306144696,5.637276201017966,1.7276090412919407e-08,5.172482159556709e-08,5.172482159556709e-08
DYNLT1,11797.421152274104,1.2466187498406225,0.2218025244297686,5.62039928556066,1.9051662894203844e-08,5.6701377661320964e-08,5.6701377661320964e-08
RPL5,8420.195726551383,-0.6113485055693713,0.09076916261480823,-6.735200457491438,1.6370408410778464e-11,7.475072333688797e-11,7.475072333688798e-11
DOCK4,74535.5090519836,0.19822987083228688,0.17405786069876528,1.1388734185085447,0.2547559539515566,0.2938361637272856,0.29383616372728555
GBP5,63964.033026895,1.640787812857668,0.24012871901870764,6.832951175364575,8.318527455570402e-12,3.951794515710405e-11,3.951794515710405e-11
SAMSN1,41843.77353523151,0.635214178412241,0.05249530763537083,12.100399198046414,1.0509884221185875e-33,6.182284835991691e-32,6.182284835991692e-32
CLEC2D,60637.34463382702,0.8784760579085671,0.07494511364123349,11.721592178962885,9.879748482616805e-32,4.704642134579431e-30,4.704642134579431e-30
CELF2,69873.96267733576,-0.016274293631346973,0.08923280054333733,-0.18238017334716625,0.8552843842369674,0.8731815681011281,0.8731815681011281
GBP2,50344.605354818086,0.9761697170346513,0.12708392405428248,7.681299773350493,1.5748247558810908e-14,1.039488287710291e-13,1.0394882877102909e-13
RGL1,70624.11543598042,0.4172194284011706,0.1592119677944858,2.6205280556529917,0.008779370590967589,0.012559900702385678,0.01255990070238568
MYCBP2,70464.17813796176,0.4633946167822427,0.08467534808621925,5.47260362378905,4.4347128502873006e-08,1.238746606225503e-07,1.2387466062255032e-07
CSTB,3151.590419955914,-0.19801740741037635,0.06382198702103449,-3.1026518705084136,0.0019179511079070403,0.0029712643034965768,0.0029712643034965768
FYN,66799.8814825495,-0.12803063722473523,0.10182261664886191,-1.2573889911536296,0.20861281364297501,0.2454268395799706,0.2454268395799706
BTF3,3642.4297076938565,-0.14039925052936428,0.04868337531676575,-2.8839259730007485,0.003927510665500822,0.005814227484087079,0.005814227484087079
CXCR4,5942.351921618295,-0.5933702998282725,0.1323033905577062,-4.484921341221899,7.2940837470698715e-06,1.5196007806395567e-05,1.5196007806395567e-05
RPSA,2304.2474635259855,-0.6138708315498483,0.09255598724045629,-6.632427029869387,3.302115979057062e-11,1.4419720432563593e-10,1.441972043256359e-10
MED13L,72082.56439089698,0.08396393663120688,0.04555984338892209,1.842937340992326,0.06533815952741512,0.08333948919313153,0.08333948919313153
PARP8,71237.5709130102,0.7494816237140312,0.10126537877590973,7.401163485227857,1.3499640690561276e-13,8.107892306643409e-13,8.107892306643409e-13
BAZ1A,51154.349662121305,0.8772333089342225,0.1173827900861717,7.473270215252493,7.822598117546152e-14,4.799139949414817e-13,4.799139949414818e-13
HSP90AB1,18268.95332250505,-0.019966878508893053,0.09174122854729261,-0.2176434611250069,0.827706919020607,0.8498017649082207,0.8498017649082207
CCL4,988.0706960777349,0.35756884493290586,0.16126327859413409,2.217298619066476,0.026602692204901603,0.035852684912266314,0.035852684912266314
ATP6V1F,1374.186679356009,-0.20226402296025753,0.05550666548806895,-3.643959174664055,0.0002684760236757916,0.00046011315111532403,0.0004601131511153241
CD247,65496.39751584767,-0.03549195991699185,0.04319887373246189,-0.8215945660250242,0.4113076830022072,0.4565013129880213,0.4565013129880213
FNBP1,64058.676891952695,0.17201710575921056,0.06280183110559372,2.7390460235145775,0.006161774708081946,0.00894956384616114,0.00894956384616114
SAMD9,46977.481241180016,1.7442128611289334,0.26754333302048366,6.51936582174295,7.060526608963178e-11,2.9666078188920917e-10,2.966607818892091e-10
RPL36,6402.029612232142,-0.14707111357810682,0.03810105107200185,-3.860027727323786,0.00011337415983292058,0.0002029976004170467,0.0002029976004170467
RPL4,7733.131984522614,-1.043105728725995,0.11109358110470523,-9.389432929908635,6.032415289659115e-21,7.733865755973225e-20,7.733865755973224e-20
IFIH1,56223.54288724604,1.8010374988709759,0.2770323795388989,6.5011804824716775,7.969215077671554e-11,3.320506282363148e-10,3.3205062823631473e-10
PRRC2C,62206.22454906072,0.156070778971388,0.010330364944279387,15.10796373731354,1.4350620255185432e-51,2.6092036827609876e-49,2.609203682760988e-49
PKM,10357.383292730394,-0.5683058567734871,0.055952562548758786,-10.156922773255433,3.0866496458186614e-24,5.368086340554194e-23,5.368086340554194e-23
AKAP13,63010.26200973256,-0.2440389925411648,0.030171370016531925,-8.088429276080188,6.043906467277345e-16,4.835125173821876e-15,4.835125173821876e-15
ARPC5,12068.019246218422,-0.14907733840343437,0.039513783656460695,-3.772793304218527,0.0001614300198810061,0.00028420778148064454,0.00028420778148064454
CALM1,17803.825958343266,-0.38362824749735824,0.045366189100665255,-8.456259057733652,2.7609187538727458e-17,2.465106030243523e-16,2.4651060302435227e-16
RPS28,3249.1536301858814,-0.13454847685029434,0.06808517178276556,-1.9761788555015833,0.048134523813140075,0.06271599193894471,0.06271599193894473
IRF7,8649.91076310368,1.5629126460003524,0.2838639482290488,5.505851150704223,3.673888559385565e-08,1.0422378891873943e-07,1.0422378891873943e-07
ZFAND3,66506.70880107973,-0.04447237923528799,0.030241306853039183,-1.4705839086718773,0.1414036782828998,0.1712945830198665,0.1712945830198665
EIF2AK2,49701.81413987838,1.2739622393103547,0.27095737981168344,4.701707110526991,2.5799539408551772e-06,5.720518715865138e-06,5.720518715865137e-06
CFLAR,48830.30973822364,0.48124504914019894,0.05224627039918122,9.211089049291083,3.2283268629122984e-20,3.8205051632098205e-19,3.820505163209821e-19
UBE2D3,24457.484234165862,0.15592955286241547,0.03347035254823265,4.658736493370133,3.1815615100418804e-06,6.992442879212924e-06,6.992442879212924e-06
BST2,6528.43956570255,1.1263162467664387,0.24055204812295025,4.682214329726926,2.837925246596836e-06,6.276565818345818e-06,6.276565818345818e-06
ARHGAP25,64373.592563584185,0.45621528251441584,0.08641770390495337,5.27918773468206,1.2975780724354236e-07,3.365961277394095e-07,3.3659612773940954e-07
FNDC3B,59992.28630340036,0.6821523119971222,0.06703673914417665,10.175797938649874,2.543070440279303e-24,4.501009628812925e-23,4.5010096288129256e-23
IL7R,49387.00042244289,0.3006482922570485,0.09699289406007851,3.099694005117772,0.0019372066347631896,0.0029987718804383745,0.002998771880438374
DNAJA1,13382.869138604336,0.6482348105316824,0.1529355414340133,4.238614546059424,2.2490342308955707e-05,4.384082321433861e-05,4.384082321433861e-05
GSTO1,3289.216412700362,0.2310967520125796,0.06718107148513364,3.4399086960635707,0.0005819104612157756,0.0009650256404905068,0.0009650256404905068
ARHGDIB,12505.730989883217,-0.6328920753104003,0.08067543220278293,-7.844917071154759,4.332396904333886e-15,3.083556515540133e-14,3.083556515540133e-14
CTSC,30220.418805861493,0.1350520565785299,0.14095286542351926,0.9581362973554367,0.33799403443457565,0.3810530264200402,0.3810530264200402
PDE4B,62038.781610818114,0.9225995166330057,0.23766156017647627,3.8819888077311564,0.000103605646947529,0.0001865088153870909,0.00018650881538709093
ARID1B,64966.3664593196,0.02633334771630605,0.062222621494406744,0.4232118011722341,0.6721407373845745,0.7064011953595108,0.7064011953595107
FHIT,64188.08703039206,-0.4601011864978333,0.044671577542294214,-10.299640438312665,7.072515766652918e-25,1.334436937104324e-23,1.334436937104324e-23
LAP3,28450.6074458338,0.800334391744161,0.21177422670529422,3.7791869397682145,0.00015734127168816824,0.00027749783366519973,0.00027749783366519973
PPP2R5C,55539.713511640184,0.1442055116446126,0.04251444967442977,3.3919176362135692,0.0006940530017583292,0.0011377918061611955,0.0011377918061611953
S100A8,1919.8862089698498,-2.505453910590653,0.26262077220584334,-9.540197028386114,1.4256120648184599e-21,1.9396082514536868e-20,1.9396082514536868e-20
TRIM22,53279.80039604698,1.1243119265657455,0.22340472133121433,5.032623840115126,4.838118672429537e-07,1.167218015061408e-06,1.1672180150614082e-06
DOCK2,63669.665120263795,-0.32282387576865934,0.038495430669674674,-8.386031021156192,5.0283071454716864e-17,4.372440996062336e-16,4.372440996062336e-16
CAMK4,61207.19903389745,-0.05414284558043308,0.08788387360839263,-0.6160725894000946,0.5378466120488798,0.5789522196435736,0.5789522196435736
TANK,54721.18546416736,0.9018419928755159,0.09425923719299344,9.567677606270216,1.0933397304681612e-21,1.5185274034280018e-20,1.5185274034280015e-20
TBC1D22A,62739.98689998108,-0.11729123477016336,0.04432350802531231,-2.646253421619529,0.008138881761445737,0.011685400949670835,0.011685400949670835
GIMAP7,17291.484674442316,0.422464853320067,0.08613932325908372,4.904436642129255,9.3695857479434e-07,2.181510069369826e-06,2.1815100693698254e-06
RPS11,7952.991936104004,-0.48495359284525763,0.043740281863582066,-11.087116318951468,1.4488316098843571e-28,4.5994654282043086e-27,4.5994654282043086e-27
DDX5,34325.968231560044,0.09538950241778803,0.02374199192314173,4.017754817143638,5.8755284203219534e-05,0.00010830467134234016,0.00010830467134234016
ATP6V0E1,8671.438847606189,0.2501190064885213,0.042988519168272815,5.818274537661181,5.9458189158179574e-09,1.9087701174375466e-08,1.9087701174375466e-08
BACH2,62269.67867623243,-0.17762785079802926,0.08200098398107666,-2.1661673089071756,0.030298404256456822,0.04039787234194243,0.040397872341942434
CCND3,59287.355104963586,0.35553799231792604,0.0657760409268685,5.40528112224362,6.470682411440328e-08,1.7488330841730616e-07,1.7488330841730616e-07
JMJD1C,59766.79776304439,0.35053715275890207,0.04533874716595145,7.73151387434342,1.062750914548025e-14,7.156571815138216e-14,7.156571815138215e-14
UBE2L6,10562.187767050653,1.1245699440135892,0.21859212372424117,5.144604136937062,2.6808551030294227e-07,6.677098637682249e-07,6.677098637682248e-07
SRP14,4394.800762281629,0.11167826435549894,0.05958410984107364,1.8742960942669782,0.06088962556304973,0.07806362251673042,0.07806362251673042
BCL2,61415.19056157892,0.4276435698535365,0.0890719144475443,4.801104506464626,1.577928899999058e-06,3.568001614344959e-06,3.5680016143449585e-06
TMEM123,32884.4272453849,0.5863591331729763,0.1202360253136867,4.876734170505135,1.0785662979307524e-06,2.490915237715363e-06,2.490915237715363e-06
NR3C1,52412.473807310955,0.29054694484025206,0.03247122156436863,8.9478292113,3.625414041148483e-19,3.816225306472088e-18,3.816225306472087e-18
CYTH1,56023.97141014835,0.23711395850494232,0.06733516686286654,3.5213985433175488,0.0004292769017579767,0.0007245179776505936,0.0007245179776505936
JUNB,3564.6440693658064,0.3517047780679819,0.07070914024163102,4.973964849043811,6.559720858166282e-07,1.558128469873226e-06,1.5581284698732262e-06
ELF1,48937.63728046813,0.5499920972210407,0.08205627879918967,6.702620509601663,2.047146208258445e-11,9.180027839723969e-11,9.18002783972397e-11
IFI30,46267.034039900755,-0.017140386942653893,0.09426718756774281,-0.18182771105095685,0.8557179367391056,0.8731815681011281,0.8731815681011281
PRKCH,57266.13138104432,-0.27983699755245234,0.08081819742964921,-3.4625493571054387,0.0005350837635457463,0.0008895823167842831,0.000889582316784283
SLFN5,51764.15469959178,0.6914505579647973,0.13416660676822226,5.153671055863427,2.554358531682233e-07,6.401901081910358e-07,6.401901081910358e-07
TNFSF13B,19687.876015043763,1.209063609081986,0.17788218613507467,6.79699094862644,1.0682680651097722e-11,4.991906846307347e-11,4.9919068463073464e-11
LPP,58729.69180245965,-0.026781181894042855,0.06190273212650392,-0.4326332776284098,0.6652812096989228,0.7002960102093924,0.7002960102093924
RAC1,6580.369142699104,0.05064669608832954,0.07579864535633155,0.6681741586572955,0.5040224286473435,0.5475528828325296,0.5475528828325296
ARID5B,52493.68593875746,0.3468963998521481,0.07293751497738608,4.756076484915912,1.973917089229714e-06,4.406064931316326e-06,4.406064931316325e-06
PITPNC1,55396.5071944384,-0.6064998043259006,0.11349440715069765,-5.343873936630122,9.098085412781746e-08,2.406900902852314e-07,2.4069009028523133e-07
ACTR3,32126.96086175195,0.12253081673428996,0.033887884384154125,3.6157706201212436,0.000299455453818105,0.0005114525257354484,0.0005114525257354484
STK4,47524.639234216884,0.2480087576415469,0.09222888985980096,2.6890571708989466,0.0071654146207624884,0.010339703637463908,0.010339703637463908
EVL,45262.163827573684,0.27331740097561064,0.06529354204160845,4.185979078933083,2.83939502213722e-05,5.460375042571577e-05,5.460375042571577e-05
IL1RN,15694.204990633627,3.09262394625257,0.4851446770742145,6.374642642486376,1.8339006012792944e-10,7.350303011139455e-10,7.350303011139456e-10
GRB2,36215.35512110346,-0.2195639046346938,0.05088449966744859,-4.314946714021665,1.5964140585448127e-05,3.170633681320383e-05,3.1706336813203824e-05
LRBA,56222.75474146185,0.2567032118671001,0.04055905219483367,6.329122550348908,2.465592332004534e-10,9.68798558744414e-10,9.68798558744414e-10
UBE2E2,54581.66951026141,-0.293161193721269,0.06571981214200717,-4.460773458813412,8.166438091544994e-06,1.6855393377801847e-05,1.6855393377801843e-05
RUNX1,55336.78390476369,-0.8918413558760376,0.059567656367118346,-14.971906068950844,1.1206284740478761e-50,1.6008978200683946e-48,1.6008978200683946e-48
CD47,28087.085115200858,0.4531505747265794,0.07381181574235528,6.139268762989513,8.290220407560877e-10,3.0037030462177092e-09,3.0037030462177092e-09
GPBP1,41594.015715073765,0.8742244218245121,0.09683907884880599,9.02759952094785,1.7547869794811157e-19,1.949763310534573e-18,1.9497633105345732e-18
ITPR2,55256.080030493766,-1.1343359654594596,0.08865978137459715,-12.794256289295003,1.765343615557847e-37,1.5350814048329106e-35,1.5350814048329103e-35
ENO1,11259.601595082533,0.04217559657993999,0.05761196983644779,0.7320630886197873,0.4641300617781221,0.5086356841404077,0.5086356841404078
N4BP2L2,48135.008773708054,0.1404917063341668,0.023700116195483508,5.927891035443111,3.068499936389618e-09,1.034907229811001e-08,1.034907229811001e-08
MARCKSL1,2624.8420738129485,1.3168343698274865,0.11483132204792337,11.467553855018082,1.920103737442837e-30,8.170654201884414e-29,8.170654201884414e-29
AFF1,54867.3130144731,0.2220827727480246,0.07366268281093585,3.014861314758611,0.0025709678435271712,0.0039013169097529155,0.0039013169097529155
PRKCB,54800.581041663994,-0.4664221351787971,0.05399994306813127,-8.637456054172432,5.74785568355117e-18,5.322088595880713e-17,5.322088595880713e-17
SSH2,53679.5333443897,-0.273072445439157,0.0715722011006061,-3.815342287088674,0.00013599429204379118,0.00024155291659643194,0.00024155291659643194
BACH1,52601.037409570796,-0.13297194090604209,0.056676389496506066,-2.346161110249258,0.018967906515602706,0.026108611859053967,0.026108611859053967
CD53,20942.736199904994,-0.09584439723114836,0.04036592361797522,-2.3743888072083705,0.017578029719094165,0.02434300480017048,0.02434300480017048
RPS10,5406.973714303426,-0.4566909664210972,0.04883282477466515,-9.352130836757,8.589942528636543e-21,1.0737428160795679e-19,1.0737428160795677e-19
NPM1,7684.304646162251,0.044772102027103494,0.0504797462596577,0.8869319944043453,0.37511551498178597,0.4191234804265765,0.4191234804265765
ATM,52489.952036628245,-0.317409620297207,0.0516107804561557,-6.150064337175685,7.745152270561688e-10,2.82669790896412e-09,2.82669790896412e-09
FTX,53834.650345643975,-0.06844595468584684,0.06237522164380286,-1.0973260355964944,0.272498893543611,0.31303721257163813,0.31303721257163813
KLF6,29195.645997867585,1.1593019825507451,0.13085118149775232,8.859698241017862,8.023131443490205e-19,8.104173175242632e-18,8.104173175242632e-18
HERC5,34562.960854315745,1.9013084272100316,0.39908777849064314,4.764135936211359,1.896646165910314e-06,4.245957624679274e-06,4.245957624679273e-06
IFI44,39670.27131389131,1.664947588754774,0.31883886248171045,5.221909198256158,1.770878028893391e-07,4.5175459920749767e-07,4.5175459920749767e-07
RBM47,51761.4315176625,0.09555085204937754,0.06541845353597422,1.4606100707781668,0.14412248096096902,0.1743768674663872,0.1743768674663872
CD38,44866.057786996076,2.4070058807955244,0.3260024219810714,7.383398767924741,1.5429899627277125e-13,9.239460854656962e-13,9.239460854656962e-13
DDX60,51007.861212531745,1.4475936551835769,0.2638002835734441,5.48746057272738,4.077529880889187e-08,1.1469844953274787e-07,1.1469844953274788e-07
EXOC4,53050.14376515988,-0.1556061051810371,0.037896189100599505,-4.10611485941143,4.0236946160379515e-05,7.591876634033871e-05,7.591876634033871e-05
OASL,15327.102236081477,2.08167140712354,0.3054452565719895,6.815202928623371,9.413079747938081e-12,4.42968458726498e-11,4.429684587264979e-11
CD48,12356.45717300954,0.41052023355859124,0.14062508689653924,2.9192531902975416,0.003508711151244639,0.0052212963560188085,0.005221296356018808
GBP4,32578.027862132276,1.4857023391232658,0.21575317674482586,6.8861203414883,5.733449452808054e-12,2.810514437651007e-11,2.8105144376510066e-11
IFI27,3977.3856369224814,2.8757029042022055,0.42176932499784836,6.818188838690144,9.219540591872144e-12,4.348839901826483e-11,4.3488399018264836e-11
ZC3HAV1,48858.37157028733,0.5513245809826892,0.09232035199429603,5.9718639397816915,2.3455811741593583e-09,8.07428975614237e-09,8.07428975614237e-09
KMT2E,41473.7038482603,-0.002547404139239634,0.04322872335802704,-0.05892850728303111,0.9530090519716476,0.9606946088423868,0.9606946088423868
SUB1,11285.439967667155,0.6441432822758288,0.06270963712290918,10.2718387767629,9.438820278366663e-25,1.7642654725918997e-23,1.7642654725919e-23
ATP6V0B,1171.9488952514585,-0.43709543789187444,0.07396218699124804,-5.909714891794587,3.427003495625035e-09,1.1480748729062094e-08,1.1480748729062094e-08
CARD16,2709.341351585213,0.8433083213114196,0.17681655900011023,4.769396747003169,1.8477842276609182e-06,4.143013963365287e-06,4.143013963365287e-06
CALM2,10102.562007131428,-0.32770309804503145,0.06018370880235168,-5.445046584304662,5.179182943564381e-08,1.428740122362588e-07,1.428740122362588e-07
PACS1,51929.48049770004,-0.2775361491686592,0.10368729502973639,-2.6766649577372505,0.00743589515729356,0.010722271315491794,0.010722271315491794
ATP6V1G1,4379.869111437202,0.1936750039713451,0.03122859313784844,6.201848514802763,5.58037796283545e-10,2.090029199563839e-09,2.090029199563839e-09
S100A9,3519.213770164862,-2.3881329104189635,0.23131622359460494,-10.324104696626486,5.482790355170987e-25,1.0543827606098052e-23,1.054382760609805e-23
ANKRD11,50180.69670219503,-0.07706904765296857,0.06464085834182721,-1.1922652271326577,0.23315726458822872,0.27095556605256094,0.270955566052561
GPX1,3302.9787279531024,-0.8814528263424365,0.10561522139870066,-8.345888165257215,7.06806686814245e-17,6.015376057993575e-16,6.015376057993574e-16
CYTIP,19171.539889908425,0.3818970026391208,0.07771086876464368,4.914331916629832,8.908571537518695e-07,2.0838763830453087e-06,2.0838763830453087e-06
ARID4B,42769.3639161684,0.1790538495472064,0.029560123767857483,6.057276720265377,1.3844531186891162e-09,4.874834924961677e-09,4.8748349249616764e-09
HSPA1A,1504.0742881763745,-0.36589133915441474,0.16284080659205546,-2.2469265954389193,0.02464471870591017,0.03348467215476925,0.03348467215476925
BCL11B,50576.2734582577,-0.20063732100300743,0.053509641213832816,-3.749554593371867,0.00017714892975935446,0.0003097009261527176,0.00030970092615271755
MSN,37232.59703149105,-0.010989008715370268,0.03387875322121981,-0.32436284309563523,0.7456633472102502,0.7735096962761931,0.7735096962761931
ADAR,42996.21435941672,0.560287233560598,0.14022662639280667,3.9955837772999403,6.453503005902458e-05,0.0001184128991908708,0.0001184128991908708
FGL2,26670.43482894514,-0.2714154826576875,0.14353280930523657,-1.8909647485579126,0.05862905008563649,0.075407138373809,0.075407138373809
BIRC3,23387.342557419248,0.6528669869700869,0.10937161261635979,5.9692544651429165,2.3834014226211583e-09,8.176334211393338e-09,8.176334211393338e-09
EEF2,16016.054299114303,-0.7014156501320306,0.08723900845387576,-8.04016073271714,8.972070631315159e-16,7.0094301807149675e-15,7.0094301807149675e-15
ATXN1,49530.277975472505,-0.35608621774104143,0.06837319228074581,-5.207979997173788,1.9090749890799244e-07,4.84536799258864e-07,4.84536799258864e-07
RAB10,33055.63016422277,0.521163674913499,0.06399095701140116,8.144333187900974,3.8137772522109273e-16,3.1006319123666077e-15,3.1006319123666077e-15
HIVEP2,50340.773336944774,0.2434703285393798,0.052667857602056105,4.622749806513393,3.7868635698241444e-06,8.25924442709737e-06,8.25924442709737e-06
PDE7A,49399.26185582301,0.04707587718396263,0.10852861740994585,0.43376464482305727,0.6644593579528992,0.6997992184864658,0.6997992184864658
QKI,49404.43613242105,0.20922356590875965,0.09541017681433016,2.192885213030391,0.028315650360759892,0.03790582377611766,0.03790582377611766
CD68,16465.519647905287,0.4720634909232182,0.11527069288997699,4.095260287658642,4.216943481469722e-05,7.92658549148444e-05,7.92658549148444e-05
SAMHD1,43265.12201944105,-0.11716087287797106,0.11807899572000616,-0.9922245032959784,0.3210880220077227,0.36322174435262744,0.36322174435262744
SETX,48547.621248415926,0.5325355706030088,0.11082485860544285,4.805199639360107,1.5459716561683827e-06,3.5056046625133394e-06,3.5056046625133398e-06
N4BP1,47531.05984292546,0.8465192605446039,0.147809179104488,5.727108868835472,1.0215661493339386e-08,3.138452071686447e-08,3.1384520716864476e-08
GPX4,2768.1574882935456,-0.2958899634215589,0.09239826713224432,-3.2023323878798355,0.0013631960484076961,0.0021501514959111926,0.0021501514959111926
HBA2,43.780522004596385,-0.127137051520931,0.22662431554999446,-0.5610035763919778,0.5747950991269399,0.6157419380042206,0.6157419380042206
IFITM2,4051.3645913205437,1.3212260283271806,0.2438176694257095,5.418910087358349,5.99634626739907e-08,1.6383459746991993e-07,1.6383459746991993e-07
PRKCA,49566.66628951967,-0.42874166678205655,0.06379100495680397,-6.721036407443004,1.804364987369935e-11,8.220341628109043e-11,8.220341628109044e-11
SKP1,6695.355908325408,0.03076738877391643,0.03498564178415946,0.8794290230184391,0.3791687014446533,0.42317935429090775,0.42317935429090775
SCLT1,48659.779191501824,0.9911530680170693,0.17658472355675392,5.612903812138171,1.989592075884302e-08,5.903834053069145e-08,5.903834053069145e-08
RPL37,10105.217336130265,-0.4006675278087136,0.044570986649240696,-8.98942468924545,2.4852792369482414e-19,2.7161521715281328e-18,2.7161521715281328e-18
VTI1A,48839.002641031206,0.11425197398912253,0.018053404668324072,6.328555532219659,2.4746679755655344e-10,9.704580296335427e-10,9.70458029633543e-10
DYNLL1,1459.188257804827,-0.054078840818128505,0.054166249012713774,-0.9983862978113041,0.3180920753383303,0.36024017592109886,0.36024017592109886
CHD2,44196.952559193734,-0.06352198975586715,0.05493439912142162,-1.156324466487098,0.24754846436337719,0.2861831957958118,0.28618319579581175
UVRAG,48191.73560396626,0.4850553027292633,0.08452260937398386,5.738763939279941,9.537004217121933e-09,2.9572106099602895e-08,2.9572106099602895e-08
PSMA7,4643.428435423138,0.013692460981265479,0.062078089655071035,0.2205683367085857,0.8254285574966285,0.8478978505358278,0.847897850535828
SIK3,48466.74997947769,-0.16334951576689877,0.04086697146089151,-3.99710352706756,6.412226232492469e-05,0.00011776356717157886,0.00011776356717157884
ASH1L,45838.08411338149,-0.06875396533535161,0.03750709822656291,-1.8330920968623303,0.06678887622448645,0.08491910518052952,0.0849191051805295
EEF1B2,4164.539993678023,-0.5511529221826669,0.04834184371328806,-11.401156427783652,4.1260156987540474e-30,1.618045372060411e-28,1.6180453720604107e-28
NLRC5,47853.638979568736,0.4659211098640028,0.0839501633527376,5.549972641581634,2.8571430596988417e-08,8.245723116013973e-08,8.245723116013973e-08
OAS3,40755.64012360993,1.9122835388537227,0.40003419773266047,4.780300158567158,1.7503367015724747e-06,3.933340902410056e-06,3.933340902410056e-06
SKAP1,47688.3332236681,-0.39359690573047307,0.08067471210689146,-4.878813886673305,1.0672571154713847e-06,2.467646509760427e-06,2.467646509760427e-06
CD96,44089.862906964845,-0.032652885122402685,0.0379042923047312,-0.8614561343050579,0.38898687079244443,0.43389500367255374,0.43389500367255374
PIP4K2A,48067.76506936215,-0.04504525446665147,0.04499111006130752,-1.0012034467535955,0.3167284605394044,0.35889910542708714,0.35889910542708714
PARP9,40040.41542839201,1.2101141237811779,0.24117936889472966,5.017486069919066,5.235199613982984e-07,1.2554435525139052e-06,1.255443552513905e-06
KANSL1,47923.44873151715,-0.11087939582377818,0.044657460317769244,-2.4828862867434305,0.013032268222706206,0.018252476502389644,0.018252476502389644
SOS1,47765.52624602868,0.4962577277022638,0.07844145137993173,6.326473044189811,2.5082809267503667e-10,9.817146484345857e-10,9.817146484345857e-10
LRRFIP1,35397.34681650024,0.18705218087308267,0.0386995143502372,4.833450342043793,1.341867625199202e-06,3.060131414365341e-06,3.060131414365341e-06
NCOA2,47832.22350179796,0.26715686540998146,0.07913119571838498,3.376125723674759,0.0007351431793362985,0.0012021965320299238,0.0012021965320299238
COTL1,11505.831471726924,-0.638784346486236,0.07781303893670197,-8.209219884161877,2.2263020072003313e-16,1.8248377108199435e-15,1.8248377108199435e-15
MT2A,6859.743222235433,1.3747124352318494,0.3930910241848356,3.4971860222009163,0.0004701938366926967,0.0007856204456018325,0.0007856204456018325
MCL1,29921.293151339803,0.4632302001499984,0.08464306052550814,5.472748708210979,4.4310823962414325e-08,1.238746606225503e-07,1.2387466062255032e-07
CERS6,47469.1127635467,0.7050788503222521,0.09456813724185698,7.455776024423752,8.934040379644895e-14,5.447585597344448e-13,5.447585597344448e-13
EML4,42515.13655720782,-0.3133384524782554,0.05505344977598968,-5.691531661561941,1.2590480310712745e-08,3.840160423084383e-08,3.840160423084383e-08
RPL23,10627.281907408844,-0.49882168037617824,0.05308458834634563,-9.396732571827835,5.628375738280696e-21,7.309578880884021e-20,7.309578880884021e-20
RHOA,15458.666279457108,-0.23861788488635588,0.02357277379904783,-10.12260529543597,4.385830379293429e-24,7.371143494610805e-23,7.371143494610805e-23
RPL37A,10367.264740324355,-0.33458902300598675,0.05416877578811813,-6.176787607582938,6.541898350126964e-10,2.4184467098436096e-09,2.4184467098436096e-09
CHCHD2,2769.668995340789,-0.0924407741170568,0.047748266748092384,-1.9360027161771258,0.05286736830190848,0.06848104702319752,0.06848104702319752
PDIA3,17707.55789853582,0.06595500025978666,0.07688772804791316,0.8578091970500977,0.39099783045032677,0.43540961074646634,0.43540961074646634
ATP10A,47268.376432970486,0.7703214003495752,0.15081831994967418,5.107611599218318,3.2625640978017887e-07,8.025987940471805e-07,8.025987940471806e-07
HSPB1,1279.2095861147043,0.3606785103848531,0.14483416860646472,2.4902860551149946,0.012764031721777945,0.017901867772479586,0.017901867772479586
HNRNPU,31179.78482092288,-0.020957376214165848,0.026227205530357824,-0.7990701178555915,0.4242497555359853,0.47034340968512783,0.4703434096851279
CBLB,46688.04655732026,-0.1698860049594724,0.06614362103517503,-2.568441254057249,0.010215702579807265,0.014480088702774294,0.014480088702774296
RAP1B,37970.09743077472,0.23073511740086505,0.05177548241352059,4.45645519162968,8.332600758566275e-06,1.7180620120755207e-05,1.7180620120755207e-05
LYST,44024.99432107005,0.2778188618715662,0.08352426021642267,3.326205597651507,0.0008803696547592299,0.0014245463669243202,0.0014245463669243202
SIPA1L1,45326.69057809232,0.08529433676850706,0.0659105408584283,1.294092502619785,0.19563347094901484,0.23206817431674356,0.2320681743167436
BBX,40210.45461611086,0.3022222009091232,0.038767269929245174,7.795808202659467,6.3997530751523805e-15,4.475351800805861e-14,4.47535180080586e-14
PSME1,7753.226416450372,0.38242198627498725,0.10315018166565779,3.707429110639255,0.00020937399925992267,0.0003631812649781833,0.0003631812649781833
HMGB1,12249.553156913287,0.07117619290122441,0.04402583398010198,1.6166915301001086,0.10594488312281035,0.1308769402381845,0.1308769402381845
NIPBL,44400.60828877477,-0.07170965330474353,0.02024738951235525,-3.5416740148642503,0.0003975965070720474,0.0006738923848678769,0.000673892384867877
CTSD,25760.709787939657,0.08929594991790687,0.11802352989771799,0.756594468876612,0.4492928560901478,0.4945435950359359,0.4945435950359359
DENND1B,43624.001596823255,1.4823618696188756,0.19406333804623327,7.638546695851025,2.1968728079134628e-14,1.4405723330580084e-13,1.4405723330580084e-13
VPS13C,45697.624612495245,0.21454352663031626,0.02546394244760895,8.425385309903643,3.595650298323277e-17,3.1819914144453776e-16,3.181991414445378e-16
HNRNPA1,8981.250115794262,-0.24089738476931857,0.057065226490902066,-4.221439212332312,2.427474212864991e-05,4.722712476391033e-05,4.722712476391033e-05
ARHGAP26,45842.94429140901,-0.8916422415931767,0.07851579784835626,-11.356214494760348,6.90733039304358e-30,2.5582705159420665e-28,2.558270515942067e-28
FCN1,10897.092007630612,-3.2855832877473654,0.18030238776241161,-18.22262771182404,3.4136153195067257e-74,3.4136153195067255e-71,3.4136153195067255e-71
PSMA4,4989.048133999651,0.6216768792850191,0.12100771657294779,5.137497813292345,2.7842070665517146e-07,6.92588822525302e-07,6.925888225253021e-07
PLA2G7,17217.758754180435,0.163054256441284,0.11793867724767938,1.3825342139361017,0.1668077326825661,0.1994983511868982,0.1994983511868982
KDM4C,45910.52245477049,-0.10157218590937077,0.03412078998279038,-2.9768415666988095,0.002912344680876053,0.004372874975415158,0.004372874975415158
GNLY,5213.6697184830255,-0.10019393069643526,0.09544785207718502,-1.0497243103533882,0.2938448833499603,0.33524801294918455,0.3352480129491846
GLUL,22607.801391203873,-0.621687453920286,0.1450043488391925,-4.287371095398852,1.808001116331944e-05,3.569597465610946e-05,3.569597465610946e-05
YWHAB,15898.411765437006,-0.2608926728507681,0.04394998068900022,-5.936127132726232,2.9183353662564187e-09,9.892662258496335e-09,9.892662258496335e-09
PLAUR,2205.7486021877903,-0.9943086921634958,0.2050313929880026,-4.8495436609635565,1.2374583039154675e-06,2.8349560227158478e-06,2.8349560227158478e-06
CAPZB,27138.8271301709,-0.24203027476389496,0.04212132710708689,-5.746026808428206,9.136482737859623e-09,2.846256304629166e-08,2.8462563046291662e-08
PRKCE,45716.73496082654,0.36956417708612815,0.09908555618583337,3.7297482227683774,0.00019167120168747673,0.0003336203196759216,0.0003336203196759216
RAP1A,31196.175868368573,-0.23053708692296446,0.042546700947385864,-5.418448006299041,6.011861672178607e-08,1.6403442488891153e-07,1.640344248889115e-07
EPB41,43956.64487959585,-0.18325582369334667,0.08825352884094172,-2.076470211447595,0.037850483427720995,0.04993467470675593,0.04993467470675593
HERC6,41504.97884276486,1.6518897203482577,0.29302922820427196,5.637286527597575,1.7275054824557075e-08,5.172482159556709e-08,5.172482159556709e-08
SPI1,9939.369169505988,-0.44195672768422695,0.05690224919350043,-7.766946543383891,8.040075498048586e-15,5.5258250845694745e-14,5.525825084569475e-14
HNRNPC,32967.52596480733,0.16089837715699437,0.03327949264316779,4.834760520005297,1.3330601913318426e-06,3.043516418565851e-06,3.0435164185658504e-06
CREM,9019.923781205245,0.7746733044828142,0.08324589654689994,9.305843730644078,1.3293265428390529e-20,1.6310755126859545e-19,1.6310755126859545e-19
CAST,31981.180570298977,0.44013079794780985,0.06577324184337736,6.691639116646736,2.2068456278499287e-11,9.851989410044325e-11,9.851989410044325e-11
PSMA1,26414.925884225304,-0.03558448349566072,0.061508173726696404,-0.5785325972085558,0.5629045962459023,0.6042990834631266,0.6042990834631264
TNIK,44129.088470889874,-0.3130808698263346,0.10387051730375639,-3.0141456685997685,0.002577040395997524,0.003907566938586086,0.003907566938586086
IRF1,30321.278619786728,0.4539390165886015,0.089297376185382,5.083453019338673,3.7063428495187964e-07,9.050898289423191e-07,9.05089828942319e-07
TAOK3,39693.644995522074,-0.01903666135643574,0.04183280735892757,-0.45506535559758726,0.6490622211244342,0.6857498374267663,0.6857498374267662
NT5C3A,25878.18116901249,1.3868638205818946,0.20967096135264549,6.614477329787833,3.728667913429476e-11,1.614141953865574e-10,1.614141953865574e-10
LIMS1,18995.81467601779,0.0775953927155697,0.08128368796636913,0.9546244105911452,0.33976766807332526,0.38283680909670453,0.3828368090967045
ST6GAL1,43904.3151096403,0.21019519528711048,0.037488296623274714,5.606955082525947,2.0591707284423906e-08,6.081819933692384e-08,6.081819933692384e-08
OAS2,35449.86628482534,1.3371671049571863,0.2700243741588401,4.952023716831601,7.344565030709931e-07,1.736303789765941e-06,1.7363037897659413e-06
ATG7,43123.94332806365,-0.2895931461545354,0.053286606661680926,-5.434632908662684,5.4909356464371864e-08,1.5064295326302294e-07,1.5064295326302294e-07
PRDX1,3757.8124888365487,-0.6968907921940233,0.10377057422040578,-6.7156879243420855,1.8718101707028913e-11,8.503707092958568e-11,8.503707092958566e-11
ETS1,43107.80884929919,-0.2149221504687868,0.08635684734015701,-2.4887679099980913,0.012818661624344196,0.017965888751708757,0.017965888751708754
RAB7A,28218.825625510926,0.020620826951777686,0.02727112281821644,0.7561414720336883,0.4495643792791799,0.4945702742345214,0.4945702742345213
AKT3,43816.6356921577,-0.2433314393382837,0.09381487169698566,-2.593740575846272,0.009493809275414442,0.013514319253258992,0.013514319253258992
SCAF11,35419.02586678047,0.025565133924941336,0.03412203473258576,0.7492265372008199,0.45372067705122887,0.498320348216616,0.49832034821661597
MLLT3,43372.27642475376,0.05187916698412711,0.04723255124568358,1.098377403208093,0.27203972536699916,0.3126893395022979,0.3126893395022979
TPM3,22447.30766829518,0.06653670631781088,0.057415095822071965,1.158871292734694,0.24650865198753924,0.28514592479761625,0.28514592479761625
SAP18,2600.1120189571907,0.07514056195042927,0.04830528945747281,1.5555348657331158,0.1198187375600381,0.14665696151779448,0.14665696151779448
NCOA3,43103.93699273977,0.36228988424801706,0.05850876988022047,6.192061207058348,5.938248216206945e-10,2.2075272179207977e-09,2.2075272179207977e-09
LEF1,39048.87858145307,-0.2556597327568217,0.06355663071453606,-4.022550123921998,5.757139708222849e-05,0.00010631836949626683,0.00010631836949626683
PHACTR2,42684.80309232236,-0.14912915538306767,0.02604268316420351,-5.726336047740673,1.0262284425127235e-08,3.1479400077077406e-08,3.1479400077077406e-08
LCP1,32605.10370296681,-0.498185706477827,0.06050056309468873,-8.234397846812142,1.8046302560934999e-16,1.4914299637136361e-15,1.4914299637136363e-15
KMT2C,42709.978394126585,-0.2309642211892901,0.04644898197944392,-4.972428056475032,6.611951151144236e-07,1.5686716847317286e-06,1.5686716847317288e-06
ARAP2,42191.97883746149,0.6652114932289669,0.06534626125897032,10.179794228666003,2.4407694843171593e-24,4.358516936280642e-23,4.358516936280642e-23
ARHGEF3,41844.519041573694,0.597022871679291,0.07535541542563898,7.92276000745342,2.3229566804506273e-15,1.7271053386250017e-14,1.7271053386250017e-14
CD83,25181.309928902756,1.416341226239571,0.10314513259610264,13.731537209668463,6.57240916835509e-43,7.302676853727877e-41,7.302676853727877e-41
SELL,17810.169713260602,0.1737889547461204,0.04501930367870596,3.860320807856525,0.000113238257197269,0.00020293594479797313,0.00020293594479797313
MS4A7,3073.3638023742155,-0.927378956999192,0.16355017566893873,-5.670302420685927,1.4254567401221344e-08,4.319565879157983e-08,4.3195658791579826e-08
FCGR3A,5790.590523746639,-0.6164294209173146,0.17703610780798595,-3.4819417832315676,0.0004977919025135483,0.0008303451251268529,0.0008303451251268529
SP140,38473.14709606765,1.1649947067333966,0.16609029326649688,7.0142251170821135,2.3122684232924344e-12,1.1888269528495807e-11,1.1888269528495807e-11
ADK,40051.699434944625,-0.5356775179120536,0.14222021417284722,-3.766535727903056,0.00016552840547203097,0.0002909110816731651,0.0002909110816731651
DDX17,37405.5939868002,-0.06501910135555915,0.040364279298715194,-1.6108079342724377,0.10722159122806464,0.1322091137214114,0.1322091137214114
SPATS2L,33499.323232043535,1.9578011993279898,0.3176990705329228,6.162439178823801,7.163284823971753e-10,2.623913854934708e-09,2.6239138549347084e-09
STK17A,26698.950973216688,0.06442104431017424,0.06311933992209738,1.0206229087579726,0.3074331314563229,0.3489592865565527,0.3489592865565527
KAT6A,41467.88963182689,-0.08887737459876528,0.05167490327266858,-1.7199330616990915,0.08544460992302956,0.10707344601883403,0.10707344601883403
ZCCHC7,42143.05364929143,-0.2833979078707797,0.040093236477019394,-7.068471711761594,1.5664927514795796e-12,8.288321436399892e-12,8.288321436399892e-12
SNX3,6910.808248848157,0.06404470696249405,0.03579000554794657,1.7894578662944234,0.07354110722735366,0.09273784013537661,0.09273784013537663
TRANK1,41349.89758404856,1.0645453484007508,0.1593987658955958,6.678504331068752,2.413930937880201e-11,1.0728581946134226e-10,1.0728581946134226e-10
MEF2A,39936.07292322163,0.04121587491069874,0.05710545500614197,0.7217502234465302,0.4704480578201866,0.5147134111818233,0.5147134111818235
SMAP2,38755.91944938677,0.12950397457130342,0.0618549479537184,2.0936720319965656,0.03628920599765658,0.047938184937459154,0.047938184937459154
CASP4,11784.681392079643,0.5923190176505294,0.14613907902204082,4.053118588226462,5.0539366974069356e-05,9.402672925408252e-05,9.402672925408252e-05
PLEK,17308.276103291766,-0.15203962319442493,0.08469948494946707,-1.7950477890760963,0.07264608622819209,0.09172485634872737,0.09172485634872739
PICALM,39504.390111178545,-0.05691681125685845,0.047425042126678515,-1.2001425555896434,0.23008398056371782,0.2678509668960627,0.2678509668960627
ZFP36,4955.721061275343,0.13197865908306453,0.06434015003614822,2.0512643972529587,0.04024120562546511,0.05280998113578099,0.05280998113578099
CMIP,40662.211428124625,-0.6637599713255301,0.052489423557316194,-12.645594604420314,1.1832596484916994e-36,9.101997296089994e-35,9.101997296089994e-35
CYBB,28533.87982843976,-1.9887060700328811,0.13829497998759802,-14.380175406303424,6.891966017157483e-47,9.189288022876645e-45,9.189288022876644e-45
RERE,40848.564381504904,0.14953398733094525,0.06259694426736813,2.3888384502004762,0.016901732575664324,0.02342582477569553,0.02342582477569553
RAPGEF1,40120.05246953239,-0.4473941128126344,0.06593093019700577,-6.785800101345341,1.1544490675730828e-11,5.344671609134643e-11,5.3446716091346425e-11
FXYD5,3872.8012571229883,-0.7133626083815792,0.1039478745229485,-6.8626954774730935,6.757317655349934e-12,3.2487104112259296e-11,3.2487104112259296e-11
RBMS1,36835.311939923326,0.15866398499333287,0.06755369322682242,2.348709262432077,0.018838610091201073,0.025966381931359164,0.025966381931359164
TALDO1,3330.759133710495,-0.1623593965168042,0.04447875984139999,-3.6502680626828794,0.00026196676946439116,0.0004497283595955213,0.0004497283595955213
NUB1,30348.268976900872,1.5361953516961149,0.15533116118232648,9.88980794325577,4.609113008690239e-23,7.2584456829767545e-22,7.2584456829767545e-22
ITGA4,38775.72245950078,0.03718818944554225,0.04832761893789136,0.7695017934431027,0.44159548026931983,0.4874122298778365,0.48741222987783644
NINJ1,4614.544411187603,0.8278068852077456,0.13783637300142376,6.005721618916909,1.904827781203453e-09,6.625487934620706e-09,6.625487934620706e-09
TCF12,40685.667446982465,-0.12184745071721116,0.04124949849641718,-2.9539135058283073,0.0031377193432388893,0.004690163442808504,0.004690163442808504
BIRC6,39969.52966545122,-0.044520704430927344,0.033938757172274465,-1.3117953673123177,0.18958918846135242,0.22543304216569848,0.22543304216569848
RORA,38009.892092946255,-0.05111814833266913,0.06426204650211982,-0.7954640587268395,0.4263436099126082,0.47240289186992607,0.472402891869926
PCGF5,34083.70062745655,0.7362775557595562,0.08021034718704641,9.179333858792493,4.3376638018456267e-20,5.103133884524267e-19,5.103133884524266e-19
GNG5,2577.5857835332795,0.6964245109989674,0.0873097837469107,7.976477332915272,1.5056880446391176e-15,1.1493801867474181e-14,1.1493801867474181e-14
CAMK1D,39534.64204315007,-0.3102313435209883,0.05729038945280544,-5.415067806033157,6.126548449250873e-08,1.667088013401598e-07,1.6670880134015984e-07
HINT1,3060.9844050530496,-0.17799442050991496,0.05913294426913461,-3.010072011631966,0.0026118575706588518,0.003957359955543715,0.003957359955543715
PCBP1,5530.484030305834,0.0836094217626826,0.037093317099364864,2.2540292511104165,0.024194327847090944,0.03289507525097341,0.03289507525097341
SERINC5,39873.39561136394,-0.32545195545911804,0.072630538559817,-4.480924441873476,7.432042119205812e-06,1.54512310170599e-05,1.54512310170599e-05
SRRM2,35646.36562976714,-0.2636442382561277,0.03673137669088342,-7.177630189983135,7.093010490170636e-13,3.962575692832758e-12,3.962575692832758e-12
STAG1,39776.13596735094,-0.22125766131311242,0.044343442240636084,-4.989636576078731,6.049299222552893e-07,1.4420260363654095e-06,1.4420260363654095e-06
SON,28757.30016696482,0.08056637699575181,0.03191991473663982,2.5240160464235926,0.011602263252260868,0.016318232422307833,0.016318232422307833
CCDC91,38312.02084453623,0.15116028502209525,0.03256810631348879,4.641359358357564,3.461245698688359e-06,7.57384179144061e-06,7.573841791440611e-06
PGK1,11014.936335537268,-0.1742909468837936,0.025136296331576713,-6.933835620995837,4.095805530984315e-12,2.0427957760520277e-11,2.0427957760520277e-11
MBP,34367.51260957287,-0.2758689831285319,0.07751173016921899,-3.55906109341478,0.0003721829561042688,0.0006313536151047818,0.0006313536151047818
SERP1,3568.5469186748014,-0.3908983111316299,0.04393144516825242,-8.89791605157841,5.690503293413179e-19,5.896894604573242e-18,5.896894604573242e-18
DRAP1,4456.985967107436,0.654400566663048,0.2024625184975829,3.2322059980245705,0.001228384677333732,0.0019498169481487809,0.0019498169481487809
NFKB1,35032.43548178223,0.6567534931953513,0.099168073200133,6.62263036884809,3.528626093594514e-11,1.5341852580845711e-10,1.5341852580845714e-10
TAP1,12377.960357633936,1.1195673005017601,0.16723242282254616,6.694678469675443,2.1614634764683915e-11,9.670977523348508e-11,9.670977523348508e-11
HSPA5,7282.135994800924,-0.8558470016304336,0.09652517081217288,-8.866568113055356,7.543480546449588e-19,7.658355884720395e-18,7.658355884720395e-18
TMEM131,39567.4916398279,0.6066194982234272,0.08939517071052225,6.785819562756595,1.1542934392332912e-11,5.344671609134643e-11,5.3446716091346425e-11
CCSER2,34701.11167455677,0.3154120747598281,0.057476462748742844,5.487673730699911,4.0726139993665466e-08,1.1469844953274787e-07,1.1469844953274788e-07
NFE2L2,24138.17527230091,-0.05108748652879274,0.020680152496125974,-2.470363143519517,0.013497595449957189,0.018890966340038052,0.018890966340038052
PIAS1,37264.2307175667,0.021977574356350484,0.026212357741380605,0.8384432477684065,0.40178180882493175,0.4466723833517863,0.4466723833517863
USP34,38276.5247369675,-0.01776239656116435,0.03148058602134499,-0.5642333516002781,0.5725953328386226,0.6140277819349136,0.6140277819349136
CMPK2,23365.10056803359,1.9633006589712787,0.3977508184972936,4.936006584194213,7.97384163654476e-07,1.876198032128179e-06,1.8761980321281787e-06
SH3KBP1,35411.72168737856,-0.14019800750930844,0.07429311859744467,-1.8870927773131683,0.05914784800403353,0.07593319922638243,0.07593319922638242
IL4I1,13245.233592705263,0.8690268942846754,0.20755046417734174,4.187063120909883,2.8258725610413307e-05,5.4396006949785e-05,5.4396006949785005e-05
RTN4,17379.924035749005,-0.03883574819237534,0.04705636681762218,-0.8253027341208099,0.4091997399753503,0.45441392556951726,0.4544139255695173
PSMB8,3391.170072528155,0.49720556259055615,0.13883623380310375,3.5812377573976,0.00034197027593580267,0.0005825728721223214,0.0005825728721223214
HNRNPK,12002.718663423691,-0.06800996273049105,0.030333198404381742,-2.242096656733263,0.024955126037728845,0.03381453392646185,0.03381453392646185
SQSTM1,10844.503166566798,0.11565649002588989,0.059637379227696206,1.9393288491821892,0.052461308183770955,0.06801732008798417,0.06801732008798417
IGSF6,4644.95978718161,-1.1621245840810466,0.07507891831741545,-15.478707074173148,4.8308424493911615e-54,1.073520544309147e-51,1.073520544309147e-51
TBC1D1,37405.44275006273,1.0316863920260526,0.16007748355170298,6.444918855141992,1.1566228192152215e-10,4.749991044005016e-10,4.749991044005016e-10
FAM172A,38174.25327170089,-0.1873401624545307,0.03862371767795734,-4.850391772655438,1.2321785287551632e-06,2.8260975430164295e-06,2.826097543016429e-06
RPL36A,6087.022076802413,-0.41722853362973905,0.03908986459670588,-10.673573263410566,1.3532026745525553e-26,3.1469829640757096e-25,3.14698296407571e-25
FNDC3A,37438.406245545724,0.30464772113671507,0.05563782379760081,5.475550629819061,4.36153231839804e-08,1.2217177362459494e-07,1.2217177362459496e-07
TTC39C,36043.08246075901,-0.007994342356649704,0.03823523927749488,-0.20908309998088975,0.8343833674057499,0.855777812723846,0.8557778127238461
CCNI,13652.98700271702,-0.19699654002900152,0.023556968257060933,-8.362559132368574,6.137220691317883e-17,5.290707492515417e-16,5.290707492515417e-16
RHOH,29546.3730525693,0.06071566036019799,0.07759276707132581,0.7824912379318315,0.43392593275383295,0.4797412191861061,0.4797412191861061
IQGAP1,34921.60787803665,-0.16103043392691205,0.03256573026687139,-4.944781910532675,7.622915522268189e-07,1.7978574344972144e-06,1.7978574344972142e-06
DMXL2,37017.096765319904,0.00266863805816699,0.12817583481775072,0.020820134013259554,0.9833891365995624,0.9858319931067134,0.9858319931067134
SAMD4A,36568.01399756802,1.6862688374172239,0.31701515947945685,5.319205681476242,1.0422126115215103e-07,2.7247388536510076e-07,2.724738853651007e-07
TMEM50A,5539.115865095565,0.33273097503457433,0.05550445663103509,5.994671333266042,2.038973943209352e-09,7.043087886733512e-09,7.043087886733512e-09
TTC17,37231.130356689195,0.01465882710609825,0.026492275478406612,0.553324576367417,0.5800411752008534,0.6206968166943322,0.6206968166943322
SBF2,38089.00328978218,-0.1453250234068955,0.06075153095450534,-2.392121171657785,0.01675131098278482,0.02323344103021473,0.023233441030214727
SLC38A1,35032.15240413177,0.02013628509062361,0.052799892863976364,0.3813698096414498,0.7029288597403662,0.7345129150892019,0.7345129150892019
DYRK1A,37947.15360932547,0.05379514804548034,0.031155279780011928,1.7266783808500192,0.08422544043137709,0.10561183753150732,0.10561183753150731
PARP12,31854.756031553465,1.1946713181932611,0.2236007793262505,5.34287636113354,9.14831649966229e-08,2.4169924701881876e-07,2.4169924701881876e-07
AAK1,36962.5858755046,-0.2495063274734428,0.059659012993736396,-4.1822067606052835,2.8869324270270816e-05,5.5358244046540396e-05,5.535824404654039e-05
FAM107B,33705.60885163824,0.16897100352355796,0.06505000119930429,2.597555732641018,0.009388988237097561,0.01339370647232177,0.01339370647232177
LDHA,5064.687619826572,0.3734623688265919,0.05561254050777264,6.715434422104764,1.875067413997364e-11,8.503707092958568e-11,8.503707092958566e-11
VOPP1,34834.76822936226,-0.015770702435954798,0.07446286680982632,-0.21179284536858112,0.8322686504798009,0.8540468450280152,0.8540468450280153
IFI35,7237.412064325229,1.3672982497886683,0.2782689169469224,4.9135859829054125,8.942548748375494e-07,2.0893805486858633e-06,2.0893805486858633e-06
TC2N,36221.949449467145,-0.3977495424211549,0.09859683192463907,-4.034100636470434,5.481182479170371e-05,0.00010140948157577006,0.00010140948157577004
UBAC2,33747.76317130554,-0.27287335525283307,0.029579197497968213,-9.225177771356938,2.830909210223487e-20,3.410733988221069e-19,3.410733988221069e-19
CD164,14653.89133176661,0.6511939428525797,0.12819917044689194,5.079548803495142,3.783323281654341e-07,9.227617760132539e-07,9.22761776013254e-07
MOB1A,13856.899575298341,0.09454157863179502,0.05743613543122415,1.6460295930773772,0.09975766646445561,0.12353890583833513,0.12353890583833513
ZFP36L2,13352.397307114492,-0.602952502022705,0.083348419005331,-7.234120445453678,4.685558019863361e-13,2.6698336295517724e-12,2.6698336295517728e-12
ZEB1,36462.71442831718,-0.17949728035463733,0.09784395423052897,-1.8345260242827668,0.06657594836489375,0.08470222438281648,0.08470222438281648
TXNIP,26081.946847937124,-0.1700412354290104,0.05422749391705235,-3.1357015260397145,0.0017144359147944132,0.002674627012159771,0.002674627012159771
ANKRD17,36245.92990185651,0.008670282283041408,0.018406820948320836,0.4710363787089674,0.63761475655937,0.6747246101157355,0.6747246101157356
GSTP1,1669.6437706235045,-0.06219112818350338,0.08991287629211799,-0.6916821121532203,0.48913698286881335,0.532828957373435,0.532828957373435
LCP2,34139.09690079587,-0.26226560082514205,0.0627476952852982,-4.179685000902192,2.9191316139990124e-05,5.5868547636344734e-05,5.586854763634474e-05
SCML4,35316.974134942655,0.8397242178815266,0.12845264669118908,6.537227838522424,6.266954341162543e-11,2.6554891276112473e-10,2.655489127611247e-10
AHNAK,34305.695497025066,-1.3208355058486176,0.13157291585946645,-10.03881001816063,1.0290807977260159e-23,1.7009599962413484e-22,1.7009599962413487e-22
SUPT3H,35856.616592072736,0.8192793486127751,0.07369129836792475,11.117721722343527,1.0286526124779843e-28,3.3726315163212596e-27,3.37263151632126e-27
ABI1,31757.170471784324,0.5668274691703249,0.08508817586945018,6.661647912631267,2.7077409252538014e-11,1.1928374120060798e-10,1.1928374120060798e-10
CCNY,35819.00276169486,0.1068693900245309,0.03108282780612297,3.4382132375831915,0.0005855663829670548,0.0009702839817184008,0.0009702839817184006
RFTN1,34357.95681315468,0.5893406598626423,0.13061871483731521,4.511915927182888,6.424465438871181e-06,1.3539442442299644e-05,1.3539442442299645e-05
MYH9,33249.43491715845,-0.5550222217965757,0.1056817661736032,-5.251825758521502,1.505988948706748e-07,3.8764194303906e-07,3.8764194303906e-07
LNPEP,34659.2704575979,0.3564336432053423,0.06962063694244433,5.11965501694573,3.060950750435315e-07,7.561427342769672e-07,7.561427342769673e-07
SRSF7,7168.581491147936,0.08199710167252444,0.04326229185778306,1.8953480768442652,0.058046302746356845,0.07480193652881037,0.07480193652881037
CD14,1636.6875293981109,-3.351469713277577,0.40211448094642566,-8.334615817340083,7.775023401639081e-17,6.589002882744985e-16,6.589002882744984e-16
KDM6A,35646.761564810964,0.5768393400001437,0.052240403036874015,11.042015498865508,2.395975782078807e-28,7.260532672966082e-27,7.260532672966082e-27
TMEM59,5272.000858203034,0.08319152626329678,0.03566021569112617,2.3328946460634694,0.01965367545317157,0.027015361447658513,0.027015361447658516
NCOR1,26277.056731834455,-0.21261593581642615,0.04601437340411648,-4.620641770977704,3.825548243068153e-06,8.334527762675715e-06,8.334527762675715e-06
RPS29,12848.30324436422,-0.09279013267902146,0.04231993869753248,-2.1925866514648735,0.02833717373219925,0.03790926251799231,0.03790926251799231
DIP2B,35381.32695362453,0.04184236801270081,0.05633246167894638,0.7427754222986304,0.45761765791705467,0.5023245421702027,0.5023245421702027
PAG1,35019.06765966028,-0.31878422960999675,0.04750602630397617,-6.710395594238853,1.9409748201498364e-11,8.782691493890663e-11,8.782691493890663e-11
NELL2,34100.85029938595,-0.24220666869393292,0.12854807982718197,-1.8841718135311842,0.059541738870487616,0.07638452709491676,0.07638452709491676
GIMAP4,18261.500277488605,0.49382479342490404,0.10786690995511304,4.5780934452502695,4.69233082488214e-06,1.0080195112528764e-05,1.0080195112528764e-05
PRR13,3659.150199100613,0.1536863570586598,0.06685256442806653,2.298884992273207,0.021511470831391714,0.02948796549882346,0.029487965498823456
SLCO3A1,34663.79345627115,-0.03296830350165696,0.11875308614779782,-0.2776206039868745,0.7813036139675058,0.8079665087564694,0.8079665087564694
STAT2,31719.49657235776,1.2229080546652824,0.22595169138881677,5.412254483020918,6.223615461130828e-08,1.688905145490048e-07,1.688905145490048e-07
APOL6,31083.274370839394,1.2092153262423824,0.22229073931665194,5.439791733833148,5.334289248155077e-08,1.467479848185716e-07,1.467479848185716e-07
NMI,11310.150808790268,1.2005995962767462,0.2084361256668316,5.760036041908629,8.409597724296318e-09,2.6445275862567036e-08,2.6445275862567036e-08
CAP1,15739.636796989042,-0.38927795657215797,0.030144325794635062,-12.913805378305714,3.762379156809966e-38,3.58321824458092e-36,3.58321824458092e-36
RAN,3532.407088050648,0.288267859036085,0.05514628476990143,5.227330548900733,1.7197488642649095e-07,4.398334691214602e-07,4.398334691214602e-07
CEBPB,1576.7399809754231,-0.8964163939602457,0.09485572941672996,-9.450313644440149,3.378169228527127e-21,4.444959511219904e-20,4.444959511219904e-20
TAB2,34618.88214007622,0.12556865325663946,0.071577947627489,1.7542924520570597,0.07938040845348657,0.09991240837443242,0.09991240837443244
HERC1,34708.440751866125,-0.2193385634791699,0.0700879533174635,-3.129475938406641,0.0017511841393413915,0.0027298271852554817,0.0027298271852554817
STAG2,31766.8768494101,0.15198276364340596,0.035488548228892615,4.282586108148286,1.84733605806081e-05,3.640071050366128e-05,3.640071050366128e-05
FBXO11,34457.225124493176,0.23962052585754087,0.05822614455784289,4.11534247505427,3.866049545634442e-05,7.315136320973401e-05,7.315136320973401e-05
PNISR,25167.228847951716,-0.10461590154773016,0.03940623259773146,-2.6548059697986126,0.007935403794777932,0.011401442233876338,0.011401442233876338
MAFB,9593.689286434928,0.10776861111359927,0.2162437800577492,0.4983662932863041,0.6182258898746531,0.655594793080226,0.6555947930802261
RBM39,20662.899020738234,0.12257117152803788,0.0372951519527106,3.2865175528297974,0.001014344519566012,0.001625552114689122,0.001625552114689122
ZSWIM6,34563.19581248571,-0.1533422392241859,0.045992873327699704,-3.3340434752058403,0.0008559327833228914,0.0013883743444004727,0.0013883743444004725
GPR183,4664.676349037246,0.05916355225114937,0.1254139196912904,0.4717462973550462,0.6371078867853008,0.674545142176073,0.6745451421760729
SND1,33391.88517869445,-0.25847278332477436,0.06998347893500703,-3.6933400176463858,0.00022132777147348,0.00038258906045545376,0.0003825890604554537
ATRX,30994.999564883645,-0.00686491354550178,0.02688682752020655,-0.25532627604883906,0.7984711069824271,0.8240155902811426,0.8240155902811425
AP3B1,33027.94482655315,0.07525039968922756,0.029103404067111635,2.5856219264145954,0.009720348684450606,0.013807313472230973,0.013807313472230975
PPM1K,24016.07764761177,1.342379506221758,0.19172105190545247,7.0017324278178625,2.5281657551919095e-12,1.2865983486981728e-11,1.2865983486981728e-11
RALA,14272.494959579883,0.06535113204292656,0.07608215550517944,0.858954791816823,0.3903654583186391,0.43494758587035,0.43494758587035
RICTOR,33184.24768312569,0.21700191367496838,0.040495990371213104,5.3586024612754235,8.386816836640045e-08,2.2335064811291735e-07,2.2335064811291732e-07
KDM2A,33362.42352995908,0.003274514612155821,0.039238599172417156,0.08345136373924497,0.9334926485461581,0.9443527046496288,0.9443527046496288
TBL1X,33814.94437397207,-0.12350531616080013,0.06683468951385567,-1.8479223448056257,0.06461357753020808,0.08262605822277248,0.08262605822277247
ITFG1,32180.39004860025,0.10170258125411116,0.04135195598471103,2.4594382256479825,0.013915464329957881,0.0194485874632535,0.019448587463253505
CNBP,8828.277410242057,-0.20285565684180773,0.05909873384652774,-3.4324873586733573,0.0005980717623911256,0.0009901850370714002,0.0009901850370714002
FRYL,33480.678305276204,0.04803494195320393,0.033109048533954584,1.450810098150126,0.14683274698287263,0.17744138608202129,0.1774413860820213
SLAMF7,19784.594115755084,0.7423843437741724,0.13980054353955532,5.310310854150015,1.0943841080891426e-07,2.8573997600238713e-07,2.8573997600238713e-07
ZNFX1,30128.290189217445,1.1020700379068995,0.19022840486357742,5.793404190595251,6.897384032997414e-09,2.1966191187889855e-08,2.1966191187889855e-08
HIF1A,26759.582776000083,0.25896141509603837,0.06825054228625257,3.7942763005445,0.0001480747118661853,0.00026207913604634565,0.00026207913604634565
INPP5D,33559.49641392864,-0.14172873231933197,0.036877026316459845,-3.843279854050276,0.00012140089955131031,0.00021659393318699432,0.00021659393318699432
EIF5,5532.600349667359,-0.018542400641261735,0.028841082286049428,-0.6429162559627932,0.5202784407223064,0.5627673777418133,0.5627673777418133
NAP1L1,15906.977331505026,-0.23708161668311814,0.06462411399079412,-3.6686246362602515,0.00024385880535319416,0.0004204462161261968,0.0004204462161261968
STAT3,26593.498553058103,0.2925330526091027,0.04532837690046383,6.4536405804133095,1.091946128723026e-10,4.493605467995992e-10,4.493605467995992e-10
NCOA1,33268.6148301264,-0.1707139228713002,0.0340116053186719,-5.019284484569171,5.186429500877981e-07,1.2452411766813878e-06,1.2452411766813878e-06
LTB,3906.65230601315,-0.6398194045291993,0.08576335665764008,-7.460288746431685,8.633307241546004e-14,5.280310239477679e-13,5.280310239477679e-13
ABR,33115.65493024562,-0.06114293949492071,0.05007760973385615,-1.2209636166716555,0.22209979569576765,0.2593109114953504,0.25931091149535046
ACTR2,24179.981513742343,-0.1971864130089585,0.03604634580612808,-5.470357912824431,4.4912765104311314e-08,1.2527967950993395e-07,1.2527967950993392e-07
YWHAZ,26051.339119620843,-0.015160369471888192,0.03431650951117117,-0.4417806381780462,0.6586479506887942,0.6944100692554499,0.6944100692554499
PPP1R12A,27493.27090394785,-0.07092880979343784,0.03915042651308576,-1.8116995422701299,0.07003263440394258,0.08859283289556305,0.08859283289556304
ARF1,8201.581046405978,-0.12608908842424627,0.034617142576604275,-3.6423886848899705,0.0002701197972770263,0.0004625338994469628,0.0004625338994469628
SLC3A2,3247.0838902685755,0.08007643001939801,0.07717235048468381,1.037631088291014,0.2994418386683977,0.3408558209088192,0.3408558209088192
PDE4D,32796.90431950216,-0.5082006147951229,0.10694414558936716,-4.752019028198681,2.0139541418067236e-06,4.485421251239919e-06,4.485421251239919e-06
TFEC,28790.033177136396,0.5296054006444819,0.12004035060949078,4.411894816663502,1.0246989357560497e-05,2.0898701459396582e-05,2.0898701459396582e-05
SSB,5690.600056149221,0.20255943834238715,0.1502106545069038,1.3485024681326943,0.17749682687222268,0.21118004386939043,0.21118004386939043
FBXW7,32820.59438619043,0.0685682565937979,0.03170255029669104,2.1628624811599053,0.030551758223731205,0.040600343154460074,0.040600343154460074
EIF4A2,7873.796213328608,0.09605915171921084,0.03541908602964816,2.7120731359020067,0.006686383841673829,0.009669390949636774,0.009669390949636774
GNB1,29191.282943051687,-0.046968400489439656,0.027861928288676202,-1.6857555587252306,0.09184289082574477,0.1143035355640881,0.11430353556408808
VRK2,25734.575265630177,0.6540839322240009,0.08456834335734499,7.73438270465058,1.039060278258044e-14,7.038789629072993e-14,7.038789629072993e-14
TGFBR2,31842.80620706013,-0.24753191606028138,0.060899886047148515,-4.064571087516369,4.812087119840173e-05,8.977774477313756e-05,8.977774477313755e-05
LDHB,6531.503557096455,-0.2764873459729513,0.059787130551519053,-4.624529450107995,3.754497413960469e-06,8.197592606900588e-06,8.197592606900588e-06
TAX1BP1,18223.287833873237,-0.029937403587616727,0.021628895574655284,-1.3841392633425695,0.16631581652175031,0.1990614201337526,0.19906142013375264
FLI1,32629.267929500125,-0.23865098393169706,0.05020380881199261,-4.7536429920171415,1.997836890072662e-06,4.454485819560004e-06,4.454485819560004e-06
VMP1,26762.525398773316,-0.018503176770568144,0.033962371444350735,-0.5448140392930643,0.5858814218971109,0.6256074980214745,0.6256074980214746
PNRC1,15839.484926323894,-0.06725430940178809,0.08768245603874544,-0.7670212770051685,0.4430688652014968,0.4887687426381652,0.4887687426381653
PRKAG2,29661.666749070395,0.0027217855765344283,0.05613270750174266,0.04848840716350498,0.9613270033187166,0.9681037294246894,0.9681037294246895
JARID2,30997.305089706275,0.0012832044139852853,0.04779555092363244,0.02684777953570584,0.9785811443777085,0.9825111891342455,0.9825111891342455
CALR,20243.75831202001,-0.9251477070449522,0.10643765325972959,-8.691921314606617,3.563608685594796e-18,3.426546813071919e-17,3.426546813071919e-17
PTPN1,28724.49018980098,0.4986285573596582,0.043775267975877066,11.390645458399797,4.6552836588822436e-30,1.790493714954709e-28,1.7904937149547092e-28
PLAC8,9877.332113566985,0.6539072157171698,0.11259718990794192,5.807491432528613,6.3415795653400535e-09,2.0228323972376566e-08,2.0228323972376566e-08
TAPBP,21128.79712921976,0.33021635226772944,0.07171506076175391,4.604560726299153,4.1333739565500065e-06,8.9758392107492e-06,8.9758392107492e-06
ST8SIA4,29459.00180783424,0.8440400638259896,0.08830200139559305,9.558560966751925,1.1940537329387257e-21,1.64697066612238e-20,1.64697066612238e-20
TRIP12,31450.640230809717,0.049297455910989434,0.022313880409883906,2.2092731073862524,0.02715565054295683,0.036548654835742704,0.036548654835742704
NKTR,29241.9654644996,-0.15536449409347072,0.041193093606887915,-3.7716151055839164,0.0001621943076505859,0.00028530221222618446,0.0002853022122261845
CSDE1,21027.690436207035,0.058561461093033555,0.041739545173675126,1.4030210643015801,0.1606105576940221,0.1930415356899304,0.1930415356899304
EIF4G2,17950.848615833074,-0.022937068580085426,0.036277109085203395,-0.6322738817531889,0.5272079272045032,0.5690317616886165,0.5690317616886165
COX6A1,1226.9468714422596,-0.0712998172248949,0.07761113124753492,-0.918680298544927,0.3582628176763565,0.4011901653710599,0.4011901653710599
RPS6KA5,31917.725423474763,0.7264301357843425,0.09551037926642954,7.60577165920303,2.8320893664246668e-14,1.8414039121374319e-13,1.8414039121374319e-13
JAZF1,31873.292883217673,-0.02881049644817432,0.05547596733974713,-0.5193329261251534,0.6035285962093606,0.6413693902331143,0.6413693902331143
RASSF3,31319.252390320373,0.030517437945271356,0.07715058716053654,0.3955567814638927,0.6924320253317534,0.7246577174185854,0.7246577174185854
CCL5,5868.054381046143,0.06873592166584994,0.08025384261477465,0.8564813774187521,0.3917315692504897,0.43598393906565347,0.4359839390656535
GLRX,3487.007602586311,-0.3950373094027156,0.05859163139346304,-6.742213862418399,1.5599124152553894e-11,7.139187255173408e-11,7.139187255173408e-11
GPR141,31437.685694903466,0.3747895376750336,0.22110038359858128,1.6951103004664279,0.09005449858152066,0.11214756984000084,0.11214756984000082
GOLGA4,28977.61143827221,0.27509256611008187,0.06250379347648335,4.401213923337048,1.076469277077895e-05,2.1835076614156087e-05,2.1835076614156087e-05
DNAJB6,12400.342293064192,0.1432235478523273,0.040514050108147855,3.5351574940053534,0.00040753218298712263,0.0006895637613995307,0.0006895637613995307
PTK2B,31016.026053606893,0.19449945869841032,0.049258652514391175,3.9485338873528115,7.863128639799512e-05,0.00014296597526908204,0.00014296597526908204
HLA-DQA1,6429.820880283456,-0.6609109646547209,0.09857481711491409,-6.704663361274722,2.0187120430629602e-11,9.093297491274596e-11,9.093297491274595e-11
HERC4,30183.341259904642,-0.032140907951825635,0.03006476094722209,-1.0690558294558925,0.28504451331979586,0.3263245716311343,0.3263245716311343
PIK3R5,30538.776142707673,-0.3345614443555325,0.08268035581331173,-4.046444177271759,5.200151827086093e-05,9.647777044686629e-05,9.64777704468663e-05
SLC7A11,23316.175815877377,0.3829360224273541,0.17211125757006862,2.224933033630622,0.026085734026043254,0.03525099192708548,0.03525099192708548
TPM4,12799.78983690154,-0.03899580767822325,0.07057069533264534,-0.5525779148754421,0.580552468305964,0.6209117308085177,0.6209117308085177
RBM6,30040.988300550718,-0.001007415312429614,0.030200891472019476,-0.03335713826073526,0.9733897893383646,0.9792653816281334,0.9792653816281334
SMAD3,31637.113683110263,0.18402932654572882,0.04855648197841165,3.7900053514492416,0.00015064403925160746,0.0002661555463809319,0.00026615554638093194
DIAPH2,31604.098839672883,-0.11281979300957952,0.06693892176951115,-1.6854139568911588,0.09190873273138106,0.11431434419326002,0.11431434419326003
SESN3,29427.067820527445,-0.4172810732553165,0.10614158469360453,-3.931362759090777,8.446570912755787e-05,0.0001531563175477024,0.0001531563175477024
ASAP1,31196.467968548746,-0.5406436494164586,0.06686707741648108,-8.085348878777275,6.19864962627387e-16,4.939163048823801e-15,4.939163048823801e-15
IGF2R,31100.51279736968,0.12584257547645883,0.055396819923620916,2.2716570310347404,0.02310723337285978,0.03150270398481224,0.03150270398481224
PSMB3,1708.6720777994121,-0.08262976500347684,0.05980874291886848,-1.3815666568275051,0.1671047978191993,0.19964730922246035,0.19964730922246032
PILRA,12586.325922407894,0.502670767551942,0.13390404806731385,3.753962444057317,0.0001740609541979794,0.00030483529631870296,0.00030483529631870296
PDCD4,22475.91854196675,0.2506283911334889,0.07017442744024825,3.5715060353986163,0.00035493436739481233,0.0006031170219113209,0.0006031170219113209
CASP1,5513.750140820623,0.5805510073376887,0.16241549069069813,3.5744805182609225,0.0003509239393422274,0.0005968094206500465,0.0005968094206500466
RNF13,22007.133852943138,-0.16569987427639982,0.05231836209494808,-3.1671456758467595,0.0015394318106019761,0.0024147949970227075,0.002414794997022708
ITSN2,27649.672152546304,-0.06873774815366511,0.025467577885175452,-2.69902966287489,0.006954197757970373,0.01004216282739404,0.010042162827394039
ERC1,31207.622466032044,-0.02804389187975605,0.044240899035157905,-0.633890641722036,0.5261521933367643,0.5682814009806778,0.5682814009806778
GLS,30800.859529092384,0.23383886071161752,0.05413796950888201,4.319313465815399,1.5651533667470305e-05,3.114733068153295e-05,3.114733068153294e-05
LITAF,14559.833328611436,-0.1572800329397076,0.0759571791902512,-2.0706407822987436,0.03839237800652783,0.05058284322335683,0.05058284322335683
SOD1,2574.2350549037747,0.010203282185416749,0.027505447193346116,0.3709549644364641,0.7106710754073271,0.7410543017803203,0.7410543017803202
NSMCE2,29081.87320072258,-0.061200611813422394,0.023994356596787513,-2.550625250839868,0.010752987868019427,0.015187835971778854,0.015187835971778854
CAMK2D,31078.562148063615,-0.102550150986361,0.07363123560982843,-1.392753362577993,0.16369438581327778,0.19627624198234747,0.19627624198234747
LEPROTL1,14141.062576028862,-0.21211053347955836,0.06641984160956277,-3.1934814708895636,0.0014056835837394372,0.0022119332552941575,0.002211933255294158
SETD2,28591.039849097913,0.10183995329645815,0.033581848687224226,3.032589249179776,0.002424653861466844,0.0037045895515154226,0.003704589551515423
LSP1,13170.520556464538,0.07370563909198767,0.13558739969503503,0.5436024236600699,0.5867150916019386,0.6261633848473197,0.6261633848473197
ROCK1,26715.881887062536,-0.0378857121821029,0.017162873338666892,-2.2074224656047967,0.02728455828806737,0.03669745566653311,0.03669745566653311
STK38,29833.036031108815,-0.23804826524014763,0.08031577106660717,-2.963904374929432,0.0030376266481696975,0.004547345281691164,0.004547345281691164
RB1,30001.610680348982,0.06930503206704305,0.05783634730943833,1.1982954541759787,0.23080201568603642,0.26844112139953324,0.2684411213995332
HLA-DQB1,4897.245943211369,-1.354636420514482,0.1398766003279207,-9.684510613917771,3.5088493396003776e-22,5.048704085755939e-21,5.048704085755939e-21
USP3,27233.2898327983,-0.39607140397790275,0.06641458662805744,-5.963620705734828,2.4670905001560896e-09,8.420104096095868e-09,8.420104096095868e-09
ACAP2,28852.639242364676,-0.06366153035396639,0.04546773421700209,-1.4001474111318473,0.16146918003205046,0.19384055225936428,0.1938405522593643
ZNF706,4577.729957226543,-0.3093326418179795,0.04740992080662562,-6.524639496439523,6.816528404651069e-11,2.8761723226375816e-10,2.8761723226375816e-10
C11orf58,8311.112705928868,-0.015358739481008323,0.023130431724813078,-0.6640057420343044,0.5066866360156241,0.5498498491759349,0.549849849175935
SERPINB1,6470.859802401227,0.6608111772199997,0.06265322620904061,10.547121308888755,5.237730641038017e-26,1.1511495914369267e-24,1.1511495914369267e-24
UBE2D2,14463.878985764875,-0.103410493742756,0.0406205616186754,-2.545767208083425,0.010903787640688048,0.015389961384175086,0.015389961384175085
GPR155,29457.03589771979,1.1697552804364215,0.2073114835987331,5.6425011298485055,1.6759743616449827e-08,5.0405243959247596e-08,5.0405243959247596e-08
XRCC5,19717.480628271685,0.004388237977759637,0.024556390808650685,0.17870044551554196,0.8581729193448927,0.8747940054484125,0.8747940054484125
RPS26,1671.6943906925987,0.09175233816550907,0.08804987060123255,1.042049665025001,0.29738865346032217,0.3387114504103897,0.33871145041038975
RPL38,5723.377160583346,-0.19510473225249816,0.04435981794839067,-4.398231130693276,1.091367199236126e-05,2.2092453425832513e-05,2.2092453425832513e-05
ITK,29404.56521082227,-0.04838396509865697,0.07127275103301847,-0.6788564268585925,0.49722883665288053,0.5410542292196742,0.5410542292196742
PAPOLA,16121.539988166327,-0.16007676486398528,0.030918546550997964,-5.177370307493269,2.2503527394613282e-07,5.661264753361832e-07,5.661264753361832e-07
RASA3,30022.88210441857,-0.8108890739350253,0.11735090094499158,-6.909951840208971,4.848182659519999e-12,2.40009042550495e-11,2.40009042550495e-11
LRRC8C,29885.02363052437,-0.5567775079213475,0.0763966237781485,-7.287985782437167,3.146231646021864e-13,1.8186310092611932e-12,1.8186310092611934e-12
DOCK11,30183.7448591783,0.029879904645263893,0.03796743997391943,0.7869876047947657,0.43128912223255933,0.47708973698291957,0.4770897369829196
SEC61B,1793.1616659556066,0.020617260342777877,0.05556794236441061,0.37102796082625034,0.7106167060179925,0.7410543017803203,0.7410543017803202
PPP4C,1651.8825691556287,-0.3367158249840449,0.03748705376480122,-8.982189613956994,2.6543090354660626e-19,2.8695232815849324e-18,2.8695232815849324e-18
BPTF,28974.590037031096,-0.26363677477672093,0.04237082521954529,-6.222129812451884,4.904509695313407e-10,1.850758375589965e-09,1.8507583755899649e-09
WNK1,28901.60162215342,-0.3733769326703504,0.05014886127111043,-7.445372102306219,9.667154741936303e-14,5.858881661779577e-13,5.858881661779577e-13
HNRNPM,12411.468298874397,-0.05309628323643392,0.022395441770424036,-2.370852237733223,0.017747124509811883,0.024529543206374405,0.024529543206374405
COX7A2,1824.608446893153,0.028444470231671203,0.04537577006546052,0.626864738397526,0.5307479029977651,0.572234935846647,0.572234935846647
RAB1A,20686.826070470313,0.11046772548967183,0.044163485580821706,2.5013362065254015,0.012372565959078962,0.017365004854847665,0.017365004854847665
HERPUD1,3182.499678255254,-0.2880103456550935,0.041978759366718,-6.860858920081297,6.844773664422405e-12,3.282865066869259e-11,3.282865066869259e-11
ZNRF2,30092.293461799607,0.6901083851347549,0.09073682757747314,7.605604070139271,2.835762024691645e-14,1.8414039121374319e-13,1.8414039121374319e-13
LDLRAD4,28746.103129792067,-0.8398255834495493,0.12229769913945736,-6.8670595551588205,6.553871458913997e-12,3.1737876314353494e-11,3.1737876314353494e-11
PRMT2,20828.214703709476,-0.23144251171943309,0.03727692955372111,-6.208733243061048,5.341340122895653e-10,2.0086218280301435e-09,2.008621828030144e-09
RAB2A,21045.563930938533,0.09516925579557996,0.01967821598904396,4.836274581423762,1.3229514343838322e-06,3.0238889928773307e-06,3.0238889928773307e-06
EIF3H,11853.504055885263,0.017961350257428517,0.02775161928459504,0.6472180982750396,0.5174907996586939,0.5603296118987948,0.5603296118987949
RNF149,22054.593242434206,0.35005406693329366,0.07007680449783216,4.995291515384705,5.874695855290175e-07,1.4037505030561948e-06,1.4037505030561946e-06
PPDPF,2679.868620807165,0.28104952528770744,0.060759057075272654,4.62564000852619,3.734434383422254e-06,8.162698105840994e-06,8.162698105840992e-06
ALDOA,3567.065747286941,-1.0825092044288773,0.05994561747634431,-18.058187570693658,6.801945537415347e-73,3.400972768707673e-70,3.400972768707673e-70
GIMAP5,16627.536938260924,0.37371628967253234,0.0829735386329039,4.504041840687892,6.667307065560128e-06,1.4006947616722957e-05,1.4006947616722957e-05
COMMD10,28940.11008147078,-0.28975782257250987,0.040008598260485057,-7.242388765684212,4.408499776259654e-13,2.5263609033006613e-12,2.5263609033006613e-12
WASF2,21236.381361952594,-0.120901876599171,0.03185207631087407,-3.795729842512526,0.0001472097377845522,0.0002607789863322448,0.00026077898633224486
KPNB1,23470.4333328253,0.5939893344484243,0.12880097010714692,4.611683700474434,3.994204517808297e-06,8.683053299583254e-06,8.683053299583256e-06
PPP6R3,29105.040856840442,-0.038945352810778384,0.04007478443706705,-0.9718169007730457,0.3311416463776454,0.37396007496063854,0.37396007496063854
PSMB1,3422.609867709645,-0.0336287153561654,0.02721934974199462,-1.235470930603543,0.21665528874043605,0.25384333771580087,0.25384333771580087
ATP1B3,5790.997237709158,0.26024216302261344,0.07702389703390446,3.3787197615833406,0.000728242013544059,0.001191885455882257,0.001191885455882257
C4orf3,2280.751033859174,0.32380618246670756,0.08062393131458749,4.016253948263132,5.913053804738545e-05,0.00010884180826376577,0.00010884180826376577
ITPR1,29566.06382074408,0.2431138192445676,0.06330774663084812,3.8401906904407954,0.00012293877951943092,0.0002189470694914175,0.00021894706949141747
EZR,17384.030278117018,0.0277351742673939,0.05225053453533439,0.5308113020095135,0.5955495473318624,0.6339005293580228,0.6339005293580228
ATP8A1,29394.662984177685,-0.23845334476397834,0.0932534308436661,-2.5570463478575,0.010556515117795814,0.014941988843306176,0.014941988843306176
IRF2,20940.624387495096,0.6205156517582926,0.08750292271886483,7.091370579151125,1.3279022871598682e-12,7.139259608386387e-12,7.139259608386388e-12
CNOT6L,28079.722456101692,-0.01118646828686377,0.06977429046865574,-0.16032364086724743,0.8726261370260506,0.8890740061396339,0.8890740061396338
PPP2R2A,24921.458281509225,0.5988686437731308,0.10502384853272824,5.702215755181617,1.1826000881988433e-08,3.6165140311891234e-08,3.6165140311891234e-08
IER2,2565.44501074377,0.07374305448370597,0.057816260867191764,1.275472563905494,0.20214202909075296,0.2383750343051332,0.2383750343051332
PAFAH1B1,22833.591867008083,0.11936856699105156,0.028303920055046165,4.217386381776821,2.471502793197768e-05,4.794379812216815e-05,4.7943798122168146e-05
SRPK2,27682.284842585435,-0.24451626939017945,0.06985696077199009,-3.5002420186625254,0.0004648359259321918,0.0007773176018932973,0.0007773176018932974
RAB8B,24323.246423353103,0.6422614019974427,0.06878344747869101,9.337441281878379,9.869020877619293e-21,1.2259653264123345e-19,1.2259653264123345e-19
FAF1,29200.11261974524,-0.27046986749288127,0.05210655095666221,-5.1907075507230385,2.0949645213915516e-07,5.297002582532369e-07,5.297002582532368e-07
ODF2L,24875.154695971094,1.4030738023190248,0.16087800504667354,8.721352567195051,2.7489800790625896e-18,2.7083547576971328e-17,2.7083547576971325e-17
PCED1B,28779.08044147387,-0.3909739911715191,0.0657787152469843,-5.943776641174879,2.78529065454774e-09,9.489917051269982e-09,9.489917051269982e-09
SORL1,27471.997507805547,-0.7617611860536938,0.13641509004616117,-5.584141650281675,2.3485723203937728e-08,6.867170527467172e-08,6.867170527467172e-08
GRN,6426.864037493004,-0.3090300409667023,0.10394201972131549,-2.9731002129385136,0.002948081807909285,0.00441660195941466,0.004416601959414659
IL2RG,6078.709648676344,0.12122874641018527,0.052080241146115674,2.327730128400662,0.019926438280010016,0.027371481153859914,0.027371481153859914
PARP4,28684.562164892344,0.5667305361994103,0.09573525735741792,5.91976824257733,3.2239560483889095e-09,1.08368270534081e-08,1.0836827053408098e-08
STK10,28395.070034208824,-0.3069847478744634,0.06401494688481654,-4.795516716226095,1.622560378179554e-06,3.6626645105633276e-06,3.662664510563327e-06
POMP,4170.005904801614,0.184349380100694,0.06081938123964831,3.0310959490741447,0.0024366780270255444,0.0037172815057597932,0.0037172815057597932
PCBP2,13666.314731180499,-0.11645163391010173,0.03401674826093704,-3.4233617221969554,0.0006185171139678673,0.0010214981238115066,0.0010214981238115069
SH3BGRL,19719.033953701077,-0.014903400456173083,0.05421651617215613,-0.27488672287333343,0.7834032679676901,0.8097191400182843,0.8097191400182844
SLC9A9,29103.657069320343,-0.09188058974156488,0.07712414668781381,-1.191333631391512,0.23352263610468071,0.27122257387303217,0.27122257387303217
NDUFV2,8912.836509658076,-0.010462222555101004,0.037095691982594894,-0.28203335740467717,0.7779179325796168,0.8057151036557398,0.8057151036557398
MYO9B,27641.680108799133,-0.13709451638715422,0.030826277822411353,-4.44732630961639,8.694571056637334e-06,1.7908488273197396e-05,1.7908488273197392e-05
SYNE1,28806.871271674027,-0.24226934396112831,0.06691449848173775,-3.620580732996875,0.00029394251125948397,0.0005028956565602805,0.0005028956565602805
APBB1IP,24690.053076918553,-0.6584429745858628,0.07409397485850037,-8.886592679678913,6.30114935939026e-19,6.429744244275776e-18,6.429744244275776e-18
TPI1,2933.477945428356,-0.5454630130254754,0.057591820526504085,-9.471188929935808,2.7667636264001277e-21,3.713776679731715e-20,3.7137766797317146e-20
SPPL2A,17232.915453565598,0.6260209941027404,0.09567205323970854,6.543405026901956,6.013367893377878e-11,2.5534470884831753e-10,2.5534470884831753e-10
SNX6,17449.109857385793,0.5253889428337717,0.13262627936486657,3.9614241261219463,7.450405771230164e-05,0.00013583237504521722,0.00013583237504521722
NOP10,738.699527082785,-0.21452280870076815,0.06275541660721298,-3.4183951011507,0.0006299159370479979,0.0010386083051079932,0.0010386083051079932
RCSD1,27811.913771285457,-0.10765127295471227,0.05465281993433109,-1.9697295232718506,0.048869377502864735,0.06359060182545834,0.06359060182545834
RNF130,19288.144886703096,-0.4642430425624477,0.06523634375824876,-7.1163252846117215,1.1084252631854842e-12,6.090248698821342e-12,6.090248698821342e-12
CREBBP,27953.38381940011,-0.062161601979502504,0.033878698686989624,-1.8348285025296533,0.06653110401109921,0.08469905030057187,0.08469905030057188
ATF7IP,27994.69094039688,-0.04301464765809457,0.047320005018811194,-0.9090161262872836,0.3633416135144686,0.40664981926633303,0.40664981926633303
TCF7,26831.345789054438,-0.558569366545362,0.10701793338765517,-5.219399673156039,1.7950402028671582e-07,4.573350835330339e-07,4.573350835330339e-07
PPP3CA,28396.449010291628,-0.5077272684386452,0.08374157759527512,-6.063024879857199,1.3358499105130996e-09,4.7286722496038924e-09,4.7286722496038924e-09
STAT4,27320.959117844224,-0.02934331553209389,0.07426901236719757,-0.3950950012236054,0.6927727778521677,0.7246577174185854,0.7246577174185854
VMO1,520.7885399403058,-1.1482747102728494,0.2810131311507592,-4.086195921061133,4.385035361136811e-05,8.219372748147724e-05,8.219372748147724e-05
SUCLG2,27930.682179208932,-0.0002198292022045263,0.04417420248406633,-0.00497641586814881,0.9960294109990939,0.9965276748365123,0.9965276748365122
C3AR1,2188.1711965057816,0.3067127262921027,0.21195831560941236,1.4470426669048442,0.14788497398072162,0.17849725284335743,0.1784972528433574
VAV3,27999.65173850094,0.19810127739565647,0.10762912318869233,1.8405917611012304,0.06568140601219156,0.08372390823733787,0.08372390823733787
CDC42,12907.148235833001,-0.188847809619953,0.042609029827253675,-4.432107710163393,9.331637863377942e-06,1.9161474052110763e-05,1.9161474052110763e-05
ARHGAP10,27597.683404221705,0.0856441282503434,0.0915591883532833,0.9353963243960126,0.3495840904420031,0.39290146700226314,0.3929014670022631
ANKHD1,28112.79863212576,-0.14968878383004489,0.027806799445488018,-5.383171987250538,7.3184549721816e-08,1.969974420506487e-07,1.9699744205064872e-07
OST4,1448.3299924203632,-0.045049985489349485,0.043440947405897275,-1.0370396637167674,0.2997173725123281,0.3409753953496338,0.3409753953496338
MSI2,28175.69716513672,-0.31809865641307405,0.07264165169082515,-4.379011889307726,1.1921862850299848e-05,2.401180835911349e-05,2.401180835911349e-05
PHIP,26632.975050969962,-0.09380469186505822,0.027346644009857823,-3.430208541539643,0.0006031175229003617,0.0009968884676039038,0.0009968884676039035
HSP90B1,15367.061484743223,-0.9015486486628944,0.09403512556635636,-9.587360502078683,9.03671928897264e-22,1.2818041544642041e-20,1.2818041544642043e-20
MATR3,21230.031095347633,0.08048263702996633,0.024148198559286863,3.3328629807466315,0.0008595726341013188,0.0013920204600831074,0.0013920204600831074
ELF2,26897.50764213719,0.19767658908414562,0.036869733765878085,5.361486750606532,8.253977759175499e-08,2.201060735780133e-07,2.201060735780133e-07
COPE,3445.3409664629617,-0.18777219942570564,0.02379982277619725,-7.889646960459762,3.0304258137292648e-15,2.1959607345864237e-14,2.1959607345864237e-14
KMT2A,27529.555511938303,0.0005301839838617453,0.035060938987106584,0.015121785074173763,0.9879350209724991,0.9889239449174165,0.9889239449174164
EPC1,24076.530764156752,-0.06125966521947465,0.03821278567164071,-1.6031195879272937,0.10890825419403527,0.13395849224358583,0.1339584922435858
CYLD,21710.226560313677,0.1586186587408717,0.03593430648118062,4.414128844366117,1.0141754726357306e-05,2.073978471647711e-05,2.0739784716477107e-05
OSBPL8,21675.983642976742,-0.31794855453555265,0.07520308806948138,-4.227865672773898,2.3591856099541215e-05,4.594324459501697e-05,4.594324459501697e-05
COX7C,2352.6651140713016,-0.14316087364499097,0.04761950703558125,-3.006349342046345,0.002644050404541952,0.004003104321789481,0.004003104321789481
CEP350,27118.263403511588,0.01170359256277706,0.03270989641999956,0.3577997439215742,0.7204931822257599,0.7501230424005829,0.7501230424005828
CUX1,27127.352307425503,-0.49212959699129666,0.05505006692468043,-8.939673001027028,3.903236441372924e-19,4.0871585773538464e-18,4.087158577353847e-18
GCH1,21638.49576133851,1.3027439442443212,0.23517157471086556,5.5395468004413155,3.032553985593245e-08,8.689266434364599e-08,8.689266434364599e-08
WAC,26026.621920666774,-0.014578084570179381,0.027324043425568375,-0.5335258893834868,0.5936695945098327,0.6325295612223645,0.6325295612223646
ZNF148,26063.202978507063,-0.01073781553141917,0.01871415753360632,-0.573780332464153,0.5661164593513535,0.6074210937246282,0.6074210937246282
FKBP5,26650.852662049943,0.1482359593721332,0.04498598269100554,3.295158858489745,0.000983660556241172,0.0015827201226728432,0.0015827201226728432
BID,3843.917927364939,-0.18672626884043486,0.03523994162257044,-5.2987110716676264,1.16623007711707e-07,3.0410171502400783e-07,3.0410171502400783e-07
CUL1,25023.032281565014,0.7119671594488155,0.09298109227966797,7.657117613840939,1.9015247873754463e-14,1.2510031495891094e-13,1.2510031495891094e-13
TRPS1,27895.435228313665,-0.6319734435774493,0.09011233563541282,-7.013173491966322,2.3297226129324452e-12,1.1947295450935618e-11,1.1947295450935618e-11
RBM25,24954.59573484184,0.029984796345730123,0.016196927489452985,1.8512644676130974,0.0641315152367989,0.08211461618028028,0.08211461618028029
TNS3,28226.46850165589,-0.10140017017080023,0.07883611018044805,-1.2862147807483815,0.1983681139989868,0.23433917778970678,0.23433917778970678
COG5,28115.281321011364,-0.03984501028766001,0.0260254535793742,-1.5310015699107025,0.1257690046523509,0.15347041446290532,0.15347041446290532
CEP85L,27920.767274381953,-0.3796156068543448,0.061971411385210284,-6.1256569500197235,9.031019783520942e-10,3.2661916034433787e-09,3.266191603443379e-09
GMFG,4440.167653544985,-0.25804243965382273,0.048991167846718676,-5.267121626109711,1.3857939833211148e-07,3.5854954290326384e-07,3.585495429032639e-07
DEK,14672.833668206631,0.33981619408059344,0.07550211295981753,4.500750783775347,6.771386082554431e-06,1.4210673835371315e-05,1.4210673835371313e-05
WTAP,12074.296875576367,0.08065982544419101,0.06281484983784323,1.2840884862801494,0.19911099618505457,0.23507791757385427,0.23507791757385427
EDF1,3284.779779428665,-0.05687520137342973,0.037038638427334326,-1.5355640430738977,0.12464533863064925,0.1523781645851458,0.15237816458514578
ADAM19,27891.50303502547,1.8944777848737264,0.14757960583326907,12.836989055344475,1.0175556598363647e-37,9.250505998512406e-36,9.250505998512406e-36
ZNF207,21226.820668422348,-0.11648382539402062,0.015130280280837665,-7.698722246510273,1.3743353549882678e-14,9.192878628684065e-14,9.192878628684065e-14
CDK17,27038.835635746826,0.4906520168654912,0.059185339706798255,8.290093784983936,1.1315920860013666e-16,9.509177193288796e-16,9.509177193288794e-16
ASCC3,27380.146660378756,0.24936317746237924,0.037405381392082465,6.666505411308586,2.6196603433044128e-11,1.1565829330262309e-10,1.1565829330262308e-10
CELF1,25793.45237301981,0.0280686784440009,0.028951648737309862,0.9695018994834972,0.3322948329506833,0.3750506015244733,0.3750506015244733
NT5C2,25818.413523487747,0.12957040688383992,0.07095279128033413,1.8261495361318187,0.06782774030251228,0.08591227397404975,0.08591227397404975
ATXN7,27495.426289454655,0.2894314288165681,0.03333573534519361,8.68231721362939,3.877860975827437e-18,3.675697607419372e-17,3.6756976074193714e-17
MGAT4A,25326.361236790908,-0.3979689186960001,0.06166300210482559,-6.453933560021336,1.0898360533276263e-10,4.493605467995992e-10,4.493605467995992e-10
APOL3,20498.179477857888,0.68514778440252,0.13785249676529962,4.970151433448582,6.690063000963439e-07,1.5853229860102936e-06,1.5853229860102936e-06
PHF3,26134.40964517607,-0.129797807565395,0.03977283827499304,-3.2634786249842436,0.0011005348560078712,0.0017566398340109674,0.0017566398340109674
ZNF638,26128.997203508738,-0.035016804017386716,0.045698239575262506,-0.7662615528048067,0.44352069004080663,0.48899745318721793,0.48899745318721793
RSF1,23259.06614961142,0.03511633052237628,0.0319060657379263,1.1006161276924213,0.27106376334049553,0.3117467088447332,0.3117467088447332
PHF21A,27712.549273711356,-0.1913866569234048,0.05512604209987128,-3.471801160269616,0.0005169790998969477,0.0008601981695456701,0.00086019816954567
AIF1,4702.911178791758,-1.8626481571425486,0.16291796965658562,-11.433043028149811,2.8591035618276716e-30,1.1436414247310686e-28,1.1436414247310686e-28
LIMD2,6448.926380334509,-0.05491190371392196,0.04705804953959526,-1.166897146209138,0.2432519085379372,0.2818677966835889,0.28186779668358886
MAP4,26532.803435996753,0.42373830955760605,0.042585427272324006,9.95031250591657,2.513925283198985e-23,4.022280453118376e-22,4.022280453118376e-22
ANKIB1,27143.860942100873,0.6733269136697592,0.07996394357331435,8.420381531739043,3.752602120983681e-17,3.306257375316018e-16,3.306257375316018e-16
GCC2,20789.97356046533,0.11463013940116698,0.07398259276462003,1.5494204125268969,0.12128068992807871,0.1483555840098822,0.14835558400988222
SCAPER,27169.87421372424,-0.005069739787712132,0.03379302355570241,-0.15002326676556402,0.8807462587753246,0.8950673361537853,0.8950673361537853
STK17B,24795.837205448333,-0.19879905535799317,0.040532742640785095,-4.904653433393782,9.359243853919728e-07,2.181510069369826e-06,2.1815100693698254e-06
ADD3,25552.82488248096,0.011450871448806669,0.05980478617412077,0.1914708200020584,0.8481567398558825,0.8690130531310271,0.8690130531310272
ANTXR2,25740.49625110916,0.569043067822195,0.11258307575387756,5.054428154602946,4.3168221883958844e-07,1.0477723758242437e-06,1.0477723758242437e-06
GAS7,27400.965804200412,0.13795412858770284,0.13031262644992017,1.058639767656892,0.2897638685774584,0.33078067189207583,0.3307806718920758
SMG1,26649.703463698042,0.234864579984019,0.041548302839540835,5.652808031439067,1.578475691324927e-08,4.761615961764485e-08,4.761615961764485e-08
TRAF3,25705.343573544797,-0.12368668060454906,0.040455499050365676,-3.057351497519867,0.002233022562648019,0.0034327787281291607,0.003432778728129161
BRK1,1562.1007373332143,-0.19267597700014555,0.05178048326376662,-3.7210154261918698,0.00019842331567055353,0.0003445529317032339,0.0003445529317032339
PSMA5,6876.4208045652695,0.26612346913888213,0.05730985088350442,4.643590325855844,3.4240619246296164e-06,7.500683296012304e-06,7.500683296012303e-06
ZNF292,26624.50723974153,-0.12601213769902025,0.03622955064231607,-3.47815900183532,0.0005048703509884221,0.0008414505849807035,0.0008414505849807034
GMDS,26980.436388116646,0.23587719924554956,0.02971500367680374,7.937983175471761,2.054952045924381e-15,1.550907204471231e-14,1.5509072044712306e-14
EIF3K,2643.5276008365468,-0.3832077717059459,0.04902239475493241,-7.816994123229553,5.409962848536062e-15,3.796465156867412e-14,3.7964651568674124e-14
GNAS,15541.523699400685,-0.09233743014772884,0.018695220154776676,-4.939092954416822,7.848679444741799e-07,1.848923308537526e-06,1.8489233085375263e-06
SRSF5,7770.712655589254,-0.040771686099937726,0.03487669555923558,-1.1690237692011254,0.24239405494153277,0.2810365854394583,0.2810365854394583
THEMIS,26770.901181489637,-0.40527409468658687,0.07436756682256455,-5.449608102057992,5.048093211380398e-08,1.3980940856143636e-07,1.3980940856143636e-07
AKNA,26009.86521714367,-0.12117746416790603,0.08270075494289411,-1.4652522126500607,0.14285211911438814,0.17294445413364182,0.17294445413364182
UBE2B,6263.669256442103,0.12005040377166495,0.052056502928812705,2.306155754177993,0.021101930882436105,0.028946407246140064,0.02894640724614006
HCLS1,13841.64857315291,-0.1415359940276154,0.024309753036979128,-5.822189711771894,5.808156518771585e-09,1.867574443334915e-08,1.867574443334915e-08
GSK3B,25848.412874848134,0.025486030181204027,0.04158515405484892,0.6128636711935493,0.5399664861735456,0.5809214482770798,0.5809214482770797
TMA7,1975.0000055848586,0.1329715814956727,0.04252740514631244,3.1267268961789147,0.001767640466358362,0.00275119138732819,0.00275119138732819
TRIM14,24192.616945111728,0.714720554654813,0.15610745675580615,4.57838830705459,4.685722527587879e-06,1.0076822639973932e-05,1.0076822639973932e-05
PARP11,25002.644565678234,0.80690567863416,0.16800466201701375,4.802876711554855,1.5640219352960126e-06,3.542518539741818e-06,3.542518539741818e-06
IFITM1,20709.794904454273,1.8297424530769664,0.29077390381804386,6.292663918774345,3.1206350663104647e-10,1.2095484753141336e-09,1.2095484753141338e-09
GDI2,13742.230353660116,-0.05928453881234881,0.04598507707013321,-1.2892125574114446,0.19732420058560673,0.23324373591679282,0.23324373591679284
HBA1,26.879960309492464,-0.38333145339161756,0.2952114174015139,-1.2984980620524327,0.194116241836645,0.23054185491288004,0.23054185491288004
NDUFA12,1926.9413735571434,-0.18058078765980634,0.056005145266179564,-3.2243606690340223,0.0012625427781177668,0.001999275974849987,0.0019992759748499868
CLTA,7270.895312821315,0.08997151180341718,0.0517308756275021,1.7392226733464549,0.08199560274333217,0.1030742963461121,0.1030742963461121
NFATC3,26073.00496198297,-0.2664205954431276,0.0419257429103912,-6.354582577404868,2.0899335387528627e-10,8.261556371007187e-10,8.261556371007188e-10
CAMKMT,26468.52497645775,-0.4892815933884519,0.07968193239810613,-6.1404333286485535,8.229667080775787e-10,2.9894970937335795e-09,2.98949709373358e-09
FUS,19808.77317086796,0.1255762410322784,0.01675634363999788,7.494250758412728,6.667814133325945e-14,4.141499461693134e-13,4.141499461693134e-13
SGMS1,26199.030853791177,-0.3683333352329574,0.04158955503094222,-8.856390383569169,8.264708113129791e-19,8.306239309678182e-18,8.306239309678182e-18
DYM,26222.30624222754,-0.05575626491612898,0.04497872948185427,-1.2396140477605684,0.21511818222620283,0.25238354470366664,0.25238354470366664
MGAT1,17220.1372595764,0.6119461832430171,0.10061256088646336,6.082204625857502,1.1854114387626784e-09,4.2487865188626465e-09,4.2487865188626465e-09
THRAP3,18091.886019340935,0.1304034077490764,0.01872733768843412,6.963264609128755,3.3247648246063715e-12,1.674944496023361e-11,1.674944496023361e-11
RPS21,4783.57180418386,-0.31672395665215053,0.04170649471077065,-7.594115948813051,3.099008176531533e-14,1.9993601138913117e-13,1.9993601138913117e-13
PLXDC2,24186.894959630536,-2.539944823911752,0.16420213883886897,-15.468402798359353,5.669637194281264e-54,1.1339274388562527e-51,1.1339274388562529e-51
MARCKS,21912.14708183204,0.6785195130431291,0.2281514588721296,2.973987176752676,0.00293957359401366,0.004407156812614182,0.004407156812614182
RGCC,1267.6104562982703,-1.3692391460800868,0.19349690512565101,-7.076284476958143,1.4807074711640786e-12,7.876103570021694e-12,7.876103570021694e-12
SEMA4D,25144.196605367168,-0.4667365978973984,0.058916373630656216,-7.922018432827294,2.3368565784157296e-15,1.7310048729005404e-14,1.7310048729005404e-14
LILRB4,9486.202114243764,0.823024592505883,0.19935296525839208,4.128479310248116,3.651702905869703e-05,6.922659537193749e-05,6.922659537193749e-05
TOP1,20922.53664496168,0.5062076393326157,0.08577777671170592,5.901384469708861,3.6046379910220346e-09,1.20414828321297e-08,1.2041482832129702e-08
NRIP1,26104.95148714275,1.0101451860280874,0.10503129600083544,9.617563759472723,6.740876684188576e-22,9.629823834555108e-21,9.629823834555108e-21
PREX1,25864.023317165615,-0.9188800409688093,0.08375263739994547,-10.971356478971103,5.247910657132478e-28,1.543503134450729e-26,1.543503134450729e-26
MYO1F,22275.15650549109,-0.7591950039208025,0.08360843059966855,-9.080364246471243,1.0821210067350289e-19,1.2296829621988964e-18,1.2296829621988966e-18
ALPK1,26187.978868263413,0.7944599853731482,0.11429735835780006,6.950816683673,3.6317754857666555e-12,1.8158877428833277e-11,1.8158877428833277e-11
RASA2,25918.855356200427,-0.22287671180332036,0.03160498809816714,-7.051947341699697,1.7643097629829822e-12,9.28584085780517e-12,9.28584085780517e-12
MAP4K4,25573.124025767418,-0.03640106568218967,0.06017806655897288,-0.6048892522413895,0.5452525849083458,0.5859780600841975,0.5859780600841976
CCNH,22162.905606264932,-0.20746563728642292,0.04927638334017427,-4.210244811479081,2.550941160031726e-05,4.938898664146614e-05,4.938898664146614e-05
LMNA,2887.6738185670874,-0.5077554193650111,0.10866223292587392,-4.67278653947215,2.971405440752434e-06,6.559393908945771e-06,6.5593939089457705e-06
SEC62,7907.1074175668955,-0.039030353645073484,0.053909047521301934,-0.7240037700471484,0.4690634205420934,0.5137046306383607,0.5137046306383606
IL10RA,18697.340901261323,0.056050657293628965,0.08327853065275932,0.6730505071870142,0.5009151592311675,0.5444729991643125,0.5444729991643125
SNX2,11622.416202227645,-0.017835622625808255,0.0769632690838556,-0.23174200937820597,0.8167384006618894,0.8402658443023553,0.8402658443023553
PUM2,25666.247257619874,-0.0005723027694795038,0.02689620662848134,-0.02127819649011293,0.9830237365819691,0.9858319931067134,0.9858319931067134
PHF11,17026.17928360125,1.0367020415920518,0.16649278366272263,6.22670856228928,4.763359937775355e-10,1.8111634744392986e-09,1.8111634744392984e-09
RNF19A,24392.4769592745,0.333911539493946,0.05708739944536103,5.8491285772009345,4.94155004524602e-09,1.5992071343838253e-08,1.5992071343838253e-08
HNRNPF,9041.059544711916,0.231684041286306,0.044963542775100236,5.152708772196822,2.567505302183854e-07,6.426796751398884e-07,6.426796751398883e-07
MED13,25184.241377731185,0.2656017070340697,0.04176479515670999,6.3594638986610175,2.0245910553352373e-10,8.050063838311083e-10,8.050063838311082e-10
CXCL16,1234.6839302482383,-0.9583392613636287,0.15053782762280643,-6.366102636773009,1.9389171293987285e-10,7.724769439835572e-10,7.724769439835572e-10
PIK3AP1,24853.734350422572,0.26402885445615676,0.15372870716945658,1.7174986983082823,0.08588809207259684,0.10749448319473948,0.10749448319473949
HNRNPA3,11496.030631563312,-0.23135919513304654,0.03858513732661466,-5.996070278942954,2.0214956338418448e-09,7.00691727501506e-09,7.00691727501506e-09
EPS15,25156.44446083157,0.14828449471669758,0.036182511922749926,4.098236602071372,4.163096207020879e-05,7.832730398910403e-05,7.832730398910403e-05
ARL6IP5,8920.427866806172,-0.13030221910610112,0.08064648675193406,-1.6157209613719004,0.10615465688218743,0.1310551319533178,0.13105513195331783
HIVEP3,25827.478853375662,-0.26842525794375843,0.04955582078784869,-5.416624196235238,6.073480801958888e-08,1.654899401078716e-07,1.654899401078716e-07
PRDM2,24445.522763763045,0.030880655494331576,0.057923573592420494,0.5331275951933397,0.5939452579878003,0.6325295612223645,0.6325295612223646
FPR3,19383.812538349313,-0.23197035577061348,0.1511407822649489,-1.5347965803430261,0.12483380306371453,0.1525153366691686,0.15251533666916864
NEK7,24859.747965266393,0.05631444010604811,0.033956284577261756,1.6584393966281608,0.09722881026940094,0.1206312782498771,0.1206312782498771
IFNAR2,23746.651558157304,-0.30327305411413596,0.05385238529098394,-5.631562139270931,1.7858460847268202e-08,5.330883835005434e-08,5.330883835005433e-08
EXT1,25603.359944580166,0.47155885005601117,0.13539112189042615,3.4829377544980384,0.0004959436619429796,0.0008279526910567272,0.0008279526910567271
PHC3,25287.35276928353,0.11891248074036755,0.03552578970389374,3.3472156912344264,0.0008162767090586195,0.0013283591685250115,0.0013283591685250115
MGLL,23723.02868110745,1.107611751188986,0.09823004849532292,11.2756917883607,1.7301327722211766e-29,6.070641306039217e-28,6.070641306039216e-28
PGAP1,24838.124258090447,2.043239783865005,0.2987031643664589,6.840368725917786,7.898960186723333e-12,3.761409612725397e-11,3.761409612725397e-11
SNX29,25414.92002533306,-0.542225191116921,0.07872582194194269,-6.887513877172239,5.6775836326849685e-12,2.7899673870687806e-11,2.7899673870687806e-11
IGLL5,988.8794547911715,0.2009001885088804,0.21493785625381243,0.9346896447671114,0.34994826502448106,0.39297952276752507,0.39297952276752507
CXCL3,840.7737509357706,-2.6042974868357858,0.4204708595807548,-6.1937645082764865,5.874397517694445e-10,2.1878575484895512e-09,2.1878575484895512e-09
XPO6,25071.18752010205,0.24098021196522135,0.05293016028109283,4.552795810280246,5.293764852143584e-06,1.1251359940794014e-05,1.1251359940794016e-05
WDFY1,24168.350799042735,0.8060773951093089,0.13938703484725856,5.7830155867266635,7.337326167657451e-09,2.3219386606510922e-08,2.321938660651092e-08
BRAF,24432.373713358433,-0.06739919787923457,0.041682992289147285,-1.6169472050302596,0.1058896775971077,0.1308769402381845,0.1308769402381845
PPP1CA,2131.5138345798955,-0.302403776759899,0.03826331073735695,-7.903230821703528,2.7176566134399505e-15,1.9836909587152922e-14,1.9836909587152925e-14
SENP6,23962.63350024757,-0.12805801242834197,0.02601115921568573,-4.92319513200004,8.514247690143682e-07,1.993969014085171e-06,1.993969014085171e-06
KHDRBS1,12503.222096320818,-0.0540697237220461,0.025921519536135213,-2.085901007719537,0.03698759099990496,0.048828502970171564,0.048828502970171564
LPIN2,23305.48914022149,0.7677301940970999,0.10685253203358185,7.184950880301235,6.723135333757463e-13,3.7664623718529205e-12,3.7664623718529205e-12
RPL17,6101.78915882835,-0.6815311762030727,0.09838717360607951,-6.927032774940489,4.297590460772529e-12,2.1381047068520044e-11,2.1381047068520044e-11
GLG1,24061.284370805213,-0.46743936425387694,0.04493301669428432,-10.403026519101651,2.4018107949359223e-25,4.756060980071133e-24,4.756060980071134e-24
LAPTM4A,2574.4365353643598,-0.23402130420639677,0.03564798515111398,-6.564783485360145,5.210852089318435e-11,2.2221117651677763e-10,2.222111765167776e-10
NCL,17747.926763288935,0.055414764673079105,0.03452718191332333,1.604960544193608,0.10850248803598911,0.13362375373890284,0.13362375373890284
GATAD2B,24640.02192612262,0.0196545808300727,0.05673518901088183,0.34642663878854696,0.7290221082305266,0.7574255669927549,0.7574255669927549
PTGES3,9119.609609734995,-0.0794871250432432,0.027448831678576743,-2.895829082054567,0.003781583023876412,0.005610657305454617,0.005610657305454617
ATG3,6773.469949009109,0.2863482559416095,0.08726753614447584,3.281268941379821,0.0010334115613464961,0.0016547823240136046,0.0016547823240136046
PIK3CD,24628.93448603687,-0.5355952558578748,0.05595955685813959,-9.571113245511162,1.0576065836068737e-21,1.4791700470026206e-20,1.4791700470026206e-20
CCM2,22029.03481785109,-0.3111120279714861,0.10380002652379411,-2.997224937126291,0.002724496020846493,0.0041124468239192346,0.0041124468239192346
PPP1R16B,24967.493634574552,0.15484567602859983,0.06960981160249216,2.224480607889708,0.026116125803792797,0.0352682320105237,0.0352682320105237
KDM7A,23793.588487132918,-0.6957295470776598,0.05169067468544537,-13.459478935250916,2.7081923133766557e-41,2.8507287509227953e-39,2.8507287509227957e-39
TLE4,22411.372912135397,0.17171720635984616,0.06134678660114937,2.7991230816420454,0.005124160125876089,0.007502430638178755,0.007502430638178754
NDUFA4,2371.7070785893998,-0.43694456744758986,0.06580615504918277,-6.639873840388068,3.1395175334555424e-11,1.3769813743226066e-10,1.3769813743226063e-10
ADA,2341.940218824724,-0.26488341672321614,0.09508152111536364,-2.785855901504033,0.005338659823553975,0.007805058221570139,0.007805058221570139
FARS2,24532.168766768813,-0.2611505703186438,0.056902356476761576,-4.589450885488291,4.444135464670027e-06,9.577878156616438e-06,9.577878156616438e-06
GPATCH8,23073.109197013913,-0.17984566284652873,0.031599211019780735,-5.691460547351877,1.2595726187716776e-08,3.840160423084383e-08,3.840160423084383e-08
MAP3K1,24746.886185735755,-0.36605715045606774,0.06578298392015097,-5.564617605373405,2.6272789308635965e-08,7.61530124887999e-08,7.61530124887999e-08
GRAP2,23185.257151932154,-0.10157577480513108,0.04666905689452291,-2.176512266676039,0.029516977454207487,0.03943483961817968,0.03943483961817968
GUK1,2338.819019768897,0.02494750041710325,0.03518174534388127,0.709103547116717,0.4782602219285512,0.5221181462102088,0.5221181462102088
SMARCA2,24660.91601275647,-0.019068799334047107,0.048827408488082875,-0.39053474113214826,0.6961411709751735,0.7278004923943268,0.7278004923943268
CAPG,2599.6672426920645,-1.3926123296145245,0.12115282516421466,-11.494674826830744,1.4030838489078458e-30,6.100364560468895e-29,6.100364560468895e-29
IPCEF1,24398.051777517336,0.8974495094567303,0.10349243191231876,8.671643837851551,4.2592613982279735e-18,3.980618129185022e-17,3.980618129185022e-17
CD2,11235.237620633163,0.17716823283901958,0.035055015272641696,5.054005295992228,4.3263960220743707e-07,1.0488232780786353e-06,1.0488232780786353e-06
R3HDM2,24695.173124828794,-0.1309685332610554,0.03125193192322631,-4.190733986711399,2.780535020298681e-05,5.362651919573155e-05,5.362651919573155e-05
CD37,4388.16085499529,-0.06146883232992627,0.04405498062456411,-1.3952754367040299,0.16293279628632018,0.19548025949168585,0.19548025949168588
NCK2,24618.053993878468,0.13539960120117617,0.08550130375848267,1.583596918985496,0.11328547551661827,0.13908591223648653,0.13908591223648653
EIF3E,7956.14178413985,-0.0648285867363822,0.04699417336235998,-1.3795026510309194,0.1677398294296072,0.2002863634980384,0.20028636349803844
RNF38,24569.435605510185,0.10992699370012465,0.03586266231088605,3.0652212249941218,0.0021750904490648528,0.003356621063371686,0.0033566210633716865
IKZF3,24568.924890985578,0.23784490356947155,0.037696814693631495,6.309416471987834,2.800894794186862e-10,1.0898423323684287e-09,1.0898423323684287e-09
BMPR2,24230.535738098304,0.5123996314659855,0.11529635308398425,4.444196349322021,8.822100884931351e-06,1.815247095664887e-05,1.815247095664887e-05
PPP3CC,22986.489062145967,0.32446513228802204,0.059930091302457744,5.414060369948339,6.16113784074299e-08,1.6742222393323344e-07,1.6742222393323344e-07
MTDH,14067.322130463232,-0.26483560425625774,0.025650463124898732,-10.324788405055486,5.443870053330898e-25,1.0543827606098052e-23,1.054382760609805e-23
TRAM1,9673.874059375032,0.033330457081168274,0.052590477890747354,0.633773611078601,0.5262285773081077,0.5682814009806778,0.5682814009806778
CASP8,20912.659251622197,0.1288437865315317,0.03780191486273777,3.408393119750027,0.0006534667858026995,0.0010765515416848426,0.0010765515416848426
ARID2,24356.26373538682,-0.11693153357352172,0.033061828273035505,-3.536753400564012,0.0004050776987939249,0.0006859910225129973,0.0006859910225129973
PARK7,2521.809671189422,-0.2818740262619012,0.057934409121297784,-4.865399173602325,1.1422603140240323e-06,2.6289075121381643e-06,2.628907512138164e-06
GHITM,3511.099860856563,-0.22284663029084434,0.03855893775318785,-5.779376800192598,7.49778347578231e-09,2.3689679228380126e-08,2.3689679228380123e-08
HELB,23958.095419495232,1.1963284954571765,0.14097425558227747,8.486148697972428,2.135980934909167e-17,1.9243071485668172e-16,1.924307148566817e-16
PCM1,22958.762012509804,-0.17205066481240755,0.052565366767171766,-3.273080269266893,0.0010638226162754997,0.0017021161860407996,0.0017021161860407993
CHD1,19046.119364124545,-0.042787812402495774,0.02498250334528839,-1.7127111647346343,0.08676569012065456,0.1084571126508182,0.10845711265081821
ISCU,2355.616530514497,-0.09123703172657731,0.07055918106935291,-1.293056840284187,0.19599140093626655,0.2322172996875196,0.2322172996875196
HLA-F,11580.653126869605,0.4829787191220831,0.05336934753906855,9.04973999857358,1.4330916011826544e-19,1.6102152822277016e-18,1.6102152822277016e-18
CSNK1A1,17209.072851847774,0.007732783853525749,0.01650457190033417,0.4685237460396765,0.6394100937685094,0.6762666248212685,0.6762666248212686
CIB1,990.470509214133,-0.3418181285283057,0.07582963579952057,-4.5077115948704956,6.553056701257525e-06,1.3781402105694057e-05,1.3781402105694059e-05
ZNF609,24214.48600233036,-0.3131697895257766,0.06206412494041844,-5.045906791184435,4.5137542959410817e-07,1.0929187157242328e-06,1.0929187157242328e-06
REL,18448.536982635876,0.38290469948343603,0.11080952216570214,3.4555216194403284,0.0005492291436818062,0.0009123407702355585,0.0009123407702355585
ZNF644,23172.667434527306,-0.038831701281403286,0.03811872421075587,-1.0187041168194773,0.3083434575518783,0.3497940528098449,0.34979405280984494
RAB31,17679.008233244178,-0.014097639802611027,0.07777139528091832,-0.18127024404909922,0.8561554609009292,0.8731825200417432,0.8731825200417432
XIST,21981.995112390912,-0.018192530770332612,0.08130596487604254,-0.22375394964033182,0.8229487642897539,0.8457849581600759,0.845784958160076
RBM8A,3331.7291739208144,0.13851693486544847,0.03251680587225925,4.2598567463731145,2.0455796572448048e-05,4.007012061204319e-05,4.0070120612043195e-05
U2AF1,532.124301670312,-0.03769006443889081,0.0600310042159407,-0.6278433108217527,0.5301065904791042,0.5718517696646216,0.5718517696646217
BANK1,23610.118561504994,0.0582587038167384,0.07768619749678493,0.7499234831148669,0.4533007902726599,0.4981327365633626,0.49813273656336254
UBR5,23809.413509360962,-0.03257096516473871,0.03935520860107968,-0.8276151066785389,0.40788851016691186,0.4532094557410132,0.4532094557410131
LCOR,23783.60577995653,0.14886938922845683,0.03692418391890657,4.031758414902438,5.5361079499185935e-05,0.00010233101571014036,0.00010233101571014036
NAMPT,14944.24284410618,0.4778541414661009,0.23119675842582754,2.0668721513212995,0.03874620249937588,0.050981845393915634,0.050981845393915634
RPS6KA3,23707.352448818303,-0.18025980150222337,0.07156397802158398,-2.518862233285247,0.011773471226955197,0.016547394556507656,0.016547394556507656
CDK13,24051.282694913378,-0.11570273373263049,0.048080107549699505,-2.4064574650343853,0.01610807969319441,0.02237692721327064,0.02237692721327064
TRIM38,18631.460385594295,0.7122408344562254,0.11575646528745286,6.1529248728142285,7.606684430934026e-10,2.781237451895439e-09,2.781237451895439e-09
PFKFB3,21161.58979041758,0.45044350685633333,0.1453679740060535,3.098643356187764,0.0019440889084039222,0.003007098079511094,0.003007098079511094
TOMM7,2665.217283287259,-0.3472310223916811,0.04305324038407341,-8.065154197316387,7.314348796784477e-16,5.75932976124762e-15,5.75932976124762e-15
LUC7L3,19947.32388100968,-0.10384485896501253,0.03670103339700244,-2.829480517393117,0.004662363860849836,0.006866515258983559,0.006866515258983558
MKLN1,23581.622894607764,-0.14462904929205833,0.03354140091461484,-4.31195613028315,1.6181654490359468e-05,3.21064573221418e-05,3.21064573221418e-05
ZFP36L1,12510.280467897464,0.06092997391145857,0.06545724389182615,0.9308362266543135,0.3519382872270823,0.3949924660236614,0.3949924660236614
RHOG,3394.561987760171,-0.14498121370747993,0.046343243356893334,-3.128421819572856,0.001757477586628469,0.0027375040290163067,0.002737504029016307
THBS1,17676.632944733446,-1.1848444966279372,0.2621301426326673,-4.520061999463769,6.182152372661781e-06,1.3042515554138778e-05,1.304251555413878e-05
ZCCHC2,23887.84026848322,1.0209559340702907,0.19150972364268984,5.331091887402773,9.762400374946076e-08,2.5690527302489673e-07,2.5690527302489673e-07
ECE1,23594.372678515778,1.3261053120725945,0.19303609092907495,6.869727343162115,6.432472920903369e-12,3.1284310957560944e-11,3.128431095756095e-11
TBL1XR1,23907.22320846003,-0.3038429140208952,0.10121657044950998,-3.0019088047688953,0.002682925357180294,0.004052757337130354,0.004052757337130354
HIVEP1,23618.444204868894,0.36407192782671294,0.06018825404963443,6.048886673577204,1.4585020482501485e-09,5.117551046491749e-09,5.11755104649175e-09
RAPGEF2,23806.814251102955,0.48122636276234965,0.10429649139402848,4.614022546015411,3.949495540860622e-06,8.595202482830516e-06,8.595202482830517e-06
CCDC88C,23432.01720034656,-0.2331593589173062,0.04515267221809331,-5.163799781131801,2.419865324504816e-07,6.080063629409086e-07,6.080063629409085e-07
DHRSX,23834.581799282558,0.09245806183977033,0.058360652630751166,1.5842533911461554,0.11313606771168816,0.13898779817160706,0.13898779817160706
ARIH1,23908.301684275375,-0.026808205339344204,0.026101899966648426,-1.0270595387155057,0.30439242945708034,0.34570406525506003,0.34570406525506
CD55,13596.1515734271,-0.3339002538321143,0.10045155282051069,-3.3239929543820543,0.0008873843777904033,0.0014347362615851306,0.0014347362615851308
CD52,4031.838333921678,-0.7262170788992063,0.08170725587545262,-8.88803657787979,6.2198207321516955e-19,6.380077598187236e-18,6.380077598187236e-18
RALY,16589.735961154624,0.13537591190348244,0.032071914148724706,4.221011295918098,2.4320874763517364e-05,4.727089361227865e-05,4.727089361227864e-05
CHMP5,4714.656898311342,0.51296415983314,0.13481675248057395,3.804899245789608,0.00014186192361360141,0.00025175141723797945,0.00025175141723797945
PTBP3,22478.73245061714,0.20216388873777877,0.06256203423257761,3.231414886322654,0.0012317900306577482,0.001953671737760108,0.0019536717377601084
UBXN4,11783.737981063043,0.0005420497288410576,0.027508568622761485,0.01970475949782963,0.9842788939876772,0.9858319931067134,0.9858319931067134
TLN1,19206.263136916572,-0.5231587067934106,0.04372074059579165,-11.965915939762635,5.3602798460226944e-33,2.977933247790386e-31,2.9779332477903854e-31
CD86,8312.392367469718,0.29301172254395075,0.07214802061018914,4.061257953659924,4.88090052235423e-05,9.097671057510215e-05,9.097671057510214e-05
INPP4A,23271.288576976654,-0.4761226322962739,0.07941849694635149,-5.9951100889998274,2.0334763796245852e-09,7.036250448527977e-09,7.036250448527976e-09
SNX10,12745.492767720329,0.09948648800272646,0.10784547729103379,0.9224910538830514,0.3562724945862251,0.39918486788372565,0.3991848678837256
TET2,23206.58400981328,-0.2864797546037392,0.040825820719837966,-7.017121751689214,2.2648524417681374e-12,1.1674497122516173e-11,1.1674497122516171e-11
SRSF3,5468.628624838228,0.022887104914691203,0.032429189236861534,0.7057563094632024,0.4803396965730993,0.5241022330312048,0.5241022330312048
PSMA3,5542.472959665686,0.2506469123525782,0.06100755781877464,4.1084567439518676,3.9831178606644155e-05,7.522413334588132e-05,7.52241333458813e-05
AKAP9,21262.929648484434,-0.30637391383014695,0.05241843314296838,-5.844774356275187,5.072553759501206e-09,1.6389511339260763e-08,1.6389511339260763e-08
ATXN7L1,23471.810140604943,-0.18101998073562922,0.11538532925229193,-1.568830126920434,0.1166875264988912,0.14291185119276326,0.14291185119276326
PIK3R1,20318.108270320245,-0.11591872926605248,0.060587607121085484,-1.9132415814736947,0.05571713255600109,0.07193948683796138,0.07193948683796138
CAB39,23100.256580645375,-0.3419096361662348,0.05762373925197753,-5.93348575785979,2.9656973665434846e-09,1.0036200902008409e-08,1.0036200902008409e-08
NAGK,8025.949446445829,-0.06351998577635856,0.12518039502702585,-0.5074275869048416,0.6118548333285655,0.6495274239156746,0.6495274239156746
LST1,1940.071823421297,-1.6669713777971844,0.1107828315197697,-15.04719959698544,3.601605663511689e-51,6.002676105852815e-49,6.002676105852816e-49
ALCAM,21959.471668333354,0.5994308730863706,0.08936877674746477,6.707385900337674,1.981417761719345e-11,8.945452648845802e-11,8.945452648845801e-11
SRGAP2,23215.961527579497,1.2522218813128227,0.1819346511969397,6.882811345032475,5.8682721976609425e-12,2.869570756802417e-11,2.869570756802417e-11
DTX3L,20279.648377152334,1.216404805224347,0.2113010682040193,5.756737604610032,8.575504903389895e-09,2.6924662177048338e-08,2.6924662177048338e-08
PAIP2,5889.525857012122,0.0007346924196631869,0.03746221938379184,0.01961155616906814,0.9843532451170534,0.9858319931067134,0.9858319931067134
ZFAS1,5223.009456640318,0.5679548623683766,0.06539322980966167,8.685224204730485,3.779960812651981e-18,3.5999626787161724e-17,3.599962678716173e-17
SRSF11,15747.991565070659,-0.16349852180910251,0.05400747316742634,-3.0273314454510305,0.0024672326792115253,0.003755300881600495,0.0037553008816004953
KIF2A,21412.893510844744,0.004230732110372371,0.05936785020975576,0.07126301685886456,0.9431884286370162,0.9524965293513491,0.9524965293513491
UBR2,22803.998466509114,0.2627162720946066,0.03726697657726734,7.049573006007204,1.794676547031183e-12,9.396212288121377e-12,9.396212288121377e-12
SETD5,22744.625751056865,-0.07435017473666426,0.030845234975900845,-2.410426595704442,0.0159338773236747,0.022176586393423382,0.022176586393423382
PHKB,22645.976607319113,0.3182241100782387,0.045182386796508746,7.043100921415421,1.880079495056795e-12,9.792080703420805e-12,9.792080703420807e-12
CAPN2,13403.19528837176,0.3641497561319346,0.10802888527331347,3.3708554449176664,0.0007493516716331263,0.001222433395812604,0.001222433395812604
NDUFB2,1981.8692179824457,-0.11238227249674854,0.03676813255187551,-3.0565129283678023,0.0022392782352198435,0.003439751513394537,0.0034397515133945374
MORC3,20567.187932086024,0.5090815711021267,0.07610946094269995,6.688807998330138,2.249956941410235e-11,1.0022079917194811e-10,1.002207991719481e-10
DAPK1,22718.77791603099,-0.6641371045197895,0.05570540842676328,-11.92230922053,9.056304743192691e-33,4.644258842662919e-31,4.644258842662918e-31
RNASET2,8995.715465610856,-0.0290051772681588,0.049759198798909846,-0.582910858058154,0.5599533107558996,0.6014536098344786,0.6014536098344786
PYHIN1,22536.54697288592,0.35578022661529857,0.05230115560019789,6.802530891190336,1.0279696408852272e-11,4.8148460931392373e-11,4.8148460931392373e-11
TRIM44,22195.74492523013,0.3316280157637599,0.06223573028081127,5.3285791661387245,9.898405091405105e-08,2.5980065856706314e-07,2.5980065856706314e-07
ST3GAL1,21960.463802375347,-0.680727483294369,0.09042608970214226,-7.527998673133403,5.152391544587477e-14,3.230339526387133e-13,3.230339526387133e-13
VPS29,3606.674446423766,-0.055876086388069734,0.03222836533060933,-1.7337549023934098,0.08296158050321535,0.10415766541521074,0.10415766541521072
CFP,1047.4212861063438,-0.8320522671170774,0.11721951824787041,-7.09823994804034,1.263556714029477e-12,6.84854587549852e-12,6.84854587549852e-12
XPO1,20966.844189663723,0.3627509305449099,0.038893294253952757,9.326824520863084,1.0909026725618861e-20,1.3467934229159086e-19,1.3467934229159086e-19
FOXN2,22147.370714635214,0.753567239067516,0.06581755702187764,11.449334693735768,2.369571490320482e-30,9.873214543002007e-29,9.873214543002007e-29
WDR33,19265.079478667478,-0.014425375305040459,0.06942271529167202,-0.2077904219740442,0.8353926115512648,0.8563737688890465,0.8563737688890464
CD3D,2878.131603837148,-0.22468196582657832,0.0577093314782963,-3.893338565377043,9.887400820132948e-05,0.00017847293899156944,0.00017847293899156947
NDFIP1,9556.638506017756,-0.2149818209936445,0.030878807847713276,-6.96211531396815,3.352009428430511e-12,1.6844268484575433e-11,1.6844268484575433e-11
ARFGEF1,22753.58761456836,-0.001575671440136406,0.05465371030543262,-0.028830090973343908,0.9770001017234209,0.9819096499732872,0.9819096499732873
SERBP1,9860.127449295429,0.03593348039103497,0.031654784503844076,1.135167430587667,0.2563051729942235,0.2952824573666169,0.2952824573666169
VAMP5,2571.557111530413,0.7408209419664893,0.19259084372791307,3.8466052052458957,0.00011976571767055664,0.00021386735298313688,0.00021386735298313685
SRSF4,18206.913174423767,0.25453056972034616,0.04980154738739846,5.11089681090414,3.2063308932027005e-07,7.897366732026357e-07,7.897366732026356e-07
LACTB,6366.735474697078,0.3843976080590021,0.08432294382773678,4.558636008300272,5.148691678598379e-06,1.099067455688748e-05,1.099067455688748e-05
CNTRL,21335.419142220515,-0.027880839074458458,0.03167421159433115,-0.8802378234869276,0.37873048740684667,0.4229262840947478,0.42292628409474786
RAB5C,5281.621225144973,-0.06209046296333852,0.04963466018648365,-1.25094969382397,0.21095283180586322,0.248033899830527,0.248033899830527
SUMO2,2638.329292954689,0.07981840197703666,0.04178523644476539,1.9102058231152081,0.05610671770523528,0.07239576478094875,0.07239576478094875
DIAPH1,21170.0241061683,-0.4244711869921686,0.04991035526482775,-8.504671720726002,1.821101571331543e-17,1.64805572066203e-16,1.64805572066203e-16
HMGN1,2468.598700411452,0.31488420498795094,0.06150368129774136,5.1197619125201,3.059216294006394e-07,7.561427342769672e-07,7.561427342769673e-07
PTPRE,15596.488728395532,-0.5934360931884041,0.10889942077914004,-5.449396231334944,5.054110119495924e-08,1.3980940856143636e-07,1.3980940856143636e-07
GPSM3,4506.266746787879,-0.3671275586253793,0.03392637344493116,-10.82130276085347,2.7287078198273728e-27,6.996686717506085e-26,6.996686717506084e-26
ERP44,13218.58325248915,0.13982967573860222,0.037433069577288744,3.7354584413627454,0.0001873735232243881,0.0003267193081506331,0.0003267193081506331
RAB3GAP1,21713.390381229397,0.2332559994625626,0.06708357405617851,3.4770955892604127,0.0005068770714791305,0.0008440917093740724,0.0008440917093740724
PDIA6,6123.567673398803,-0.4154427567281722,0.09269719484476846,-4.481718755609339,7.404428162881378e-06,1.540984008924324e-05,1.540984008924324e-05
ABLIM1,21466.698447049104,-0.37421986069442975,0.09946853985704569,-3.762193164112507,0.00016842988080334015,0.0002957504491718001,0.0002957504491718001
RUNX2,22968.177770283655,1.2231841844332088,0.15728282458259424,7.776972391482427,7.42808092796017e-15,5.140540434574512e-14,5.140540434574512e-14
PTPRA,20535.151929367345,0.1364480206063315,0.03277502669620473,4.163170387962852,3.138589773235905e-05,5.9839652492581607e-05,5.9839652492581607e-05
USP9X,22199.119484304072,0.11224169573290281,0.023257294946376128,4.8260855783828776,1.3924269475986816e-06,3.1718153703842407e-06,3.1718153703842403e-06
PAK2,18040.887887876503,-0.20637948926916438,0.01907784952721331,-10.817754326805938,2.8364212725768165e-27,7.180813348295738e-26,7.180813348295738e-26
EHMT1,21945.650237361817,-0.1932519336961746,0.043902411711157746,-4.401852339402573,1.0733059561471612e-05,2.1793014338013425e-05,2.1793014338013425e-05
DNAJC1,16268.09205361618,-0.04872726276405554,0.040668814303739,-1.1981481043467663,0.23085936440359855,0.26844112139953324,0.2684411213995332
MAPKAP1,21352.587366178745,-0.07647819899419768,0.0206938470455296,-3.6956975097928417,0.00021928393061361947,0.0003796244323208534,0.00037962443232085333
IL1B,2292.141502143145,-2.9453702723256705,0.32205510354010414,-9.145547578502807,5.932852623089656e-20,6.898665840801925e-19,6.898665840801926e-19
SH3GLB1,9655.770638521986,0.3763676625593141,0.06424413854571698,5.858396907158867,4.6735659488244034e-09,1.5298088212191174e-08,1.5298088212191174e-08
LARP4B,22617.51621421681,0.1188196306039956,0.04136441974102717,2.872508096279294,0.004072276442381939,0.006019625191991041,0.00601962519199104
RBX1,4263.151635793121,0.06400090583861835,0.038021644511066204,1.6832755832007973,0.09232175487436296,0.11475668722730015,0.11475668722730015
LAMP3,20757.47645535024,2.21122649458003,0.23264214407669342,9.504840592644603,2.0035463533805103e-21,2.707495072135825e-20,2.707495072135825e-20
PTPN2,18176.81974867608,0.29958632739965463,0.05363239272922563,5.585921346306121,2.324644363152884e-08,6.807157725191462e-08,6.807157725191462e-08
GABARAPL2,2555.3001324051734,-0.2212901018887793,0.06718786093764965,-3.2936024275893607,0.0009891229566361616,0.0015902298338201955,0.0015902298338201955
BRWD1,21408.122322628995,-0.19549617595484117,0.0666195815321781,-2.93451521997949,0.0033406916905344606,0.004974969010475742,0.004974969010475741
STK3,22174.34776052194,0.462336229363919,0.10519326663085864,4.39511238857461,1.107154565453946e-05,2.2389374427784552e-05,2.2389374427784552e-05
SPG11,22184.464449687246,0.18435138903238438,0.02175866180978189,8.472551788525285,2.4007488260413016e-17,2.1531379605751582e-16,2.1531379605751584e-16
SPCS2,3509.0382393016444,-0.2637079287412794,0.036364784737046005,-7.251739028517648,4.1145410370138007e-13,2.3714933930915276e-12,2.3714933930915276e-12
WDR70,22486.048303095642,-0.22926472136539489,0.03166061891291698,-7.241321529310309,4.443335966232188e-13,2.5390491235612503e-12,2.5390491235612503e-12
MNDA,9042.584291626126,0.01424269924259095,0.18117829660359322,0.07861150871593128,0.9373416332388885,0.9472881589074165,0.9472881589074165
KTN1,14621.60549503928,-0.0973988171453916,0.028755140255415437,-3.387179345336302,0.0007061520978803306,0.0011566782930062746,0.0011566782930062746
ANKRD22,16870.666309229193,1.364497650609746,0.2603533888265787,5.2409444592197625,1.5975679911906626e-07,4.1015866269336654e-07,4.1015866269336654e-07
MAX,14213.094119627427,0.055944241788090064,0.047989643062406745,1.165756572003234,0.24371288021345627,0.2822384252616749,0.2822384252616749
ADAM10,21134.682174350943,-0.2286996865785585,0.05338824564730085,-4.2837085917641655,1.838036162624905e-05,3.625317874999813e-05,3.625317874999813e-05
NAPA,8467.622528430287,0.7883082297031406,0.1391541848370557,5.6649983658502245,1.470259375988398e-08,4.448591152763685e-08,4.448591152763685e-08
SSR4,967.6869138797005,-0.13011170548558088,0.07115629024635699,-1.8285341328940659,0.06746942783210151,0.08556680765009704,0.08556680765009704
SEC11A,7369.150998348186,0.22418826878413345,0.03205865961771813,6.993064322010188,2.6894612731882467e-12,1.3652087681158613e-11,1.3652087681158613e-11
CMTM6,8256.50457637882,0.07951122580629363,0.0678103966786916,1.1725521409798632,0.2409754511623141,0.27971613599804307,0.27971613599804307
ARF6,6346.319012998654,0.09081915774382031,0.042868533451512446,2.1185506111736627,0.03412846340200295,0.04520326278410987,0.04520326278410987
COMMD6,1265.317078870339,-0.15975102508692962,0.048125083260397224,-3.3194960769738735,0.0009018007181962184,0.0014568670730148925,0.0014568670730148925
RIN2,21670.870640495206,0.5896931833267797,0.21232582301521574,2.777303179390106,0.005481202537038244,0.008007600492386038,0.008007600492386038
PUM1,21302.66933363916,0.00901394524173677,0.022499917521952097,0.4006212570753779,0.6886989927985133,0.7211507777994904,0.7211507777994904
DMXL1,21939.43441269991,0.19406407259165878,0.08795001986397134,2.206526762493171,0.027347138511754597,0.03675690660182069,0.036756906601820696
RREB1,22230.334116720525,-0.39295225570534603,0.0424650472713294,-9.253545703001036,2.171664808825195e-20,2.6323209803941755e-19,2.632320980394176e-19
RGS10,4912.266617254746,-0.45071618257617585,0.060488070088047886,-7.45132357372458,9.240840779306408e-14,5.617532388636114e-13,5.617532388636114e-13
ARID1A,21846.423225270075,-0.32124426965814934,0.033642356054909096,-9.548804166207418,1.3120193121201128e-21,1.7972867289316614e-20,1.7972867289316614e-20
MORF4L1,8959.273058144114,-0.13278550570901082,0.028919357415550618,-4.591578706296183,4.399056834253367e-06,9.501202665774009e-06,9.50120266577401e-06
SIDT1,22269.250939161906,0.6851388054490233,0.09818870466535178,6.977776189064961,2.998888834008398e-12,1.5145903202062615e-11,1.5145903202062615e-11
PRKCQ,22136.193021268176,-0.17720932998038652,0.05898779916181641,-3.0041692095387837,0.0026630717067084708,0.004025807568720289,0.004025807568720288
HSPD1,5038.930564579992,0.07442536085090198,0.06049925768172194,1.2301863477803863,0.21862733103927157,0.2560039005143695,0.2560039005143695
CLEC2B,6632.126057987749,0.33646436781058997,0.05637015946674643,5.9688383178882995,2.3894874844963885e-09,8.183176316768454e-09,8.183176316768454e-09
OSTF1,9516.675194489828,-0.01635424179015574,0.03931717129376583,-0.41595672455584026,0.6774416702120147,0.7104789409669793,0.7104789409669793
JTB,1960.7984791118226,-0.11477995971454436,0.05126179999053884,-2.239093432843341,0.0251498374842983,0.034032256406357646,0.034032256406357646
FKBP1A,3202.3852785809977,-0.5682202543561634,0.06304916902912729,-9.012335342495291,2.017144458640268e-19,2.2288889045748818e-18,2.2288889045748818e-18
SSR2,2796.1719469513173,-0.10874727136082331,0.03648464049513888,-2.980631572217699,0.0028765463833033736,0.004322383746511456,0.004322383746511456
RBPJ,18079.399516300546,-0.6188314208101076,0.08704072300523681,-7.109676935620992,1.1631489832759262e-12,6.356005373092493e-12,6.356005373092493e-12
SNRPD2,1514.249640953268,-0.2822854882712679,0.05072397941078887,-5.565128989292715,2.619585647566572e-08,7.604022199032139e-08,7.60402219903214e-08
SPTLC2,17515.784852329165,0.5359585542679118,0.13959857415756494,3.8392838716459616,0.00012339369691237014,0.00021956173827823868,0.00021956173827823868
UBL5,1772.422980609208,-0.3113174797418694,0.06063389880379955,-5.134380039608488,2.8307557831522396e-07,7.032933622738483e-07,7.032933622738484e-07
MAP1LC3B,3365.9935266512916,-0.16261512406530274,0.05919154255238118,-2.7472695769230464,0.006009371856026826,0.008740904517857202,0.008740904517857202
TLK1,20408.621420010353,-0.21557265413766402,0.0704559361421111,-3.0596805030430576,0.002215732237329254,0.0034114430135939247,0.0034114430135939247
HCK,14880.49366926687,-0.6393588413576652,0.08064515986499422,-7.928049772955967,2.2261409304716538e-15,1.6675212962334484e-14,1.6675212962334484e-14
STK24,19676.47004179255,0.3397316198067159,0.04864559902494937,6.983809976982178,2.872805745009275e-12,1.4545851873464685e-11,1.4545851873464683e-11
TAF15,18142.702652748914,-0.22706821868915492,0.02039324255095213,-11.134483303566329,8.523787002780875e-29,2.8412623342602918e-27,2.8412623342602914e-27
ZFAND6,14253.732142603922,-0.01992135282705784,0.053527785194319534,-0.3721684496143122,0.7097674351334088,0.7410543017803203,0.7410543017803202
MYO5A,21907.00521378002,0.09722430229748696,0.046341496251144094,2.09799661561611,0.03590544434013435,0.04746258339740166,0.047462583397401656
CIRBP,4491.581390663648,0.11288419893670484,0.039082785352538625,2.8883355656065706,0.0038728646249152066,0.005741830429822397,0.005741830429822396
NFAT5,21508.242169244735,0.11352831428646448,0.06177294842629293,1.8378322093841077,0.06608713384174111,0.08418743164553008,0.08418743164553007
EPC2,21554.8696452278,0.07789791352990653,0.0230847985273481,3.374424664682364,0.0007397015937872007,0.0012076760714893073,0.0012076760714893073
DECR1,13170.277093372713,0.1071809991104847,0.05016515667749034,2.1365626305036143,0.03263358180331768,0.043309332187548344,0.043309332187548344
DRAM1,13607.414541408521,0.7563758027048924,0.16189320769798668,4.6720663174203,2.9818464325923613e-06,6.575185077381172e-06,6.575185077381172e-06
RSRC1,20122.837611465493,-0.06361615477860603,0.031395908856744544,-2.0262561937250583,0.042738537819132005,0.05601381103424903,0.056013811034249024
SLC25A3,3348.7275406341037,-0.3841734349370541,0.04291016998595403,-8.952969309205887,3.460460944739746e-19,3.661863433587033e-18,3.661863433587033e-18
RBCK1,6759.827219237574,0.8467678688477677,0.1590526190782168,5.32382222785879,1.0160921215680836e-07,2.659927019811737e-07,2.659927019811737e-07
SCARB2,13147.853900026306,0.6423128978317125,0.18259942287500652,3.5176063961132584,0.000435457742689798,0.0007330938429121179,0.0007330938429121178
UBXN1,1954.249293414248,0.08534037983785799,0.0324074733582442,2.6333549331190946,0.008454594387005639,0.0121212822752769,0.0121212822752769
EWSR1,12009.39881481782,0.14107991008636667,0.03283640824677329,4.296447681674505,1.735569059757043e-05,3.4367704153604814e-05,3.4367704153604814e-05
BAZ2B,20379.648560002883,-0.4975257075033603,0.055700202262017266,-8.932206478586343,4.175951744468308e-19,4.349949733821154e-18,4.349949733821154e-18
EFR3A,19124.12321973277,0.32313620652227387,0.0730994273680944,4.420502569672833,9.847161464214045e-06,2.0178609557815663e-05,2.0178609557815663e-05
TRA2A,19673.4473739849,0.25616391355477103,0.0353542428225935,7.245634274793937,4.304201146549172e-13,2.473678819855846e-12,2.473678819855846e-12
NEDD8,2457.2664802841487,-0.12305050001709025,0.027541842573603217,-4.467765716409436,7.90408014713499e-06,1.6381513258310857e-05,1.6381513258310857e-05
SFPQ,14585.938323404813,0.017507653953728938,0.03363173952858691,0.5205693847280028,0.6026667812304712,0.6407940257633932,0.6407940257633931
KDM5A,19247.584974284164,0.05710369621910075,0.01912841830039071,2.9852806082735217,0.0028331829116766648,0.004263631168813641,0.004263631168813641
NSD1,18405.325066039713,-0.2937818063363555,0.04300819166409117,-6.830833731185278,8.442253627772432e-12,4.0010680700343275e-11,4.001068070034328e-11
EIF3F,2768.8593564718744,-0.12709849761869405,0.04191453219738555,-3.0323253286033793,0.0024267750112189432,0.003705000017128158,0.003705000017128158
EMB,19072.116430423073,0.06107785119892447,0.03031112350930351,2.0150309235544372,0.043901409043450475,0.05750020830838307,0.05750020830838307
LSM14A,15818.3681794057,-0.09861659361309269,0.03165316278258261,-3.115536804030124,0.0018361043443699309,0.0028488818376569912,0.0028488818376569912
C1GALT1,18781.37560293047,0.8322578438486097,0.1276884920813918,6.517876672222803,7.1309582203995e-11,2.989919589266038e-10,2.989919589266038e-10
HUWE1,21181.865566084878,-0.0032034315791905897,0.04515875837664198,-0.07093710487947207,0.9434478123225113,0.9524965293513491,0.9524965293513491
ZMYM2,20894.585640828638,-0.09007853962796583,0.041628507186582106,-2.1638666797304795,0.030474582827221493,0.040551673755451094,0.04055167375545109
TMOD3,16498.39799713266,0.05873845040958172,0.01969067271799155,2.9830596064862656,0.002853824095316893,0.004291464804987808,0.004291464804987809
MDFIC,20724.035154368794,-0.3350634720488271,0.046548048492535375,-7.198228129855093,6.100002586717983e-13,3.4269677453471816e-12,3.4269677453471816e-12
CYSTM1,3050.57226214689,-0.13654427843890926,0.09830064698739906,-1.389047606740702,0.16481827408665894,0.1973871545948011,0.1973871545948011
CUL3,21148.396562070615,-0.06488795371265753,0.030509068076591518,-2.126841552477431,0.03343325048834233,0.04434118101902166,0.04434118101902166
ANAPC16,7280.620170377363,-0.1838326427298274,0.05247002578965436,-3.5035744687221815,0.0004590582804043363,0.0007689418432233439,0.0007689418432233439
CD2AP,20388.538365218792,0.7108224272750538,0.1319579109279104,5.3867359848048935,7.174870672531084e-08,1.9339274049949014e-07,1.9339274049949014e-07
CYFIP2,20730.891569650757,-0.20769884947330688,0.07048743926360515,-2.9466079580017914,0.0032128024733376137,0.004795227572145693,0.004795227572145693
TRPC4AP,19602.009883375904,0.29572293777623937,0.06878888032035992,4.29899333146599,1.7157563430097125e-05,3.4009045451134046e-05,3.4009045451134046e-05
ZNF267,17182.933430815003,0.625075962255483,0.06880257737050659,9.08506608537942,1.0363570514691267e-19,1.1892504013185694e-18,1.1892504013185694e-18
TDRD7,19784.935195607668,1.3739753730374908,0.21450574420184268,6.40530806366018,1.5006606274705508e-10,6.075549099071056e-10,6.075549099071056e-10
APOBEC3G,4192.195286727972,0.5596162306260302,0.07429098807991083,7.53276063610947,4.967863088596967e-14,3.124442194086143e-13,3.1244421940861423e-13
NIN,20622.70475361575,-0.11526156486993033,0.033927028835884575,-3.397337427556236,0.0006804500598905168,0.0011182416760731582,0.0011182416760731582
PNPT1,16486.022122019876,1.486621341246809,0.2837745406274951,5.238741072259424,1.6167568386567454e-07,4.145530355530117e-07,4.145530355530117e-07
HIPK2,20699.122480726583,-0.13173663925075005,0.046659129373246955,-2.8233839983796214,0.0047519618654741705,0.0069933213619928925,0.0069933213619928925
COX6B1,1598.1998688042434,-0.18387315101138874,0.055075341008037834,-3.3385748984205805,0.0008420932509062893,0.0013681450055341824,0.0013681450055341824
USP47,19215.898753082456,-0.20705173823397677,0.047551784220861704,-4.354236999232091,1.3353118397494397e-05,2.6840438989938483e-05,2.6840438989938487e-05
SYK,19437.823942099192,-0.6926930066573408,0.0707995612907548,-9.783860154339607,1.3207501253948458e-22,2.031923269838224e-21,2.031923269838224e-21
ATP2B1,14923.208688707184,-0.5771824021897457,0.10294439566214403,-5.606739429351901,2.061736957521718e-08,6.081819933692384e-08,6.081819933692384e-08
EXOC2,20841.419801084015,0.3222634006269337,0.04776783984917313,6.746451203246365,1.5150498727551626e-11,6.94977005850992e-11,6.949770058509921e-11
FNBP4,19456.548437501384,0.19879720677743312,0.01831503362214593,10.854318418343176,1.9022058343982464e-27,5.283905095550685e-26,5.283905095550685e-26
IL6ST,20244.434945520235,0.09043230676671712,0.03740745013023105,2.4174945485961827,0.01562776808064981,0.02178086143644573,0.02178086143644573
ATF5,8907.552769565076,0.8568667133018193,0.27813006148620717,3.080813015044447,0.0020643624387183634,0.003190668375144302,0.003190668375144302
CPQ,20341.012512366226,-0.6304891930458056,0.07510848843069817,-8.394379999106912,4.6835908831809563e-17,4.090472387057604e-16,4.090472387057604e-16
BRD4,19559.69124811355,-0.004333986525900015,0.03426013316606653,-0.12650232574672762,0.8993343081577174,0.9130297544748399,0.91302975447484
RPL22,2632.030086634491,-0.434486390472276,0.06837390076829741,-6.35456490839458,2.0901737618648185e-10,8.261556371007187e-10,8.261556371007188e-10
UQCRB,4009.889657069816,-0.6164511504126627,0.05692049979739845,-10.830037554252776,2.48053567741817e-27,6.52772546688992e-26,6.527725466889922e-26
SENP7,20587.168804788784,-0.13293626565165453,0.0660299479849736,-2.0132723061042967,0.044085990140470155,0.05770417557653161,0.05770417557653161
HM13,14260.978735270292,0.3600812434231592,0.09186896665669392,3.919509019501117,8.872954083756366e-05,0.00016074192180718055,0.00016074192180718053
NCF2,9888.112552854987,-0.8424875563898532,0.11924586028071758,-7.06513043225607,1.6046519808629954e-12,8.467820479488101e-12,8.467820479488103e-12
SUMF1,20956.71401808528,-0.5267710276701244,0.08180705130167536,-6.4391885453440905,1.2011391740035422e-10,4.912634658501195e-10,4.912634658501195e-10
FGD3,20106.62258046142,-0.295753114729363,0.04816582869471093,-6.140309899035112,8.236064493236012e-10,2.9894970937335795e-09,2.98949709373358e-09
TRIM56,20000.81600735218,0.5824614674396438,0.12531670466985742,4.6479156068946965,3.3530603499183487e-06,7.3532025217507654e-06,7.353202521750765e-06
SLC25A5,1802.6798712473271,-0.5188887389072689,0.08490057911846988,-6.111722019978379,9.856175825976333e-10,3.5517750724239036e-09,3.551775072423903e-09
SYF2,3550.840293631311,0.07698439259505978,0.04429073700403025,1.7381601165962661,0.0821826045298473,0.10324447805257199,0.10324447805257198
ST13,3881.728702030012,-0.3191494426754274,0.0455309730788069,-7.0095019081413055,2.391680305255224e-12,1.2233658850410354e-11,1.2233658850410354e-11
CD58,11254.102841523389,-0.06684809152964821,0.09893043611770762,-0.6757080444900923,0.4992260274615796,0.5429320581420116,0.5429320581420115
NF1,20481.229699505813,0.4609739673686445,0.09052272257723806,5.092356418857385,3.5364050554225034e-07,8.67829461453375e-07,8.67829461453375e-07
PRPF40A,13621.100051605548,0.06424809541063635,0.02822950524947617,2.275919993738769,0.022850798590261963,0.031195629474760362,0.03119562947476036
STX11,6383.739297570661,0.7345573895486265,0.11757987412353159,6.247305459579645,4.1759390186189557e-10,1.593869854434716e-09,1.5938698544347158e-09
TESPA1,19292.658950728204,0.4822745424623787,0.05935745864199411,8.124918982316064,4.476613308458705e-16,3.595673340127474e-15,3.595673340127474e-15
TBCA,11861.92165281526,-0.022763238795948555,0.02554649251142774,-0.8910514343902924,0.3729015775063713,0.41688270263428884,0.4168827026342888
ATP9B,20910.691314847703,-0.2411389409654402,0.047988098989628636,-5.02497381731158,5.035012241339942e-07,1.210339481091332e-06,1.2103394810913322e-06
ABHD12,17760.240779588916,0.23295540739019244,0.05805004385545741,4.013010015466023,5.9949368691509815e-05,0.0001102010453888048,0.00011020104538880481
WDR1,11210.127621733647,0.019511615994309384,0.05841457145642116,0.33401967193862875,0.7383647143001586,0.7667338673937264,0.7667338673937265
PTP4A2,14616.707710412098,-0.16718087262061948,0.0512151826012481,-3.2642834434909407,0.0010974131926117718,0.0017530562182296674,0.0017530562182296674
CTSZ,13201.151932123035,-0.13773697955229175,0.07527608534250645,-1.8297574711223095,0.06728621284342941,0.08538859497897133,0.08538859497897133
PI4K2B,19552.630084714172,0.8739863647631567,0.14018344825667467,6.234590286029313,4.529620267426067e-10,1.7255696256861206e-09,1.7255696256861208e-09
NAP1L4,18013.497070003366,0.01680948947138082,0.05953692560100528,0.2823372100875997,0.7776849561320772,0.8057151036557398,0.8057151036557398
DDX3X,13693.37777184577,0.3682235423225967,0.059906342850154726,6.146653673111772,7.913465246700311e-10,2.8828652993443756e-09,2.882865299344376e-09
TPR,15738.283167003692,-0.038421047409185324,0.03675158924558836,-1.0454254686087447,0.29582637074544793,0.3371240692255817,0.3371240692255817
RPS6KC1,20769.68765155261,0.17149793413314812,0.05682913338345462,3.017781970665744,0.002546320308532175,0.0038697877029364365,0.0038697877029364365
LINC00861,19902.488875368694,-0.2808269862855468,0.050510862804728524,-5.559734494562177,2.7018535637716782e-08,7.820126089064191e-08,7.820126089064191e-08
STX8,19159.65332584357,-0.12582804793718644,0.046043634204639736,-2.7328000951868163,0.006279843419902235,0.009094632034615836,0.009094632034615836
PPIA,3257.3012423581367,-0.18142870652827126,0.05518236308707569,-3.287802413281642,0.0010097267845048758,0.0016194495340896163,0.0016194495340896165
CALM3,4920.62170716713,-0.3029814421201869,0.05421571901787502,-5.5884427544028945,2.2911487902591435e-08,6.718911408384586e-08,6.718911408384584e-08
KIF5B,12681.284592354104,0.003281262651958391,0.02085578004123183,0.15733109217067606,0.8749839173803897,0.8901158874673345,0.8901158874673344
TRIM25,18690.700197551978,1.2553977681835822,0.20240663988352176,6.202354670311317,5.562454393537512e-10,2.087224913147284e-09,2.087224913147284e-09
ATP6V1B2,6558.119956992356,-0.6134166002898709,0.04998611322067472,-12.271740304788413,1.2846215444854072e-34,8.564143629902715e-33,8.564143629902715e-33
RHEB,6151.5116187109525,0.22205983341702265,0.03158792877699855,7.029895343398406,2.0668851066690042e-12,1.0737065489189632e-11,1.0737065489189632e-11
VAPA,8185.697619330182,0.04307472728829465,0.0780223100589201,0.5520821833622449,0.580892048073318,0.6209428627186723,0.6209428627186723
ASAH1,7648.203405741634,-0.6258258670941875,0.07841803288989518,-7.98063715743666,1.4557983105506665e-15,1.1155542609583651e-14,1.1155542609583651e-14
TNRC6A,20241.03859947034,-0.11984318658642802,0.043750535064988993,-2.7392393352083033,0.006158152581785413,0.00894956384616114,0.00894956384616114
LYSMD2,3249.0906046985456,0.44176547048971715,0.12551972075743933,3.519490545580539,0.00043237644619927533,0.0007285197071596888,0.0007285197071596888
COX5B,1547.5089941886954,-0.18412681914915666,0.05751667665825451,-3.2012770877423717,0.0013681989235871373,0.0021563418811460003,0.0021563418811460003
FLNA,12367.83560915492,-0.7577348186634281,0.10388463218427108,-7.294002998627884,3.008787356675491e-13,1.7442245545944875e-12,1.7442245545944875e-12
DYNC1H1,18518.913059930273,-0.16163114080475208,0.036727802132829133,-4.400784458057133,1.0786022632060483e-05,2.185617554622185e-05,2.185617554622185e-05
LGALS9,9779.855605129489,1.1541772155598398,0.2360633048335111,4.889269920091346,1.0121063941138672e-06,2.3482746963198775e-06,2.3482746963198775e-06
AP1S2,3815.56652932601,-1.0674481291614817,0.06384339593932856,-16.719789313461575,9.40511260310482e-63,2.68717502945852e-60,2.6871750294585196e-60
HNRNPR,11705.63594271407,0.005205131883182603,0.04402279347720124,0.11823720105082074,0.9058797145046105,0.9187421039600512,0.9187421039600512
CDC73,16628.545880148802,0.34125830454927986,0.06163944099143893,5.536362742106585,3.088176440719077e-08,8.835984093616815e-08,8.835984093616815e-08
HSH2D,16920.576199364656,1.234824051365123,0.22343396420247466,5.526572720368207,3.2654694229361645e-08,9.329912636960471e-08,9.32991263696047e-08
SF3B1,14251.501929143878,-0.11093969732494423,0.03552517395049456,-3.122847406167305,0.0017911058372914767,0.0027833812545322092,0.0027833812545322092
EPB41L3,18115.40209415172,-0.6085966096033143,0.11151112623428744,-5.4577209481737174,4.8228482373740286e-08,1.3415433205491038e-07,1.341543320549104e-07
ACOT9,11010.792387092913,1.527166598526576,0.1503060528879946,10.16037989943488,2.9791335090869607e-24,5.226550015942037e-23,5.226550015942036e-23
DUSP1,1287.7422078509637,0.9731779763590326,0.15277177645671167,6.37014243684458,1.8885273001173277e-10,7.539031138192924e-10,7.539031138192925e-10
TNFRSF1B,14977.315904329225,-0.13506599021084031,0.12665169361988526,-1.066436510641607,0.2862263645342853,0.3273028753965526,0.3273028753965526
HSBP1,1108.5447930372084,-0.11669734273909663,0.04596508706846677,-2.538825664906746,0.011122523180424117,0.015665525606231148,0.01566552560623115
ATF6,19390.426626201323,-0.07469235842030159,0.031039271442230072,-2.406382461628268,0.01611138759355486,0.02237692721327064,0.02237692721327064
DLG1,20463.363545045268,-0.05395313804126241,0.03535698135032782,-1.5259543089009258,0.1270212439440045,0.15490395602927376,0.1549039560292738
CNOT4,18308.636217566742,0.10185776573816695,0.03171864719333792,3.211289722329672,0.0013214063826351618,0.0020875298303873017,0.0020875298303873013
PRRC2B,19922.89771548102,-0.21693191382616628,0.05946101820546256,-3.648304727587682,0.00026397642817946467,0.0004527897567400766,0.00045278975674007657
SF1,13647.129264901605,-0.12426698804135484,0.04419302686709735,-2.8119139341839077,0.004924767876866882,0.00722636518982668,0.00722636518982668
RNF216,19588.113503802782,-0.19223834621378744,0.05026971361062775,-3.824138480334319,0.00013123014516364605,0.00023329803584648187,0.0002332980358464819
TRPM7,20215.75160142486,0.22821245481795838,0.05083276717767033,4.4894753421609295,7.139881129649589e-06,1.4921381671159016e-05,1.4921381671159016e-05
UBE2E1,15430.709265156234,-0.20784030226958133,0.03448575631849542,-6.02684483269147,1.6719137539837316e-09,5.8458522866564045e-09,5.8458522866564045e-09
TUBA1B,4764.615242021933,-0.1506586539060026,0.10229895169346942,-1.4727292060376058,0.1408240680801966,0.170695840097208,0.17069584009720798
PKN2,18887.458622807742,-0.014033955159615818,0.03032321029890802,-0.46281231509716503,0.6434989031410745,0.6802313986692119,0.6802313986692119
RUNX3,18000.564436802317,0.4705710113531639,0.055656330995026204,8.454941296709212,2.792277940336769e-17,2.4820248358549057e-16,2.4820248358549057e-16
CCR1,10434.025433309886,0.6949141002522624,0.1978736180162216,3.511908799258391,0.000444900644040624,0.0007483610496898638,0.0007483610496898638
SPATA13,19822.49582256148,0.3840686404511358,0.062282097535324196,6.166597716676219,6.977496881856458e-10,2.569980435306246e-09,2.5699804353062457e-09
UBE3A,17610.092374481028,0.14401919997951348,0.032072192951245214,4.490469366982338,7.106639565659582e-06,1.4867446790082807e-05,1.4867446790082807e-05
RBM33,19193.8095566245,-0.05841295841105243,0.04091670190689238,-1.4276067153206409,0.15340508965541214,0.18482540922338814,0.1848254092233881
GRK5,19496.725686573405,0.28717691600189865,0.06520644179369828,4.40411879719608,1.0621473030478777e-05,2.1588359818046297e-05,2.1588359818046293e-05
CAPZA2,10744.088826718647,-0.08771524777772652,0.05725306467541554,-1.5320620524859243,0.12550712286484897,0.15324435026233085,0.15324435026233085
UQCR10,1147.590132677565,-0.049414848121247176,0.068802169575843,-0.7182164229105521,0.47262385329843304,0.516811211917368,0.516811211917368
MON2,20229.950937353347,-0.10215000460282038,0.03524917447964074,-2.8979403379168582,0.0037562203704732335,0.005577164618371541,0.005577164618371541
GSAP,19081.103236718784,-0.42777754699603954,0.0919549131016718,-4.6520357919653375,3.2867401270190546e-06,7.215675361183435e-06,7.215675361183435e-06
FNIP1,20098.63564500379,-0.0775339604353839,0.045477635028306394,-1.704881100064347,0.08821660195534235,0.10992722985089388,0.1099272298508939
PBRM1,18501.29230194667,-0.09876833535876775,0.03516684538481026,-2.808563983433928,0.004976299274925569,0.007296626502823415,0.007296626502823415
DDHD1,19258.16222899533,0.4736855086624691,0.06809057205482745,6.956697445294645,3.4834193621248325e-12,1.7460748682329987e-11,1.7460748682329987e-11
HNRNPD,17593.326555101197,-0.12067127566337024,0.020860831117863816,-5.7845861932143,7.269104426791257e-09,2.3039950639591942e-08,2.3039950639591942e-08
GZMB,1553.6803092898188,0.6464976993352499,0.08758066905590052,7.381739672742244,1.5623445455347054e-13,9.327430122595258e-13,9.327430122595256e-13
PBX3,20078.863517042617,-0.3787145749729638,0.03499435527356441,-10.822161803308147,2.7032473256985615e-27,6.996686717506085e-26,6.996686717506084e-26
PPIG,12036.293038871756,-0.1332883006484556,0.023009600069950415,-5.792725655519959,6.925318335159846e-09,2.2020090095897762e-08,2.2020090095897762e-08
OPTN,13215.40145720526,1.0154353252327657,0.09455629150640245,10.73895040780031,6.679947453868245e-27,1.6096258924983722e-25,1.609625892498372e-25
CCDC88A,18136.422612184902,0.18982346512596995,0.1256909195992905,1.5102400852117044,0.13098217372221943,0.15924884343126983,0.15924884343126983
MIER1,17441.38276326368,0.464562425809076,0.04666684670824256,9.954870718252801,2.4013478490057554e-23,3.873141691944767e-22,3.873141691944767e-22
DAPP1,15281.197654903794,1.1050957581549212,0.11529610900357831,9.584848679677677,9.259327320761388e-22,1.304130608557942e-20,1.304130608557942e-20
SYNRG,18821.523185073394,0.05809082525300183,0.031401571068708764,1.8499337222935492,0.06432310276605711,0.0823072332259208,0.08230723322592082
UBE2K,17236.036109971068,-0.05966608644710451,0.02907545832741083,-2.0521116391432574,0.04015881405594877,0.052736459692644476,0.052736459692644476
CCNL1,11503.878831721042,0.3436529966135535,0.050156195080514616,6.851656032956548,7.299991505311761e-12,3.492818902063044e-11,3.492818902063044e-11
PSPC1,18225.09547195743,0.10995916103497047,0.03449496313237687,3.187687449121032,0.0014341546634490528,0.0022549601626557438,0.0022549601626557433
ARID5A,7818.724502140337,0.37974779137653214,0.06482472664062854,5.858070076897592,4.682770614438862e-09,1.530317194261066e-08,1.530317194261066e-08
MARK3,18162.47657977332,-0.1603825812376136,0.021746775309594225,-7.375005211317751,1.6433862371874832e-13,9.782060935639782e-13,9.782060935639782e-13
MAP3K2,19021.53659880579,-0.2737866543983555,0.041015204940230233,-6.675247747690972,2.4681485448521148e-11,1.0921011260407588e-10,1.0921011260407588e-10
IFNGR2,6616.343692882595,-0.343692631262411,0.04700697333666886,-7.311524373221149,2.6412860183301326e-13,1.5446117066258086e-12,1.5446117066258086e-12
WDFY2,19433.177168029684,0.07044650895428724,0.07343415999572117,0.959315241821953,0.3373999592472907,0.38059781076964544,0.3805978107696455
PDS5A,19379.33592539979,-0.1926296806789288,0.04229771522153624,-4.554139146051316,5.260053199487351e-06,1.120352119166635e-05,1.120352119166635e-05
PLEKHA2,19001.137541631106,0.05260357719907484,0.04553778398954858,1.155163308147536,0.24802355711622792,0.2865667904289173,0.2865667904289173
PLP2,1129.8511515048783,-0.38386182246845285,0.07286238424032297,-5.268312675609905,1.376834444632234e-07,3.566928613036875e-07,3.5669286130368757e-07
MPHOSPH8,13915.321152152223,-0.158997979412327,0.039854143345592286,-3.989496851897873,6.621359798202574e-05,0.00012127032597440611,0.00012127032597440611
ATP6V1H,15525.456701783469,0.6624669918912244,0.10393144384169639,6.374076674045477,1.840684911456568e-10,7.362739645826272e-10,7.362739645826272e-10
CFD,664.4541788930261,0.23299360463647073,0.1193788802531402,1.9517154470071514,0.05097199761897833,0.06619739950516666,0.06619739950516666
SSBP1,4878.51097659116,-0.053325904961499936,0.04559396321103194,-1.1695825764187389,0.24216899241917822,0.28093850628674966,0.28093850628674966
CD300E,6238.684878974364,-0.5063285430426454,0.23324881539752054,-2.170765764360781,0.02994888309620586,0.039958483117019154,0.039958483117019154
ANXA4,14962.558971789085,0.6047139224801634,0.10513728834954017,5.751659872277924,8.837145603968144e-09,2.7572997204268782e-08,2.7572997204268782e-08
GAB2,19762.98400496141,-0.6327324853156143,0.061431224432784835,-10.299851438056889,7.0570201898777965e-25,1.334436937104324e-23,1.334436937104324e-23
UBE2I,4449.606022215446,-0.05530306763485098,0.036414398515657274,-1.518714296793123,0.1288344263537148,0.15692378362206433,0.15692378362206433
CIR1,9576.782646151829,0.33381135676205825,0.06485416893994271,5.147107151603154,2.645342357334913e-07,6.613355893337283e-07,6.613355893337282e-07
ITGAL,19600.290465093854,-0.47581360060205913,0.05417715294952617,-8.782550848424023,1.5980828548480452e-18,1.590132193878652e-17,1.590132193878652e-17
RSU1,17776.250193373216,-0.04185096336539428,0.056532951016388014,-0.7402932734444084,0.4591220616000321,0.5036994641799584,0.5036994641799585
STX7,15046.539971783755,-0.34038348974596305,0.04300546232414509,-7.914889675650745,2.474724384049205e-15,1.8196502823891213e-14,1.8196502823891213e-14
HNRNPDL,8822.146845833113,0.3333801852655617,0.036009718161995156,9.258061497893445,2.0817723970073698e-20,2.538746825618744e-19,2.538746825618744e-19
LGMN,10639.201893898724,1.161013012420407,0.2602512720068095,4.461123296219775,8.153116284731393e-06,1.6845281580023538e-05,1.6845281580023538e-05
SMAD2,18522.860307936295,-0.1448185947348315,0.02768232695793879,-5.23144585911699,1.6818929730664095e-07,4.307024258812828e-07,4.3070242588128285e-07
TSPO,1194.7294975571124,-0.9197393236508797,0.07500479743254625,-12.262406607764325,1.4415405757625244e-34,9.30026177911306e-33,9.30026177911306e-33
YWHAE,12599.947165947631,0.058533799665024096,0.025532940980298093,2.292481689053774,0.021877862980891144,0.029969675316289236,0.02996967531628924
NABP1,17695.132064478657,0.3932483312337836,0.0817555728404737,4.81004924277288,1.5089311741621635e-06,3.4293890321867354e-06,3.429389032186735e-06
TCF4,18056.731217375156,0.3638383080060751,0.08865711233098066,4.10388178049122,4.0627512645157664e-05,7.658343571189004e-05,7.658343571189002e-05
ALOX5AP,2477.6602611894646,0.5387680196069925,0.11022371105844711,4.887950282505966,1.0189125239182522e-06,2.3613268225220216e-06,2.361326822522021e-06
WWP1,19424.092412999933,-0.5478772017386174,0.07101356259959625,-7.715106547009549,1.2088120726956472e-14,8.112832702655351e-14,8.11283270265535e-14
CACYBP,1933.2617438906993,-0.35450278445858757,0.04247309893534474,-8.346525055735496,7.030073317540753e-17,6.008609673111755e-16,6.008609673111755e-16
PPIB,4019.1490816113305,-0.295742091782437,0.07838441554691156,-3.772970554401099,0.0001613153328312003,0.00028420778148064454,0.00028420778148064454
SLC23A2,19360.554520876034,0.14797758268826974,0.08887173325734707,1.6650691650152596,0.09589895768427542,0.1190551926558354,0.1190551926558354
HNRNPH1,18403.5012386632,-0.18998657073496988,0.04469167065833786,-4.251050988614703,2.1276971760558348e-05,4.1597207743027074e-05,4.1597207743027074e-05
RTCB,7502.664358074995,0.5427291155302949,0.16428470830213324,3.303588758438618,0.0009545574667309248,0.0015383681977935936,0.0015383681977935936
EIF6,773.0494224972108,0.16209296996366412,0.04739788079172867,3.4198358081855575,0.0006265894274209846,0.0010339759528399084,0.0010339759528399084
TRMT112,1406.3227381842232,-0.21080442294002052,0.0668691993238593,-3.15248911414443,0.001618848575324198,0.0025353932268194173,0.0025353932268194173
LMAN2,5097.588267470902,-0.15303812762762456,0.027419558177603037,-5.581349146341455,2.3866000174806246e-08,6.95801754367529e-08,6.95801754367529e-08
MYO1E,19552.113637375183,0.33406026430439784,0.06082852350825265,5.491835820395601,3.977770898792615e-08,1.1220792380233047e-07,1.1220792380233046e-07
PPP1R2,8518.588587645818,-0.08277505353189514,0.04313106714236703,-1.919151530813537,0.054965159530322584,0.0710144179978328,0.0710144179978328
ANKFY1,18848.021100746828,0.521523000773707,0.1488031483532953,3.5047847209219185,0.00045697664036027034,0.0007660966309476451,0.0007660966309476452
PRELID1,1469.317973216225,-0.27007213682966197,0.11838488225606017,-2.281305954636255,0.022530348613794302,0.030779164772943034,0.030779164772943037
FAM177A1,3807.6211474746524,0.5147047382936956,0.11192835761264132,4.598519528670045,4.255038350655201e-06,9.210039720032901e-06,9.210039720032901e-06
DAD1,1331.2922790311818,-0.45601602093649485,0.06714227133466481,-6.79178722839927,1.1075281315844369e-11,5.163301312747958e-11,5.163301312747957e-11
ARHGAP30,15548.940905323003,-0.1673419335363321,0.04111897631569474,-4.0697008663724725,4.707353918641786e-05,8.790576878882887e-05,8.790576878882887e-05
XRCC6,7498.104736476086,-0.023715341594859655,0.034269292981082854,-0.6920289136969026,0.48891917152005404,0.532828957373435,0.532828957373435
GPCPD1,15385.196072362698,-0.22624443153408003,0.07409852965654544,-3.053291780319353,0.0022634573966471365,0.0034742247070562345,0.0034742247070562345
ITPKB,19186.286547980973,-0.2974418993648672,0.10254538289110521,-2.900587924867628,0.00372463328093796,0.00553437337435061,0.00553437337435061
STXBP2,2666.4522431357777,-0.15326992204354953,0.02853153661646896,-5.371947683850968,7.789070946449768e-08,2.093836275927357e-07,2.0938362759273572e-07
RBL2,17524.7415547105,-0.648098379354503,0.09565415858015948,-6.775433383916997,1.2403388421307523e-11,5.729047769657054e-11,5.729047769657054e-11
CSGALNACT1,18775.970281353406,-0.9830178420202375,0.15160303068319225,-6.484156930044945,8.922931062177095e-11,3.710158445811682e-10,3.710158445811682e-10
LILRB2,9846.17807916242,0.08320605657114817,0.16438901907241601,0.506153373507841,0.6127489842933606,0.650131548321868,0.6501315483218679
MXD1,11535.197483583195,0.47994631245791075,0.15680153390165252,3.060852151860567,0.0022070804890836856,0.003400740352979485,0.0034007403529794844
RASGRP1,18820.321377596494,-0.10685112743301076,0.07692053151240456,-1.3891106227701957,0.1647991140366154,0.1973871545948011,0.1973871545948011
SPEN,18075.447275773735,-0.1986499023355045,0.04340519705708079,-4.576638647078744,4.725065934213924e-06,1.0139626468270223e-05,1.0139626468270225e-05
FOXO3,18648.49045973112,0.49804244430031286,0.10036597416868462,4.96226383916979,6.967625929158964e-07,1.649142231753601e-06,1.6491422317536008e-06
UBR4,18264.259889177138,0.06569421743323088,0.04599304342115849,1.4283511711036094,0.15319080609233676,0.18467848835724746,0.18467848835724746
SOCS1,1319.245039021147,1.618891189211188,0.21061937384779475,7.686335590291368,1.5140903741179206e-14,1.0060401156929705e-13,1.0060401156929705e-13
ST3GAL5,17426.77659310115,0.43658793221400594,0.13099239222407968,3.3329258653980833,0.0008593783787710385,0.0013920204600831074,0.0013920204600831074
SERPINB9,12541.875412249108,0.96693291370768,0.09040435538405095,10.695645244081518,1.066745657089614e-26,2.509989781387327e-25,2.509989781387327e-25
CAPZA1,16603.361412776536,0.16528375166688106,0.03246303795515609,5.0914443649790675,3.5534614323669806e-07,8.70946429501711e-07,8.709464295017109e-07
EIF4G3,19052.189232488712,-0.4657859636987498,0.042509281419728824,-10.957276814436472,6.131672412425803e-28,1.777296351427769e-26,1.777296351427769e-26
MS4A6A,6977.147689243109,-0.8763763462965307,0.1563693241606886,-5.604528580017055,2.088225334870326e-08,6.150884638793303e-08,6.150884638793303e-08
MCTP1,18946.16430366741,-0.8379542989497517,0.14584993918557285,-5.74531812374345,9.174832737817358e-09,2.8537582388234394e-08,2.8537582388234394e-08
ATXN10,15928.227507489806,-0.1063622644440574,0.03234014011220535,-3.288862202669174,0.0010059325984896135,0.0016146590665964905,0.0016146590665964903
GPR137B,13332.520825237976,1.3497863802836592,0.06523731238197175,20.69040447865953,4.226529641025738e-95,8.453059282051476e-92,8.453059282051476e-92
DNAJB14,16719.323173231533,0.028422586719089895,0.022028797113491136,1.2902468787859052,0.19696495432434014,0.23295677625587244,0.23295677625587244
MKRN1,11050.376598780576,0.6036487786842233,0.11005503669794929,5.484971854045743,4.1353525398928614e-08,1.1616158819923769e-07,1.1616158819923769e-07
ATAD2B,18982.796865950662,-0.0704637100563162,0.0412362376036811,-1.70878126015129,0.0874914752536757,0.10915966968643256,0.10915966968643256
ZFC3H1,17430.852793400158,0.12430910403777957,0.03172547951507124,3.91827344890804,8.918549794749137e-05,0.00016142171574206582,0.00016142171574206582
FUBP1,14624.283204577825,0.2508262929783434,0.023280899034589637,10.77390922943645,4.571685081110096e-27,1.1288111311382952e-25,1.1288111311382954e-25
SP3,17489.971042762172,-0.11467777895246195,0.03787219177848239,-3.0280206549233237,0.002461612615923759,0.0037512947327436813,0.003751294732743681
SHOC2,15570.070407651821,0.2683411457177604,0.038232783663966714,7.018613870134288,2.240800954891272e-12,1.1580366691944559e-11,1.158036669194456e-11
LPXN,9847.838886877593,-0.171407562074046,0.07256725120504173,-2.3620511901398458,0.018174132478307632,0.02510239292583927,0.025102392925839274
GSN,17054.25852805191,0.7429356656415586,0.1860246492376365,3.993748509599382,6.503684572970497e-05,0.00011922428181430792,0.00011922428181430793
CNOT2,16655.56372130287,-0.1735156980428757,0.03309215873722855,-5.243408247273733,1.576372159127353e-07,4.0523705890163313e-07,4.052370589016332e-07
HNRNPA0,2060.2366870782876,-0.49305761070477794,0.04968451686002868,-9.923767842883947,3.281302692082487e-23,5.2084169715595035e-22,5.208416971559503e-22
TAOK1,18176.46411723838,-0.10288083496679039,0.0341124198897049,-3.0159348207905867,0.002561883235838007,0.0038904832738618183,0.0038904832738618183
FOXJ3,18772.096875133062,0.09024478835508752,0.03849021678260612,2.3446162661227072,0.019046671090674656,0.02619899737369279,0.026198997373692787
B4GALT5,17973.758414673302,0.9694453018924288,0.09979690285207682,9.714182246009994,2.623463542245926e-22,3.915617227232725e-21,3.915617227232725e-21
CTNNB1,17116.159110954104,0.30919626398028155,0.06923312895231584,4.466016033931383,7.968964007489786e-06,1.6498890284657943e-05,1.6498890284657943e-05
RAB8A,6106.698950320347,0.11455195754134712,0.0907152711384722,1.2627637673759409,0.20667408958588507,0.24328909898279583,0.24328909898279585
CD163,17399.836440868137,-0.4134911918444493,0.21066646539069558,-1.9627765201148706,0.04967214722608185,0.06459316934470981,0.06459316934470981
XRN2,13309.53243037631,-0.1723375499253504,0.03922032830512041,-4.394087387148437,1.1123906543761725e-05,2.247253847224591e-05,2.247253847224591e-05
ZFR,15375.80073087853,-0.030404407948342767,0.023185572251695825,-1.3113503353844953,0.18973942981248948,0.22547763495245335,0.22547763495245332
GNG2,17048.028448078196,-0.11796766160454501,0.07034632843930916,-1.6769554889608893,0.09355118616014667,0.11621265361508902,0.11621265361508903
DCK,10463.853546704639,0.8153145437565008,0.08033872309539213,10.148462812738725,3.3662368650036224e-24,5.803856663799349e-23,5.803856663799349e-23
TRAF3IP3,14848.061173662247,-0.4081881329254878,0.06667568573342171,-6.121993773824515,9.241163579271693e-10,3.3361601369211887e-09,3.3361601369211887e-09
THOC2,15980.449538547256,0.08520812917695708,0.03453514372312376,2.4672875219541686,0.013614099226442033,0.019040698218800046,0.019040698218800046
EP300,18297.562682857068,-0.03549609643765647,0.02589741903191962,-1.3706422402134395,0.17048650851652036,0.20332320634051324,0.20332320634051326
EIF3A,14914.33020190021,-0.10516168209389784,0.04781073772106365,-2.199541088602937,0.02783947085737545,0.037367349935076496,0.037367349935076496
CORO1A,2462.2063493425885,-0.776470070657933,0.10249293981803083,-7.575839585014365,3.56812478736865e-14,2.2872594790824684e-13,2.287259479082468e-13
ITCH,18433.249173437125,-0.08159410699769751,0.04178491777081018,-1.9527167061866748,0.050853172998763366,0.0660859948002123,0.0660859948002123
CHD9,17027.61543859831,-0.4754897264182031,0.0317055289325287,-14.997060210857047,7.674390629853206e-51,1.1806754815158778e-48,1.180675481515878e-48
ACYP2,17727.125636627406,-0.12192429562454989,0.0633671783250882,-1.9240922327178622,0.05434302351450339,0.07025600971493651,0.07025600971493651
FMNL1,13826.348712996589,-0.21737928963790226,0.07275131464922992,-2.987977477602919,0.0028083024854501514,0.004232558380482519,0.00423255838048252
SLTM,14364.77577197706,0.08674483406238358,0.01725635183739762,5.026835039048747,4.986409338449561e-07,1.2000985170757067e-06,1.2000985170757067e-06
PPP2R5E,16930.40376694118,-0.01375273990581968,0.01938923216125636,-0.7092978098070566,0.478139687290726,0.5221181462102088,0.5221181462102088
METTL9,5363.08644284246,-0.2138721114607612,0.05859044875894363,-3.6502896972284136,0.0002619447045813239,0.0004497283595955213,0.0004497283595955213
POU2F1,18388.061786878377,0.06451140946970288,0.023145979052497535,2.7871540591730493,0.005317319349067208,0.007779545499732566,0.007779545499732565
SPOCK2,11520.199384333784,-0.21751027749004737,0.11526396918748569,-1.887062184508415,0.05915196219735191,0.07593319922638243,0.07593319922638242
NAA25,18134.753638842292,1.2848806973193205,0.1211650784055244,10.604381346735774,2.8433952926334133e-26,6.462262028712303e-25,6.462262028712303e-25
SCAF8,18429.49447451832,-0.009691108000634174,0.04101490253150623,-0.23628260467496662,0.8132133842872956,0.8370698757460583,0.8370698757460583
CD69,3324.1111371251586,0.9245198520872069,0.18017612962862664,5.1312005313511735,2.8789998795445937e-07,7.135067855129104e-07,7.135067855129105e-07
HPSE,1508.426175882314,0.6849720156815275,0.24294911356300056,2.819405288770084,0.004811272711953329,0.00707540104699019,0.00707540104699019
RBM26,18085.09704912019,-0.21972638067582853,0.04980951049910786,-4.411333869257037,1.0273576314752319e-05,2.0923780681776616e-05,2.092378068177662e-05
BMP2K,18334.087184430864,-0.2762886762442378,0.06489554100604293,-4.257436981972466,2.0678392247507293e-05,4.04665210323039e-05,4.04665210323039e-05
CRTC3,16731.045195098948,-0.381744756353733,0.04566335655719968,-8.359980192773275,6.272878749918558e-17,5.384445278900049e-16,5.38444527890005e-16
NOTCH2,17355.33731926115,-0.14313156165435184,0.05163156832600259,-2.772171489167572,0.005568369267169414,0.0081290062294444,0.0081290062294444
CARD8,16688.78248400918,-0.281925289931053,0.024033223076142685,-11.73064840441292,8.877599541464976e-32,4.330536361690232e-30,4.330536361690232e-30
ERH,1888.170178495314,0.08082447708344082,0.03732210085973642,2.165592912017323,0.030342308499802538,0.04042945836082949,0.0404294583608295
SSBP3,18022.45879479374,0.24041326064120946,0.0648576040786589,3.70678602850697,0.0002099061428338557,0.00036378880907080713,0.00036378880907080713
PCMTD1,15715.236665600212,0.12129784427009402,0.03983549109127979,3.0449692208425363,0.0023270412337440707,0.0035663467183817176,0.0035663467183817176
DDX6,15655.14787871264,-0.07945974249533899,0.06543924137387996,-1.2142521952746126,0.22465143446635005,0.2619841801356852,0.2619841801356852
DBI,1418.0862508792977,0.17977882621793798,0.06419657453342598,2.8004426641849935,0.005103257228369804,0.0074772999683074045,0.007477299968307405
PML,15328.741331302868,1.199151400062076,0.20494773191663734,5.851010835044673,4.8859439043766906e-09,1.5837743612242108e-08,1.583774361224211e-08
RPS27L,3422.324761679402,0.380346935665323,0.08965647885110833,4.242269387993272,2.2127086438010168e-05,4.31748028058735e-05,4.31748028058735e-05
TAF3,17374.76952942056,-0.14470283888860327,0.03915611101867055,-3.6955365362920123,0.00021942292188145324,0.0003796244323208534,0.00037962443232085333
JPX,16820.35587177845,0.004061146947624796,0.03562915450037859,0.11398381478801703,0.9092506237444938,0.9216934858028322,0.9216934858028321
CD6,14349.595848716426,-0.3028350422546786,0.09958245172216192,-3.0410482672147663,0.0023575603425582507,0.0036075904247257085,0.0036075904247257085
SPPL3,18098.26726190676,-0.08006495639712324,0.04228632287208784,-1.8934007726165318,0.05830459276932548,0.07503808593220783,0.07503808593220783
DAZAP2,4825.478104926846,-0.2680926365280483,0.04060081416812303,-6.603134494247071,4.02554017844704e-11,1.7351466286409657e-10,1.7351466286409657e-10
CNOT1,17492.044750508867,0.06451756565727121,0.040802653747710194,1.5812100373714508,0.11383002109704919,0.13966873754239165,0.13966873754239165
TMEM165,9921.889738342474,-0.18299189655311499,0.029406010520093714,-6.222941953587107,4.879179350820441e-10,1.844680283864061e-09,1.8446802838640608e-09
BASP1,15185.440492942891,1.1749198778457899,0.09213787365131024,12.751758112979658,3.0479293711328207e-37,2.5399411426106835e-35,2.539941142610684e-35
FNIP2,17128.426447268692,0.8339814872583307,0.11152016585940658,7.478302070584532,7.528898541183616e-14,4.633168333036071e-13,4.633168333036071e-13
CAMTA1,11871.047017900019,-0.10589116370089086,0.03366376640485691,-3.14555306816807,0.001657731171488299,0.002590204955450467,0.002590204955450467
DENND5A,16497.832206790346,0.7088729956691027,0.08070463611224273,8.783547387329934,1.5839810827408078e-18,1.5839810827408078e-17,1.5839810827408078e-17
KAT6B,17917.97579478149,-0.22782772525399966,0.08967363665785248,-2.540632160634576,0.011065226533794178,0.015595809068067904,0.015595809068067904
SUMO1,2356.9601212045673,-0.021980866289794204,0.051482059839382754,-0.426961670888298,0.6694072454254322,0.7042685380593711,0.7042685380593711
MAPK1,15688.404815757041,-0.22296784147646614,0.04774522209019442,-4.669950870796299,3.0127177774879837e-06,6.6359422411629595e-06,6.6359422411629595e-06
DSE,15359.267193059866,0.05128066812327343,0.08229009668473976,0.6231693750431958,0.533173224336358,0.5742307208792226,0.5742307208792224
OGT,17834.15716298696,-0.3506997435403194,0.06673122875604072,-5.255406652594763,1.4769775328378908e-07,3.8115549234526213e-07,3.8115549234526213e-07
COX6C,2843.1935622921733,-0.19437163997107376,0.04000312416564233,-4.858911498167801,1.1803287674713027e-06,2.7133994654512706e-06,2.7133994654512706e-06
ZNF516,18057.171338994212,0.7931686910224246,0.08170625782439997,9.70756355929399,2.7994877785809933e-22,4.1168937920308726e-21,4.1168937920308726e-21
ARL6IP1,5165.3613718780425,-0.16621642816483495,0.03971510252573658,-4.18521966692952,2.8489046298835508e-05,5.473399865290203e-05,5.473399865290203e-05
CANX,12226.638650133362,-0.6030059149082775,0.06380760735966272,-9.450376528136047,3.3761402831604693e-21,4.444959511219904e-20,4.444959511219904e-20
RSL1D1,5479.984196793205,-0.14921857608892186,0.049130210931629004,-3.0372060949744073,0.0023878213462050555,0.003651102975848709,0.0036511029758487085
ARHGAP24,17421.33661776807,-0.9551784287725453,0.11205031068527012,-8.524549578942944,1.5340559216280663e-17,1.3945962923891513e-16,1.3945962923891513e-16
COX5A,2445.8919083140463,0.5074728449836227,0.09155560294822283,5.542783059062067,2.977016073931011e-08,8.554643890606352e-08,8.554643890606352e-08
SP140L,15659.3912037902,0.4602991406993981,0.10565640707435126,4.356566283533396,1.3211869637344266e-05,2.658323870693011e-05,2.658323870693011e-05
PCNP,6478.986135579351,-0.15803449404471132,0.03472470843070665,-4.551067559287647,5.337440493394029e-06,1.1332145421218745e-05,1.1332145421218744e-05
PCMT1,4816.201525818742,-0.16510397716423938,0.032623047090402826,-5.060961249472319,4.171479991748499e-07,1.014958635461922e-06,1.0149586354619218e-06
DTNBP1,15093.669946294647,0.08777306007404137,0.039997306638945254,2.1944742646390343,0.028201332102841557,0.037803394239733994,0.037803394239733994
ATP11B,17738.879205730573,-0.09122954277737097,0.037995835129759487,-2.4010405999976885,0.01634852251253473,0.022690523959104415,0.022690523959104418
ERP29,3159.982761385785,-0.1968217010021506,0.06138282902627229,-3.2064618741816138,0.0013437811051218742,0.0021212014287638106,0.002121201428763811
RABAC1,688.6034978693078,-0.26972089226087487,0.06709262989327154,-4.020126989953097,5.816677880635063e-05,0.00010731878008551778,0.00010731878008551778
CHD6,17473.719368770948,-0.08155766133672607,0.07914269281113596,-1.0305141061014076,0.3027687339169518,0.3442509765968753,0.3442509765968753
KIAA0319L,17689.234583843576,0.1986965180315822,0.04353033806419322,4.5645526055545185,5.0056067611905556e-06,1.0707180237840761e-05,1.070718023784076e-05
PRKX,15202.507914215743,0.13052217910308575,0.049785357318788664,2.6216981484599597,0.008749288488810337,0.012525824608175142,0.012525824608175142
CMTM7,11075.18898957654,-0.34890678552768617,0.04948289516514596,-7.051058438743981,1.775618975396415e-12,9.320834516516614e-12,9.320834516516614e-12
NDUFC2,1148.0801732564098,-0.12422608636198064,0.054672208961791674,-2.272198045789544,0.023074551261340052,0.03147960608641208,0.03147960608641207
MICU2,16439.352433095315,-0.03717892119111007,0.021359646693480318,-1.7406149888452194,0.08175108851316107,0.10283155787819002,0.10283155787819002
SMAP1,14557.369079712202,0.16080947658057956,0.03601724284948344,4.464791412618801,8.014679481780911e-06,1.657637948662029e-05,1.657637948662029e-05
SMARCC1,16456.304654887612,-0.1793468605551048,0.04433246678815466,-4.0454969810753925,5.221223859697138e-05,9.677894086556326e-05,9.677894086556325e-05
KIAA2026,17505.105631520448,-0.1456834050145084,0.041591820643376465,-3.5026936248752225,0.0004605788960788121,0.0007708433407176772,0.0007708433407176772
LAMTOR5,1151.2721868081696,-0.1351066559115088,0.037617709185711,-3.591570535157116,0.00032869118756406344,0.0005604282822916683,0.0005604282822916683
NUDT3,14902.243664814749,-0.448269018511577,0.036031618862762814,-12.440990237461811,1.5655097529158455e-35,1.1596368540117374e-33,1.1596368540117374e-33
IL15,15278.398095178445,0.6341975189129949,0.0917439582209553,6.9126897423108735,4.755492825500337e-12,2.3600460672458245e-11,2.3600460672458245e-11
HERPUD2,15396.739050429975,0.6028690873532155,0.07764224847505535,7.7647041294393135,8.183603310286253e-15,5.5860773449052924e-14,5.586077344905292e-14
SLC16A3,2529.024366493908,-0.292901582674228,0.07224661871399557,-4.0541908796278,5.030812620708919e-05,9.368366146571544e-05,9.368366146571544e-05
CLIP1,15953.978331708311,0.28913809996011963,0.032954474074229786,8.773864796289496,1.7263649432804382e-18,1.7092722210697408e-17,1.7092722210697408e-17
SRRM1,9497.663513106343,-0.004072464997107955,0.021965104257350886,-0.18540613098820394,0.8529104999576782,0.8717444063884794,0.8717444063884793
MVP,10176.482393918795,0.24190282793628798,0.09319376505910448,2.595697553187926,0.009439911864624832,0.013447167898325972,0.013447167898325972
PTEN,17559.01560407508,-0.17208936639527353,0.06474532650784674,-2.6579426759770426,0.007861926429815527,0.0113121243594468,0.0113121243594468
INSIG1,2992.534709946803,0.3652757895038555,0.12828745543993103,2.847322742907558,0.0044088639467207225,0.006502749183953867,0.006502749183953868
HELZ,17190.29918197717,-0.16705169541642526,0.04336940167479958,-3.851833065833903,0.00011723693554792603,0.00020953875879879542,0.00020953875879879542
ARHGEF1,13904.894745177995,-0.40468369562391193,0.0632162012292499,-6.401581995671489,1.537751915349983e-10,6.213139051919123e-10,6.213139051919123e-10
REEP5,4805.067452880218,-0.28665735720321633,0.05527157408885045,-5.186343286377324,2.144633298089804e-07,5.402098987631747e-07,5.402098987631748e-07
GK,12982.887719815631,-0.4805898802299018,0.14910926627977591,-3.2230718601227903,0.0012682373291954489,0.0020067046348029253,0.0020067046348029257
DNM2,16696.452654952238,-0.41067971978293627,0.04455367773312446,-9.217639051996981,3.0371357489507355e-20,3.6156377963699234e-19,3.6156377963699234e-19
LAMTOR4,2540.6292065714256,-0.3428178729649308,0.042782813346360415,-8.0129810582944,1.119608884949653e-15,8.712909610503135e-15,8.712909610503137e-15
NLRP1,17552.072885391575,-0.7308647069008357,0.08984493947469385,-8.134734256309388,4.1284294285309205e-16,3.3428578368671423e-15,3.342857836867142e-15
GTF3A,3376.721491080579,-0.22154465967402936,0.04937162701953276,-4.487286991501825,7.213587439625069e-06,1.5043977976277518e-05,1.5043977976277518e-05
CCT4,4374.026843223164,-0.08837352254165994,0.04018276417398138,-2.199289281320333,0.027857359376599528,0.037367349935076496,0.037367349935076496
ZNF33A,16403.84582687019,-0.12752887399158377,0.029549743871130844,-4.315735342673322,1.5907247384621088e-05,3.162474629149322e-05,3.162474629149322e-05
ENY2,2147.4293146022487,-0.06840325135334513,0.031062247248531124,-2.202134662249197,0.027655797667290666,0.03714680680630042,0.03714680680630043
YWHAQ,6795.769292019652,0.34192003607036253,0.06284862730891323,5.440373970138744,5.316884201763564e-08,1.4647063916704033e-07,1.4647063916704035e-07
RBMX,9778.142531654312,-0.0660854585109285,0.03429969551249493,-1.9267068562417538,0.054016172938041014,0.06992384846348351,0.06992384846348351
CHMP4B,7400.204746262585,0.43885032550737857,0.04197705917491814,10.454527642793938,1.3969310677990112e-25,2.9102730579146066e-24,2.910273057914607e-24
COA1,16313.411484517186,0.10309775988833222,0.13041719038850158,0.7905227798667712,0.4292225239839612,0.4751124004733614,0.47511240047336134
GLIPR1,4050.0807254231245,-1.0208116929080773,0.1119842033999471,-9.115675799936614,7.818167664232073e-20,9.038344120499507e-19,9.038344120499507e-19
APLP2,7216.204718113699,-1.119955178995081,0.09612827707271018,-11.650631979474275,2.277633962396223e-31,1.0593646336726618e-29,1.059364633672662e-29
GABARAP,4091.0512423959494,-0.5797915217787275,0.0724363584213009,-8.004150600815292,1.2029409715178603e-15,9.253392088598926e-15,9.253392088598926e-15
RNF144B,17295.070658343284,0.6002176202272338,0.10238344971675149,5.862447708958463,4.560932660611607e-09,1.499960543601353e-08,1.4999605436013533e-08
LCK,10047.064674141997,-0.4954490110615573,0.08530342838452075,-5.808078531477428,6.319387610038515e-09,2.018973677328599e-08,2.0189736773285987e-08
NFATC2,17229.83620542905,-0.005433539443729371,0.04521017910941479,-0.12018398402225891,0.9043374047075203,0.9176432315652159,0.917643231565216
SIGLEC1,16630.850585097844,0.55101411982713,0.23401928612986486,2.354567133929955,0.018544293623868262,0.025595988438741564,0.025595988438741564
CHMP4A,4507.471758914772,0.2008342494024597,0.033643677566474905,5.969449951053688,2.3805476989936803e-09,8.176334211393338e-09,8.176334211393338e-09
PPA1,5479.834484073671,1.472857119612336,0.13653203276781045,10.787630490473333,3.93812360531754e-27,9.84530901329385e-26,9.845309013293849e-26
TAGLN2,2672.17964034459,-0.2147385317446595,0.11249088465512047,-1.9089416213857184,0.05626962301027653,0.07255915281789366,0.07255915281789364
PSMB7,4899.1743524915,0.05177189503553705,0.03470804078521919,1.4916398005843274,0.13579359841348884,0.1648981158633744,0.1648981158633744
CBFA2T2,16852.064177188407,-0.07425427107457291,0.024281788888825713,-3.0580230894250193,0.0022280240825591833,0.0034277293577833594,0.0034277293577833594
WSB1,11398.572648700347,-0.1784911863558466,0.05378739700349624,-3.31845741381098,0.0009051612375254972,0.0014611157990726347,0.001461115799072635
MTSS1,14813.695376057416,0.11040065862528334,0.13105102059440504,0.8424250198475498,0.3995500931448259,0.44443836834797096,0.444438368347971
CDC42SE1,10829.616281960849,-0.07995441775842388,0.061948529961435884,-1.2906588390103364,0.19682200343164058,0.23292544784809538,0.23292544784809535
ATP1A1,7547.342053637306,-0.4329146814123942,0.05935033073794886,-7.294225255860059,3.003825179214158e-13,1.7442245545944875e-12,1.7442245545944875e-12
PSMB6,876.9992568253078,-0.1507229304632297,0.057426442274346734,-2.6246259474541738,0.008674420425680514,0.012427536426476381,0.012427536426476381
NDUFS5,1221.7331010893247,-0.4157704655714209,0.0685900690345874,-6.061671484275127,1.347141533848728e-09,4.760217434094445e-09,4.760217434094445e-09
SAMD3,16739.491154636813,-0.2064091520585898,0.07548790911694053,-2.73433394133139,0.006250661520307286,0.00906549894170745,0.00906549894170745
CREB1,15279.594171251594,-0.11965283511091294,0.02156518076360462,-5.548427180951345,2.8825089288760252e-08,8.306942158144164e-08,8.306942158144166e-08
VPS8,16909.766898043705,-0.24836466080254244,0.07321128168340514,-3.392437000031915,0.0006927386022377835,0.0011366000909079283,0.0011366000909079283
ABCC1,17309.33115396302,-0.23472058032411178,0.05395451799884169,-4.35034152893648,1.3592565863989637e-05,2.723961094987903e-05,2.7239610949879034e-05
CHIC2,10809.233197766653,-0.0073634876390976925,0.03911850643527735,-0.1882353982834387,0.8506921246196014,0.8702732732681345,0.8702732732681344
MECP2,14810.908392249432,0.1090004550183975,0.06109443950557879,1.7841305346363674,0.07440245664308115,0.09376491070331587,0.09376491070331588
RC3H1,17131.940849601935,0.06419565164775122,0.02511194193475194,2.5563794235646933,0.010576772006029958,0.0149600735587411,0.0149600735587411
LCORL,16708.298796254545,-0.26772865700914533,0.03812722755858801,-7.021980724870211,2.187447192817172e-12,1.133392327884545e-11,1.133392327884545e-11
RUFY3,17183.938542921842,0.894020555424501,0.09205764812241675,9.711529391188087,2.6926607380308347e-22,3.98912701930494e-21,3.98912701930494e-21
AGTPBP1,17170.04375387105,-0.44836056938505386,0.07410193078056186,-6.050592267464455,1.4431427914709931e-09,5.0725581422530515e-09,5.0725581422530515e-09
CREBRF,15908.990560829348,0.5615298919177795,0.07177531032503996,7.823440809588264,5.1398729519012304e-15,3.632419047280021e-14,3.632419047280022e-14
EHD4,13548.81631183667,0.9346138223366529,0.1792041824366187,5.2153571955119356,1.8346335487499617e-07,4.662347010800411e-07,4.662347010800411e-07
SERPINA1,3196.177174788682,-1.0006581717780938,0.1647624228617141,-6.073339748214014,1.2527701286221359e-09,4.466203667102089e-09,4.466203667102089e-09
CHST12,10705.19252799299,1.279488313454469,0.17954972990146692,7.126094336965168,1.0325696041980037e-12,5.6890887283636565e-12,5.6890887283636565e-12
RIF1,15764.159376240257,0.26643437364187267,0.040556496506142375,6.5694622710203925,5.049728734836608e-11,2.1580037328361572e-10,2.1580037328361572e-10
BRI3,6211.959048451473,-0.26085230180558344,0.050691106190709184,-5.145918513283366,2.6621497194961343e-07,6.640635546380922e-07,6.640635546380922e-07
UBE2F,8685.608496863495,0.38867149012179464,0.08866933377832502,4.383381193474179,1.1685138620089419e-05,2.3558747217922215e-05,2.3558747217922215e-05
ARHGAP17,16655.16926046169,0.1404776878153564,0.08931736231946101,1.5727926146420501,0.11576684629801584,0.14187113516913707,0.14187113516913705
MAN1A2,16440.334721961506,-0.22495637176113387,0.0545072182544043,-4.12709323582032,3.673774716060427e-05,6.957906659205355e-05,6.957906659205355e-05
CMKLR1,16539.398412038307,0.089103307043558,0.13775467697129745,0.6468260025909941,0.5177445613944864,0.5603296118987948,0.5603296118987949
KLF13,15666.836589960303,0.13050352290803469,0.05164471540190867,2.526948244218838,0.011505845719285219,0.016194012272041123,0.016194012272041123
SLC31A2,4155.107985181817,0.7060055785773633,0.1699018945059974,4.1553720200126545,3.247586888278445e-05,6.168256198059724e-05,6.168256198059724e-05
CCT5,3081.6906534081004,-0.17658922308302183,0.05959881715080696,-2.962965231947239,0.0030469098244010288,0.004557830702170574,0.004557830702170574
ARHGDIA,4484.5533758302945,0.4206247571271508,0.041220601834080835,10.204236192868537,1.898086791932207e-24,3.4199762016796526e-23,3.419976201679652e-23
PACSIN2,15479.26897807688,-0.33083791899393894,0.05207896866900685,-6.352620404152256,2.1167762038348459e-10,8.350201987514185e-10,8.350201987514185e-10
UGP2,8698.203480757853,-0.04933890852880811,0.034036507030270384,-1.4495878935205815,0.1471734740382236,0.17774574159205747,0.17774574159205747
CYP1B1,6349.203502156343,-1.5961969396959619,0.21662055756254509,-7.368630926153397,1.7238918010764855e-13,1.020054320163601e-12,1.0200543201636007e-12
ANO6,16598.504404665593,0.41485106066655153,0.07883737424055902,5.26211158936754,1.4241028538137036e-07,3.679852335435926e-07,3.679852335435926e-07
ACSL1,12584.641836458459,0.22552384692605965,0.1983947764035999,1.1367428669960058,0.25564579350503314,0.29469255735450506,0.29469255735450506
PPM1B,14506.454070939764,-0.08076567369585846,0.0344216633718107,-2.346361732245652,0.018957698636848347,0.026108611859053967,0.026108611859053967
AGPAT3,16352.540181983155,-0.002500736280264428,0.04985952970028053,-0.050155633141689214,0.9599983666500285,0.9672527623677869,0.9672527623677869
LRCH1,16998.83786619289,0.26786639871809137,0.04281682544612992,6.256101332293027,3.947203300326196e-10,1.515241190144413e-09,1.5152411901444129e-09
TRAF1,13891.990530975381,0.46530046271585923,0.16793824032773172,2.7706641549168594,0.005594209401576917,0.008160772285305496,0.008160772285305495
CLTC,15650.161263082053,-0.2473247510095702,0.0325369070068903,-7.601360232464462,2.9303414671142445e-14,1.896661143763265e-13,1.8966611437632648e-13
YPEL5,3734.695524244195,0.08258485722150394,0.05598622955677159,1.4750923195812033,0.1401877250469209,0.17002756221579246,0.17002756221579246
BCLAF1,13236.795629593542,-0.12076084146410994,0.028923834368199872,-4.175132519666192,2.9781263815208033e-05,5.694314305011096e-05,5.694314305011096e-05
TTC3,14619.212159585897,-0.6021055088581927,0.10275355555401897,-5.859704859961342,4.6369053931225326e-09,1.520296850204109e-08,1.520296850204109e-08
ADPGK,11208.737653207478,0.26212859631123764,0.061289445195241585,4.276896217223205,1.8951709982831903e-05,3.730651571423603e-05,3.730651571423603e-05
DBNL,5666.665669355253,-0.28237005021538203,0.049723898366887585,-5.678759298635754,1.3567524121915015e-08,4.123867514259883e-08,4.123867514259883e-08
ARL8B,13647.986686238102,0.46777197423020866,0.05390272999530703,8.67807575369438,4.025209115766969e-18,3.797367090346197e-17,3.797367090346197e-17
TRAFD1,14444.768239953244,1.2800512350651752,0.20617102614219834,6.20868634655924,5.342934062560182e-10,2.0086218280301435e-09,2.008621828030144e-09
GNA13,15798.487486858388,0.48771974240682137,0.060893201776843944,8.009428444806924,1.1524276680606244e-15,8.933547814423444e-15,8.933547814423444e-15
TNFAIP3,12744.491069964315,0.5382193763777889,0.0812517007967739,6.624099816986956,3.49370633336279e-11,1.5223121278269239e-10,1.5223121278269239e-10
TRIM33,16321.860356184266,0.2014337443091317,0.044832688878204824,4.493010554338124,7.022330292360677e-06,1.4706450874053773e-05,1.4706450874053773e-05
TNRC6C,16739.09613432102,-0.39830697003866694,0.08753672966605311,-4.550169643739056,5.360268217804876e-06,1.1368543409978528e-05,1.1368543409978526e-05
MEMO1,16869.593048888,-0.06378458114907548,0.028233172085983752,-2.2592070403856988,0.02387050909433548,0.03247688312154487,0.03247688312154487
PPP3R1,16059.407823910275,-0.10918190794520971,0.03758650237815618,-2.9048169166349993,0.003674679789571732,0.005464207865534173,0.005464207865534173
GPBP1L1,15116.277441991711,-0.051052768887749705,0.028322499103099988,-1.8025516993365114,0.0714586484176003,0.09033963137496878,0.09033963137496878
IQSEC1,16626.505513822558,-0.10875734723925942,0.049725724816012146,-2.187144534175569,0.028731974457825788,0.03841173055859062,0.03841173055859063
ARRB2,6018.827530307014,-0.8354005025388744,0.07771003187862045,-10.750227253075023,5.9115789394711205e-27,1.4418485218222246e-25,1.4418485218222243e-25
RBBP6,14309.318060628111,0.2887743768730006,0.06277654821939001,4.600035922073936,4.224180904321449e-06,9.153154722256661e-06,9.153154722256663e-06
TM9SF2,11994.181636112515,0.07713177856308089,0.06340729635908773,1.216449572715871,0.223813709609185,0.26115952113090435,0.2611595211309043
PDCD6,3506.0331664775476,-0.21205561061191433,0.03697723815427111,-5.734760658089346,9.765014169650028e-09,3.018551520757351e-08,3.018551520757351e-08
TNKS,16669.40868246958,-0.2781781867397922,0.050206388964839,-5.540692977035423,3.012770282387933e-08,8.644964942289621e-08,8.644964942289621e-08
SFT2D1,2955.5456628800753,-0.18707172786556278,0.03750141294502829,-4.9883914544708805,6.088410412790601e-07,1.449621526854905e-06,1.4496215268549049e-06
TMED9,2552.3960397210117,-0.3698898170817432,0.06887422465289357,-5.370511522211427,7.851361643347088e-08,2.1049226925863505e-07,2.1049226925863505e-07
PPP1R15A,4082.453117265771,0.38037040504828207,0.0792275129163779,4.800988836412811,1.5788407143476443e-06,3.568001614344959e-06,3.5680016143449585e-06
PIBF1,16629.643405753395,-0.148218737402795,0.024441000377010927,-6.064348231106315,1.3248981839915944e-09,4.6982205106084905e-09,4.698220510608491e-09
SUPT4H1,1399.0451645109276,-0.09709029007564085,0.03724090792723836,-2.6070870845935543,0.009131613282591993,0.013045161832274277,0.013045161832274277
SPCS1,1677.5406293944932,-0.3675838590415266,0.06480160034486289,-5.672450326617074,1.4076934534961023e-08,4.272210784510174e-08,4.272210784510174e-08
RNASEH2B,12566.148224542885,0.3030692236844309,0.045795811848669744,6.617837122003861,3.644922977606751e-11,1.5813114870311284e-10,1.5813114870311284e-10
PPHLN1,12998.389688219819,0.0361746286964481,0.04734001277647068,0.7641448866365306,0.44478090571338,0.4898468124596696,0.48984681245966966
ZC3H13,14328.690446168017,-0.07402040500823896,0.026879403065909878,-2.753796459941338,0.005890839124957377,0.00857472943953039,0.00857472943953039
EIF2S2,3762.162913466013,0.16847142473976418,0.03148775429601137,5.350379171407116,8.777013844400493e-08,2.3281203831301042e-07,2.3281203831301042e-07
STT3B,15112.319923607445,-0.14080392452102267,0.042065386672756194,-3.3472632883751636,0.0008161365566424794,0.0013283591685250115,0.0013283591685250115
LAMTOR1,2378.244437309404,-0.3988210547847264,0.06159758868075045,-6.474621220186822,9.505007762923679e-11,3.927689158232925e-10,3.927689158232925e-10
VASP,4128.686838705252,-0.5726467593349274,0.07498355846909506,-7.636964302927119,2.2240312952626396e-14,1.453615225661856e-13,1.4536152256618558e-13
DDX24,8285.112654240455,0.07596330537185388,0.024897752995009573,3.051010482234269,0.002280726121992648,0.003498046199375227,0.003498046199375227
PSMB2,3242.7974562856075,0.13365444532671644,0.026751231670363532,4.996197818988129,5.847168181937361e-07,1.3988440626644406e-06,1.3988440626644406e-06
EIF5B,10574.672282954678,0.004888462932216349,0.03228416330753782,0.15141984277706133,0.879644537657784,0.8944021735208785,0.8944021735208786
GLIPR2,7633.380063912002,0.5076000575053804,0.08541717893496084,5.942599180100317,2.8053781134484706e-09,9.525901913237592e-09,9.52590191323759e-09
STAT5B,16319.266731568154,-0.2806264543378368,0.0599366117830287,-4.682054023235549,2.8401460328014823e-06,6.276565818345818e-06,6.276565818345818e-06
SSBP2,16134.321252720527,-0.49260023788150653,0.08732767915987823,-5.640825939959554,1.6923637783039744e-08,5.0821735084203434e-08,5.0821735084203434e-08
RBM5,14756.70069539157,-0.19928079096544835,0.033952469743835735,-5.869404861236314,4.373622378391367e-09,1.4434397288420353e-08,1.4434397288420353e-08
UQCRFS1,838.4988013922338,-0.10939659423226712,0.046496586115724096,-2.35278766402318,0.01863327093364075,0.02570106335674586,0.025701063356745858
OGDH,15881.379309706486,0.3492287895829424,0.06946291906997841,5.027557065822729,4.967676806420869e-07,1.197030555764065e-06,1.197030555764065e-06
LRCH3,16274.936082584993,-0.04177026482733686,0.02749061849061288,-1.5194370705628175,0.12865251682333687,0.15679770484257996,0.15679770484257996
TTC39B,15865.770418572603,0.6454544742261369,0.11981032348288093,5.387302658592375,7.152293717243868e-08,1.930443648378912e-07,1.930443648378912e-07
TNKS2,15987.96715979041,0.3112166192543596,0.044446604298962515,7.002033657307407,2.522734534069935e-12,1.2865983486981728e-11,1.2865983486981728e-11
UPF2,13617.609041873286,0.1285059074377432,0.016965152679813425,7.574697962527057,3.599641091355553e-14,2.3000901542208007e-13,2.3000901542208007e-13
UQCRH,1741.35714737676,-0.33471840442493284,0.03726086146902673,-8.983109655238891,2.63219982560445e-19,2.861086766961359e-18,2.861086766961359e-18
PLEKHO1,12991.125881150989,0.011508450772962824,0.10423849743745374,0.11040499485200507,0.912088192028691,0.923633612180953,0.9236336121809529
RNF145,12250.464349383452,0.0019084355170260396,0.06409052100194758,0.02977718837654707,0.9762447517364418,0.9816437925957182,0.9816437925957182
XBP1,2536.520206235322,-0.31209548474241217,0.061862510098804814,-5.0449857958227575,4.5355506069008417e-07,1.096868345078801e-06,1.0968683450788008e-06
MAPK8,15691.048902020804,-0.11128446513900744,0.05943160048725733,-1.8724796947520845,0.061140268514657016,0.07833474505401283,0.07833474505401283
PRKACB,16272.265721342803,-0.10826482462774366,0.04724999076278173,-2.2913194876859655,0.021944942310954126,0.030020440917857903,0.0300204409178579
BLOC1S1,1422.232353160153,-0.091420144225695,0.07974366127780513,-1.1464252175130534,0.2516192534389581,0.2903857512278801,0.2903857512278801
BIN2,12736.999057144909,-0.4642739158717635,0.04787967933604812,-9.696679725300843,3.114697029599146e-22,4.514053666085719e-21,4.514053666085719e-21
SRP9,3772.405342149717,-0.13646633068929995,0.03440296647083375,-3.966702429716164,7.287388343406358e-05,0.0001329815391132547,0.0001329815391132547
EIF3M,4934.769893518943,-0.1092228211652934,0.04110358108186746,-2.6572580366598824,0.007877911914353782,0.011326976152917011,0.011326976152917011
VPS53,16265.149400199682,-0.08637897820066613,0.0213422480555073,-4.047323317394219,5.180665956988545e-05,9.620549595150501e-05,9.620549595150501e-05
MICU1,15464.66314481609,0.06961083304409485,0.06251281914784591,1.1135449335513374,0.2654744614031478,0.30549420184481907,0.3054942018448191
TNIP1,10277.418884187959,-0.13115101503921175,0.07963570046176438,-1.6468871910303786,0.09958123517868506,0.12339682178275718,0.1233968217827572
ANXA7,5268.177017665976,-0.02706489241065674,0.06505906628661089,-0.41600493144837336,0.677406394642871,0.7104789409669793,0.7104789409669793
GATAD2A,15854.592607175555,-0.10992578306369277,0.04283152646906325,-2.5664689569980887,0.010273982106298549,0.01455238258682514,0.01455238258682514
RSBN1L,12583.504498143076,0.05083210804920082,0.022666960048415338,2.242563975964414,0.024924945457981258,0.03379653621421187,0.03379653621421188
RNH1,2000.4433969049169,-0.1214754772955961,0.05890625862798423,-2.062182866896379,0.039190329248879205,0.05149846156225914,0.05149846156225914
NCKAP1L,14033.528877297867,-0.3219702226051048,0.04541795694289242,-7.089051209633745,1.3503455603168632e-12,7.221099253031354e-12,7.2210992530313536e-12
DUSP16,16144.055247519593,0.002543979565001862,0.09071714806528616,0.028042984366870125,0.9776278680474788,0.9820470799070606,0.9820470799070606
CHMP2A,1515.6090417883408,-0.2712736292061218,0.06443532136942115,-4.21001437473794,2.5535444074112987e-05,4.9391574611437115e-05,4.9391574611437115e-05
STAU1,13616.28810490221,0.4844037779891403,0.059991195870469013,8.074581127454914,6.77086710860928e-16,5.37370405445181e-15,5.373704054451809e-15
PIM3,1915.7867627107262,0.34790462958829244,0.05611869690815374,6.19944240967833,5.666354621246738e-10,2.118263409811865e-09,2.1182634098118646e-09
AP2M1,2380.7214432854375,-0.4626022374176678,0.05104742988270593,-9.0622042770931,1.2784050355760312e-19,1.4445254639277188e-18,1.4445254639277188e-18
NUMB,13619.783451862933,-0.6439130617271809,0.08081781187623903,-7.967464681093347,1.6196272728524914e-15,1.2316557208003737e-14,1.2316557208003737e-14
BTN3A2,12465.22107540312,0.24110475172694507,0.04370283226224068,5.516913647156457,3.450048474486871e-08,9.815216143632634e-08,9.815216143632634e-08
CTNNBL1,10999.511567396092,0.27450838319516774,0.06215768854339453,4.416322254382473,1.0039438118475066e-05,2.0551562166786213e-05,2.0551562166786216e-05
ANP32B,6618.453159375665,-0.2062981891219489,0.0520824142288907,-3.960995130051267,7.463805518506534e-05,0.0001359527416850006,0.0001359527416850006
KDELR2,3593.6509528026013,-0.3770424488318753,0.05299758232506204,-7.114332999556012,1.1245534071784358e-12,6.161936477690059e-12,6.161936477690059e-12
DNAJC8,3865.3275437213288,0.0487465362144433,0.03452050273092605,1.4121038906763228,0.157919373345082,0.19003534698565824,0.19003534698565824
BRD2,12971.721489537102,0.19925673299756033,0.03385038932821943,5.886394128750821,3.947124020972204e-09,1.309162196010681e-08,1.309162196010681e-08
PHF14,13929.310504656916,-0.26867539595295886,0.042503746533335836,-6.321216783613083,2.5951165611390064e-10,1.0137174066949243e-09,1.0137174066949243e-09
RAP1GDS1,15827.46341703755,-0.17486951132945602,0.042822672096301445,-4.083573088017535,4.4348472131913165e-05,8.304957328073626e-05,8.304957328073627e-05
NUP98,14875.767119621194,0.12979778697038394,0.02990143053129288,4.340855426115685,1.4192908806215378e-05,2.8385817612430755e-05,2.8385817612430755e-05
ETNK1,13931.837631294184,0.037199990191217835,0.03611178148420162,1.0301344509268338,0.3029468949807035,0.3442578352053449,0.34425783520534486
RER1,2677.609780834063,0.07257544497339295,0.0377112054443872,1.9245061015198819,0.05429117667155639,0.07023438120511823,0.07023438120511823
GPD2,16032.54820543529,0.36692499465422773,0.10870846305918541,3.375312136042789,0.0007373201263228954,0.001204771448240025,0.001204771448240025
RSRC2,9980.479474921665,0.21403666554785608,0.022707455323717488,9.425832287085862,4.267078625107031e-21,5.577880555695465e-20,5.577880555695465e-20
ACIN1,14501.237978929765,0.020282016161740867,0.026484849620336218,0.7657969160665898,0.4437971494869878,0.48903267161100583,0.48903267161100583
GNAI2,12274.604606590336,-0.4808006326801126,0.043408493358944734,-11.07618798709214,1.636945718288091e-28,5.115455369650284e-27,5.115455369650284e-27
G3BP1,11417.98743647257,-0.06760086299043082,0.03569093765705135,-1.8940623986961889,0.0582167279405191,0.07497324911850496,0.07497324911850496
FAM13B,15850.68382629383,0.12469508671446347,0.0458943454466164,2.7170032713399714,0.006587595657252599,0.009533423527138348,0.009533423527138348
CBL,15599.826515539282,-0.24227649966392023,0.03151004938373215,-7.688864486166167,1.4844658939725098e-14,9.896439293150066e-14,9.896439293150066e-14
BTN3A1,15444.326096336285,0.29073193111255047,0.054530011694929506,5.331594879147702,9.73539334975263e-08,2.565321040778032e-07,2.565321040778032e-07
SPCS3,5545.955401226871,-0.17927107473034176,0.056799169997760406,-3.156227014187187,0.0015982441534669993,0.0025050848800423184,0.002505084880042319
ERICH1,13962.577200508867,0.02034226137768793,0.04140896886931914,0.49125254584061806,0.6232478385768809,0.6605700461864132,0.6605700461864132
CD274,14992.356336332747,1.425262034404905,0.2008941508157111,7.094591995923064,1.29733652294104e-12,7.012629853735351e-12,7.012629853735352e-12
ASXL2,15801.150345306613,-0.11940011709623362,0.02869351420884015,-4.1612232028186975,3.165475093519353e-05,6.029476368608291e-05,6.0294763686082914e-05
YEATS2,16203.960891020368,1.0915546978097275,0.16589173920746314,6.579921960096133,4.7069525610776525e-11,2.0201513137672326e-10,2.0201513137672328e-10
USP6NL,15367.784867857603,0.5443158784278196,0.1551569271366867,3.5081635636435387,0.00045121154263536874,0.0007570663467036388,0.0007570663467036388
GIGYF2,15225.153385738215,-0.20574708434007882,0.04646626048822041,-4.427881266499537,9.516325949680902e-06,1.9520668614730052e-05,1.9520668614730055e-05
SMG7,15847.711701530972,0.2582430796904669,0.05666313379550766,4.557514955357814,5.176240577367727e-06,1.1036760292894941e-05,1.103676029289494e-05
HP1BP3,10973.160655496395,-0.2144526898045945,0.05551638945405302,-3.862871701735607,0.00011206186920639854,0.00020100783714152207,0.00020100783714152205
AVL9,15813.37921421042,-0.12469904099613824,0.03377158687512903,-3.6924246840166224,0.0002221261341375574,0.00038363753737056546,0.00038363753737056546
LILRB1,12382.867759330073,0.06827831544141338,0.18404951996526184,0.37097795992241916,0.7106539476818547,0.7410543017803203,0.7410543017803202
ELOVL5,14069.174600366356,0.18661163904749,0.05753703771163394,3.2433306695898474,0.001181410114449127,0.0018782354760717441,0.001878235476071744
EIF3L,4651.870626398298,-0.6891744835429425,0.09749721498966922,-7.068658152091496,1.564389928542525e-12,8.288321436399892e-12,8.288321436399892e-12
RASGEF1B,14092.006524269715,0.8327879455525317,0.20633924961902764,4.036013250460788,5.4367146912185836e-05,0.00010067990168923303,0.00010067990168923303
CD7,803.8865164185403,-0.407495557882321,0.11275830488556038,-3.6138850996021326,0.00030164277897084,0.0005147487695748123,0.0005147487695748123
CLDND1,6465.968243423496,0.4996203479214664,0.055669710100464946,8.9747251605913,2.8406007697926765e-19,3.0544094298845984e-18,3.0544094298845984e-18
ATR,15955.89756582154,0.10973901096260708,0.02668451117594361,4.112460979294163,3.914636517749049e-05,7.400069031661718e-05,7.400069031661718e-05
HLA-DMA,418.2395821544903,-0.7155362385666734,0.09923247845879092,-7.210706108321379,5.566247440219319e-13,3.144772565095661e-12,3.144772565095661e-12
TRA2B,10001.980236073958,0.15249631197147875,0.030072195503495536,5.071006935750762,3.957163488979242e-07,9.639862336124829e-07,9.639862336124829e-07
BOD1L1,14957.834579108317,-0.16399623580781403,0.02700640672565784,-6.072493740976172,1.2593900884185993e-09,4.481815261276154e-09,4.481815261276154e-09
CRLF3,13165.918611078674,-0.19254517316779202,0.0315939360776193,-6.094371169668482,1.0986847178652382e-09,3.945007963609473e-09,3.9450079636094736e-09
ATP2B4,15696.709609928525,-0.8118607058121234,0.0749533057552649,-10.831553026666825,2.4398172321345543e-27,6.506179285692145e-26,6.506179285692144e-26
MED28,4163.874662366506,-0.14363767832159696,0.03825433605428499,-3.754807771797875,0.00017347456427977253,0.00030407460872878617,0.0003040746087287862
KLC1,15404.839775045884,-0.10086880779351608,0.045479878476315634,-2.21787768949394,0.02656317310101666,0.03582356453272644,0.03582356453272644
TRAPPC10,15132.990900791146,-0.052837943779775895,0.04881581466339669,-1.0823939771181388,0.27907750338410175,0.3200430084680066,0.3200430084680066
ATP6AP2,3469.4243036497624,-1.0287733724535706,0.10509218550335862,-9.789247102684833,1.25224843782221e-22,1.9414704462359845e-21,1.9414704462359845e-21
LARP1,15081.278555653596,-0.05733072100506468,0.041761920275336074,-1.3727989667880116,0.1698148520578162,0.20264302154870667,0.2026430215487067
RASSF5,9397.811333325908,-0.24862299455671993,0.06540606759055154,-3.801222175794523,0.00014398412165634103,0.00025529099584457627,0.0002552909958445763
NCOR2,15389.174267825261,-0.33511256699003655,0.08687548699819081,-3.8573892195506803,0.00011460459257916907,0.00020501716024896077,0.0002050171602489608
HSPE1,1335.9181884583907,0.05143985290721968,0.07881109495767667,0.65269811230061,0.5139509197030714,0.5568265652254294,0.5568265652254294
FBXW11,15602.762478797857,-0.019675473509757426,0.026835219522468486,-0.7331959216239549,0.4634389424594305,0.5081567351528844,0.5081567351528843
KCMF1,15049.843719146093,0.20606158370385966,0.031206262381545953,6.60321255985195,4.023420024612901e-11,1.7351466286409657e-10,1.7351466286409657e-10
RALGAPA2,15797.772401136725,-0.1663264024366793,0.07188006524380115,-2.313943398250088,0.02067082714719407,0.02837450534961437,0.02837450534961437
TXK,15636.142205630123,-0.46377320514564274,0.08297562090033006,-5.5892706811163855,2.2802527449225886e-08,6.696777518128014e-08,6.696777518128014e-08
SLC43A2,8418.280511267118,-0.3665312930371105,0.08028969650210621,-4.56510995813137,4.992325954333861e-06,1.0690205469665656e-05,1.0690205469665654e-05
ACSL4,15038.558765298405,0.3458349331378927,0.043985595637585265,7.862458791904595,3.7666550216975045e-15,2.690467872641075e-14,2.690467872641075e-14
DNMT1,13670.97319502895,-0.2909652581398855,0.1160204452694211,-2.507879171332345,0.012145819178310596,0.01705873480099803,0.017058734800998027
PDS5B,15352.523506661915,-0.058143500332346554,0.028372384364600784,-2.0492990502726354,0.040432881478256785,0.053026729807549876,0.053026729807549876
BLOC1S2,2089.7705774934097,0.2757800085213203,0.05313846130343522,5.189838052452076,2.1047705788647695e-07,5.315077219355479e-07,5.315077219355479e-07
EIF4E2,4192.788411281094,-0.19864893656960828,0.034480996221309186,-5.761113608627226,8.3560769253583e-09,2.6318352520813548e-08,2.6318352520813548e-08
GOLGB1,14327.397324825628,-0.015177322548656376,0.034206890728114586,-0.4436919645602913,0.6572653058003189,0.6933178331226993,0.6933178331226993
LMBR1,15601.61149273879,0.2957886209557169,0.06807374765096981,4.345120272682724,1.3919937354456756e-05,2.786774245136488e-05,2.7867742451364876e-05
PPP2CA,7735.04502012693,0.043353340792817774,0.02647246525911428,1.6376767470831426,0.10148914377213872,0.12560537595561722,0.12560537595561722
CHURC1,9392.316148733531,0.03931206874097761,0.02375990298875966,1.6545551031742587,0.09801477707177232,0.12153103170709524,0.12153103170709524
NCK1,12237.992670248268,-0.09639990205467769,0.04294800127063427,-2.2445724877211273,0.02479559060486987,0.033643949260339034,0.033643949260339034
PHYKPL,12579.10732978388,0.10955587460403876,0.024481979782573278,4.474959769471856,7.64257015492826e-06,1.587241984408777e-05,1.5872419844087766e-05
LHFPL2,11546.377650293813,0.6391041524460936,0.11379004096968724,5.616520980217819,1.948406017610505e-08,5.7902110478766864e-08,5.790211047876686e-08
PSMD8,2141.0997303648187,0.13797765566987957,0.03333215009280765,4.13947660999079,3.4809908817635885e-05,6.605295790822748e-05,6.605295790822748e-05
PSMF1,10729.539185841411,0.16651122840151797,0.039797162529224744,4.183997496787407,2.8642726499592853e-05,5.497644241764463e-05,5.497644241764463e-05
CYB5R4,9774.534654094306,0.2520006058452599,0.030844826009942265,8.169947392928465,3.085239610947342e-16,2.518562947712116e-15,2.518562947712116e-15
ARGLU1,10690.579642773157,-0.3208380071489165,0.06073029085289147,-5.282998033486956,1.2708675615989986e-07,3.305247234327694e-07,3.3052472343276947e-07
CTNNA1,12496.940511671835,0.4284877632725866,0.04682204603475058,9.151410490574667,5.619496273257198e-20,6.57251026111953e-19,6.572510261119529e-19
GIT2,14392.68047232113,-0.23961486194181456,0.04286826671927571,-5.589562636412164,2.276422435377904e-08,6.69536010405266e-08,6.695360104052658e-08
SNRK,14804.894986323232,-0.36874927190869644,0.06406651148299851,-5.755725782049993,8.62703301014273e-09,2.7043990627406678e-08,2.7043990627406678e-08
GADD45B,2127.5864999877253,0.919127381753616,0.08974116574045365,10.241981750180122,1.2857533266860328e-24,2.359180415937675e-23,2.359180415937675e-23
MLLT10,15040.134875230659,-0.06867914515322983,0.05017103810295716,-1.368900221125418,0.17103046663774712,0.20385037739898346,0.20385037739898346
SNRPB,2449.332668580739,0.12765337832433196,0.04779339746041587,2.6709417013104972,0.007563878247211661,0.010898960010391442,0.010898960010391444
HECTD1,13742.897224212824,-0.24285362893022147,0.032468719966944316,-7.479618204150499,7.453884158243128e-14,4.601163060643906e-13,4.601163060643906e-13
CMSS1,13314.653815575599,-0.17337500148838822,0.05505917980987536,-3.1488845654270325,0.0016389492133732104,0.00256286038056796,0.00256286038056796
ZNF710,15359.047402815064,-0.7568981438175845,0.06960549215731839,-10.874115250947241,1.5313420919142703e-27,4.313639695533156e-26,4.3136396955331554e-26
COMMD1,12306.336010129542,-0.01402468695571409,0.055775901157955,-0.2514470705905184,0.8014684793020086,0.8262561642288747,0.8262561642288748
SRSF2,3232.56176157006,-0.08217569020708208,0.04125204415746625,-1.9920392282477721,0.04636675392806646,0.06061013585368165,0.06061013585368164
RABEP1,13937.042454820054,-0.12050744856950682,0.022470153404840026,-5.363000705796239,8.185068627887168e-08,2.1855990995693373e-07,2.1855990995693373e-07
PTPN4,14829.044416894898,-0.3268254809091637,0.07997591783255566,-4.086548673232274,4.378376653715003e-05,8.219372748147724e-05,8.219372748147724e-05
CREG1,6361.994911391829,0.6036959221933266,0.11239649653274392,5.37112757796196,7.824582571093169e-08,2.1005590794880993e-07,2.1005590794880993e-07
PRKAR1A,7738.422754391305,-0.5760359951209159,0.055296785694954505,-10.417169603647967,2.0702253162524742e-25,4.182273366166614e-24,4.182273366166615e-24
YY1,11242.335855189924,-0.0670595389978657,0.03548214441785806,-1.8899516953692017,0.05876442074241614,0.0755326744761133,0.0755326744761133
CLASP2,15522.116393828326,-0.1828044858953092,0.05944354435014314,-3.075262215498579,0.002103175584764722,0.003248147621258258,0.0032481476212582574
CTSH,6950.0838295272915,-0.8484391161008766,0.07832094211200734,-10.832851255638854,2.405463394946607e-27,6.501252418774614e-26,6.501252418774613e-26
SREBF2,15473.502377316085,-0.00018510318326742464,0.05784344462786164,-0.003200071926184448,0.9974467163744394,0.9974467163744394,0.9974467163744394
FLOT1,6017.261628115327,-0.16528522666133905,0.057424575162977345,-2.8783012532916636,0.0039982312612159045,0.005914543285822344,0.005914543285822344
NPL,10669.811932364679,-0.19584540574824016,0.13160008598640555,-1.4881860014017867,0.13670184793460952,0.1659003008915164,0.1659003008915164
BAX,1422.6475401101907,0.23478021787398407,0.057455862983474604,4.0862708465715905,4.383620230811417e-05,8.219372748147724e-05,8.219372748147724e-05
PRPF38B,11032.830439452855,-0.2671317083448793,0.03913366918790696,-6.826134985252752,8.723285495856557e-12,4.1244848680172845e-11,4.1244848680172845e-11
RIN3,13834.682096642317,-0.384062982560792,0.08087431986923345,-4.7488867069520655,2.0453947760510838e-06,4.550377699779941e-06,4.550377699779942e-06
LRRFIP2,12033.14600354532,0.20800541159697972,0.09411750528383267,2.210060827363541,0.02710094104331904,0.03649958389672598,0.03649958389672598
NKG7,866.8517650518374,-0.16106963558593948,0.08798222779920888,-1.8307064916965856,0.06714436362364193,0.08526268396652943,0.08526268396652943
NUFIP2,15063.81898761061,0.0037759966226786753,0.02037889229021113,0.18528959125479316,0.853001901651127,0.8717444063884794,0.8717444063884793
PRKDC,14487.071387113452,-0.29698563418146356,0.057852641100483264,-5.133484462111839,2.8442652197214775e-07,7.057730073750564e-07,7.057730073750564e-07
LRRC8D,15040.401381329144,-0.3595870357448603,0.0767126141970275,-4.687456417810275,2.7662158453431077e-06,6.126723909951512e-06,6.126723909951512e-06
PSMD4,2399.6913619039556,-0.1197397594344737,0.033933538100012706,-3.5286553109069656,0.00041767677445733064,0.0007055350919887342,0.0007055350919887342
MYOF,13648.09331471754,0.015257691033739404,0.17976517973727166,0.08487567534512884,0.9323602302537102,0.9436844435766297,0.9436844435766297
RGS1,4039.8525158701127,2.1295982585618276,0.21017404908962434,10.132546181539782,3.961959005619722e-24,6.77257949678585e-23,6.77257949678585e-23
DNAJC15,7526.406808405343,0.5735966064447116,0.08781267036844374,6.532048325577838,6.487621363266395e-11,2.743180280450907e-10,2.743180280450907e-10
RNF115,12401.291475523758,0.20810690381315275,0.05749945787485193,3.6192846246672317,0.00029541856872108605,0.0005049890063608309,0.0005049890063608309
MCPH1,15228.142578780287,0.01430486772302103,0.0352041885949889,0.40633993550009667,0.68449284614305,0.7171218922399686,0.7171218922399686
TSG101,6863.275812197091,-0.06722395749921443,0.03677976021192328,-1.8277432237696247,0.06758809780093372,0.0856629883408539,0.0856629883408539
ANXA11,8843.629370346604,-0.3922802008706112,0.07131351045895967,-5.50078376938638,3.781066813153005e-08,1.0711237431028342e-07,1.0711237431028342e-07
N4BP2L1,12337.980630455262,0.6521475266396635,0.08666836938497477,7.524631318986403,5.28692929688522e-14,3.3043308105532624e-13,3.3043308105532624e-13
SNX9,11014.04579308849,-0.3625993721727649,0.07364964220985809,-4.923301204092347,8.509631906084449e-07,1.993969014085171e-06,1.993969014085171e-06
VCAN,7684.759650159351,-2.8779616081280044,0.2880455236084517,-9.991342938000654,1.6631308328140446e-23,2.7042777769334062e-22,2.704277776933406e-22
TPP2,14066.041766807439,-0.4381221002436001,0.07302944598339199,-5.999252689705955,1.98227681857631e-09,6.882905620056632e-09,6.882905620056631e-09
NBAS,15167.656565326179,-0.16479994079167382,0.040691383936419454,-4.049995965956203,5.121851587874378e-05,9.520170237684717e-05,9.520170237684717e-05
RNF114,5012.0104123522715,0.358334978440559,0.08392184547210972,4.269865330352474,1.9559102961935483e-05,3.83888183747507e-05,3.83888183747507e-05
SRBD1,15078.024304467266,0.14327914722796753,0.07263495721252089,1.9725921612199824,0.04854204681499998,0.0632057901236979,0.0632057901236979
OCIAD2,2100.412545401167,-0.1295647446582857,0.06135984886020189,-2.1115557985398112,0.03472456719413396,0.04596236557794038,0.045962365577940374
SMARCA5,10604.373564669513,0.21502513061319964,0.0449456864629778,4.784110501690033,1.7174618567923635e-06,3.863806202007567e-06,3.863806202007567e-06
ZZZ3,15173.780114754269,-0.04540689585943903,0.04286305646824057,-1.0593480633627546,0.289441293385153,0.33060113464894686,0.3306011346489469
IRF8,7831.186511349534,0.9874072609528306,0.08979119785608167,10.996704404539274,3.9635365421224583e-28,1.1831452364544652e-26,1.1831452364544652e-26
RSL24D1,2202.2297525044432,0.050707339601960576,0.03480714683548434,1.4568082768067248,0.1451693105451325,0.17553725579822552,0.17553725579822552
STAT6,13593.0291265915,0.10180122631975608,0.03162991615364463,3.218510786599913,0.0012885812410328833,0.0020372825945183925,0.002037282594518393
SCFD1,12269.172479534673,-0.043574582623998895,0.030933426313330382,-1.4086568420395433,0.15893666224302616,0.19114451261939405,0.19114451261939405
G3BP2,9046.741125532912,0.18349022586816421,0.03200958967716627,5.73235170206056,9.904762396886182e-09,3.0570254311377103e-08,3.0570254311377103e-08
CDYL,15171.58261599227,0.00890746567206425,0.04705394677515998,0.18930326322310856,0.8498551378847172,0.8698619630345109,0.869861963034511
AFTPH,13166.26890813917,-0.011932508507957369,0.019099232567661918,-0.6247637681610847,0.5321261136803821,0.5734117604314463,0.5734117604314463
OXNAD1,14133.87908332906,-0.731125620504729,0.11119999072663944,-6.574871236293889,4.8695289774534106e-11,2.0854513822070282e-10,2.085451382207028e-10
HMGA1,1893.8166085821904,0.19557872369298265,0.06943248773946437,2.816818611294244,0.004850190935185278,0.007122159963561348,0.007122159963561348
TRAPPC1,914.0118844738314,-0.36934381904164304,0.06247397451700214,-5.91196289170184,3.3805470918755464e-09,1.1344117757971633e-08,1.1344117757971633e-08
SRI,2079.3523286929503,0.01340952238545038,0.05850125495758231,0.229217687640603,0.8186997257762083,0.8418506177647386,0.8418506177647386
SLMAP,14814.924224917042,-0.03670513933294518,0.03924819923741769,-0.9352056921366203,0.3496823056320142,0.39290146700226314,0.3929014670022631
ENSA,7571.93256177198,-0.1355339210841433,0.039831082601531384,-3.402717481721987,0.000667192316901771,0.0010982589578629976,0.0010982589578629976
BDP1,13288.260680155183,0.05331780633514049,0.020734788449562475,2.571417907871905,0.010128302450817028,0.014366386455059615,0.014366386455059613
ANKH,13498.331364100179,-0.748349181253276,0.09637618882938558,-7.7648762660461275,8.17249676259778e-15,5.5860773449052924e-14,5.586077344905292e-14
TRAT1,4996.905422552648,0.32129883375337337,0.053837682852983855,5.967917204586118,2.4030124453230314e-09,8.215427163497544e-09,8.215427163497544e-09
TAF7,5511.661842960649,0.1422784680232052,0.02884316408053691,4.932831489150434,8.104607190851e-07,1.9047255442658047e-06,1.904725544265805e-06
COX8A,1138.203349764073,-0.4873877837043006,0.07761819055837879,-6.279298450505912,3.4010417187696784e-10,1.3131435207604936e-09,1.3131435207604936e-09
IFNGR1,5633.464673142211,-1.0941777617322979,0.10547072660356414,-10.374231760486637,3.2481436303246447e-25,6.368909079067931e-24,6.368909079067931e-24
USP18,15088.983971216761,2.494488798990177,0.4270292904655925,5.841493440111384,5.1734916290544566e-09,1.6688682674369214e-08,1.6688682674369214e-08
UBE3C,15045.684936042462,-0.14998680869632797,0.03294138757248338,-4.55314179969805,5.285062357324616e-06,1.1244813526222588e-05,1.1244813526222588e-05
CUL5,13979.931367894062,0.04466290118013602,0.03453909065940746,1.293111669341854,0.19597243972262812,0.2322172996875196,0.2322172996875196
SLC6A6,12442.396019749163,0.35049959158830946,0.04855186718532142,7.219075432268344,5.234221680874171e-13,2.965564691713411e-12,2.9655646917134113e-12
PID1,9413.68559214439,-4.956765858484804,0.2729542469171953,-18.159694946928276,1.0762102635404439e-73,7.174735090269625e-71,7.174735090269626e-71
EIF5A,3902.754944962356,0.012112028756097912,0.0501645933236718,0.2414457678934767,0.8092096441092942,0.8337325724542524,0.8337325724542524
ATP2C1,13750.044928485135,-0.06624576701526437,0.051316004552034555,-1.2909377414231655,0.19672526696114123,0.23292544784809538,0.23292544784809535
SKAP2,12798.488796244974,-0.6620182016504765,0.056155553004381305,-11.789006896590001,4.4475445304202837e-32,2.223772265210142e-30,2.223772265210142e-30
TMEM245,14524.83778073319,-0.2154684221040117,0.06899474393893978,-3.122968646636341,0.0017903681923631745,0.0027833812545322092,0.0027833812545322092
STIM2,14495.616255016204,-0.14776608942727257,0.042113727847030845,-3.5087392397082833,0.00045023609782918016,0.0007560639762034931,0.0007560639762034931
CCT8,3434.164182826184,-0.08202678932326805,0.03771293751865295,-2.1750304993531016,0.029627830922623683,0.03955651658561239,0.03955651658561239
VAMP8,2069.5760565009828,-0.46066596242932784,0.08163573798079642,-5.642944791381596,1.671659630053518e-08,5.035119367631079e-08,5.035119367631079e-08
ATOX1,4561.6200516866365,0.6735289404932394,0.11489328596307787,5.862213225494176,4.5673798552661204e-09,1.499960543601353e-08,1.4999605436013533e-08
HIGD2A,487.46884055467325,-0.368776241403671,0.08803947890170213,-4.188759929115632,2.8048292322898008e-05,5.4042952452597316e-05,5.404295245259732e-05
CHCHD3,13190.380184747657,-0.17412901628607852,0.0447979623717425,-3.886985190110231,0.00010149694390792839,0.00018287737641068178,0.00018287737641068178
PDCD10,7656.166506833671,0.07641260331079672,0.018304896783452238,4.174435082304003,2.987263837250676e-05,5.7063301571168596e-05,5.7063301571168596e-05
MTPN,9791.12159381395,0.18426900506656185,0.025987638620656568,7.090640583253823,1.3349262981166157e-12,7.157781759338422e-12,7.1577817593384224e-12
PTPN12,13852.176426763654,-0.5652082960335563,0.10447648355679517,-5.409909261793823,6.305669012088607e-08,1.7088533908099207e-07,1.7088533908099207e-07
HMOX1,1232.3948213154608,-0.3044608551957871,0.0942411348738793,-3.2306577759620563,0.0012350571870959383,0.0019573014058572712,0.0019573014058572717
ADRM1,1495.407633464208,0.14082596864944674,0.055389356436616695,2.542473458968549,0.011007096044777058,0.015524818116751845,0.015524818116751844
SNX14,14039.622035596016,0.03942949458835922,0.039854163456378267,0.9893444290084307,0.32249465345267503,0.3646067308679198,0.3646067308679198
DGUOK,4695.484058363697,-0.07460879984110866,0.05834129096127455,-1.2788335433069533,0.2009556790473115,0.23711584548355338,0.23711584548355338
PSMD7,3336.4081335051087,0.13451633039692726,0.03676821947643728,3.6584945453540745,0.00025370113949338473,0.00043666289069429386,0.00043666289069429386
NSRP1,10677.725681901062,0.09125779670354378,0.024258226880123787,3.761931865610373,0.00016860598400936485,0.00029579997194625413,0.00029579997194625413
PIK3IP1,7097.484300044188,-0.6218965456019812,0.1159594476566124,-5.363051982134191,8.182744516586703e-08,2.1855990995693373e-07,2.1855990995693373e-07
MED4,6709.244093600696,-0.05945286555422724,0.02172006279311179,-2.7372326737969597,0.006195845384247143,0.008992518699923284,0.008992518699923284
DHX36,10938.215121236164,0.17939624401377557,0.021751977875997013,8.247353184913667,1.6194126643194862e-16,1.349510553599572e-15,1.349510553599572e-15
USP32,14736.134392005371,-0.34297801479917517,0.03279477292846202,-10.45831344974828,1.3422348583562933e-25,2.825757596539565e-24,2.8257575965395648e-24
GTF2B,6559.192581669492,0.26296509008677604,0.055045351305314856,4.777244287682213,1.7771382682082126e-06,3.989087021791723e-06,3.9890870217917224e-06
ZNF277,11400.256977607207,0.3843942179413426,0.05186929049964918,7.4108246756130685,1.2551642994029495e-13,7.561230719294877e-13,7.561230719294877e-13
SWAP70,11494.57861958155,0.13470941423628532,0.0785726117512661,1.714457636494623,0.08644471101196054,0.10812346593115765,0.10812346593115764
ATF7IP2,14509.650948164499,-0.026031340164672782,0.093331293458802,-0.27891331192322383,0.7803113523440823,0.8077757270642675,0.8077757270642675
NDUFB11,745.6157527419588,-0.38819642362940715,0.07466283140422747,-5.199326309066644,2.0001212918514043e-07,5.070015948926247e-07,5.070015948926246e-07
PIK3CA,14821.582645789555,-0.18227592299886142,0.03513338845413122,-5.1881111107980304,2.124378447164636e-07,5.357827105081049e-07,5.357827105081049e-07
EVI2A,2728.223364110361,-0.47567992666913705,0.10399237610712721,-4.574180766666181,4.780869434014578e-06,1.0248380351585377e-05,1.0248380351585377e-05
ERAP2,13013.401756609645,0.5571761193806263,0.08949164236720131,6.22601289508607,4.784547037389354e-10,1.8157673766183503e-09,1.8157673766183503e-09
CNDP2,7917.405965885416,0.4397334137559568,0.12488864837665577,3.521003866017914,0.0004299163486084502,0.00072498541080683,0.00072498541080683
MALT1,13585.634451760285,0.07757139096202992,0.0348934184118922,2.2230951993970423,0.026209381296364343,0.03537028515028926,0.03537028515028926
AATF,11567.810701291028,0.07522986598319371,0.024211826608280387,3.1071536732988694,0.001888981752890867,0.0029286538804509567,0.0029286538804509567
MLLT6,13961.254641617381,0.030128280024510283,0.04437210784897745,0.6789914089060924,0.4971433054212113,0.5410542292196742,0.5410542292196742
NDUFA13,2181.991882582342,-0.08668793304287091,0.02830713775914658,-3.062405453368749,0.0021956582531442704,0.0033857490410859987,0.003385749041085999
YWHAH,2449.1440236519556,-0.4267693648481449,0.07893542812964499,-5.406562996620619,6.424563733413365e-08,1.7387181957816954e-07,1.7387181957816954e-07
SDS,956.2485960269663,1.254288532669066,0.19147457604975987,6.5506792522841515,5.727596001997597e-11,2.4372748944670626e-10,2.437274894467062e-10
ME2,11772.063854360356,0.43492487301729665,0.07829337586486129,5.555066034807352,2.7750683119804747e-08,8.020428647342413e-08,8.020428647342412e-08
HDAC8,14023.655407401418,-0.12734970696089198,0.03929035223647242,-3.2412462528823016,0.0011900833115305958,0.0018905215433369274,0.0018905215433369274
NUDC,2971.717881066099,-0.10192701080535473,0.03771317438450904,-2.702689775359297,0.006878090798745013,0.00993943757044077,0.00993943757044077
SERPING1,9634.680690653318,1.5514427946327352,0.2728536191521874,5.685989430718892,1.3005743888475341e-08,3.959130559657638e-08,3.9591305596576384e-08
PHACTR4,13976.514566280219,0.12602785022952745,0.048706591500271346,2.587490652652739,0.009667781866799544,0.01375217904238911,0.01375217904238911
MPEG1,11028.392120152603,-0.7139150320983861,0.1352178526029347,-5.279739460105076,1.2936770763676675e-07,3.360200198357578e-07,3.360200198357578e-07
ZBP1,12430.580192334133,1.9753518459005297,0.3134708952410046,6.301547849862833,2.946877752725442e-10,1.1444185447477443e-09,1.1444185447477443e-09
SDCCAG8,13040.894213982472,-0.352769556819046,0.054960849839902626,-6.4185608091330595,1.3756865622829737e-10,5.580878548815309e-10,5.580878548815309e-10
NEMF,12861.832058481154,-0.20419505572490088,0.04015418559200286,-5.0852744916726325,3.670947675514693e-07,8.975422189522477e-07,8.975422189522477e-07
NEDD9,14481.138687374461,0.1386473241137094,0.05360315830754212,2.586551399046972,0.009694171083963156,0.013779916252968238,0.013779916252968238
AGO3,13777.92611300759,-0.2870776171241423,0.0358602188657278,-8.005461935384535,1.1901904364020202e-15,9.19065974055614e-15,9.19065974055614e-15
RNGTT,14422.127951107892,-0.10704549594658534,0.053456659623935,-2.0024725955502123,0.04523392760567027,0.059167989019843395,0.059167989019843395
TNK2,14469.471125976786,0.6455786490639461,0.14904509401750665,4.33143172755567,1.481428839986756e-05,2.9569437923887343e-05,2.9569437923887343e-05
CYCS,1514.5719816985832,0.14137475903313565,0.05536255244140515,2.5536170714448985,0.0106610432082238,0.015068612308443533,0.015068612308443533
SLC44A1,12675.245874484366,-0.018561133398447775,0.12659935956974422,-0.14661316977849603,0.8834373580418174,0.8973462245219069,0.897346224521907
URI1,13965.85531731059,0.045304589650630576,0.028256181669918216,1.6033514428760292,0.10885708495521922,0.13395849224358583,0.1339584922435858
CGGBP1,7607.083188034002,0.07231772422321887,0.033412434312786926,2.1643955524528455,0.030434004879927742,0.04052464031947769,0.04052464031947769
MBD2,13720.993276917632,0.38453790947341526,0.05135205822807957,7.4882667363690585,6.97890850147114e-14,4.321305573666341e-13,4.3213055736663407e-13
GNB2,3132.0624093487363,0.04544478440267291,0.058189377591841805,0.7809807611526043,0.4348138101372313,0.48045724877042134,0.48045724877042134
TSC22D1,12641.890018591866,0.3152420597798467,0.06512892499813745,4.840277338968238,1.296580549892974e-06,2.9670035466658446e-06,2.9670035466658442e-06
KRAS,6761.638392890134,-0.18544457538965245,0.04458243953142482,-4.159587885695178,3.1882232822987104e-05,6.067028129969002e-05,6.067028129969002e-05
LBH,9372.736594104836,0.07388474539996694,0.06835665468653936,1.080871288081278,0.2797543720378074,0.32063538342442105,0.3206353834244211
MANBA,13642.055918723172,-0.4852247619424543,0.07044378514239044,-6.888113138180364,5.653724072963136e-12,2.785085750228146e-11,2.7850857502281458e-11
GSTK1,7545.63421905924,0.4000079749452563,0.07556824972553301,5.2933338591022245,1.2010635934702073e-07,3.127769774661998e-07,3.127769774661998e-07
ZNF438,14254.416302425283,0.07923682624215451,0.06349886569129765,1.2478463257496222,0.212087339918824,0.24911600186928173,0.2491160018692817
UBE2R2,12823.711018156586,0.0812551263001235,0.06560074541333394,1.2386311434139234,0.2154821291609289,0.25261679854739616,0.25261679854739616
CSNK1G1,14396.669010337175,0.19935891573168907,0.03431124375004119,5.810308631888337,6.235777633696988e-09,1.9954488427830364e-08,1.995448842783036e-08
CDK12,12883.794448459113,-0.019259176112538714,0.01543511233349004,-1.2477509522720793,0.2121222755916934,0.24911600186928173,0.2491160018692817
PELI1,12739.174763867371,0.26241734366173913,0.07035223447202733,3.7300498787437744,0.00019144186808459773,0.0003335224182658497,0.0003335224182658497
SNX1,10717.177084787898,-0.00506569106026111,0.045687742064619855,-0.11087637145859157,0.9117143828978882,0.923633612180953,0.9236336121809529
MTMR3,14227.740196101722,-0.20691177176072634,0.04663640975118788,-4.436700270553225,9.134834727216899e-06,1.877663869931531e-05,1.877663869931531e-05
KDM2B,13222.892153745246,-0.26760074101032455,0.16873090300792346,-1.585961648043561,0.11274800976396081,0.13859620130788053,0.13859620130788053
SPAG9,12517.135816780852,0.06162189842092392,0.05768673592099562,1.0682160714608238,0.285423056823514,0.3265710032305652,0.3265710032305652
HIPK3,13936.885243747713,-0.1819514332012742,0.03024895899264456,-6.015130413100104,1.7974193804663803e-09,6.2627852977922655e-09,6.2627852977922655e-09
CHMP3,9694.569346025493,-0.04055165561005034,0.021964381938595744,-1.8462461508554036,0.06485647266759947,0.08283074414763662,0.08283074414763662
CBX3,6041.642106043458,-0.1495079573666003,0.03988770157436693,-3.748221919677587,0.00017809264626773613,0.0003110788581095828,0.00031107885810958275
SLA,12790.470858040875,-0.48401473415311974,0.061149357418462176,-7.915287332307866,2.466827201006744e-15,1.8196502823891213e-14,1.8196502823891213e-14
KIAA0040,11834.431148719472,1.0088462464763477,0.14737732626053726,6.845328735933806,7.630045247333683e-12,3.6420263710423305e-11,3.6420263710423305e-11
HERC3,14333.291706796539,-0.3043362324966864,0.04470727260022779,-6.807309298826155,9.944099260368374e-12,4.66859120205088e-11,4.6685912020508794e-11
MAP2K1,9760.859764671988,-0.5956351129875793,0.07933318152634658,-7.508019992741229,6.002833948345613e-14,3.7400834569131544e-13,3.7400834569131544e-13
POLR2A,13676.833580100329,0.33209606502381317,0.029910251405915692,11.103085043214675,1.2118717548297248e-28,3.909263725257176e-27,3.909263725257177e-27
AP2S1,1366.8145916951978,-0.7022241151297259,0.07478600106800927,-9.38978024097229,6.012557315246372e-21,7.733865755973225e-20,7.733865755973224e-20
PSEN1,12028.73027538493,0.009626852316033564,0.0296130008212016,0.3250887126961197,0.7451139313742949,0.7733408732478412,0.7733408732478411
MDM4,13774.848173458413,-0.06334610874389239,0.031835910005312336,-1.989769060577256,0.046616381126604246,0.0608966441889017,0.06089664418890169
UBE2N,5802.1632101554105,0.06482367533874957,0.032597651810211535,1.9885995382784876,0.04674542241007782,0.06102535562673345,0.061025355626733446
ITGB1,11886.40509458151,-0.40384875576732965,0.06542591301339182,-6.1726116941565214,6.717104237774841e-10,2.4786362501014174e-09,2.4786362501014174e-09
STAU2,14042.640374158465,-0.22339921429879983,0.05963966658096153,-3.7458159494492285,0.00017980838694150366,0.00031380172241100114,0.0003138017224110012
USP33,13241.037268228878,0.26748657083528055,0.044396660954869764,6.024925412908571,1.6918762854977851e-09,5.905327349032409e-09,5.905327349032409e-09
TSPAN5,14058.944349380225,0.8379681560907328,0.10602547410828093,7.903460589432863,2.7126494871594248e-15,1.9836909587152922e-14,1.9836909587152925e-14
TMEM87A,11827.015585833442,0.013307490184490295,0.02566330498210587,0.5185415593887516,0.604080471553015,0.6416149458874296,0.6416149458874297
UPP1,2907.467415417,-0.6171741421639743,0.09813497057928938,-6.289033751381427,3.194480190690057e-10,1.2357757023946061e-09,1.2357757023946061e-09
CSF2RA,14235.556588681959,0.17633288422934684,0.07298715965926482,2.4159439146905286,0.015694478577039914,0.021858605260501273,0.021858605260501273
HELZ2,10419.898365406256,1.200222011877952,0.33553160390742776,3.577075893599251,0.00034745931749905916,0.0005914201148920156,0.0005914201148920157
LMBRD1,12634.624756630647,-0.17525439465646875,0.06110414750328501,-2.8681260080921174,0.004129110462599401,0.006099129191431907,0.006099129191431906
EIF3G,2010.3309896716182,-0.38156595520961023,0.042586947991425345,-8.959692422345846,3.255853216821996e-19,3.482195953820316e-18,3.482195953820316e-18
BAZ2A,13349.122708059213,0.07561899388612892,0.026187346435482827,2.8876157449717073,0.003881737591357002,0.005750722357565929,0.005750722357565929
ATP6V0D1,4054.060034299722,-0.2723810759763988,0.04338554927897279,-6.27815206913632,3.4262072835543776e-10,1.3182732520566442e-09,1.318273252056644e-09
HMBOX1,13915.739472504772,-0.2602812907509589,0.048600034792955875,-5.355578280134981,8.528321360005368e-08,2.2681705744695126e-07,2.2681705744695126e-07
CDC37,3571.8324645879898,-0.6262271577379407,0.03581276620744285,-17.486143184543895,1.8271188398204156e-68,6.090396132734718e-66,6.090396132734719e-66
RNPS1,3540.864414479716,0.10725682623129378,0.025140281491724932,4.266333543902362,1.9871162991003845e-05,3.896306468824283e-05,3.896306468824283e-05
APOL2,12233.911276488647,1.059858612181143,0.1353674188427041,7.829495614544374,4.898310773693267e-15,3.473979272122884e-14,3.473979272122885e-14
ELP4,13933.55258551916,-0.256090050650366,0.037926101220711696,-6.752343172846713,1.4547627665126487e-11,6.703975882546767e-11,6.703975882546767e-11
RPRD2,14006.516396390789,-0.27405029302151485,0.06379737050448823,-4.295636181466681,1.7419306336644985e-05,3.445955754034616e-05,3.445955754034616e-05
RCAN3,12159.884502621979,-0.19048546516203382,0.05552807328495834,-3.4304353436594615,0.000602613567610812,0.0009968793508863723,0.0009968793508863723
SECISBP2,12032.095762041523,-0.06728688056484605,0.03644164235299843,-1.8464283226606457,0.06483003794802758,0.08283074414763662,0.08283074414763662
TCF25,9668.53669911199,-0.22856752529781835,0.03528910427604962,-6.47699991220647,9.356424745539224e-11,3.8823339193108816e-10,3.8823339193108816e-10
RNF19B,12137.571687221314,0.8497334386579134,0.13192138322731248,6.441210801995199,1.1852411536119588e-10,4.857545711524421e-10,4.857545711524422e-10
HAVCR2,5568.2449031938,0.30079449628887484,0.058321561394918724,5.157517890374615,2.5024494639543923e-07,6.279672431504121e-07,6.279672431504121e-07
U2SURP,9520.967869226051,0.04699893379075792,0.027479997445282237,1.7102961484745947,0.08721112365032657,0.10887780730377848,0.1088778073037785
NDUFB4,1410.4816619866458,0.1691994368244244,0.0362433867478215,4.668422352516339,3.0352144687809412e-06,6.678139645282599e-06,6.678139645282599e-06
VCP,6378.359559455067,0.03668839682013049,0.02329746078353801,1.5747809240247554,0.11530702106311401,0.14139426249308892,0.14139426249308892
TFCP2,13957.38748120568,-0.14400678487444754,0.03698188564026211,-3.8939816718720155,9.861210369877629e-05,0.00017816098229227873,0.00017816098229227876
UBE2A,2639.021872240551,0.39518815194675083,0.0674818668699228,5.856212494958247,4.735422542622206e-09,1.542482912906256e-08,1.542482912906256e-08
TFG,7497.527207745821,0.42457305654175426,0.04370112921594703,9.715379537305477,2.5928125775734143e-22,3.8989662820652844e-21,3.8989662820652844e-21
RIPK1,13574.355753862545,0.649697577710374,0.09862889448565104,6.5872945357295345,4.47913186301094e-11,1.9265083281767482e-10,1.9265083281767485e-10
RB1CC1,11933.45498676507,-0.281537953284242,0.06295486249733201,-4.472060490898117,7.746950496662385e-06,1.6072511403863872e-05,1.6072511403863872e-05
WDR83OS,603.5124819090779,-0.21216894751174634,0.07978492104068098,-2.6592612331290644,0.007831221590897207,0.01127605700633147,0.01127605700633147
PPP6R2,13619.382691500645,-0.16574299285870275,0.03599787088873697,-4.6042443279766445,4.139662343736624e-06,8.979744780339748e-06,8.979744780339748e-06
UBR1,13812.01996825796,-0.11510073492033879,0.03912553981682065,-2.9418312299132876,0.0032627769555745147,0.004866184870357218,0.0048661848703572185
TLK2,13848.396449760015,0.30872817530207836,0.05906323836390647,5.227078363023557,1.72209526440955e-07,4.3987107647753517e-07,4.398710764775351e-07
C19orf53,869.6164436432173,-0.4077517114622514,0.06335114102907391,-6.436375175549259,1.2236037182384213e-10,4.984129198527174e-10,4.984129198527174e-10
PPP4R2,10186.423079808077,0.017806090003400474,0.024605307747090605,0.7236686566338888,0.46926918008814245,0.5137046306383607,0.5137046306383606
SSR3,3394.61635220736,0.05158356244008877,0.05999699117750121,0.8597691555477958,0.3899163050211055,0.4346893032565279,0.4346893032565279
BCAP31,1616.6062865360946,-0.46795465632810834,0.06404164006366267,-7.30703735667798,2.730966528505761e-13,1.5924003081666245e-12,1.5924003081666245e-12
IER3,1754.4194102307135,-1.1144820487818707,0.14063899536655813,-7.924417021588581,2.2921915504506676e-15,1.710590709291543e-14,1.710590709291543e-14
CDK19,13502.54373166599,-0.23257124233270743,0.038323451732206915,-6.068640266483492,1.2899772388415216e-09,4.5825123937531854e-09,4.5825123937531854e-09
NRP2,13272.556893786606,1.092503103115323,0.08874526688099844,12.310550652580691,7.947906125322927e-35,5.677075803802091e-33,5.6770758038020905e-33
DIDO1,13263.150126051341,-0.11668195090311664,0.04268211595220525,-2.7337433559708058,0.006261883106443173,0.009075192907888656,0.009075192907888658
RNF111,13588.624827468479,0.011428517680319878,0.020270394203003847,0.5638034251265966,0.5728879205452744,0.6140277819349136,0.6140277819349136
E2F3,13550.359934902075,0.2080823387599637,0.048088376098403475,4.3270818364538615,1.5109783383796936e-05,3.012917922990416e-05,3.012917922990416e-05
TMED2,2836.032789104817,0.06801884449452691,0.05640945531474702,1.205805730883292,0.22789240528393406,0.26545417039479796,0.26545417039479796
PDE4DIP,6464.699317760021,0.06679197624350945,0.1007558776826304,0.6629089813886254,0.5073888491937424,0.5503132854595905,0.5503132854595905
HNRNPH3,7463.840866236441,-0.021435017174227862,0.03896485229873653,-0.550111598265263,0.5822428320472932,0.6220543077428347,0.6220543077428345
DNAJC7,7609.3921466433785,-0.013607622318853202,0.03813899585711601,-0.35679026185777984,0.7212488270230776,0.7505190707836394,0.7505190707836394
NECAP2,4743.652765973316,0.027350707522362933,0.03515247724575085,0.778059177199781,0.4365341274112411,0.4820918027733198,0.48209180277331987
ABHD3,9889.983958502125,-0.14817908809709998,0.04871323889267746,-3.0418648290572636,0.002351174505618303,0.003600573515495104,0.003600573515495104
SMURF2,13729.847520518211,-0.17703491545883784,0.061846046466168134,-2.8625098219605984,0.004203002334503315,0.006203693482661719,0.0062036934826617185
YME1L1,11222.256342044939,0.16415236815833323,0.028647821736829723,5.730012203590979,1.0042340948149569e-08,3.089951060969098e-08,3.089951060969098e-08
C1orf43,3726.2969229487903,-0.12809094540107116,0.03315600263268252,-3.863280710287114,0.00011187432375925303,0.0002008515686880665,0.0002008515686880665
TMEM140,9682.899785555668,1.191545483846267,0.18795212523838165,6.339622296555664,2.3032912120741784e-10,9.068075638087317e-10,9.068075638087317e-10
COX7A2L,1984.801556258071,-0.17508862820564267,0.045163160369524856,-3.876801950374331,0.00010583844027995892,0.00019035690697834337,0.0001903569069783434
EIF4E3,13578.764813775759,0.6154697298326498,0.11527439495339015,5.339171201735717,9.33724410476833e-08,2.4636527980919077e-07,2.4636527980919077e-07
RALGAPA1,13360.611526241342,-0.36655009980972314,0.06580961792670287,-5.569856069032002,2.549498571742955e-08,7.422121023996958e-08,7.422121023996959e-08
RAB18,6274.946821760389,0.05849825573950094,0.033317839662007416,1.7557637689879078,0.07912875318955766,0.0996583793319366,0.0996583793319366
YTHDC1,11322.457770312103,-0.007568388128529449,0.0314039675208711,-0.2410010175784156,0.809554327853079,0.8337325724542524,0.8337325724542524
GCNT1,13413.631682567162,1.170207433215675,0.1898858876373629,6.162687747761931,7.152045368496403e-10,2.623913854934708e-09,2.6239138549347084e-09
SF3B2,6929.068317910204,-0.00978063230372393,0.027013836636277176,-0.36206009666133143,0.7173071218077303,0.7471949185497191,0.747194918549719
GNAI3,8633.064181525542,0.09316587729915933,0.028511381254309878,3.2676732308462277,0.001084354833189729,0.0017335808684088394,0.0017335808684088394
AFF4,12852.663079115388,0.039789558515498126,0.034166468279582585,1.1645792064284215,0.2441893647263822,0.28262657954442383,0.28262657954442383
PRKD2,12685.361885905351,0.8128777255895813,0.17694580966496148,4.593936002941956,4.349628230902407e-06,9.404601580329529e-06,9.404601580329529e-06
CD36,9345.930606776432,-1.537421754719285,0.11192847296085016,-13.735752074961637,6.200880300681931e-43,7.295153294919919e-41,7.295153294919919e-41
FBXO7,6283.565957150728,0.749710773908145,0.06099281560843025,12.291788244721106,1.0026321671981613e-34,6.91470460136663e-33,6.91470460136663e-33
FAR2,13699.79067785257,1.1715243403346807,0.2784294875725286,4.207615905012604,2.5807904040322477e-05,4.987034597163763e-05,4.987034597163764e-05
ABCA1,13436.842692631093,0.15140974235868962,0.12215297668501751,1.2395092323383434,0.2151569718598758,0.25238354470366664,0.25238354470366664
NCOA4,6642.252044209313,-0.5374340186479472,0.07121359505923189,-7.546789601071769,4.4611841304165506e-14,2.814627211619275e-13,2.814627211619275e-13
LAMP2,7225.074548118093,0.19572372938981666,0.0492194830069945,3.976549882939703,6.992233678115671e-05,0.00012782876925257169,0.00012782876925257169
R3HDM1,13410.931357745654,-0.2144973799842027,0.052591733496185816,-4.0785379321972535,4.531980884492361e-05,8.478916528517047e-05,8.478916528517047e-05
SYNCRIP,10355.004590183002,-0.0007488596765723584,0.03758713113783224,-0.01992329964812386,0.9841045584012544,0.9858319931067134,0.9858319931067134
THEMIS2,7590.789807251775,0.34377824612686275,0.11549311327423101,2.9766125129087424,0.002914521171114203,0.004372874975415158,0.004372874975415158
TTC14,11395.32641120253,0.03917124403932008,0.03693210887593731,1.0606284133653048,0.2888588046292463,0.33012434814771,0.33012434814771
DHX9,11539.949828025412,-0.024809627038200745,0.030686462789209036,-0.8084876777301654,0.4188098967640653,0.4645700463273048,0.46457004632730486
MANF,1147.3244027699327,-0.7789191110331469,0.07408926300527499,-10.513252250568204,7.505954607330267e-26,1.6317292624631016e-24,1.6317292624631014e-24
CDR2,13669.777527706756,0.022756645734927725,0.05551063660695007,0.4099510855200414,0.6818418297729906,0.7147188991331138,0.7147188991331138
TSPAN14,12268.627260796253,-0.350713945865815,0.06452264538163534,-5.435517155123284,5.4637727873260924e-08,1.5010364800346407e-07,1.5010364800346407e-07
TXNRD1,6624.627391225389,0.01040459257826805,0.06585485393163758,0.15799279714550457,0.8744624744763141,0.890038141960625,0.890038141960625
GADD45GIP1,1109.4105216527655,-0.20513480541340545,0.06581725856217402,-3.1167327520885064,0.0018286726365046365,0.0028395537833922927,0.0028395537833922927
PHTF2,13601.691376050569,-0.21430866361878828,0.04518577708291056,-4.742834525686196,2.107484115451958e-06,4.683298034337685e-06,4.683298034337685e-06
HBP1,6745.923415498178,0.029149122683532844,0.05421023264972568,0.5377051759190402,0.5907806053315052,0.6298300696497924,0.6298300696497923
BUB3,4342.518272746419,-0.018507839617375305,0.0501786765460427,-0.36883873572059983,0.7122479302281255,0.7423115479188385,0.7423115479188385
DCAF7,11399.348695103452,-0.32597648900972415,0.03005977623716339,-10.84427530124839,2.123117506508857e-27,5.816760291805088e-26,5.816760291805088e-26
RASA1,13513.259098991513,-0.19585021091360005,0.042728613154637864,-4.583584545672108,4.570719507304679e-06,9.840085053400816e-06,9.840085053400816e-06
RABGAP1,13474.206162136077,-0.08263807124476348,0.027980900556181017,-2.953374251798648,0.003143206385814842,0.00469485643885712,0.004694856438857121
ALG13,10582.392094979361,-0.14572598273858064,0.06526714816829737,-2.2327616086857778,0.025564669243864593,0.03457020857858633,0.03457020857858633
ADD1,12399.806205665096,-0.17098256956346572,0.04325104474962114,-3.953258714402811,7.709400169152576e-05,0.00014029845621751731,0.00014029845621751731
USP8,11394.122392076679,-0.05933562462622577,0.02991449675314175,-1.983507364869646,0.047310785231331996,0.061723137940420086,0.061723137940420086
C2orf42,13211.7329365957,0.49792581912858835,0.06313771984920577,7.886344649724501,3.1116648923716315e-15,2.246689452975907e-14,2.2466894529759072e-14
TRRAP,13587.661287388886,-0.1324733369318672,0.05587500670170243,-2.3708871775013303,0.017745446979381296,0.024529543206374405,0.024529543206374405
AKAP10,13279.45849145896,-0.2254919787824243,0.03282528762481866,-6.8694593436535065,6.4445680572575554e-12,3.1284310957560944e-11,3.128431095756095e-11
HPCAL1,11320.708827985718,-0.3007138784242976,0.0748760762156485,-4.01615433958131,5.91555227913567e-05,0.00010884180826376577,0.00010884180826376577
CCT6A,4238.824233195257,-0.2516563988540108,0.051688579796999146,-4.8687040704612485,1.1233248029851752e-06,2.5912913563671863e-06,2.5912913563671863e-06
RAB27A,11231.235721643621,-0.052655237331629655,0.057967817426578715,-0.9083529390824849,0.36369178120820456,0.40681407293982613,0.4068140729398261
NR4A3,12266.094091508588,2.519031623571207,0.2223915177476229,11.32701304925616,9.64375830856271e-30,3.4940671676345704e-28,3.4940671676345704e-28
M6PR,4605.237347782289,-0.30890793946861467,0.05495571488991416,-5.6210339559299864,1.898179558823192e-08,5.657763215568382e-08,5.657763215568382e-08
RAB6A,10468.269680859528,-0.1576852964149722,0.04491365618033316,-3.51085415495565,0.00044666938517284014,0.0007507048490299834,0.0007507048490299835
ID2,1856.7526518353563,0.24336541714385185,0.1337721582510369,1.8192531265523295,0.06887282099802904,0.08718078607345447,0.08718078607345449
HCG18,12960.93776374132,-0.22556532338071028,0.04769674805298715,-4.729155185383411,2.2545600968592036e-06,5.004572912007111e-06,5.004572912007111e-06
AP2B1,12047.03426917573,-0.0344675033508475,0.03635868190614749,-0.9479855028798437,0.3431368344949933,0.38598069122046497,0.3859806912204649
SRSF9,2770.874036826856,-0.19748279381740366,0.04749743786240671,-4.157756769733203,3.213879455683537e-05,6.110036987991516e-05,6.110036987991514e-05
STX16,12798.658361850927,0.6164515371720785,0.06331593174230164,9.736120439339986,2.1147417399730576e-22,3.20415415147433e-21,3.2041541514743297e-21
BUD31,1060.503493823633,0.11535999652985353,0.03661810601483595,3.150353993817021,0.00163072742786662,0.0025519991046425976,0.0025519991046425976
KLHL5,12735.61971965881,0.00964579772003724,0.03473537980254012,0.27769374553756465,0.7812474621804034,0.8079665087564694,0.8079665087564694
PPP1CB,9148.904663663088,-0.10177006149430563,0.06305895932451028,-1.6138874251092947,0.10655184671965305,0.1314643389508366,0.1314643389508366
RAD21,9700.510567797995,-0.2870216670255055,0.04005946684276351,-7.16488984119753,7.784912816424946e-13,4.312971089432103e-12,4.312971089432103e-12
WWP2,13169.920942218,-0.07774388225952146,0.02567597669796179,-3.0278841258526663,0.0024627249920462268,0.0037512947327436813,0.003751294732743681
PDLIM5,11669.84679080143,-0.054850204412128706,0.04487963073874902,-1.222162560369979,0.22164615898373785,0.25893242871931993,0.25893242871931993
SSU72,3303.3808528153772,-0.2585949581945968,0.04350965717698007,-5.9433922253796405,2.791833330349639e-09,9.496031735883124e-09,9.496031735883124e-09
ZNF131,12390.474952348513,-0.08999701602511934,0.02104791584808902,-4.275816032079505,1.904384376263655e-05,3.7451020182176105e-05,3.7451020182176105e-05
VPS41,12785.652922757441,-0.01576530145881373,0.034816209197926086,-0.4528149911206538,0.6506819679105824,0.6870981709721039,0.6870981709721039
CCT3,2741.522672787258,-0.23753757878410225,0.04435891372206439,-5.354900714485929,8.56034089073882e-08,2.2736629191869376e-07,2.2736629191869376e-07
SPOP,10194.771443848595,-0.2503921075455005,0.038662585289218766,-6.47634155016849,9.397319967772732e-11,3.891229800319972e-10,3.8912298003199714e-10
SDHD,2647.0964615931975,-0.06082901707876699,0.025277210907862138,-2.4064766204030423,0.01610723497325775,0.02237692721327064,0.02237692721327064
BNIP3L,6463.847026568852,-0.49168011940486045,0.05751964431361249,-8.548038244535881,1.2519823645432443e-17,1.1433628899938304e-16,1.1433628899938304e-16
NGLY1,10847.8596977396,0.20086849400737627,0.028153520156708,7.134755898704779,9.695907243690615e-13,5.356854830768296e-12,5.356854830768295e-12
UBL3,11214.091874176398,-0.10432223206843001,0.04955626183220442,-2.105127146629038,0.03528024177478412,0.04666698647458217,0.04666698647458217
LRP1,13141.098798630263,-1.4249618742361074,0.15189582564390292,-9.38117863473561,6.523931139575901e-21,8.258140683007469e-20,8.258140683007469e-20
DDIT4,403.51359501523797,0.0422280235773348,0.11867807457745984,0.3558199248486547,0.7219754264975914,0.7508844789366526,0.7508844789366524
GALNT2,12661.19796898377,0.011341493903651788,0.035825905414810885,0.31657242914963624,0.7515680588899235,0.7792307505338761,0.779230750533876
VAMP2,2829.2853448860683,-0.2627923269093769,0.078081747546298,-3.3656050891222193,0.0007637596785434931,0.0012449220514156366,0.0012449220514156368
ACBD6,12877.512684074201,-0.30746771408672996,0.06176260004863056,-4.978218433884526,6.417221097722095e-07,1.526093007781711e-06,1.526093007781711e-06
UBE2Z,8976.83080879158,0.5041246452563097,0.0772907095998576,6.52244814242511,6.91689813058762e-11,2.9123781602474185e-10,2.912378160247419e-10
XIAP,11563.72015154807,0.45824636377196315,0.07828615444432362,5.853479035017153,4.813949624979982e-09,1.562970657461033e-08,1.562970657461033e-08
ZC3H11A,12196.013674052096,0.07166105069603348,0.03162341603774696,2.2660755754690136,0.023446756394678307,0.03194380980201404,0.03194380980201404
C5AR1,3857.1308241250917,-0.07289741481617998,0.17280972575931244,-0.42183629709424303,0.673144510045872,0.7070845693759159,0.7070845693759159
MEF2C,12220.47063034976,-0.3612110004805642,0.058445637018654344,-6.180290247589823,6.398385595704022e-10,2.3697724428533416e-09,2.3697724428533416e-09
POU2F2,11587.14454157098,-0.8835064584670894,0.08434875215034146,-10.474446105525615,1.1319831393615552e-25,2.4084747645990535e-24,2.408474764599054e-24
COX16,6965.60772346501,0.0725152675989471,0.02769214866388645,2.618621923459296,0.008828573581768542,0.012621263161927866,0.012621263161927868
BLVRA,5328.125754868379,0.7496920206723862,0.15321955397636514,4.892926530696139,9.93475005750352e-07,2.307723590593152e-06,2.307723590593152e-06
TRADD,3103.422857219659,0.7884593985310226,0.09074159851738668,8.689062253845448,3.654433736949327e-18,3.4970657769850016e-17,3.4970657769850016e-17
CD46,10950.18654309825,0.17444932505729416,0.049435025608425706,3.5288608210523718,0.00041735256408433015,0.0007055350919887342,0.0007055350919887342
PRPF4B,10895.544013954219,0.0038343721185318965,0.015065081949685725,0.2545204952311518,0.7990934724091259,0.824232565661811,0.8242325656618111
UXT,1268.0568999627314,-0.28936762921140224,0.04671587027502954,-6.194203971965268,5.858032609306486e-10,2.185833063174062e-09,2.185833063174062e-09
TUBB,5472.378029339008,-0.4967384253192127,0.06241547199809687,-7.958578368747398,1.7402715827693393e-15,1.318387562704045e-14,1.318387562704045e-14
MCOLN2,12765.54127728068,1.4149384458285323,0.18682950325866154,7.573420798906581,3.635223725948176e-14,2.3154291248077553e-13,2.3154291248077553e-13
RNF7,1837.6475751328164,0.15088379243342717,0.04651717140303975,3.243614946534935,0.0011802317826921978,0.0018778548650631628,0.0018778548650631628
DHX15,11260.35153087814,0.08416852916724568,0.045929965578367205,1.8325406541756404,0.06687091062311436,0.08496939088070439,0.08496939088070439
DGKA,13068.797260210073,-0.23621291517693302,0.053540995192387975,-4.411814056278803,1.0250813065834024e-05,2.0898701459396582e-05,2.0898701459396582e-05
SFSWAP,12488.071349623739,-0.12186503398803347,0.03223971021003484,-3.7799667923225346,0.00015684927672021182,0.0002768742748812212,0.0002768742748812212
PDCD6IP,10565.754506336767,0.03005565803196111,0.03070083471030707,0.9789850443991559,0.3275873691636414,0.3701552193939451,0.370155219393945
CRADD,12882.396068935253,-0.3733193916483408,0.0583377028502848,-6.399281655062946,1.5610964248203602e-10,6.294743648469194e-10,6.294743648469194e-10
SYNGR2,4607.660595836512,0.7531754869485823,0.09738429556865809,7.734054885857615,1.041740865102803e-14,7.038789629072993e-14,7.038789629072993e-14
DNAJC13,12996.39102273687,0.28900056831836785,0.06377803924780422,4.531349218740959,5.860816136804949e-06,1.2416983340688452e-05,1.241698334068845e-05
SMC5,11849.297754430014,-0.050439226488408484,0.04171594189135047,-1.2091115339017848,0.2266199986482077,0.26412587255035863,0.26412587255035863
C6orf62,10751.66947464319,0.31015123869023287,0.07128634488570856,4.350780492217547,1.35653802133454e-05,2.7212397619549448e-05,2.7212397619549445e-05
SEC31A,12131.611928542043,-0.0505678457048058,0.027419757187489062,-1.844212016869304,0.06515224775441052,0.08315538960358713,0.08315538960358712
SFI1,12807.699882907415,-0.01432067619803386,0.03278482346907608,-0.4368080923644953,0.6622505297372723,0.6978403896072416,0.6978403896072416
KPNA4,11485.774787163959,0.0951705556607351,0.022817200678371,4.17100050975796,3.032651837268585e-05,5.787503506237758e-05,5.787503506237758e-05
ESYT2,12983.73391693747,-0.3224896472552669,0.0819966694264903,-3.932960320350299,8.390609258170128e-05,0.00015227965985789704,0.00015227965985789704
AURKAIP1,539.6383884914559,-0.24011982559128628,0.07577915243526544,-3.1686792194780664,0.0015313330476341928,0.0024058649609335313,0.0024058649609335317
CD84,11316.635928060654,-0.021562194585356215,0.08334227280519325,-0.25871858133454484,0.7958523817399988,0.8221615513842963,0.8221615513842963
MAP2K4,12845.583846622221,-0.018618777968703572,0.04392148025905675,-0.4239105298566143,0.6716310644991312,0.7062366608823671,0.7062366608823671
CHD8,12476.676752794772,0.07953826412745185,0.01940242921396248,4.09939720693397,4.142275952388488e-05,7.80089633218171e-05,7.80089633218171e-05
IL32,3326.9995624662647,-0.19128590823394784,0.09249483675534684,-2.068071202070533,0.03863332820538024,0.050866791580487486,0.050866791580487486
OS9,8191.955690850315,-0.3245907191262799,0.035210461556283004,-9.218587453261017,3.010396563931571e-20,3.6052653460258333e-19,3.605265346025833e-19
NCOA7,10438.833988086315,0.040614992126136826,0.06103960661061712,0.6653875144580687,0.5058026686738546,0.549188565335347,0.549188565335347
EIF3I,1466.6271677506645,-0.23800138203003343,0.04900233774480934,-4.856939341740776,1.1921409421487782e-06,2.737407444658503e-06,2.7374074446585035e-06
DHRS7,2358.7896648799965,-0.1356033624973614,0.06053156140313275,-2.2402092289385975,0.02507734280069151,0.03395713310858701,0.03395713310858701
LMNB1,10134.256625902775,1.155454145268981,0.13277949442415285,8.702052604432884,3.2593442859088286e-18,3.1644119280668234e-17,3.164411928066824e-17
SLAMF6,13031.680439012203,0.3790631486984691,0.056179545435349566,6.747351651940443,1.505680514106313e-11,6.922669030373853e-11,6.922669030373853e-11
HNRNPUL1,10714.320448092096,-0.26158734249738697,0.04116189096328297,-6.355085647807747,2.0831052332914832e-10,8.261556371007187e-10,8.261556371007188e-10
NOP58,7897.52595035229,0.09448253970840377,0.03321647119409803,2.844448441145417,0.004448838526558157,0.0065568732889582275,0.0065568732889582275
ZZEF1,12930.402637343119,-0.2800447905291859,0.04776331953003229,-5.863176874737554,4.54094056307645e-09,1.4961912893167874e-08,1.4961912893167874e-08
TERF2IP,4786.66645154201,-0.04014515735298826,0.04003819669628352,-1.002671465388816,0.3160194019086231,0.35829864161975405,0.35829864161975405
IRF9,8735.687096574504,0.4539720075198925,0.1173766666699729,3.867651215520732,0.00010988868613513362,0.0001974639463344719,0.0001974639463344719
TAF9,755.1839484385201,0.22922144154825963,0.046978102774983155,4.879325217669815,1.064494103301537e-06,2.4641067206054097e-06,2.4641067206054097e-06
NBN,10552.680205041355,0.5879731378431242,0.09963446418678942,5.90130275344105,3.6064241082228454e-09,1.20414828321297e-08,1.2041482832129702e-08
NUCKS1,10351.578868986478,-0.06001868207113379,0.04888700299761923,-1.227702219218811,0.21955877306463856,0.2569441463600217,0.2569441463600217
ATG5,9791.112054656754,0.03452073477085276,0.02820174854398211,1.224063632686316,0.22092822380722021,0.258244563187867,0.258244563187867
PHF20L1,8959.261754591173,-0.31655423237847274,0.05644317843537027,-5.60837006620632,2.0424094703908687e-08,6.042631569203753e-08,6.042631569203753e-08
NPC1,12683.971283089666,0.1569883482081469,0.04770948031597696,3.290506355726843,0.001000072425653851,0.0016065420492431342,0.001606542049243134
CPSF6,10461.334802609612,-0.2010523583926912,0.06084977688456422,-3.3040771665293027,0.0009528959947720098,0.0015369290238258222,0.0015369290238258222
APBA2,12962.104297751233,-0.5147296752797557,0.09476549518252986,-5.431614896205878,5.5846340389006656e-08,1.5279436494940263e-07,1.527943649494026e-07
TACC1,11233.43356539861,-0.559980727434055,0.052521100123119745,-10.662014430797347,1.5324176444366034e-26,3.522799182612881e-25,3.5227991826128813e-25
ILF2,1508.723987613185,0.008498942090879952,0.04471645603073294,0.19006296216853047,0.849259792918373,0.8696976886004842,0.8696976886004842
HOOK3,10818.10746690171,-0.34661964451674704,0.05919443724766612,-5.855611787751447,4.752572125329178e-09,1.5455519106761556e-08,1.5455519106761556e-08
OFD1,9869.41509901479,0.30709802621246246,0.05563858420680656,5.51951546917496,3.399356696925434e-08,9.69650999712643e-08,9.69650999712643e-08
PIK3CB,12730.698568730577,0.12005002788670624,0.06665515557885564,1.8010614009396826,0.0716932027084109,0.09057890424309653,0.09057890424309652
SKIL,6591.4104982908175,-0.4110974297168952,0.05206755352526232,-7.895462757193642,2.8924003605969493e-15,2.1035638986159632e-14,2.1035638986159632e-14
ELK4,12683.36129226406,0.4236708215621739,0.06872484015504655,6.1647407343014855,7.059871650790418e-10,2.5955410480847123e-09,2.5955410480847128e-09
PSTPIP2,11337.216236300024,-1.0388770842255022,0.10592982682706223,-9.80721969763569,1.048167181724126e-22,1.6377612214439468e-21,1.6377612214439468e-21
DICER1,12287.951737894464,-0.47654644331395357,0.039429434525537925,-12.086058272159615,1.2514831247221354e-33,7.151332141269346e-32,7.151332141269345e-32
SNW1,5936.975048013531,0.12257792670547364,0.01916277146775503,6.3966700699705195,1.5880194186114513e-10,6.390420195619521e-10,6.390420195619521e-10
DMTF1,12480.59581255095,0.21423220561763762,0.035232448827624635,6.080536912599302,1.1978077236198658e-09,4.285537472700772e-09,4.2855374727007726e-09
PRDX6,2013.1039575936757,-0.022547581572723966,0.04189997250163778,-0.5381287916559523,0.5904881365109022,0.6298300696497924,0.6298300696497923
RAB9A,4541.6979045554135,0.5048394651072857,0.05802143927215916,8.700912480630699,3.2922610476651876e-18,3.1809285484687805e-17,3.1809285484687805e-17
NRF1,12923.862611168952,-0.18715712346074753,0.03437104785226438,-5.445196907152702,5.1748108410068895e-08,1.428740122362588e-07,1.428740122362588e-07
RAB5A,6528.230411860852,-0.07152216417950255,0.023806110456204243,-3.004361603340489,0.002661388084303482,0.004025807568720289,0.004025807568720288
CMPK1,5491.258363834629,-0.2824488125114439,0.05536317256985772,-5.101745427523099,3.3653523536566084e-07,8.268679001613288e-07,8.268679001613289e-07
ARSB,12870.17005326804,0.16353515394487841,0.07279718836856845,2.246448765533475,0.024675277751767047,0.03350343211373666,0.03350343211373666
YLPM1,12786.21362209939,-0.30642629268047306,0.06769629470008967,-4.526485445592153,5.9972727675762485e-06,1.2692640777939149e-05,1.269264077793915e-05
TNPO1,11386.259513314004,-0.0765641291650595,0.0334380477324241,-2.2897308412780646,0.02203692440665854,0.030125665627694517,0.030125665627694517
SUN2,11404.180304623655,-0.6971216404043052,0.08917417826548583,-7.817528055362194,5.387072536939883e-15,3.793713054183016e-14,3.793713054183016e-14
C1orf21,11412.199021040762,0.0993588444177006,0.16320740824821361,0.6087888134746366,0.5426644293466296,0.5835101390823973,0.5835101390823975
C9orf78,4239.93650854835,-0.06781494197404991,0.03919099395598816,-1.7303705552915223,0.08356409109231594,0.1048482949715382,0.10484829497153819
NOSIP,2083.3972198152624,-0.4451388241102873,0.06266350875736813,-7.103637075827592,1.2151570538003088e-12,6.6221092850153065e-12,6.622109285015307e-12
PLCG2,12487.752184313184,-0.33419141143217457,0.05667568201670508,-5.89655738652906,3.7116371185509514e-09,1.2351537832116312e-08,1.235153783211631e-08
DDX18,5323.907835025017,-0.21730845284003517,0.04408749104045077,-4.929027434123031,8.263997072712835e-07,1.9399054161297735e-06,1.9399054161297735e-06
APRT,799.8364230540416,-0.2818115736890188,0.056288159301283565,-5.006587125733076,5.540358985617729e-07,1.3270320923635278e-06,1.3270320923635278e-06
NDUFA11,968.8931193554362,-0.24661306738493188,0.057030732274509874,-4.324213587121634,1.5307693519601838e-05,3.049341338566103e-05,3.049341338566103e-05
PAM,12810.358163155674,0.004732547070324923,0.07202650842199637,0.06570562941351239,0.9476121904772108,0.9562181538619685,0.9562181538619685
C1QBP,1323.19028860609,-0.2779705911021974,0.06182782801550495,-4.495881547585481,6.9282299959988844e-06,1.452459118658047e-05,1.452459118658047e-05
MIR155HG,6356.556520206922,1.5454999043167326,0.13298339957585023,11.621750603805403,3.1952107058376877e-31,1.4523685026534944e-29,1.4523685026534944e-29
NFKBIZ,11473.829450071682,0.17347034665717911,0.055296477971188,3.1370957612809467,0.0017063038694898626,0.002664018531600098,0.002664018531600098
GALM,11047.280572785998,0.7439157681250682,0.12857545888284644,5.785830162215472,7.215508834925693e-09,2.2906377253732357e-08,2.290637725373236e-08
EVI2B,2772.6182013023936,-0.6736327242744269,0.08768269555504636,-7.682618788236575,1.5586889605212138e-14,1.0322443447160356e-13,1.0322443447160356e-13
BTBD7,12411.747661862513,-0.17409345512015428,0.030248942806687752,-5.755356682471028,8.645904615283814e-09,2.7060734320137133e-08,2.7060734320137133e-08
MRPS6,6525.594524808334,-0.24536174811790853,0.0821809677239484,-2.985627389325662,0.0028299723865819557,0.004262006606298126,0.004262006606298127
SGK3,11280.27466175467,-0.09273869302144147,0.08083604124941886,-1.147244367587189,0.2512806393957271,0.2901624011498003,0.29016240114980035
ANKRD10,11336.952655386085,0.04974108080402309,0.06292741800459352,0.7904516406567347,0.42926405382768196,0.4751124004733614,0.47511240047336134
CFDP1,9900.55498360431,-0.16710641014373917,0.04104284868232466,-4.07151100639134,4.6709154847362745e-05,8.730683149039766e-05,8.730683149039766e-05
EMILIN2,9797.832775896963,-0.4237583349939405,0.07712736238308315,-5.494267169272291,3.923361581592712e-08,1.1098618335481503e-07,1.1098618335481503e-07
AP3S1,3759.3663270206002,0.10285848497379808,0.04779223053895112,2.1522009710337215,0.031381529202541655,0.0416753375863767,0.041675337586376704
HTATIP2,1361.6126705051674,0.12758618518738318,0.03472067596847324,3.6746457731189586,0.00023817962834098272,0.00041100884959617383,0.00041100884959617383
PRR14L,12097.900605690193,-0.09187617571667128,0.01650692913032787,-5.565915682515952,2.6077932645414444e-08,7.580794373666989e-08,7.580794373666989e-08
TRIM5,10751.580331468644,0.8779198592822421,0.18041908125908734,4.866003380327174,1.1387757037375618e-06,2.6239071514690362e-06,2.6239071514690362e-06
ZRANB2,8375.283930854841,0.11102000405802356,0.03223251734038218,3.44434792000975,0.0005724385683853237,0.0009501055076934834,0.0009501055076934833
MSL3,7337.240866493648,0.13683375827424768,0.07056147636880102,1.9392133684825956,0.05247536244787978,0.06801732008798417,0.06801732008798417
RNF24,11814.876820510719,0.22005524337501697,0.08322255735927651,2.6441778570325107,0.008188961440612406,0.011748868637894413,0.011748868637894413
RPN2,4531.479252010309,-0.38325046256528267,0.04867280240293559,-7.874016774143414,3.434328680681001e-15,2.461884358911112e-14,2.4618843589111116e-14
TBC1D15,11277.110608790792,-0.19032098641465936,0.053324858525723176,-3.5690856324138425,0.0003582293295155022,0.0006081992012147745,0.0006081992012147745
UBE2W,11988.413912504688,-0.43312587385467866,0.027065954984059663,-16.002608225343078,1.2253232035363288e-57,3.0633080088408217e-55,3.0633080088408217e-55
PEA15,5580.597859819594,-0.23875822351795162,0.07357663440770564,-3.245027792314276,0.0011743916115699547,0.0018700503368948324,0.0018700503368948322
BTAF1,12422.873154112065,0.09907092531467489,0.04071338317589199,2.4333749147464294,0.014958802957657856,0.020877603569655068,0.020877603569655068
MIA3,9096.591625301713,0.0859614671209938,0.03973795341069335,2.163208211368577,0.030525168988634648,0.04059198003807799,0.040591980038077985
GBP3,7366.987325878957,0.7797489847789365,0.14841455424630046,5.253857943641489,1.4894577943101945e-07,3.838808748222151e-07,3.8388087482221505e-07
CSGALNACT2,11125.954947402848,-0.3497334817545431,0.07757551693641693,-4.508297147941592,6.535000858744205e-06,1.3757896544724642e-05,1.3757896544724642e-05
CKLF,4143.224083622906,-0.8839774213613385,0.0906712480333354,-9.749258343023394,1.8582082472803526e-22,2.83695915615321e-21,2.83695915615321e-21
R3HCC1L,12243.40147562595,-0.009530495100998754,0.027276869910611463,-0.34939841456263004,0.7267902234117796,0.7554991927357376,0.7554991927357376
ANP32A,7850.241143547121,-0.49744606082806114,0.0658347374771337,-7.555981536355916,4.1571281998125265e-14,2.6310937973497e-13,2.6310937973497006e-13
IDH2,4333.0685272514775,0.12241546504385249,0.1284904637208063,0.9527202369651804,0.3407318370675053,0.38349109405459236,0.38349109405459236
STOM,6874.666894491241,0.6801647513776807,0.13883392469125214,4.899125000537694,9.62643894309916e-07,2.2387067309532927e-06,2.2387067309532927e-06
NDUFA1,1606.521701318973,-0.08156342257809727,0.057250122328231734,-1.424685559804925,0.154248115110732,0.18572921747228416,0.18572921747228416
CWF19L2,11062.635128911083,-0.13859561562201794,0.050064664970809566,-2.7683320302418233,0.00563440209909181,0.008207432045290328,0.008207432045290328
PSIP1,8715.231849244607,-0.2156508928161211,0.07206940148856783,-2.992267014321316,0.0027691394539637293,0.004176680926038808,0.004176680926038808
ARID4A,10518.62116248246,-0.20194471891561938,0.07289640026799508,-2.7702975479336875,0.005600510456039361,0.008164009411136094,0.008164009411136094
MAPK14,12122.066183796633,-0.7135995136399463,0.06763571345924489,-10.550631865071379,5.0456618584436944e-26,1.1212581907652653e-24,1.1212581907652653e-24
ARHGAP31,12431.464349386219,-0.7286735354856204,0.08138307980279665,-8.95362447883891,3.4399757360446615e-19,3.659548655366661e-18,3.659548655366661e-18
MTR,12449.571180539491,-0.06435997962393826,0.049582466647975054,-1.298039084680486,0.1942739046909001,0.23059217173994076,0.2305921717399408
SPG21,3223.1060504297034,-0.6954093326591085,0.06944107947109665,-10.014379643227718,1.3178607519858643e-23,2.1604274622719083e-22,2.160427462271909e-22
USP10,10154.685213580357,-0.13713000113725066,0.04202498837952199,-3.2630586330886797,0.0011021671445773746,0.0017578423358490824,0.0017578423358490824
GGNBP2,8915.267654318317,-0.01255733187753763,0.023692440540673817,-0.5300142826561041,0.5961020281555413,0.6341510937824907,0.6341510937824907
FKBP15,11230.000999259717,-0.18300378347275692,0.0747921939699518,-2.446829993331654,0.014411880010763285,0.020128324037378888,0.02012832403737889
NDUFA9,5883.925758652003,0.5880843495998824,0.09449001576945786,6.223772372254909,4.853410970110799e-10,1.8384132462540905e-09,1.8384132462540903e-09
MGA,12385.381454362994,-0.19241507727478258,0.04501431299507578,-4.274531020740699,1.9154003734152127e-05,3.7630655666310664e-05,3.7630655666310664e-05
SYTL3,10945.197076293225,0.7904728751944692,0.08433601406835577,9.372898208750742,7.056767076770457e-21,8.876436574554034e-20,8.876436574554034e-20
PJA2,10350.421818518613,-0.3498916288753626,0.0425510515266658,-8.222866799333815,1.986954729226725e-16,1.635353686606358e-15,1.635353686606358e-15
GNB4,9887.549286595335,0.2199795683876041,0.16288996335824402,1.3504795743848435,0.1768622011960571,0.2105502395191156,0.21055023951911558
BCL11A,12515.111797108699,0.6611492665967736,0.10465581873360445,6.317367487035692,2.6605640086474495e-10,1.037256923449298e-09,1.037256923449298e-09
BAZ1B,11175.932402968707,-0.045231043684689866,0.03139139940732697,-1.4408737596493588,0.14962035053341458,0.18048293188590417,0.1804829318859042
TSC22D3,1472.8455364464828,-0.7029217531054017,0.118564323515892,-5.928611004229989,3.055078572933721e-09,1.0321211395046356e-08,1.0321211395046356e-08
UBE2L3,6522.730037291632,0.034229670652672836,0.02796319571772949,1.224097238319947,0.22091554773788535,0.258244563187867,0.258244563187867
COPB1,8291.155044211526,-0.060370280646016336,0.025427810406155195,-2.3741832144305577,0.017587820968123172,0.02434300480017048,0.02434300480017048
TMEM14B,7140.934058844486,-0.38600539721024485,0.0806724049552072,-4.784850500298977,1.7111464896009917e-06,3.853933535137369e-06,3.853933535137368e-06
PANK2,7861.168986798126,0.12675484292823033,0.06114056241717938,2.073171032731857,0.03815636520597735,0.05030502993536895,0.05030502993536896
EXOC6,12236.99153194719,0.09782483381709986,0.06454867030770181,1.5155205111239545,0.1296406400298099,0.15771367400220185,0.15771367400220182
TMED10,4695.241645145573,-0.6211293138864529,0.06616821379399507,-9.38712530188962,6.16601428233138e-21,7.854795264116408e-20,7.854795264116407e-20
RAC2,5025.474042576067,-0.0802799993017206,0.04706055638293727,-1.705887169043919,0.08802908915321073,0.10976195655013807,0.10976195655013805
TNFAIP6,1062.3063930413562,1.9482159993256865,0.2626571893383484,7.417333613572037,1.195016693187111e-13,7.220644671825444e-13,7.220644671825445e-13
DYNLRB1,2550.517623542421,-0.022599103736103448,0.03182227293009537,-0.7101662343776436,0.47760105690664345,0.521968368203982,0.521968368203982
