path,sha256
C:\Plugin\BioNexus\review\spatialwarrant-run-01\00_plan\analysis-plan.lock.md,854e2d06eb25903a870606934964fd8b7f0a40a16a9658ef565cf5ab14a03c82
C:\Plugin\BioNexus\review\spatialwarrant-run-01\03_scrna_reference\S2-run-01\annotation_evidence.csv,07c86b5bb240ffe19ebf49c3c76200953b3454f4778833ab7d66018511e6c458
C:\Plugin\BioNexus\review\spatialwarrant-run-01\03_scrna_reference\S2-run-01\batch-aware-HVG.csv,cb57531548a1b5aeb11dcdad5cbb80380df4e16bb01e62dcf3eee1ef10ab6eea
C:\Plugin\BioNexus\review\spatialwarrant-run-01\03_scrna_reference\S2-run-01\cell-QC-and-filter-flags.csv.gz,1dee2a078535e61e2f8554f9afcfb2f18a1f97578f9943455c077f00d588cfe3
C:\Plugin\BioNexus\review\spatialwarrant-run-01\03_scrna_reference\S2-run-01\cluster-marker-evidence.csv,efd9de9f079d66161c028af4af9070c575bdd461a6f42650d4017b074d9f8328
C:\Plugin\BioNexus\review\spatialwarrant-run-01\03_scrna_reference\S2-run-01\execution-environment.json,066efecc599f8385fae4b4f80b66437c22482558a65645110f91858542324b07
C:\Plugin\BioNexus\review\spatialwarrant-run-01\03_scrna_reference\S2-run-01\HVG-genes.txt,082a31ffa7439742636d566766e1cf9f34a385216e2b0dfd8ea5f71691e9012f
C:\Plugin\BioNexus\review\spatialwarrant-run-01\03_scrna_reference\S2-run-01\input-manifest.json,fd1966dc8a9318f4afa6511ddb6c8b1abd5ad43fb812f894bb7af9a9c86bbf40
C:\Plugin\BioNexus\review\spatialwarrant-run-01\03_scrna_reference\S2-run-01\input-validation.json,9352e4acd8cdfdf5ab7afd3c722d4f18ba751abc4b159ad126c6c0470aef3fcb
C:\Plugin\BioNexus\review\spatialwarrant-run-01\03_scrna_reference\S2-run-01\log1p-normalized-HVG.npz,e850fb4be37cea067900224acbddb8f9fc59123d244079a0f9f6893a54a790cc
C:\Plugin\BioNexus\review\spatialwarrant-run-01\03_scrna_reference\S2-run-01\output-manifest.json,93954e06cd60e9720472cdbe7ba6e9df8fb011a9c6839b4ccb7aecf2580743ac
C:\Plugin\BioNexus\review\spatialwarrant-run-01\03_scrna_reference\S2-run-01\preflight.json,be45c7504681311da93f3ca05a091c0b94d2a3f8d6d93c73880865a13410deb6
C:\Plugin\BioNexus\review\spatialwarrant-run-01\03_scrna_reference\S2-run-01\process.json,3a2b58b33bc2d6eeac78062c75a26ee4c07c9b0950f513e5aba99f1673f6eea5
C:\Plugin\BioNexus\review\spatialwarrant-run-01\03_scrna_reference\S2-run-01\producer-label-cluster-confusion.csv,8e62cfa8b887e13ab4c98210c2000b0a24662459546e055152ff9b8a2de6511c
C:\Plugin\BioNexus\review\spatialwarrant-run-01\03_scrna_reference\S2-run-01\producer-label-source-consistency.csv,4f88f6f506ca9296125b2f9e963b734ce2e77929148064d0726513eb3d00f75f
C:\Plugin\BioNexus\review\spatialwarrant-run-01\03_scrna_reference\S2-run-01\progress.json,32d6bb6a1b6bd1b4b9ae2d842201a8296a18552aa4749e32440d9b367d93460b
C:\Plugin\BioNexus\review\spatialwarrant-run-01\03_scrna_reference\S2-run-01\provenance.sidecar.json,82fcba0205a1eb110b5cd0e82139d512d9a89c9a39f93576a20a066512d57602
C:\Plugin\BioNexus\review\spatialwarrant-run-01\03_scrna_reference\S2-run-01\QC-summary-by-source.csv,e5361e27782bbcbd5a42da1101a777c005188ff2d000328953e54b60cc63c131
C:\Plugin\BioNexus\review\spatialwarrant-run-01\03_scrna_reference\S2-run-01\qc-thresholds-and-rationale.json,6d72faeb0cbd275b976ed2caf4075852cb0edb87296f7262dac8afc42936f20e
C:\Plugin\BioNexus\review\spatialwarrant-run-01\03_scrna_reference\S2-run-01\ref_40k.h5ad,0443b7a12dded30a692973acba9d22ad2c5cc795d48b43f799db4e87b6f3b110
C:\Plugin\BioNexus\review\spatialwarrant-run-01\03_scrna_reference\S2-run-01\Reference-EvidenceCard.json,66d4443b26c565fc0228bfcf4b76653e95dc654e096b481cdd39cdc1bacf06d3
C:\Plugin\BioNexus\review\spatialwarrant-run-01\03_scrna_reference\S2-run-01\Reference-EvidenceCard.md,24cb56d09856de808c8b24d45db708b7077b87371f2dd03b7ac8461d2022de07
C:\Plugin\BioNexus\review\spatialwarrant-run-01\03_scrna_reference\S2-run-01\run_spatialwarrant_s2_s3.py,0a5d42e3b418d627cc6bf8c57cf1c4ad45405577a030dab66aae031dc60c849a
C:\Plugin\BioNexus\review\spatialwarrant-run-01\03_scrna_reference\S2-run-01\S2-config.json,fac4ad292bf45666fd33cee3b3a6d705c25069076fdb26ab8b56621e191c86ed
C:\Plugin\BioNexus\review\spatialwarrant-run-01\03_scrna_reference\S2-run-01\S2-result.json,58b6e73f8bf1ec836ed3b2c1b4e5473865e926a50153be10f7acb87d584c8bc4
C:\Plugin\BioNexus\review\spatialwarrant-run-01\03_scrna_reference\S2-run-01\selected-barcodes.csv,7aa9c277ec81aea7d5b976f0883faffc8b6279acf5b3036b230b2d09f513875e
C:\Plugin\BioNexus\review\spatialwarrant-run-01\03_scrna_reference\S2-run-01\stratum-counts.csv,98e78a45b319bd7d58fcfbc1b503e27a2f24c2d62c07694de9837085e770b84e
C:\Plugin\BioNexus\review\spatialwarrant-run-01\03_scrna_reference\S2-run-01\SHA256SUMS.txt,4db04772f898b495ff83f1ee11ceb503f4658bb7a739640b6da1d9b37e72ba07
C:\Users\13264\Downloads\spatial-transcriptomics-task-design-revised\WORKBENCH_EXECUTION_GUIDE.zh-CN.md,ef0b6329017a8fbc61cb1f2a6277e2ac6536d70ac4a6caf0eead663c8b4bcd95
C:\Plugin\BioNexus\review\spatialwarrant-run-01\01_inputs\GSE176078\GSE176078_Wu_etal_2021_BRCA_scRNASeq-extracted\Wu_etal_2021_BRCA_scRNASeq\count_matrix_sparse.mtx,0de970612a7559e6fdbb7d66bf899275155561e5becc79d5bd0575df40b3f9a4
C:\Plugin\BioNexus\review\spatialwarrant-run-01\01_inputs\GSE176078\GSE176078_Wu_etal_2021_BRCA_scRNASeq-extracted\Wu_etal_2021_BRCA_scRNASeq\count_matrix_genes.tsv,a2a40b1ea2eab43ccf784d25fa25467be6dd05897bf551f2459e172442048d88
C:\Plugin\BioNexus\review\spatialwarrant-run-01\01_inputs\GSE176078\GSE176078_Wu_etal_2021_BRCA_scRNASeq-extracted\Wu_etal_2021_BRCA_scRNASeq\count_matrix_barcodes.tsv,583c7d9b150b5919737a767b57cfecfd1fa6d472903ead9b4d8052aff3792241
C:\Plugin\BioNexus\review\spatialwarrant-run-01\01_inputs\GSE176078\GSE176078_Wu_etal_2021_BRCA_scRNASeq-extracted\Wu_etal_2021_BRCA_scRNASeq\metadata.csv,2de14f17546839a859464aba6f29de5575b96cb79351c4604c9286f15969e268
C:\Plugin\BioNexus\review\spatialwarrant-run-01\04_visium_qc\S3-run-03\1142243F\1142243F-HE-pathology-domain-boundary.png,5b46943393aaf79b1aa7369ea6cad75b1dee3b683dac00c0474841e3180681a4
C:\Plugin\BioNexus\review\spatialwarrant-run-01\04_visium_qc\S3-run-03\1142243F\1142243F.h5ad,939c65156ab63ad98e5bb6051f4cfd4d84e933fda62b026830ab6643d11f04a1
C:\Plugin\BioNexus\review\spatialwarrant-run-01\04_visium_qc\S3-run-03\1142243F\domain-pathology-metrics.json,158b03dcffb86b5d8f2cd3d33a6a388500d3bba0209b2dcd51598d5092edbbc3
C:\Plugin\BioNexus\review\spatialwarrant-run-01\04_visium_qc\S3-run-03\1142243F\geometry-boundary-core-masks.csv,63eab9e4bca8417e8f26db55f3f9d063b89ee51bcfbcb459489941d568ae79b9
C:\Plugin\BioNexus\review\spatialwarrant-run-01\04_visium_qc\S3-run-03\1142243F\geometry-boundary-rule.json,97e4129dafcfebc9da2d92b58d7ba2c19cd6962c3366f83d59d3e72d3271ccbc
C:\Plugin\BioNexus\review\spatialwarrant-run-01\04_visium_qc\S3-run-03\1142243F\input-validation.json,8a4abfe1f2bd764643ec6e86ce5574b6d482a765d8a7cc5435958087d4d4e28c
C:\Plugin\BioNexus\review\spatialwarrant-run-01\04_visium_qc\S3-run-03\1142243F\Moran-statistics.json,10765099a7a30d1a078b1c16881c660c92ac145da1b0380760cd934eae13c0fd
C:\Plugin\BioNexus\review\spatialwarrant-run-01\04_visium_qc\S3-run-03\1142243F\section-result.json,749ab60bf9d5f1b1a5abd589b91b20e7933ae176d48694a9b6c468d08e70b7cf
C:\Plugin\BioNexus\review\spatialwarrant-run-01\04_visium_qc\S3-run-03\1142243F\spot-QC-and-metadata.csv.gz,d231b0af7a422ea268125a82fb15c465e42892a80a30cfb01236f09df612c654
C:\Plugin\BioNexus\review\spatialwarrant-run-01\04_visium_qc\S3-run-03\1160920F\1160920F-HE-pathology-domain-boundary.png,06fe9150ca3a31e738c871a0c6007d7b6dfcb6f8ffea1783c9c4c8a19badd7d7
C:\Plugin\BioNexus\review\spatialwarrant-run-01\04_visium_qc\S3-run-03\1160920F\1160920F.h5ad,fed2297c5b134eea622adba0957fce8115598390cffe684a4e9981b8dd74e6fe
C:\Plugin\BioNexus\review\spatialwarrant-run-01\04_visium_qc\S3-run-03\1160920F\domain-pathology-metrics.json,74d7ac7f5c28b15e03b5628f9970030402a3a04c407f0ac31d40480355bbecf7
C:\Plugin\BioNexus\review\spatialwarrant-run-01\04_visium_qc\S3-run-03\1160920F\geometry-boundary-core-masks.csv,e93de97ed28d487a9a6f799f3d923f15827c59b27acccbccf94477b2e2ecc064
C:\Plugin\BioNexus\review\spatialwarrant-run-01\04_visium_qc\S3-run-03\1160920F\geometry-boundary-rule.json,97e4129dafcfebc9da2d92b58d7ba2c19cd6962c3366f83d59d3e72d3271ccbc
C:\Plugin\BioNexus\review\spatialwarrant-run-01\04_visium_qc\S3-run-03\1160920F\input-validation.json,001013b34d66626d53b9a4c5cb809f16ab09713be7664fc2e0857ac1fb23422b
C:\Plugin\BioNexus\review\spatialwarrant-run-01\04_visium_qc\S3-run-03\1160920F\Moran-statistics.json,b0e552d97ac83c97fec1137997b341740d1d6f43f8823e5f748ce5d295cf4f88
C:\Plugin\BioNexus\review\spatialwarrant-run-01\04_visium_qc\S3-run-03\1160920F\section-result.json,cd909669030cdd9a2bc3de60537b2e34e8776337a878f49cc8002a1e3f568ff2
C:\Plugin\BioNexus\review\spatialwarrant-run-01\04_visium_qc\S3-run-03\1160920F\spot-QC-and-metadata.csv.gz,64023bf57423822037ab6257a5093ff03db2d04419d2c96c26e02d77c9b8c4b1
C:\Plugin\BioNexus\review\spatialwarrant-run-01\04_visium_qc\S3-run-03\boundary-core-spot-UMI-eligibility.csv,dbc23ba2d59161bd9260c3d26691cecd05e75dc9a6007deba48516877fc863e0
C:\Plugin\BioNexus\review\spatialwarrant-run-01\04_visium_qc\S3-run-03\CID4290\CID4290-HE-pathology-domain-boundary.png,dece8de34788b0899818b91bd8a8e1d1fc2fb1e8e935120a504752b469cbc080
C:\Plugin\BioNexus\review\spatialwarrant-run-01\04_visium_qc\S3-run-03\CID4290\CID4290.h5ad,077428b60526811f2779b8a09b7bcd7b4fe80afcf7f24f7ba90f60546eb7718b
C:\Plugin\BioNexus\review\spatialwarrant-run-01\04_visium_qc\S3-run-03\CID4290\domain-pathology-metrics.json,a4cabc3f5e09781f49ca9d3bc1d65aeb1904fe628e8243f0511362f434c589b3
C:\Plugin\BioNexus\review\spatialwarrant-run-01\04_visium_qc\S3-run-03\CID4290\geometry-boundary-core-masks.csv,4229e685e2f73fe061ec7e1fa5e183c26e4de4ef00ee2823526b1d095c4b77f7
C:\Plugin\BioNexus\review\spatialwarrant-run-01\04_visium_qc\S3-run-03\CID4290\geometry-boundary-rule.json,97e4129dafcfebc9da2d92b58d7ba2c19cd6962c3366f83d59d3e72d3271ccbc
C:\Plugin\BioNexus\review\spatialwarrant-run-01\04_visium_qc\S3-run-03\CID4290\input-validation.json,ae76bb39e08ababf1ba9fb950a7afc85892654481163afcff5714b493a39ff51
C:\Plugin\BioNexus\review\spatialwarrant-run-01\04_visium_qc\S3-run-03\CID4290\Moran-statistics.json,83695b079c4849473bed07043e2960c73516130110360a0bb0df0c9a7fa9f732
C:\Plugin\BioNexus\review\spatialwarrant-run-01\04_visium_qc\S3-run-03\CID4290\section-result.json,d188f4e64c5824bfd44ce033b9cda499c1d67fdf055fe165322b6593a52237d3
C:\Plugin\BioNexus\review\spatialwarrant-run-01\04_visium_qc\S3-run-03\CID4290\spot-QC-and-metadata.csv.gz,d545633fe2f9ad24e4f17a7fa9e5e232dd70b03393204076bdf194ea82e5aba0
C:\Plugin\BioNexus\review\spatialwarrant-run-01\04_visium_qc\S3-run-03\CID4465\CID4465-HE-pathology-domain-boundary.png,5a0443b23638667ec418e0d0af58f3ca48518853a6a7ca970098596c7774a80e
C:\Plugin\BioNexus\review\spatialwarrant-run-01\04_visium_qc\S3-run-03\CID4465\CID4465.h5ad,65049ddaaa20eef01da3e6759df826938820f712dd7c8cc1615de3c92201b097
C:\Plugin\BioNexus\review\spatialwarrant-run-01\04_visium_qc\S3-run-03\CID4465\domain-pathology-metrics.json,9a22567f4ca4f75909a4e006f01ba829c8c5f3d0cd5f5771133e2ae9844cbd22
C:\Plugin\BioNexus\review\spatialwarrant-run-01\04_visium_qc\S3-run-03\CID4465\geometry-boundary-core-masks.csv,70058c8e8d4bc3dfb8b3017fa923f3768dcba798d54424cbf57f7423f86db586
C:\Plugin\BioNexus\review\spatialwarrant-run-01\04_visium_qc\S3-run-03\CID4465\geometry-boundary-rule.json,97e4129dafcfebc9da2d92b58d7ba2c19cd6962c3366f83d59d3e72d3271ccbc
C:\Plugin\BioNexus\review\spatialwarrant-run-01\04_visium_qc\S3-run-03\CID4465\input-validation.json,a32a44b8b1e547f33e9b8d5aae6908b6f85cc9363e322a0b844a1c870a27c13d
C:\Plugin\BioNexus\review\spatialwarrant-run-01\04_visium_qc\S3-run-03\CID4465\Moran-statistics.json,33fce8ce81adb8905c8bea3ffa7c305bc5c6dc57c899b51f372d36b846487f35
C:\Plugin\BioNexus\review\spatialwarrant-run-01\04_visium_qc\S3-run-03\CID4465\section-result.json,208ae0c10b17d8f4dd020ea34462af1b1b2c8578873b67de49ac67e8a2becc24
C:\Plugin\BioNexus\review\spatialwarrant-run-01\04_visium_qc\S3-run-03\CID4465\spot-QC-and-metadata.csv.gz,50cc164755f99ffbde5b1b511e927b5c0ac280e0d62ba61b60b86d5e04697b75
C:\Plugin\BioNexus\review\spatialwarrant-run-01\04_visium_qc\S3-run-03\CID44971\CID44971-HE-pathology-domain-boundary.png,c4f05e7ebccd9167e434c2236ac80c0aed3d5dcfec1fbefe1c79c09f6ee20203
C:\Plugin\BioNexus\review\spatialwarrant-run-01\04_visium_qc\S3-run-03\CID44971\CID44971.h5ad,a7b0e3559aad38db4879da70539f9fc4a2d7ad7369212cc020509e31773db1b1
C:\Plugin\BioNexus\review\spatialwarrant-run-01\04_visium_qc\S3-run-03\CID44971\domain-pathology-metrics.json,1f5e8d18c03cd39f3df8efa2e8781e2cc377f9cd12d5892c1209d48294bbc7d8
C:\Plugin\BioNexus\review\spatialwarrant-run-01\04_visium_qc\S3-run-03\CID44971\geometry-boundary-core-masks.csv,0aa28acd49f9b9226c6929938aa2e4f83fc75f3a56c7c7254fa4ce47f418edc4
C:\Plugin\BioNexus\review\spatialwarrant-run-01\04_visium_qc\S3-run-03\CID44971\geometry-boundary-rule.json,97e4129dafcfebc9da2d92b58d7ba2c19cd6962c3366f83d59d3e72d3271ccbc
C:\Plugin\BioNexus\review\spatialwarrant-run-01\04_visium_qc\S3-run-03\CID44971\input-validation.json,d09f89a3c6b85d392642036adf350a270aa80d9005aa77186d94f21893906649
C:\Plugin\BioNexus\review\spatialwarrant-run-01\04_visium_qc\S3-run-03\CID44971\Moran-statistics.json,98f1646b5053cecc60f08c82fd8304d7182254abe3662a15e5e0d15035efd58d
C:\Plugin\BioNexus\review\spatialwarrant-run-01\04_visium_qc\S3-run-03\CID44971\section-result.json,bdece1a21971aeb7070209b9e1a1766d8bd44d234757f01d908a1c5193d18e5b
C:\Plugin\BioNexus\review\spatialwarrant-run-01\04_visium_qc\S3-run-03\CID44971\spot-QC-and-metadata.csv.gz,5c00a85477d4c0709aeee68028b26db9e46620bf4f6471235055955b2d2db810
C:\Plugin\BioNexus\review\spatialwarrant-run-01\04_visium_qc\S3-run-03\CID4535\CID4535-HE-pathology-domain-boundary.png,54742d0180aa27bcb75aea004cc1a98527746befae33c381031c4e0e0d75dee3
C:\Plugin\BioNexus\review\spatialwarrant-run-01\04_visium_qc\S3-run-03\CID4535\CID4535.h5ad,baf559dee9a88a2e0b42e7c1d69b1e1c25b04f09e146d595877552ff8ba135a3
C:\Plugin\BioNexus\review\spatialwarrant-run-01\04_visium_qc\S3-run-03\CID4535\domain-pathology-metrics.json,29da272b1a43815bc8c64e30ac892e81bb1e99976de799fd9aae2138b6cc9e97
C:\Plugin\BioNexus\review\spatialwarrant-run-01\04_visium_qc\S3-run-03\CID4535\geometry-boundary-core-masks.csv,393617426231596487b7b97d25ee770a521c65b035b176c745fe901807af2049
C:\Plugin\BioNexus\review\spatialwarrant-run-01\04_visium_qc\S3-run-03\CID4535\geometry-boundary-rule.json,a7ea778723e8909ee3c8555f82f90dd44d518da8169d4a8d63509ae507cf8a3d
C:\Plugin\BioNexus\review\spatialwarrant-run-01\04_visium_qc\S3-run-03\CID4535\input-validation.json,c2cd1f70dc2f8fe187507a2e8275cee959dbfc3cffaf636f4570d619e5f43317
C:\Plugin\BioNexus\review\spatialwarrant-run-01\04_visium_qc\S3-run-03\CID4535\Moran-statistics.json,3751c9c12cca9911a3629bbf094e73187b014cad75faa835c9e6bb8e98c4e3c8
C:\Plugin\BioNexus\review\spatialwarrant-run-01\04_visium_qc\S3-run-03\CID4535\section-result.json,6071f080440662c99b7b51bd6eccd053f32174fc863c5ccab77884e9f0d2f2f6
C:\Plugin\BioNexus\review\spatialwarrant-run-01\04_visium_qc\S3-run-03\CID4535\spot-QC-and-metadata.csv.gz,b2f35c1ff4e9123814dd1b813383cb420ad15e4c491930099d753d6ed0c66e02
C:\Plugin\BioNexus\review\spatialwarrant-run-01\04_visium_qc\S3-run-03\excluded-out-of-tissue-barcodes.csv,aa843ab1d45b0324dcf9d22eb679db19cce619e8438c06a4e87444070899c2e6
C:\Plugin\BioNexus\review\spatialwarrant-run-01\04_visium_qc\S3-run-03\execution-environment.json,066efecc599f8385fae4b4f80b66437c22482558a65645110f91858542324b07
C:\Plugin\BioNexus\review\spatialwarrant-run-01\04_visium_qc\S3-run-03\input-manifest.json,24bfc153025c69e25c1197ad4103d2359c14bbf7051e61c9d5bd7e03a877b71a
C:\Plugin\BioNexus\review\spatialwarrant-run-01\04_visium_qc\S3-run-03\output-manifest.json,795c782cf3fecd1ea794e4ae93d7f954555b737c4b5e17a85dfb5a210b7ff835
C:\Plugin\BioNexus\review\spatialwarrant-run-01\04_visium_qc\S3-run-03\preflight.json,dcd26eb8d82063075e3f04a2881532390eb82df4982cef3eb8156ae34a9db9fe
C:\Plugin\BioNexus\review\spatialwarrant-run-01\04_visium_qc\S3-run-03\process.json,feddf6ca589e7399c33d1817bd24dfc1f43a211fe828c118d7107961234b063e
C:\Plugin\BioNexus\review\spatialwarrant-run-01\04_visium_qc\S3-run-03\progress.json,0e4d77838274080abf519cd5929cfd6a0d283660e379ebb5dd40e49758a90a79
C:\Plugin\BioNexus\review\spatialwarrant-run-01\04_visium_qc\S3-run-03\provenance.sidecar.json,f269dbc8df5b10cd079307619a1645fce7cd2452726ebf9b396caafa925e1565
C:\Plugin\BioNexus\review\spatialwarrant-run-01\04_visium_qc\S3-run-03\run_spatialwarrant_s2_s3.py,b9a27c89d7bdac6c50482808e62a3f927cca632c2bf4a790106297757e3d6c38
C:\Plugin\BioNexus\review\spatialwarrant-run-01\04_visium_qc\S3-run-03\S3-config.json,087646826ad34083fa4b10edb6eb9c1ab3b7e79bdea2d7bb49410d6528543eb2
C:\Plugin\BioNexus\review\spatialwarrant-run-01\04_visium_qc\S3-run-03\S3-result.json,45eee3a67a4d697800119eea4572dad46536aa77de31bc4c63e67bf9509fbf81
C:\Plugin\BioNexus\review\spatialwarrant-run-01\04_visium_qc\S3-run-03\section-summary.csv,57030b443b655151e5ca4c7ccb2b3aed5bfd970edfc5b1eca8eea348de8445d1
C:\Plugin\BioNexus\review\spatialwarrant-run-01\04_visium_qc\S3-run-03\SHA256SUMS.txt,619b680a14222ff7c745e418d631c596796ff412855d0d6a61517c01f8e9f841
C:\Plugin\BioNexus\review\spatialwarrant-run-01\01_inputs\zenodo4739739\filtered_count_matrices-extracted\filtered_count_matrices\1142243F_filtered_count_matrix\matrix.mtx.gz,3b1fa8e91f81f7369e95e50e8c87207b22cdbf24739318a84ef6ce6257ce0ca9
C:\Plugin\BioNexus\review\spatialwarrant-run-01\01_inputs\zenodo4739739\filtered_count_matrices-extracted\filtered_count_matrices\1142243F_filtered_count_matrix\barcodes.tsv.gz,095597335f4464e63e3879e229089840b42fb398ca375e6db18afebe378602ed
C:\Plugin\BioNexus\review\spatialwarrant-run-01\01_inputs\zenodo4739739\filtered_count_matrices-extracted\filtered_count_matrices\1142243F_filtered_count_matrix\features.tsv.gz,995f7939b4c9705b73027e29803a5e7c9f4b73ee80a9c418f87875454440549f
C:\Plugin\BioNexus\review\spatialwarrant-run-01\01_inputs\zenodo4739739\raw_count_matrices-extracted\raw_count_matrices\1142243F_raw_feature_bc_matrix\matrix.mtx.gz,47c01f04e346d26fa82bb7a7a47bea3da8bd705551d016e0f95cdf1f1868b5ff
C:\Plugin\BioNexus\review\spatialwarrant-run-01\01_inputs\zenodo4739739\raw_count_matrices-extracted\raw_count_matrices\1142243F_raw_feature_bc_matrix\barcodes.tsv.gz,29d35c69b78ce801845e076c35039231fd7882af864c5a552c60d5cd7102d368
C:\Plugin\BioNexus\review\spatialwarrant-run-01\01_inputs\zenodo4739739\raw_count_matrices-extracted\raw_count_matrices\1142243F_raw_feature_bc_matrix\features.tsv.gz,9c2061dd4be86a2d36e3cdd38ea439faeafefabfbeaa793a3323acb50dacfc74
C:\Plugin\BioNexus\review\spatialwarrant-run-01\01_inputs\zenodo4739739\spatial-extracted\spatial\1142243F_spatial\tissue_positions_list.csv,82588e031ada452f8bb7fb989278697de18791901ec34b0bdd260f506913aab0
C:\Plugin\BioNexus\review\spatialwarrant-run-01\01_inputs\zenodo4739739\spatial-extracted\spatial\1142243F_spatial\tissue_lowres_image.png,e2510e3b92756abc5a125ccd3eb73051085ec99085a279407dc8716cecd99c50
C:\Plugin\BioNexus\review\spatialwarrant-run-01\01_inputs\zenodo4739739\spatial-extracted\spatial\1142243F_spatial\scalefactors_json.json,f525ca95d2274fe93c02b6dc5b25d14102744eab0ea4d823c667fcef4300bab2
C:\Plugin\BioNexus\review\spatialwarrant-run-01\01_inputs\zenodo4739739\metadata-extracted\metadata\1142243F_metadata.csv,b9b02fde7b7747c16cabf3c744455e6b8be1c9d9733cd848c1829d78b6df22ad
C:\Plugin\BioNexus\review\spatialwarrant-run-01\01_inputs\zenodo4739739\filtered_count_matrices-extracted\filtered_count_matrices\1160920F_filtered_count_matrix\matrix.mtx.gz,551c58fcf6af46d05726d27b2b64b67d6acb6f76c0428962db0e9c252a64fb15
C:\Plugin\BioNexus\review\spatialwarrant-run-01\01_inputs\zenodo4739739\filtered_count_matrices-extracted\filtered_count_matrices\1160920F_filtered_count_matrix\barcodes.tsv.gz,5fd106cab714af7cd06dc19026972310784abcc5b4ae773ce0c6bc8f8fbc02f0
C:\Plugin\BioNexus\review\spatialwarrant-run-01\01_inputs\zenodo4739739\filtered_count_matrices-extracted\filtered_count_matrices\1160920F_filtered_count_matrix\features.tsv.gz,995f7939b4c9705b73027e29803a5e7c9f4b73ee80a9c418f87875454440549f
C:\Plugin\BioNexus\review\spatialwarrant-run-01\01_inputs\zenodo4739739\raw_count_matrices-extracted\raw_count_matrices\1160920F_raw_feature_bc_matrix\matrix.mtx.gz,2e53f469414e17a5f284452cccce071635f6c6a3c1d616788728618740ee5e0a
C:\Plugin\BioNexus\review\spatialwarrant-run-01\01_inputs\zenodo4739739\raw_count_matrices-extracted\raw_count_matrices\1160920F_raw_feature_bc_matrix\barcodes.tsv.gz,f8fc5366932047b6b52a1249e5048b125f0e7efd2a024d4e911213a1dcb2896b
C:\Plugin\BioNexus\review\spatialwarrant-run-01\01_inputs\zenodo4739739\raw_count_matrices-extracted\raw_count_matrices\1160920F_raw_feature_bc_matrix\features.tsv.gz,63a4b7f33d80944cc8f11cc761b4aad7f3af801957fbb0eee88d24588fd59f6c
C:\Plugin\BioNexus\review\spatialwarrant-run-01\01_inputs\zenodo4739739\spatial-extracted\spatial\1160920F_spatial\tissue_positions_list.csv,041e1736f7114d39be219b626097c4e32b37ed3bcf2a5402604e2e30c2cf6823
C:\Plugin\BioNexus\review\spatialwarrant-run-01\01_inputs\zenodo4739739\spatial-extracted\spatial\1160920F_spatial\tissue_lowres_image.png,f0d8a45651a2062bc4ae8599160f71e2d17104f036ee3e3bb2a282a52fda2936
C:\Plugin\BioNexus\review\spatialwarrant-run-01\01_inputs\zenodo4739739\spatial-extracted\spatial\1160920F_spatial\scalefactors_json.json,5f98ac7d92278e2b432e431f0b8819a09657943b40ae68a9dd1c6a6348b6d110
C:\Plugin\BioNexus\review\spatialwarrant-run-01\01_inputs\zenodo4739739\metadata-extracted\metadata\1160920F_metadata.csv,47a36ffccead4e9e872b497d6da137ebf593e65d64733465eca0599d5cdeed7b
C:\Plugin\BioNexus\review\spatialwarrant-run-01\01_inputs\zenodo4739739\filtered_count_matrices-extracted\filtered_count_matrices\CID4290_filtered_count_matrix\matrix.mtx.gz,7ffcc5d132ca205c47d3b2cd4c75d7f93f4e188dd056a08a4ed60af227c83609
C:\Plugin\BioNexus\review\spatialwarrant-run-01\01_inputs\zenodo4739739\filtered_count_matrices-extracted\filtered_count_matrices\CID4290_filtered_count_matrix\barcodes.tsv.gz,0a8127a5840589ff55c152cf0a21caff35a76aec3e324cb0842c490c87eba619
C:\Plugin\BioNexus\review\spatialwarrant-run-01\01_inputs\zenodo4739739\filtered_count_matrices-extracted\filtered_count_matrices\CID4290_filtered_count_matrix\features.tsv.gz,c1f3374aacf0476b4ef2979dd355b13bd3bd3bd5afae5f14e13fcdabf0a1eb4b
C:\Plugin\BioNexus\review\spatialwarrant-run-01\01_inputs\zenodo4739739\raw_count_matrices-extracted\raw_count_matrices\CID4290_raw_feature_bc_matrix\matrix.mtx.gz,b9c5272d58db847cf07371c3d03f4f2ae3567e8d9ecdc7bb5414095dc02af88e
C:\Plugin\BioNexus\review\spatialwarrant-run-01\01_inputs\zenodo4739739\raw_count_matrices-extracted\raw_count_matrices\CID4290_raw_feature_bc_matrix\barcodes.tsv.gz,856fa22b6fb346931480b232fef560dec4a42ce7ea8237ffa207d2499b8d7274
C:\Plugin\BioNexus\review\spatialwarrant-run-01\01_inputs\zenodo4739739\raw_count_matrices-extracted\raw_count_matrices\CID4290_raw_feature_bc_matrix\features.tsv.gz,0a6e9f09c1343264d465b73d0e3b93efa9ccb3d7643cccf0600d81f5b20478d7
C:\Plugin\BioNexus\review\spatialwarrant-run-01\01_inputs\zenodo4739739\spatial-extracted\spatial\CID4290_spatial\tissue_positions_list.csv,e008ab738354fecce3e5be5a1ce68d4661aa22345a96b6ce72bcd6bd1ca4f3ea
C:\Plugin\BioNexus\review\spatialwarrant-run-01\01_inputs\zenodo4739739\spatial-extracted\spatial\CID4290_spatial\tissue_lowres_image.png,8bb762979ca863ae4e9f6ded64fa14473da7668cc3c382d794f2c47c86daa7cb
C:\Plugin\BioNexus\review\spatialwarrant-run-01\01_inputs\zenodo4739739\spatial-extracted\spatial\CID4290_spatial\scalefactors_json.json,905a47a7e3a048547743e51aea468e1e1539dca949eb93d35f7849f88a74136a
C:\Plugin\BioNexus\review\spatialwarrant-run-01\01_inputs\zenodo4739739\metadata-extracted\metadata\CID4290_metadata.csv,dee22664463eedad0884793d8db0c7e926d2d20a33354679d1ddaa32c78173ae
C:\Plugin\BioNexus\review\spatialwarrant-run-01\01_inputs\zenodo4739739\filtered_count_matrices-extracted\filtered_count_matrices\CID4465_filtered_count_matrix\matrix.mtx.gz,4ade0dfa655de502c4330d91072ca7733ede29c14ed03222ac91fdccbb69f5a8
C:\Plugin\BioNexus\review\spatialwarrant-run-01\01_inputs\zenodo4739739\filtered_count_matrices-extracted\filtered_count_matrices\CID4465_filtered_count_matrix\barcodes.tsv.gz,1a34dde90c3cc7e71d3304cebaa2229b93158916448b9e85c64bb37a344fd896
C:\Plugin\BioNexus\review\spatialwarrant-run-01\01_inputs\zenodo4739739\filtered_count_matrices-extracted\filtered_count_matrices\CID4465_filtered_count_matrix\features.tsv.gz,c1f3374aacf0476b4ef2979dd355b13bd3bd3bd5afae5f14e13fcdabf0a1eb4b
C:\Plugin\BioNexus\review\spatialwarrant-run-01\01_inputs\zenodo4739739\raw_count_matrices-extracted\raw_count_matrices\CID4465_raw_feature_bc_matrix\matrix.mtx.gz,976efddd8d1c39c9df6389eda98ea04bbd373afcd78c1824d2baf594f026714a
C:\Plugin\BioNexus\review\spatialwarrant-run-01\01_inputs\zenodo4739739\raw_count_matrices-extracted\raw_count_matrices\CID4465_raw_feature_bc_matrix\barcodes.tsv.gz,856fa22b6fb346931480b232fef560dec4a42ce7ea8237ffa207d2499b8d7274
C:\Plugin\BioNexus\review\spatialwarrant-run-01\01_inputs\zenodo4739739\raw_count_matrices-extracted\raw_count_matrices\CID4465_raw_feature_bc_matrix\features.tsv.gz,0a6e9f09c1343264d465b73d0e3b93efa9ccb3d7643cccf0600d81f5b20478d7
C:\Plugin\BioNexus\review\spatialwarrant-run-01\01_inputs\zenodo4739739\spatial-extracted\spatial\CID4465_spatial\tissue_positions_list.csv,7d32134c4fc40040b1d093e8aa0196d15bff7ab8209e01804f858de7847512e3
C:\Plugin\BioNexus\review\spatialwarrant-run-01\01_inputs\zenodo4739739\spatial-extracted\spatial\CID4465_spatial\tissue_lowres_image.png,f141224a1fd5ff06e1a051898e5e9603b2d8e1472a81524d60d4c54d9656bfa9
C:\Plugin\BioNexus\review\spatialwarrant-run-01\01_inputs\zenodo4739739\spatial-extracted\spatial\CID4465_spatial\scalefactors_json.json,e29ff3575af8681b26e60bb96bbc5226b494bc58bcb0729479d90472362d08ab
C:\Plugin\BioNexus\review\spatialwarrant-run-01\01_inputs\zenodo4739739\metadata-extracted\metadata\CID4465_metadata.csv,5ab11f448ea24776dc77d1249ba2cca2a7df2c1f66d37169a1135968958014ff
C:\Plugin\BioNexus\review\spatialwarrant-run-01\01_inputs\zenodo4739739\filtered_count_matrices-extracted\filtered_count_matrices\CID44971_filtered_count_matrix\matrix.mtx.gz,2d409c81d1ac0b7be727095391149d2694fb6c5a3af285eac77d4fd34a89d155
C:\Plugin\BioNexus\review\spatialwarrant-run-01\01_inputs\zenodo4739739\filtered_count_matrices-extracted\filtered_count_matrices\CID44971_filtered_count_matrix\barcodes.tsv.gz,4355cfc996e3b53ef15c45562a0756edcd73215338eda0bc3f0df85a8d4b2be3
C:\Plugin\BioNexus\review\spatialwarrant-run-01\01_inputs\zenodo4739739\filtered_count_matrices-extracted\filtered_count_matrices\CID44971_filtered_count_matrix\features.tsv.gz,c1f3374aacf0476b4ef2979dd355b13bd3bd3bd5afae5f14e13fcdabf0a1eb4b
C:\Plugin\BioNexus\review\spatialwarrant-run-01\01_inputs\zenodo4739739\raw_count_matrices-extracted\raw_count_matrices\CID44971_raw_feature_bc_matrix\matrix.mtx.gz,f7b58f3330c8f2cf416461019afab16e94ff1fdb47ebd682cf325864288db390
C:\Plugin\BioNexus\review\spatialwarrant-run-01\01_inputs\zenodo4739739\raw_count_matrices-extracted\raw_count_matrices\CID44971_raw_feature_bc_matrix\barcodes.tsv.gz,856fa22b6fb346931480b232fef560dec4a42ce7ea8237ffa207d2499b8d7274
C:\Plugin\BioNexus\review\spatialwarrant-run-01\01_inputs\zenodo4739739\raw_count_matrices-extracted\raw_count_matrices\CID44971_raw_feature_bc_matrix\features.tsv.gz,0a6e9f09c1343264d465b73d0e3b93efa9ccb3d7643cccf0600d81f5b20478d7
C:\Plugin\BioNexus\review\spatialwarrant-run-01\01_inputs\zenodo4739739\spatial-extracted\spatial\CID44971_spatial\tissue_positions_list.csv,cead0750892bf78dde7ece202e3559bcd9dfbbdb2131defb7947eaf1cd000dcc
C:\Plugin\BioNexus\review\spatialwarrant-run-01\01_inputs\zenodo4739739\spatial-extracted\spatial\CID44971_spatial\tissue_lowres_image.png,12320b431591cae64dd372bb2de06161a1ff43de00fa6e282e4a88a88649159d
C:\Plugin\BioNexus\review\spatialwarrant-run-01\01_inputs\zenodo4739739\spatial-extracted\spatial\CID44971_spatial\scalefactors_json.json,0cfda8539351e6c6ff02ce4288b6be03bafb7a338eed663bdeda55c176ead1a3
C:\Plugin\BioNexus\review\spatialwarrant-run-01\01_inputs\zenodo4739739\metadata-extracted\metadata\CID44971_metadata.csv,e4f6d435845d1000428755425a997a87e3a419433c2a232b32500347a5c650af
C:\Plugin\BioNexus\review\spatialwarrant-run-01\01_inputs\zenodo4739739\filtered_count_matrices-extracted\filtered_count_matrices\CID4535_filtered_count_matrix\matrix.mtx.gz,02df8aa223663419dbee285c1478eab151a8b01f0fc620e749ace0fdc661630f
C:\Plugin\BioNexus\review\spatialwarrant-run-01\01_inputs\zenodo4739739\filtered_count_matrices-extracted\filtered_count_matrices\CID4535_filtered_count_matrix\barcodes.tsv.gz,610ab98315767c012faf16341261c4a9f5e8cca22c8a62311d0591ecb1d2feca
C:\Plugin\BioNexus\review\spatialwarrant-run-01\01_inputs\zenodo4739739\filtered_count_matrices-extracted\filtered_count_matrices\CID4535_filtered_count_matrix\features.tsv.gz,c1f3374aacf0476b4ef2979dd355b13bd3bd3bd5afae5f14e13fcdabf0a1eb4b
C:\Plugin\BioNexus\review\spatialwarrant-run-01\01_inputs\zenodo4739739\raw_count_matrices-extracted\raw_count_matrices\CID4535_raw_feature_bc_matrix\matrix.mtx.gz,c0b37824b8647b11da77054939e1215e60664d2eb480202feaeab78a1dbc2be9
C:\Plugin\BioNexus\review\spatialwarrant-run-01\01_inputs\zenodo4739739\raw_count_matrices-extracted\raw_count_matrices\CID4535_raw_feature_bc_matrix\barcodes.tsv.gz,856fa22b6fb346931480b232fef560dec4a42ce7ea8237ffa207d2499b8d7274
C:\Plugin\BioNexus\review\spatialwarrant-run-01\01_inputs\zenodo4739739\raw_count_matrices-extracted\raw_count_matrices\CID4535_raw_feature_bc_matrix\features.tsv.gz,0a6e9f09c1343264d465b73d0e3b93efa9ccb3d7643cccf0600d81f5b20478d7
C:\Plugin\BioNexus\review\spatialwarrant-run-01\01_inputs\zenodo4739739\spatial-extracted\spatial\CID4535_spatial\tissue_positions_list.csv,9c25e3269b868bfca4800225b097ecbbb5b6270f68a72ad3ca4f81ca843b5aef
C:\Plugin\BioNexus\review\spatialwarrant-run-01\01_inputs\zenodo4739739\spatial-extracted\spatial\CID4535_spatial\tissue_lowres_image.png,92ed8e343611c6e41e1040daf9962a03cb0853dc0697682c5269216ab1c092f4
C:\Plugin\BioNexus\review\spatialwarrant-run-01\01_inputs\zenodo4739739\spatial-extracted\spatial\CID4535_spatial\scalefactors_json.json,3cb1a66ffddc6a023b977c725b0a3e8a82639fecd99bdd9e43881d5bc2de6b71
C:\Plugin\BioNexus\review\spatialwarrant-run-01\01_inputs\zenodo4739739\metadata-extracted\metadata\CID4535_metadata.csv,7c002213c4261019ecae8b4c99065fc4085f5cc289dba1f54c8d2d5fcc46a246
C:\Plugin\BioNexus\review\spatialwarrant-run-01\06_deconvolution\S4-run-02\1142243F-composition.png,9fda835d2aae04ecdf8ea5a7cd110aed35885e8802ec7736ce622327b2a0d360
C:\Plugin\BioNexus\review\spatialwarrant-run-01\06_deconvolution\S4-run-02\1160920F-composition.png,310446a40d9377936bfa0854884cf82bc4c40efa0286b483f3afa662ea7188eb
C:\Plugin\BioNexus\review\spatialwarrant-run-01\06_deconvolution\S4-run-02\CID4290-composition.png,6fe5be492c01579379680443ef068f086fdc39b833ba50d7209d3cfc59ae0b7e
C:\Plugin\BioNexus\review\spatialwarrant-run-01\06_deconvolution\S4-run-02\CID4465-composition.png,3a6fab4d8d0b5354f8d3efcf802ba636271dd3c4f0dabf8047fa4929130349e8
C:\Plugin\BioNexus\review\spatialwarrant-run-01\06_deconvolution\S4-run-02\CID44971-composition.png,e2f2c1ccb29ff603724ce523c637fcb0b4ea70727c79f46794b51ee350508e1b
C:\Plugin\BioNexus\review\spatialwarrant-run-01\06_deconvolution\S4-run-02\CID4535-composition.png,6bad7e0af28d1063dfc4b727dda0a1b7493aff5b0c5bf95125031c6aa67de52a
C:\Plugin\BioNexus\review\spatialwarrant-run-01\06_deconvolution\S4-run-02\deterministic-marker-gene-union.csv,e7078bcb06964260324930108769ecb5c398cea63f910a88d2cd0c1a70ac0bcd
C:\Plugin\BioNexus\review\spatialwarrant-run-01\06_deconvolution\S4-run-02\execution-environment.json,ceeaa82d15d852e658f76b35618b7b5c63669b09fcff01cb9db1c078d620c0bc
C:\Plugin\BioNexus\review\spatialwarrant-run-01\06_deconvolution\S4-run-02\ingest-label-agreement.csv,8ad5801d911883b051ae3c97ea7a9e2707033138dbf7ac9090d187ff0020185a
C:\Plugin\BioNexus\review\spatialwarrant-run-01\06_deconvolution\S4-run-02\ingest_confusion_by_section.csv,e414d41681df79f563ed8e2fe8c51097b0059ee2f32779afc585ebafbdeb13cb
C:\Plugin\BioNexus\review\spatialwarrant-run-01\06_deconvolution\S4-run-02\ingest_labels.csv.gz,3898acfcc951d1fd5516a928a0bd2dde00585571c1971a79d57cba8b7e347abb
C:\Plugin\BioNexus\review\spatialwarrant-run-01\06_deconvolution\S4-run-02\ingest_maps.png,7282ab3f1ce2265d281e0a29558dd8a27f6be4060016f1657ea7978206068373
C:\Plugin\BioNexus\review\spatialwarrant-run-01\06_deconvolution\S4-run-02\input-manifest.json,1e2595ddfa76c666588ac82beb2fac66bf2fe8d853a2eb2c709c9308088cf24b
C:\Plugin\BioNexus\review\spatialwarrant-run-01\06_deconvolution\S4-run-02\method-comparison.png,bcbd8104152d2ba2a0b252c4f187ab3959b4845e2c136eefe39ccab3c7cc3034
C:\Plugin\BioNexus\review\spatialwarrant-run-01\06_deconvolution\S4-run-02\normalization-and-feature-map.json,21a04883d8fed3d033da5fe5076944d24fafe9a15408d337e4dfe1ca2c2ef0a0
C:\Plugin\BioNexus\review\spatialwarrant-run-01\06_deconvolution\S4-run-02\output-manifest.json,df0c14c46057987f2ab9185cd20e80a2275e9262763e7b4bd690c319ee6abd35
C:\Plugin\BioNexus\review\spatialwarrant-run-01\06_deconvolution\S4-run-02\preflight.json,3b7887b2aa36094b52ca85d152acfa401b1054437c3f94eb888ac09fec8ce041
C:\Plugin\BioNexus\review\spatialwarrant-run-01\06_deconvolution\S4-run-02\process.json,31ca94e4d555079b84fe0d717af1b66ec0ddd5ebc9b2199d0b14e37dbba4a78d
C:\Plugin\BioNexus\review\spatialwarrant-run-01\06_deconvolution\S4-run-02\progress.json,f1da9756f311648bee9ed9422f70ef03a30b9d3dd1ffd5f9b9b46cd0f899f45d
C:\Plugin\BioNexus\review\spatialwarrant-run-01\06_deconvolution\S4-run-02\project-environment-install.log,aa20640de77e788a0657f99281648f89ab577e0a7c915ee4233b4ca109f2daca
C:\Plugin\BioNexus\review\spatialwarrant-run-01\06_deconvolution\S4-run-02\proportions_marker_nnls.csv.gz,3cbeefa2c127fff67b970a9249f8ab5991b12579c337c0e6d35001c2723af5c7
C:\Plugin\BioNexus\review\spatialwarrant-run-01\06_deconvolution\S4-run-02\proportions_tangram.csv.gz,1728f720f5b146234b968cf571c4911f809bf70e634f1e1e64368fa87e6f5f1c
C:\Plugin\BioNexus\review\spatialwarrant-run-01\06_deconvolution\S4-run-02\provenance.sidecar.json,f5c64b9f953e0336c20be7d7322fc1a19e9a2b7acaf58ee4ca5f1aa468215672
C:\Plugin\BioNexus\review\spatialwarrant-run-01\06_deconvolution\S4-run-02\reference-marker-top50-by-producer-label.csv,00e1b7c5cdd194173e97868a1d69504dcd94273c644e1543c6c58b31217d0a9f
C:\Plugin\BioNexus\review\spatialwarrant-run-01\06_deconvolution\S4-run-02\residuals.csv,d92793f3c8a2e29235a24d587a890ee7719ac4bceba9284cb7432213c4ccdaee
C:\Plugin\BioNexus\review\spatialwarrant-run-01\06_deconvolution\S4-run-02\run_spatialwarrant_s4_s5.py,334fc0e5083ebcc08d4b56933f815743de0596d825f781f310d5e3cf5eed5ac5
C:\Plugin\BioNexus\review\spatialwarrant-run-01\06_deconvolution\S4-run-02\S4-config.json,77a674b73759dda0a3d5a7f3335b84a2fa6ed34c7bd762034d9a4996cd1b4295
C:\Plugin\BioNexus\review\spatialwarrant-run-01\06_deconvolution\S4-run-02\S4-result.json,5769e9682db4e8a39308563e5d4c0f0798a44c34293bdeda7582fa431367a1c6
C:\Plugin\BioNexus\review\spatialwarrant-run-01\06_deconvolution\S4-run-02\tangram-grid\1142243F\genes-1000_seed-20260904\candidate-training-genes.txt,d5fd37de7505ef7e77606bbcc2794b1ff6c50aeb3bce9e627b74eadfef0c7998
C:\Plugin\BioNexus\review\spatialwarrant-run-01\06_deconvolution\S4-run-02\tangram-grid\1142243F\genes-1000_seed-20260904\run.json,db1df7bba7698cd5e3451e4bbc3f8510eb451212cbfb96e5abbcb0e7b5241170
C:\Plugin\BioNexus\review\spatialwarrant-run-01\06_deconvolution\S4-run-02\tangram-grid\1142243F\genes-1000_seed-20260904\spot-by-celltype-composition.csv.gz,999ad28cbc77d90e6213ada9b3d2e3ba2a2141de3ef491a83d06932f2b8aeadb
C:\Plugin\BioNexus\review\spatialwarrant-run-01\06_deconvolution\S4-run-02\tangram-grid\1142243F\genes-1000_seed-20260904\training-genes.txt,95d56d48299e66debf883940948bc37cbe5c4c059bd4e996397acaed64db75e3
C:\Plugin\BioNexus\review\spatialwarrant-run-01\06_deconvolution\S4-run-02\tangram-grid\1142243F\genes-1000_seed-20260905\candidate-training-genes.txt,d5fd37de7505ef7e77606bbcc2794b1ff6c50aeb3bce9e627b74eadfef0c7998
C:\Plugin\BioNexus\review\spatialwarrant-run-01\06_deconvolution\S4-run-02\tangram-grid\1142243F\genes-1000_seed-20260905\run.json,e921d490d37eb431dcd35f30ff0c56ec1295be10bceab7b0f557ed29eb0faf76
C:\Plugin\BioNexus\review\spatialwarrant-run-01\06_deconvolution\S4-run-02\tangram-grid\1142243F\genes-1000_seed-20260905\spot-by-celltype-composition.csv.gz,59e4c14e373896180798b15fb24fa1a44ce5ded133fa944e0b89b663b1ca1538
C:\Plugin\BioNexus\review\spatialwarrant-run-01\06_deconvolution\S4-run-02\tangram-grid\1142243F\genes-1000_seed-20260905\training-genes.txt,95d56d48299e66debf883940948bc37cbe5c4c059bd4e996397acaed64db75e3
C:\Plugin\BioNexus\review\spatialwarrant-run-01\06_deconvolution\S4-run-02\tangram-grid\1142243F\genes-1000_seed-20260906\candidate-training-genes.txt,d5fd37de7505ef7e77606bbcc2794b1ff6c50aeb3bce9e627b74eadfef0c7998
C:\Plugin\BioNexus\review\spatialwarrant-run-01\06_deconvolution\S4-run-02\tangram-grid\1142243F\genes-1000_seed-20260906\run.json,70fdc8e114d6f931f6eff897047c3d4788f0789c7cece9561b16839f4d94661f
C:\Plugin\BioNexus\review\spatialwarrant-run-01\06_deconvolution\S4-run-02\tangram-grid\1142243F\genes-1000_seed-20260906\spot-by-celltype-composition.csv.gz,fc0d442e82a6b05669a199f487f8547f61d54715b41714f014682ac0ab62614c
C:\Plugin\BioNexus\review\spatialwarrant-run-01\06_deconvolution\S4-run-02\tangram-grid\1142243F\genes-1000_seed-20260906\training-genes.txt,95d56d48299e66debf883940948bc37cbe5c4c059bd4e996397acaed64db75e3
C:\Plugin\BioNexus\review\spatialwarrant-run-01\06_deconvolution\S4-run-02\tangram-grid\1142243F\genes-2000_seed-20260904\candidate-training-genes.txt,d5fd37de7505ef7e77606bbcc2794b1ff6c50aeb3bce9e627b74eadfef0c7998
C:\Plugin\BioNexus\review\spatialwarrant-run-01\06_deconvolution\S4-run-02\tangram-grid\1142243F\genes-2000_seed-20260904\run.json,747c4d2ffef8140ed4fd2972455e119d96351c3645f7d5062ce51deae5e966e0
C:\Plugin\BioNexus\review\spatialwarrant-run-01\06_deconvolution\S4-run-02\tangram-grid\1142243F\genes-2000_seed-20260904\spot-by-celltype-composition.csv.gz,999ad28cbc77d90e6213ada9b3d2e3ba2a2141de3ef491a83d06932f2b8aeadb
C:\Plugin\BioNexus\review\spatialwarrant-run-01\06_deconvolution\S4-run-02\tangram-grid\1142243F\genes-2000_seed-20260904\training-genes.txt,95d56d48299e66debf883940948bc37cbe5c4c059bd4e996397acaed64db75e3
C:\Plugin\BioNexus\review\spatialwarrant-run-01\06_deconvolution\S4-run-02\tangram-grid\1142243F\genes-2000_seed-20260905\candidate-training-genes.txt,d5fd37de7505ef7e77606bbcc2794b1ff6c50aeb3bce9e627b74eadfef0c7998
C:\Plugin\BioNexus\review\spatialwarrant-run-01\06_deconvolution\S4-run-02\tangram-grid\1142243F\genes-2000_seed-20260905\run.json,58ad55b4dac74b90812d1120e0961d33aecf9ac98fec06494df8c137f9d4aefa
C:\Plugin\BioNexus\review\spatialwarrant-run-01\06_deconvolution\S4-run-02\tangram-grid\1142243F\genes-2000_seed-20260905\spot-by-celltype-composition.csv.gz,59e4c14e373896180798b15fb24fa1a44ce5ded133fa944e0b89b663b1ca1538
C:\Plugin\BioNexus\review\spatialwarrant-run-01\06_deconvolution\S4-run-02\tangram-grid\1142243F\genes-2000_seed-20260905\training-genes.txt,95d56d48299e66debf883940948bc37cbe5c4c059bd4e996397acaed64db75e3
C:\Plugin\BioNexus\review\spatialwarrant-run-01\06_deconvolution\S4-run-02\tangram-grid\1142243F\genes-2000_seed-20260906\candidate-training-genes.txt,d5fd37de7505ef7e77606bbcc2794b1ff6c50aeb3bce9e627b74eadfef0c7998
C:\Plugin\BioNexus\review\spatialwarrant-run-01\06_deconvolution\S4-run-02\tangram-grid\1142243F\genes-2000_seed-20260906\run.json,7f502a7489dc536cd963cf3e81e90164b95e9ed66a9c1af90a3c7c6f8a442175
C:\Plugin\BioNexus\review\spatialwarrant-run-01\06_deconvolution\S4-run-02\tangram-grid\1142243F\genes-2000_seed-20260906\spot-by-celltype-composition.csv.gz,fc0d442e82a6b05669a199f487f8547f61d54715b41714f014682ac0ab62614c
C:\Plugin\BioNexus\review\spatialwarrant-run-01\06_deconvolution\S4-run-02\tangram-grid\1142243F\genes-2000_seed-20260906\training-genes.txt,95d56d48299e66debf883940948bc37cbe5c4c059bd4e996397acaed64db75e3
C:\Plugin\BioNexus\review\spatialwarrant-run-01\06_deconvolution\S4-run-02\tangram-grid\1142243F\genes-500_seed-20260904\candidate-training-genes.txt,c37a88a1ff5ea2b96958267745ed474d048eb4c082b5249db2494695c000ebdb
C:\Plugin\BioNexus\review\spatialwarrant-run-01\06_deconvolution\S4-run-02\tangram-grid\1142243F\genes-500_seed-20260904\run.json,2bc52060525fb5f4533ce06031516698eff746521ed97baad2454ffef4ca30fa
C:\Plugin\BioNexus\review\spatialwarrant-run-01\06_deconvolution\S4-run-02\tangram-grid\1142243F\genes-500_seed-20260904\spot-by-celltype-composition.csv.gz,007e31515779b74e3393f994b1f504b39176b01a7851acc4f574f176deb505dd
C:\Plugin\BioNexus\review\spatialwarrant-run-01\06_deconvolution\S4-run-02\tangram-grid\1142243F\genes-500_seed-20260904\training-genes.txt,094abfb4000fca85f95d83e90204756ee14dfb1c46e5fc7cbb22f2284562742b
C:\Plugin\BioNexus\review\spatialwarrant-run-01\06_deconvolution\S4-run-02\tangram-grid\1142243F\genes-500_seed-20260905\candidate-training-genes.txt,c37a88a1ff5ea2b96958267745ed474d048eb4c082b5249db2494695c000ebdb
C:\Plugin\BioNexus\review\spatialwarrant-run-01\06_deconvolution\S4-run-02\tangram-grid\1142243F\genes-500_seed-20260905\run.json,50f093787962a42f9f7e618dd379ea18e69c86ffe43b99ff775d8824d4cc41c8
C:\Plugin\BioNexus\review\spatialwarrant-run-01\06_deconvolution\S4-run-02\tangram-grid\1142243F\genes-500_seed-20260905\spot-by-celltype-composition.csv.gz,bd4ac824f3081d5b8c15e7b4a51c1d3388f381439c0fdea7808ebf4ae269336b
C:\Plugin\BioNexus\review\spatialwarrant-run-01\06_deconvolution\S4-run-02\tangram-grid\1142243F\genes-500_seed-20260905\training-genes.txt,094abfb4000fca85f95d83e90204756ee14dfb1c46e5fc7cbb22f2284562742b
C:\Plugin\BioNexus\review\spatialwarrant-run-01\06_deconvolution\S4-run-02\tangram-grid\1142243F\genes-500_seed-20260906\candidate-training-genes.txt,c37a88a1ff5ea2b96958267745ed474d048eb4c082b5249db2494695c000ebdb
C:\Plugin\BioNexus\review\spatialwarrant-run-01\06_deconvolution\S4-run-02\tangram-grid\1142243F\genes-500_seed-20260906\run.json,a6fc43c2adbc5b3a1a7d3c517c88e4dced381f580a7f5e209b72d8dd0e26e2f0
C:\Plugin\BioNexus\review\spatialwarrant-run-01\06_deconvolution\S4-run-02\tangram-grid\1142243F\genes-500_seed-20260906\spot-by-celltype-composition.csv.gz,5558110fb9e39b2b7b9bd0a66f3df6e329ff012d5d5487ad9478bbc11a4d8c27
C:\Plugin\BioNexus\review\spatialwarrant-run-01\06_deconvolution\S4-run-02\tangram-grid\1142243F\genes-500_seed-20260906\training-genes.txt,094abfb4000fca85f95d83e90204756ee14dfb1c46e5fc7cbb22f2284562742b
C:\Plugin\BioNexus\review\spatialwarrant-run-01\06_deconvolution\S4-run-02\tangram-grid\1160920F\genes-1000_seed-20260904\candidate-training-genes.txt,d5fd37de7505ef7e77606bbcc2794b1ff6c50aeb3bce9e627b74eadfef0c7998
C:\Plugin\BioNexus\review\spatialwarrant-run-01\06_deconvolution\S4-run-02\tangram-grid\1160920F\genes-1000_seed-20260904\run.json,64c47e13fe37e82696b9885d0d41e65e7df48432109aac63bf904e00b936b99f
C:\Plugin\BioNexus\review\spatialwarrant-run-01\06_deconvolution\S4-run-02\tangram-grid\1160920F\genes-1000_seed-20260904\spot-by-celltype-composition.csv.gz,6b3a5873c924bef2ec13c4644265a77d1e2a089b073b436e76b70c91692a472b
C:\Plugin\BioNexus\review\spatialwarrant-run-01\06_deconvolution\S4-run-02\tangram-grid\1160920F\genes-1000_seed-20260904\training-genes.txt,879502b8477911f27bfc0c85628fde0cd5c5e677c32e24bf7e30a7848fb32f3e
C:\Plugin\BioNexus\review\spatialwarrant-run-01\06_deconvolution\S4-run-02\tangram-grid\1160920F\genes-1000_seed-20260905\candidate-training-genes.txt,d5fd37de7505ef7e77606bbcc2794b1ff6c50aeb3bce9e627b74eadfef0c7998
C:\Plugin\BioNexus\review\spatialwarrant-run-01\06_deconvolution\S4-run-02\tangram-grid\1160920F\genes-1000_seed-20260905\run.json,df4cccbf7ba7d8af6894c153c9abbd26cf0666b50d31f1401cbedea90a1df622
C:\Plugin\BioNexus\review\spatialwarrant-run-01\06_deconvolution\S4-run-02\tangram-grid\1160920F\genes-1000_seed-20260905\spot-by-celltype-composition.csv.gz,26e9c3592431771f1895a0ede262a3a7c3ef8784762b38566e9ad2b411fe99aa
C:\Plugin\BioNexus\review\spatialwarrant-run-01\06_deconvolution\S4-run-02\tangram-grid\1160920F\genes-1000_seed-20260905\training-genes.txt,879502b8477911f27bfc0c85628fde0cd5c5e677c32e24bf7e30a7848fb32f3e
C:\Plugin\BioNexus\review\spatialwarrant-run-01\06_deconvolution\S4-run-02\tangram-grid\1160920F\genes-1000_seed-20260906\candidate-training-genes.txt,d5fd37de7505ef7e77606bbcc2794b1ff6c50aeb3bce9e627b74eadfef0c7998
C:\Plugin\BioNexus\review\spatialwarrant-run-01\06_deconvolution\S4-run-02\tangram-grid\1160920F\genes-1000_seed-20260906\run.json,21061bc135838dfd634c46078b62fd403636fe270b1c41571df36b95841f4f1f
C:\Plugin\BioNexus\review\spatialwarrant-run-01\06_deconvolution\S4-run-02\tangram-grid\1160920F\genes-1000_seed-20260906\spot-by-celltype-composition.csv.gz,7c67f8b941f85c6697ab07f846b9abcaaf57e5322b746e3533e2196914cd865f
C:\Plugin\BioNexus\review\spatialwarrant-run-01\06_deconvolution\S4-run-02\tangram-grid\1160920F\genes-1000_seed-20260906\training-genes.txt,879502b8477911f27bfc0c85628fde0cd5c5e677c32e24bf7e30a7848fb32f3e
C:\Plugin\BioNexus\review\spatialwarrant-run-01\06_deconvolution\S4-run-02\tangram-grid\1160920F\genes-2000_seed-20260904\candidate-training-genes.txt,d5fd37de7505ef7e77606bbcc2794b1ff6c50aeb3bce9e627b74eadfef0c7998
C:\Plugin\BioNexus\review\spatialwarrant-run-01\06_deconvolution\S4-run-02\tangram-grid\1160920F\genes-2000_seed-20260904\run.json,f2a52482de7a59217d54886493185abf360cac281472aeba526154550d0cae3c
C:\Plugin\BioNexus\review\spatialwarrant-run-01\06_deconvolution\S4-run-02\tangram-grid\1160920F\genes-2000_seed-20260904\spot-by-celltype-composition.csv.gz,6b3a5873c924bef2ec13c4644265a77d1e2a089b073b436e76b70c91692a472b
C:\Plugin\BioNexus\review\spatialwarrant-run-01\06_deconvolution\S4-run-02\tangram-grid\1160920F\genes-2000_seed-20260904\training-genes.txt,879502b8477911f27bfc0c85628fde0cd5c5e677c32e24bf7e30a7848fb32f3e
C:\Plugin\BioNexus\review\spatialwarrant-run-01\06_deconvolution\S4-run-02\tangram-grid\1160920F\genes-2000_seed-20260905\candidate-training-genes.txt,d5fd37de7505ef7e77606bbcc2794b1ff6c50aeb3bce9e627b74eadfef0c7998
C:\Plugin\BioNexus\review\spatialwarrant-run-01\06_deconvolution\S4-run-02\tangram-grid\1160920F\genes-2000_seed-20260905\run.json,0d7c0e8612293f65cf8262c44b688a0eb886efffd6675c8c38aff964412f9b56
C:\Plugin\BioNexus\review\spatialwarrant-run-01\06_deconvolution\S4-run-02\tangram-grid\1160920F\genes-2000_seed-20260905\spot-by-celltype-composition.csv.gz,26e9c3592431771f1895a0ede262a3a7c3ef8784762b38566e9ad2b411fe99aa
C:\Plugin\BioNexus\review\spatialwarrant-run-01\06_deconvolution\S4-run-02\tangram-grid\1160920F\genes-2000_seed-20260905\training-genes.txt,879502b8477911f27bfc0c85628fde0cd5c5e677c32e24bf7e30a7848fb32f3e
C:\Plugin\BioNexus\review\spatialwarrant-run-01\06_deconvolution\S4-run-02\tangram-grid\1160920F\genes-2000_seed-20260906\candidate-training-genes.txt,d5fd37de7505ef7e77606bbcc2794b1ff6c50aeb3bce9e627b74eadfef0c7998
C:\Plugin\BioNexus\review\spatialwarrant-run-01\06_deconvolution\S4-run-02\tangram-grid\1160920F\genes-2000_seed-20260906\run.json,a2c174b7815991c8175c41eebfae9a395f3eaeb7d3803bc7f36ca63dbcf07ccd
C:\Plugin\BioNexus\review\spatialwarrant-run-01\06_deconvolution\S4-run-02\tangram-grid\1160920F\genes-2000_seed-20260906\spot-by-celltype-composition.csv.gz,7c67f8b941f85c6697ab07f846b9abcaaf57e5322b746e3533e2196914cd865f
C:\Plugin\BioNexus\review\spatialwarrant-run-01\06_deconvolution\S4-run-02\tangram-grid\1160920F\genes-2000_seed-20260906\training-genes.txt,879502b8477911f27bfc0c85628fde0cd5c5e677c32e24bf7e30a7848fb32f3e
C:\Plugin\BioNexus\review\spatialwarrant-run-01\06_deconvolution\S4-run-02\tangram-grid\1160920F\genes-500_seed-20260904\candidate-training-genes.txt,c37a88a1ff5ea2b96958267745ed474d048eb4c082b5249db2494695c000ebdb
C:\Plugin\BioNexus\review\spatialwarrant-run-01\06_deconvolution\S4-run-02\tangram-grid\1160920F\genes-500_seed-20260904\run.json,c4235f0b23d810010537cf3448f44122122640903c8d6bb785ea2c42fa9d7f2f
C:\Plugin\BioNexus\review\spatialwarrant-run-01\06_deconvolution\S4-run-02\tangram-grid\1160920F\genes-500_seed-20260904\spot-by-celltype-composition.csv.gz,fae0a47c24b9705e7b8212316a26f10257c609da0d531ba5dcfcf8e867442c5e
C:\Plugin\BioNexus\review\spatialwarrant-run-01\06_deconvolution\S4-run-02\tangram-grid\1160920F\genes-500_seed-20260904\training-genes.txt,4f376fd7680d7826c4185900aeaa62a930a59bbc925103bedb7b9e44b3265a64
C:\Plugin\BioNexus\review\spatialwarrant-run-01\06_deconvolution\S4-run-02\tangram-grid\1160920F\genes-500_seed-20260905\candidate-training-genes.txt,c37a88a1ff5ea2b96958267745ed474d048eb4c082b5249db2494695c000ebdb
C:\Plugin\BioNexus\review\spatialwarrant-run-01\06_deconvolution\S4-run-02\tangram-grid\1160920F\genes-500_seed-20260905\run.json,49d461ee66d6135127b498d9b357ab4ff2fc55fb253a08ed1c4d718aa73b8e1d
C:\Plugin\BioNexus\review\spatialwarrant-run-01\06_deconvolution\S4-run-02\tangram-grid\1160920F\genes-500_seed-20260905\spot-by-celltype-composition.csv.gz,bcaaaf2af5af6d34cf01421e4fb0d81f9a5c04a768291801c5fd0ab17bdd6e0f
C:\Plugin\BioNexus\review\spatialwarrant-run-01\06_deconvolution\S4-run-02\tangram-grid\1160920F\genes-500_seed-20260905\training-genes.txt,4f376fd7680d7826c4185900aeaa62a930a59bbc925103bedb7b9e44b3265a64
C:\Plugin\BioNexus\review\spatialwarrant-run-01\06_deconvolution\S4-run-02\tangram-grid\1160920F\genes-500_seed-20260906\candidate-training-genes.txt,c37a88a1ff5ea2b96958267745ed474d048eb4c082b5249db2494695c000ebdb
C:\Plugin\BioNexus\review\spatialwarrant-run-01\06_deconvolution\S4-run-02\tangram-grid\1160920F\genes-500_seed-20260906\run.json,8c8cf4615183b5ffaa1cb71a795c7307b55a3d0c34a079bba7e495435075ee9e
C:\Plugin\BioNexus\review\spatialwarrant-run-01\06_deconvolution\S4-run-02\tangram-grid\1160920F\genes-500_seed-20260906\spot-by-celltype-composition.csv.gz,cf41f78dbf82be58ab7ef9e0d08d8ee3033436f9b7a75c567ca764dc2ae8b101
C:\Plugin\BioNexus\review\spatialwarrant-run-01\06_deconvolution\S4-run-02\tangram-grid\1160920F\genes-500_seed-20260906\training-genes.txt,4f376fd7680d7826c4185900aeaa62a930a59bbc925103bedb7b9e44b3265a64
C:\Plugin\BioNexus\review\spatialwarrant-run-01\06_deconvolution\S4-run-02\tangram-grid\CID4290\genes-1000_seed-20260904\candidate-training-genes.txt,7d3990513c596fdd2a5928fc06699ba2e34ed8c6786f908433212c0ee7be8fa3
C:\Plugin\BioNexus\review\spatialwarrant-run-01\06_deconvolution\S4-run-02\tangram-grid\CID4290\genes-1000_seed-20260904\run.json,5bfaf1d7ada781282c014f9615958032a454dd6cdb033a021695faa116f26d0b
C:\Plugin\BioNexus\review\spatialwarrant-run-01\06_deconvolution\S4-run-02\tangram-grid\CID4290\genes-1000_seed-20260904\spot-by-celltype-composition.csv.gz,01a91997e7cb523c334a54742322e6309580bce67fd1c6e696a174b50f80b91f
C:\Plugin\BioNexus\review\spatialwarrant-run-01\06_deconvolution\S4-run-02\tangram-grid\CID4290\genes-1000_seed-20260904\training-genes.txt,9a7a0f259493250d850b2e633ca370ec1a5e418c74d6a72d8ff074ae9509ac62
C:\Plugin\BioNexus\review\spatialwarrant-run-01\06_deconvolution\S4-run-02\tangram-grid\CID4290\genes-1000_seed-20260905\candidate-training-genes.txt,7d3990513c596fdd2a5928fc06699ba2e34ed8c6786f908433212c0ee7be8fa3
C:\Plugin\BioNexus\review\spatialwarrant-run-01\06_deconvolution\S4-run-02\tangram-grid\CID4290\genes-1000_seed-20260905\run.json,a36da695307bd143174578679582ff03d0eafcd8de3d55685daa483aba4c16f5
C:\Plugin\BioNexus\review\spatialwarrant-run-01\06_deconvolution\S4-run-02\tangram-grid\CID4290\genes-1000_seed-20260905\spot-by-celltype-composition.csv.gz,c98e0592bd189613846820169f4d0a1a0f3a647e7d505465c4718c4e34957562
C:\Plugin\BioNexus\review\spatialwarrant-run-01\06_deconvolution\S4-run-02\tangram-grid\CID4290\genes-1000_seed-20260905\training-genes.txt,9a7a0f259493250d850b2e633ca370ec1a5e418c74d6a72d8ff074ae9509ac62
C:\Plugin\BioNexus\review\spatialwarrant-run-01\06_deconvolution\S4-run-02\tangram-grid\CID4290\genes-1000_seed-20260906\candidate-training-genes.txt,7d3990513c596fdd2a5928fc06699ba2e34ed8c6786f908433212c0ee7be8fa3
C:\Plugin\BioNexus\review\spatialwarrant-run-01\06_deconvolution\S4-run-02\tangram-grid\CID4290\genes-1000_seed-20260906\run.json,ac7bc46a65b160f515d03c3d0a64cc17c10e0ef195b93f3ba8538527d61aac71
C:\Plugin\BioNexus\review\spatialwarrant-run-01\06_deconvolution\S4-run-02\tangram-grid\CID4290\genes-1000_seed-20260906\spot-by-celltype-composition.csv.gz,c294dcb45fa5c9d68d3910d9abdfe9d9890304986d3c21ad194933d525809f52
C:\Plugin\BioNexus\review\spatialwarrant-run-01\06_deconvolution\S4-run-02\tangram-grid\CID4290\genes-1000_seed-20260906\training-genes.txt,9a7a0f259493250d850b2e633ca370ec1a5e418c74d6a72d8ff074ae9509ac62
C:\Plugin\BioNexus\review\spatialwarrant-run-01\06_deconvolution\S4-run-02\tangram-grid\CID4290\genes-2000_seed-20260904\candidate-training-genes.txt,7d3990513c596fdd2a5928fc06699ba2e34ed8c6786f908433212c0ee7be8fa3
C:\Plugin\BioNexus\review\spatialwarrant-run-01\06_deconvolution\S4-run-02\tangram-grid\CID4290\genes-2000_seed-20260904\run.json,a0496df805eb4e38c550ab2f42b9b6cf41dafa4c33e27e4e2f36db631b269b59
C:\Plugin\BioNexus\review\spatialwarrant-run-01\06_deconvolution\S4-run-02\tangram-grid\CID4290\genes-2000_seed-20260904\spot-by-celltype-composition.csv.gz,01a91997e7cb523c334a54742322e6309580bce67fd1c6e696a174b50f80b91f
C:\Plugin\BioNexus\review\spatialwarrant-run-01\06_deconvolution\S4-run-02\tangram-grid\CID4290\genes-2000_seed-20260904\training-genes.txt,9a7a0f259493250d850b2e633ca370ec1a5e418c74d6a72d8ff074ae9509ac62
C:\Plugin\BioNexus\review\spatialwarrant-run-01\06_deconvolution\S4-run-02\tangram-grid\CID4290\genes-2000_seed-20260905\candidate-training-genes.txt,7d3990513c596fdd2a5928fc06699ba2e34ed8c6786f908433212c0ee7be8fa3
C:\Plugin\BioNexus\review\spatialwarrant-run-01\06_deconvolution\S4-run-02\tangram-grid\CID4290\genes-2000_seed-20260905\run.json,18b93e491cf61846fbd8584f599b37e0bafbcf862c224426372614fa38b01bcc
C:\Plugin\BioNexus\review\spatialwarrant-run-01\06_deconvolution\S4-run-02\tangram-grid\CID4290\genes-2000_seed-20260905\spot-by-celltype-composition.csv.gz,c98e0592bd189613846820169f4d0a1a0f3a647e7d505465c4718c4e34957562
C:\Plugin\BioNexus\review\spatialwarrant-run-01\06_deconvolution\S4-run-02\tangram-grid\CID4290\genes-2000_seed-20260905\training-genes.txt,9a7a0f259493250d850b2e633ca370ec1a5e418c74d6a72d8ff074ae9509ac62
C:\Plugin\BioNexus\review\spatialwarrant-run-01\06_deconvolution\S4-run-02\tangram-grid\CID4290\genes-2000_seed-20260906\candidate-training-genes.txt,7d3990513c596fdd2a5928fc06699ba2e34ed8c6786f908433212c0ee7be8fa3
C:\Plugin\BioNexus\review\spatialwarrant-run-01\06_deconvolution\S4-run-02\tangram-grid\CID4290\genes-2000_seed-20260906\run.json,d48c5338d97ae7242d75004468565839bae30d4e11e6eb673c6028f8ffe14883
C:\Plugin\BioNexus\review\spatialwarrant-run-01\06_deconvolution\S4-run-02\tangram-grid\CID4290\genes-2000_seed-20260906\spot-by-celltype-composition.csv.gz,c294dcb45fa5c9d68d3910d9abdfe9d9890304986d3c21ad194933d525809f52
C:\Plugin\BioNexus\review\spatialwarrant-run-01\06_deconvolution\S4-run-02\tangram-grid\CID4290\genes-2000_seed-20260906\training-genes.txt,9a7a0f259493250d850b2e633ca370ec1a5e418c74d6a72d8ff074ae9509ac62
C:\Plugin\BioNexus\review\spatialwarrant-run-01\06_deconvolution\S4-run-02\tangram-grid\CID4290\genes-500_seed-20260904\candidate-training-genes.txt,2d948cdd47e7804ef63f2a5f7bb936d5f9cc2082e0ea066c303cbb35da455317
C:\Plugin\BioNexus\review\spatialwarrant-run-01\06_deconvolution\S4-run-02\tangram-grid\CID4290\genes-500_seed-20260904\run.json,4601d528473a2086843d40a35897e30d0b6693491112a33b6b6d860a077765c6
C:\Plugin\BioNexus\review\spatialwarrant-run-01\06_deconvolution\S4-run-02\tangram-grid\CID4290\genes-500_seed-20260904\spot-by-celltype-composition.csv.gz,81a18e1cf0b98f1aca0c75297c8f9c2431ccf56c479d45ece8241a047f7425d1
C:\Plugin\BioNexus\review\spatialwarrant-run-01\06_deconvolution\S4-run-02\tangram-grid\CID4290\genes-500_seed-20260904\training-genes.txt,992a43e12a1c893bf1b10521a448ef544c29f8aff8981ff7b6924bcd685f1699
C:\Plugin\BioNexus\review\spatialwarrant-run-01\06_deconvolution\S4-run-02\tangram-grid\CID4290\genes-500_seed-20260905\candidate-training-genes.txt,2d948cdd47e7804ef63f2a5f7bb936d5f9cc2082e0ea066c303cbb35da455317
C:\Plugin\BioNexus\review\spatialwarrant-run-01\06_deconvolution\S4-run-02\tangram-grid\CID4290\genes-500_seed-20260905\run.json,a3d11a836aa2e44e73ef79dd0846b0d26d717bd46e6179f0fbada9f8438bdd3d
C:\Plugin\BioNexus\review\spatialwarrant-run-01\06_deconvolution\S4-run-02\tangram-grid\CID4290\genes-500_seed-20260905\spot-by-celltype-composition.csv.gz,b7c06bd77e4ce214b830b740f8c7067d4b8d474156a181ee0ec912f184405984
C:\Plugin\BioNexus\review\spatialwarrant-run-01\06_deconvolution\S4-run-02\tangram-grid\CID4290\genes-500_seed-20260905\training-genes.txt,992a43e12a1c893bf1b10521a448ef544c29f8aff8981ff7b6924bcd685f1699
C:\Plugin\BioNexus\review\spatialwarrant-run-01\06_deconvolution\S4-run-02\tangram-grid\CID4290\genes-500_seed-20260906\candidate-training-genes.txt,2d948cdd47e7804ef63f2a5f7bb936d5f9cc2082e0ea066c303cbb35da455317
C:\Plugin\BioNexus\review\spatialwarrant-run-01\06_deconvolution\S4-run-02\tangram-grid\CID4290\genes-500_seed-20260906\run.json,4a6bf37f56acf95de8ac33755beffcd001de5a46b6d87a9524694ae39e201ef9
C:\Plugin\BioNexus\review\spatialwarrant-run-01\06_deconvolution\S4-run-02\tangram-grid\CID4290\genes-500_seed-20260906\spot-by-celltype-composition.csv.gz,64d85b162a5b2616799ba55cb8ea770b4f03258cea4adcfc9a71cb389f29e299
C:\Plugin\BioNexus\review\spatialwarrant-run-01\06_deconvolution\S4-run-02\tangram-grid\CID4290\genes-500_seed-20260906\training-genes.txt,992a43e12a1c893bf1b10521a448ef544c29f8aff8981ff7b6924bcd685f1699
C:\Plugin\BioNexus\review\spatialwarrant-run-01\06_deconvolution\S4-run-02\tangram-grid\CID4465\genes-1000_seed-20260904\candidate-training-genes.txt,7d3990513c596fdd2a5928fc06699ba2e34ed8c6786f908433212c0ee7be8fa3
C:\Plugin\BioNexus\review\spatialwarrant-run-01\06_deconvolution\S4-run-02\tangram-grid\CID4465\genes-1000_seed-20260904\run.json,cefb28544e22ea7101451b6c2d09305f90313effda7119c4d2b4c6e4b8611bfc
C:\Plugin\BioNexus\review\spatialwarrant-run-01\06_deconvolution\S4-run-02\tangram-grid\CID4465\genes-1000_seed-20260904\spot-by-celltype-composition.csv.gz,4effe2502d2361e33ba6b45a5c3db4cb8e401fdd68bae73b1e359785d49ff29b
C:\Plugin\BioNexus\review\spatialwarrant-run-01\06_deconvolution\S4-run-02\tangram-grid\CID4465\genes-1000_seed-20260904\training-genes.txt,28b3411e540162566891dd632bc4f30623df79821b73c7facb99f3f64827948e
C:\Plugin\BioNexus\review\spatialwarrant-run-01\06_deconvolution\S4-run-02\tangram-grid\CID4465\genes-1000_seed-20260905\candidate-training-genes.txt,7d3990513c596fdd2a5928fc06699ba2e34ed8c6786f908433212c0ee7be8fa3
C:\Plugin\BioNexus\review\spatialwarrant-run-01\06_deconvolution\S4-run-02\tangram-grid\CID4465\genes-1000_seed-20260905\run.json,6fbb8ecbd9328afab0d37b33eaff3cac0e76f604016369b5f83df4c1522a4f9b
C:\Plugin\BioNexus\review\spatialwarrant-run-01\06_deconvolution\S4-run-02\tangram-grid\CID4465\genes-1000_seed-20260905\spot-by-celltype-composition.csv.gz,d1b20a04e9dc01a7cfabb2d110215fbdff442c3cb9dee7f2a9030e25ad3efe57
C:\Plugin\BioNexus\review\spatialwarrant-run-01\06_deconvolution\S4-run-02\tangram-grid\CID4465\genes-1000_seed-20260905\training-genes.txt,28b3411e540162566891dd632bc4f30623df79821b73c7facb99f3f64827948e
C:\Plugin\BioNexus\review\spatialwarrant-run-01\06_deconvolution\S4-run-02\tangram-grid\CID4465\genes-1000_seed-20260906\candidate-training-genes.txt,7d3990513c596fdd2a5928fc06699ba2e34ed8c6786f908433212c0ee7be8fa3
C:\Plugin\BioNexus\review\spatialwarrant-run-01\06_deconvolution\S4-run-02\tangram-grid\CID4465\genes-1000_seed-20260906\run.json,a813f93ac525347023b4b5f650f1278b63a7d1c19e01a3c141150ae726ef87f0
C:\Plugin\BioNexus\review\spatialwarrant-run-01\06_deconvolution\S4-run-02\tangram-grid\CID4465\genes-1000_seed-20260906\spot-by-celltype-composition.csv.gz,9de9ab6b37f473414b6296626a0371dba0a85a76c8d9637adb07891173b0df35
C:\Plugin\BioNexus\review\spatialwarrant-run-01\06_deconvolution\S4-run-02\tangram-grid\CID4465\genes-1000_seed-20260906\training-genes.txt,28b3411e540162566891dd632bc4f30623df79821b73c7facb99f3f64827948e
C:\Plugin\BioNexus\review\spatialwarrant-run-01\06_deconvolution\S4-run-02\tangram-grid\CID4465\genes-2000_seed-20260904\candidate-training-genes.txt,7d3990513c596fdd2a5928fc06699ba2e34ed8c6786f908433212c0ee7be8fa3
C:\Plugin\BioNexus\review\spatialwarrant-run-01\06_deconvolution\S4-run-02\tangram-grid\CID4465\genes-2000_seed-20260904\run.json,a998f4cb71af2ae24d9387964b59e1a44cb605c1a38bbe6ee1b9ea36e1869a40
C:\Plugin\BioNexus\review\spatialwarrant-run-01\06_deconvolution\S4-run-02\tangram-grid\CID4465\genes-2000_seed-20260904\spot-by-celltype-composition.csv.gz,4effe2502d2361e33ba6b45a5c3db4cb8e401fdd68bae73b1e359785d49ff29b
C:\Plugin\BioNexus\review\spatialwarrant-run-01\06_deconvolution\S4-run-02\tangram-grid\CID4465\genes-2000_seed-20260904\training-genes.txt,28b3411e540162566891dd632bc4f30623df79821b73c7facb99f3f64827948e
C:\Plugin\BioNexus\review\spatialwarrant-run-01\06_deconvolution\S4-run-02\tangram-grid\CID4465\genes-2000_seed-20260905\candidate-training-genes.txt,7d3990513c596fdd2a5928fc06699ba2e34ed8c6786f908433212c0ee7be8fa3
C:\Plugin\BioNexus\review\spatialwarrant-run-01\06_deconvolution\S4-run-02\tangram-grid\CID4465\genes-2000_seed-20260905\run.json,d2310beef7e055d6eb0a131b1fd48096e6097ddc0a5d8868993140fd88bd29e7
C:\Plugin\BioNexus\review\spatialwarrant-run-01\06_deconvolution\S4-run-02\tangram-grid\CID4465\genes-2000_seed-20260905\spot-by-celltype-composition.csv.gz,d1b20a04e9dc01a7cfabb2d110215fbdff442c3cb9dee7f2a9030e25ad3efe57
C:\Plugin\BioNexus\review\spatialwarrant-run-01\06_deconvolution\S4-run-02\tangram-grid\CID4465\genes-2000_seed-20260905\training-genes.txt,28b3411e540162566891dd632bc4f30623df79821b73c7facb99f3f64827948e
C:\Plugin\BioNexus\review\spatialwarrant-run-01\06_deconvolution\S4-run-02\tangram-grid\CID4465\genes-2000_seed-20260906\candidate-training-genes.txt,7d3990513c596fdd2a5928fc06699ba2e34ed8c6786f908433212c0ee7be8fa3
C:\Plugin\BioNexus\review\spatialwarrant-run-01\06_deconvolution\S4-run-02\tangram-grid\CID4465\genes-2000_seed-20260906\run.json,e21a23b39c073434ca9e98e26a998e86d8916c2af4121b2cf05ba50b2549da10
C:\Plugin\BioNexus\review\spatialwarrant-run-01\06_deconvolution\S4-run-02\tangram-grid\CID4465\genes-2000_seed-20260906\spot-by-celltype-composition.csv.gz,9de9ab6b37f473414b6296626a0371dba0a85a76c8d9637adb07891173b0df35
C:\Plugin\BioNexus\review\spatialwarrant-run-01\06_deconvolution\S4-run-02\tangram-grid\CID4465\genes-2000_seed-20260906\training-genes.txt,28b3411e540162566891dd632bc4f30623df79821b73c7facb99f3f64827948e
C:\Plugin\BioNexus\review\spatialwarrant-run-01\06_deconvolution\S4-run-02\tangram-grid\CID4465\genes-500_seed-20260904\candidate-training-genes.txt,2d948cdd47e7804ef63f2a5f7bb936d5f9cc2082e0ea066c303cbb35da455317
C:\Plugin\BioNexus\review\spatialwarrant-run-01\06_deconvolution\S4-run-02\tangram-grid\CID4465\genes-500_seed-20260904\run.json,fd23fc8a6aa3ccdc419a5ac867e17afc9bc8e77c6a171091a160e80ef28d8f29
C:\Plugin\BioNexus\review\spatialwarrant-run-01\06_deconvolution\S4-run-02\tangram-grid\CID4465\genes-500_seed-20260904\spot-by-celltype-composition.csv.gz,e378a98cc8ad842da7b55cebc3b804e70a09d47f448bdbb84bc5c49baadf646c
C:\Plugin\BioNexus\review\spatialwarrant-run-01\06_deconvolution\S4-run-02\tangram-grid\CID4465\genes-500_seed-20260904\training-genes.txt,5e6aaea20038689e6c72ddded356485ec94d8b57bc9bd4c60e87ea8b1f791ed1
C:\Plugin\BioNexus\review\spatialwarrant-run-01\06_deconvolution\S4-run-02\tangram-grid\CID4465\genes-500_seed-20260905\candidate-training-genes.txt,2d948cdd47e7804ef63f2a5f7bb936d5f9cc2082e0ea066c303cbb35da455317
C:\Plugin\BioNexus\review\spatialwarrant-run-01\06_deconvolution\S4-run-02\tangram-grid\CID4465\genes-500_seed-20260905\run.json,ba5ede51eef5b0077318975639a71ecf792a298ee22626980e9d6252378a3788
C:\Plugin\BioNexus\review\spatialwarrant-run-01\06_deconvolution\S4-run-02\tangram-grid\CID4465\genes-500_seed-20260905\spot-by-celltype-composition.csv.gz,caa33e25d56cece5ae82d9577f95875101604294276d818e4673baa3d00318dc
C:\Plugin\BioNexus\review\spatialwarrant-run-01\06_deconvolution\S4-run-02\tangram-grid\CID4465\genes-500_seed-20260905\training-genes.txt,5e6aaea20038689e6c72ddded356485ec94d8b57bc9bd4c60e87ea8b1f791ed1
C:\Plugin\BioNexus\review\spatialwarrant-run-01\06_deconvolution\S4-run-02\tangram-grid\CID4465\genes-500_seed-20260906\candidate-training-genes.txt,2d948cdd47e7804ef63f2a5f7bb936d5f9cc2082e0ea066c303cbb35da455317
C:\Plugin\BioNexus\review\spatialwarrant-run-01\06_deconvolution\S4-run-02\tangram-grid\CID4465\genes-500_seed-20260906\run.json,ff13d18cdabd5020e1c47379f5b9332922612d9d7feb83372e1325f4e6481854
C:\Plugin\BioNexus\review\spatialwarrant-run-01\06_deconvolution\S4-run-02\tangram-grid\CID4465\genes-500_seed-20260906\spot-by-celltype-composition.csv.gz,2defca4c564ade2b95e5a5fdbb877785fa26ef95d8eaf6029baa25e1222f3ab3
C:\Plugin\BioNexus\review\spatialwarrant-run-01\06_deconvolution\S4-run-02\tangram-grid\CID4465\genes-500_seed-20260906\training-genes.txt,5e6aaea20038689e6c72ddded356485ec94d8b57bc9bd4c60e87ea8b1f791ed1
C:\Plugin\BioNexus\review\spatialwarrant-run-01\06_deconvolution\S4-run-02\tangram-grid\CID44971\genes-1000_seed-20260904\candidate-training-genes.txt,7d3990513c596fdd2a5928fc06699ba2e34ed8c6786f908433212c0ee7be8fa3
C:\Plugin\BioNexus\review\spatialwarrant-run-01\06_deconvolution\S4-run-02\tangram-grid\CID44971\genes-1000_seed-20260904\run.json,b13302c25a4a79c907b8fe363066a3732e896d1d2afc24e70a33095d6cccc774
C:\Plugin\BioNexus\review\spatialwarrant-run-01\06_deconvolution\S4-run-02\tangram-grid\CID44971\genes-1000_seed-20260904\spot-by-celltype-composition.csv.gz,c19be4dea213ea5546f8c5a3456b05d7312ba13b7358d88a4da831fcbc38ab0e
C:\Plugin\BioNexus\review\spatialwarrant-run-01\06_deconvolution\S4-run-02\tangram-grid\CID44971\genes-1000_seed-20260904\training-genes.txt,ce4712a9b066f5222574cfa92947dd3bc9eae3de013ebfd4e34ba149af952be9
C:\Plugin\BioNexus\review\spatialwarrant-run-01\06_deconvolution\S4-run-02\tangram-grid\CID44971\genes-1000_seed-20260905\candidate-training-genes.txt,7d3990513c596fdd2a5928fc06699ba2e34ed8c6786f908433212c0ee7be8fa3
C:\Plugin\BioNexus\review\spatialwarrant-run-01\06_deconvolution\S4-run-02\tangram-grid\CID44971\genes-1000_seed-20260905\run.json,3e540e9e8410e2148ef47a9f607efc2a12def5a1a0eea8ba4df09fe2e06999d3
C:\Plugin\BioNexus\review\spatialwarrant-run-01\06_deconvolution\S4-run-02\tangram-grid\CID44971\genes-1000_seed-20260905\spot-by-celltype-composition.csv.gz,444a1f64222edc9b9ea4e745029ea319a70a3991d4a6beb18d1e3fc9e3ac1901
C:\Plugin\BioNexus\review\spatialwarrant-run-01\06_deconvolution\S4-run-02\tangram-grid\CID44971\genes-1000_seed-20260905\training-genes.txt,ce4712a9b066f5222574cfa92947dd3bc9eae3de013ebfd4e34ba149af952be9
C:\Plugin\BioNexus\review\spatialwarrant-run-01\06_deconvolution\S4-run-02\tangram-grid\CID44971\genes-1000_seed-20260906\candidate-training-genes.txt,7d3990513c596fdd2a5928fc06699ba2e34ed8c6786f908433212c0ee7be8fa3
C:\Plugin\BioNexus\review\spatialwarrant-run-01\06_deconvolution\S4-run-02\tangram-grid\CID44971\genes-1000_seed-20260906\run.json,9e4e0bb3752c2bd0849782485c66a8631323a0200f8afb556176174c4e9ccca7
C:\Plugin\BioNexus\review\spatialwarrant-run-01\06_deconvolution\S4-run-02\tangram-grid\CID44971\genes-1000_seed-20260906\spot-by-celltype-composition.csv.gz,6f04d68f3f12c9a9cb65d5760a27f5b69bf363156ff059d767a19e4cf48e1a5a
C:\Plugin\BioNexus\review\spatialwarrant-run-01\06_deconvolution\S4-run-02\tangram-grid\CID44971\genes-1000_seed-20260906\training-genes.txt,ce4712a9b066f5222574cfa92947dd3bc9eae3de013ebfd4e34ba149af952be9
C:\Plugin\BioNexus\review\spatialwarrant-run-01\06_deconvolution\S4-run-02\tangram-grid\CID44971\genes-2000_seed-20260904\candidate-training-genes.txt,7d3990513c596fdd2a5928fc06699ba2e34ed8c6786f908433212c0ee7be8fa3
C:\Plugin\BioNexus\review\spatialwarrant-run-01\06_deconvolution\S4-run-02\tangram-grid\CID44971\genes-2000_seed-20260904\run.json,29079f9213c0f786d485c320a1ae2deecef4c05c65b3f7ecb0c45f9f6c0b50b0
C:\Plugin\BioNexus\review\spatialwarrant-run-01\06_deconvolution\S4-run-02\tangram-grid\CID44971\genes-2000_seed-20260904\spot-by-celltype-composition.csv.gz,c19be4dea213ea5546f8c5a3456b05d7312ba13b7358d88a4da831fcbc38ab0e
C:\Plugin\BioNexus\review\spatialwarrant-run-01\06_deconvolution\S4-run-02\tangram-grid\CID44971\genes-2000_seed-20260904\training-genes.txt,ce4712a9b066f5222574cfa92947dd3bc9eae3de013ebfd4e34ba149af952be9
C:\Plugin\BioNexus\review\spatialwarrant-run-01\06_deconvolution\S4-run-02\tangram-grid\CID44971\genes-2000_seed-20260905\candidate-training-genes.txt,7d3990513c596fdd2a5928fc06699ba2e34ed8c6786f908433212c0ee7be8fa3
C:\Plugin\BioNexus\review\spatialwarrant-run-01\06_deconvolution\S4-run-02\tangram-grid\CID44971\genes-2000_seed-20260905\run.json,c87b328e3b1b840118073b20a12194ed716dfb3d934f14ae8dc00c112fb8ab3e
C:\Plugin\BioNexus\review\spatialwarrant-run-01\06_deconvolution\S4-run-02\tangram-grid\CID44971\genes-2000_seed-20260905\spot-by-celltype-composition.csv.gz,444a1f64222edc9b9ea4e745029ea319a70a3991d4a6beb18d1e3fc9e3ac1901
C:\Plugin\BioNexus\review\spatialwarrant-run-01\06_deconvolution\S4-run-02\tangram-grid\CID44971\genes-2000_seed-20260905\training-genes.txt,ce4712a9b066f5222574cfa92947dd3bc9eae3de013ebfd4e34ba149af952be9
C:\Plugin\BioNexus\review\spatialwarrant-run-01\06_deconvolution\S4-run-02\tangram-grid\CID44971\genes-2000_seed-20260906\candidate-training-genes.txt,7d3990513c596fdd2a5928fc06699ba2e34ed8c6786f908433212c0ee7be8fa3
C:\Plugin\BioNexus\review\spatialwarrant-run-01\06_deconvolution\S4-run-02\tangram-grid\CID44971\genes-2000_seed-20260906\run.json,a05faffaec93a86a7f497beabe43438ce2e44ffdc0791328348be52988207255
C:\Plugin\BioNexus\review\spatialwarrant-run-01\06_deconvolution\S4-run-02\tangram-grid\CID44971\genes-2000_seed-20260906\spot-by-celltype-composition.csv.gz,6f04d68f3f12c9a9cb65d5760a27f5b69bf363156ff059d767a19e4cf48e1a5a
C:\Plugin\BioNexus\review\spatialwarrant-run-01\06_deconvolution\S4-run-02\tangram-grid\CID44971\genes-2000_seed-20260906\training-genes.txt,ce4712a9b066f5222574cfa92947dd3bc9eae3de013ebfd4e34ba149af952be9
C:\Plugin\BioNexus\review\spatialwarrant-run-01\06_deconvolution\S4-run-02\tangram-grid\CID44971\genes-500_seed-20260904\candidate-training-genes.txt,2d948cdd47e7804ef63f2a5f7bb936d5f9cc2082e0ea066c303cbb35da455317
C:\Plugin\BioNexus\review\spatialwarrant-run-01\06_deconvolution\S4-run-02\tangram-grid\CID44971\genes-500_seed-20260904\run.json,5dae2b010e0098fe734bf600c315cf92721b80e0b18366315b663273293ee0ea
C:\Plugin\BioNexus\review\spatialwarrant-run-01\06_deconvolution\S4-run-02\tangram-grid\CID44971\genes-500_seed-20260904\spot-by-celltype-composition.csv.gz,0ab07412ca1d1caed87340a199c67b629419966d2172e303300c2a73cf84cd22
C:\Plugin\BioNexus\review\spatialwarrant-run-01\06_deconvolution\S4-run-02\tangram-grid\CID44971\genes-500_seed-20260904\training-genes.txt,3b589fb736bf65633c021b2006b7fb348e70b4a874e694545b99210b9431027e
C:\Plugin\BioNexus\review\spatialwarrant-run-01\06_deconvolution\S4-run-02\tangram-grid\CID44971\genes-500_seed-20260905\candidate-training-genes.txt,2d948cdd47e7804ef63f2a5f7bb936d5f9cc2082e0ea066c303cbb35da455317
C:\Plugin\BioNexus\review\spatialwarrant-run-01\06_deconvolution\S4-run-02\tangram-grid\CID44971\genes-500_seed-20260905\run.json,0705bfd04f5a3e4e9c859dc3d2b40edd62a1683b7938e8914f5c43aebdb360f9
C:\Plugin\BioNexus\review\spatialwarrant-run-01\06_deconvolution\S4-run-02\tangram-grid\CID44971\genes-500_seed-20260905\spot-by-celltype-composition.csv.gz,9ec90196ad40516a076113bd276e715ecfdace84473627f5440d9ce792308f09
C:\Plugin\BioNexus\review\spatialwarrant-run-01\06_deconvolution\S4-run-02\tangram-grid\CID44971\genes-500_seed-20260905\training-genes.txt,3b589fb736bf65633c021b2006b7fb348e70b4a874e694545b99210b9431027e
C:\Plugin\BioNexus\review\spatialwarrant-run-01\06_deconvolution\S4-run-02\tangram-grid\CID44971\genes-500_seed-20260906\candidate-training-genes.txt,2d948cdd47e7804ef63f2a5f7bb936d5f9cc2082e0ea066c303cbb35da455317
C:\Plugin\BioNexus\review\spatialwarrant-run-01\06_deconvolution\S4-run-02\tangram-grid\CID44971\genes-500_seed-20260906\run.json,cd9af5e12728327007a9247b20144571b1dc87738ccbd5e13d838c0dbc6a580f
C:\Plugin\BioNexus\review\spatialwarrant-run-01\06_deconvolution\S4-run-02\tangram-grid\CID44971\genes-500_seed-20260906\spot-by-celltype-composition.csv.gz,899f6e9b9ad47d5e90f6b4e90a4a87cdf0a563932d68004aff8a2bd678f73ec2
C:\Plugin\BioNexus\review\spatialwarrant-run-01\06_deconvolution\S4-run-02\tangram-grid\CID44971\genes-500_seed-20260906\training-genes.txt,3b589fb736bf65633c021b2006b7fb348e70b4a874e694545b99210b9431027e
C:\Plugin\BioNexus\review\spatialwarrant-run-01\06_deconvolution\S4-run-02\tangram-grid\CID4535\genes-1000_seed-20260904\candidate-training-genes.txt,7d3990513c596fdd2a5928fc06699ba2e34ed8c6786f908433212c0ee7be8fa3
C:\Plugin\BioNexus\review\spatialwarrant-run-01\06_deconvolution\S4-run-02\tangram-grid\CID4535\genes-1000_seed-20260904\run.json,90727ecee9d1e9b8ea1ecbfffab0c05a1034c7a1660fca31671f1d96885b396d
C:\Plugin\BioNexus\review\spatialwarrant-run-01\06_deconvolution\S4-run-02\tangram-grid\CID4535\genes-1000_seed-20260904\spot-by-celltype-composition.csv.gz,cb57ace8bf91ef51a77d31418a8e3853dc44534509b7db927c0d99df440b4bb1
C:\Plugin\BioNexus\review\spatialwarrant-run-01\06_deconvolution\S4-run-02\tangram-grid\CID4535\genes-1000_seed-20260904\training-genes.txt,374518231c7d2e4ab6be732fb0006ab57420e8ea9eebf3fc24802e85a9150661
C:\Plugin\BioNexus\review\spatialwarrant-run-01\06_deconvolution\S4-run-02\tangram-grid\CID4535\genes-1000_seed-20260905\candidate-training-genes.txt,7d3990513c596fdd2a5928fc06699ba2e34ed8c6786f908433212c0ee7be8fa3
C:\Plugin\BioNexus\review\spatialwarrant-run-01\06_deconvolution\S4-run-02\tangram-grid\CID4535\genes-1000_seed-20260905\run.json,d115d82ec69233fd41ec5a33ee08b39ac20554a83569baf8de71eaba2ba3033e
C:\Plugin\BioNexus\review\spatialwarrant-run-01\06_deconvolution\S4-run-02\tangram-grid\CID4535\genes-1000_seed-20260905\spot-by-celltype-composition.csv.gz,7b5f48898bf5c824a5bf9f1dbb153c0f697cc367f06ce968cd1b9d50db350cde
C:\Plugin\BioNexus\review\spatialwarrant-run-01\06_deconvolution\S4-run-02\tangram-grid\CID4535\genes-1000_seed-20260905\training-genes.txt,374518231c7d2e4ab6be732fb0006ab57420e8ea9eebf3fc24802e85a9150661
C:\Plugin\BioNexus\review\spatialwarrant-run-01\06_deconvolution\S4-run-02\tangram-grid\CID4535\genes-1000_seed-20260906\candidate-training-genes.txt,7d3990513c596fdd2a5928fc06699ba2e34ed8c6786f908433212c0ee7be8fa3
C:\Plugin\BioNexus\review\spatialwarrant-run-01\06_deconvolution\S4-run-02\tangram-grid\CID4535\genes-1000_seed-20260906\run.json,af3e5d76ebe08724a26995cd25c0198a596094c7b49d3964067f29d1a6dcfbaa
C:\Plugin\BioNexus\review\spatialwarrant-run-01\06_deconvolution\S4-run-02\tangram-grid\CID4535\genes-1000_seed-20260906\spot-by-celltype-composition.csv.gz,5ca5cd35f72922d6f30947d13c57a9dfe72db0c6c48009e961643441012bf4d0
C:\Plugin\BioNexus\review\spatialwarrant-run-01\06_deconvolution\S4-run-02\tangram-grid\CID4535\genes-1000_seed-20260906\training-genes.txt,374518231c7d2e4ab6be732fb0006ab57420e8ea9eebf3fc24802e85a9150661
C:\Plugin\BioNexus\review\spatialwarrant-run-01\06_deconvolution\S4-run-02\tangram-grid\CID4535\genes-2000_seed-20260904\candidate-training-genes.txt,7d3990513c596fdd2a5928fc06699ba2e34ed8c6786f908433212c0ee7be8fa3
C:\Plugin\BioNexus\review\spatialwarrant-run-01\06_deconvolution\S4-run-02\tangram-grid\CID4535\genes-2000_seed-20260904\run.json,bcccfe3660b717922178c92c6ee87c63fab5bba19e7ceaa5f53d815f66e31483
C:\Plugin\BioNexus\review\spatialwarrant-run-01\06_deconvolution\S4-run-02\tangram-grid\CID4535\genes-2000_seed-20260904\spot-by-celltype-composition.csv.gz,cb57ace8bf91ef51a77d31418a8e3853dc44534509b7db927c0d99df440b4bb1
C:\Plugin\BioNexus\review\spatialwarrant-run-01\06_deconvolution\S4-run-02\tangram-grid\CID4535\genes-2000_seed-20260904\training-genes.txt,374518231c7d2e4ab6be732fb0006ab57420e8ea9eebf3fc24802e85a9150661
C:\Plugin\BioNexus\review\spatialwarrant-run-01\06_deconvolution\S4-run-02\tangram-grid\CID4535\genes-2000_seed-20260905\candidate-training-genes.txt,7d3990513c596fdd2a5928fc06699ba2e34ed8c6786f908433212c0ee7be8fa3
C:\Plugin\BioNexus\review\spatialwarrant-run-01\06_deconvolution\S4-run-02\tangram-grid\CID4535\genes-2000_seed-20260905\run.json,e10baf7208ba0a9461f98236e75554c347519294f59aa21ae01d486d9d8c28c0
C:\Plugin\BioNexus\review\spatialwarrant-run-01\06_deconvolution\S4-run-02\tangram-grid\CID4535\genes-2000_seed-20260905\spot-by-celltype-composition.csv.gz,7b5f48898bf5c824a5bf9f1dbb153c0f697cc367f06ce968cd1b9d50db350cde
C:\Plugin\BioNexus\review\spatialwarrant-run-01\06_deconvolution\S4-run-02\tangram-grid\CID4535\genes-2000_seed-20260905\training-genes.txt,374518231c7d2e4ab6be732fb0006ab57420e8ea9eebf3fc24802e85a9150661
C:\Plugin\BioNexus\review\spatialwarrant-run-01\06_deconvolution\S4-run-02\tangram-grid\CID4535\genes-2000_seed-20260906\candidate-training-genes.txt,7d3990513c596fdd2a5928fc06699ba2e34ed8c6786f908433212c0ee7be8fa3
C:\Plugin\BioNexus\review\spatialwarrant-run-01\06_deconvolution\S4-run-02\tangram-grid\CID4535\genes-2000_seed-20260906\run.json,35409bf4ec7f77e1afbd4f1302b848a82ba7581eaa59fc3faddb8ab04e9e6867
C:\Plugin\BioNexus\review\spatialwarrant-run-01\06_deconvolution\S4-run-02\tangram-grid\CID4535\genes-2000_seed-20260906\spot-by-celltype-composition.csv.gz,5ca5cd35f72922d6f30947d13c57a9dfe72db0c6c48009e961643441012bf4d0
C:\Plugin\BioNexus\review\spatialwarrant-run-01\06_deconvolution\S4-run-02\tangram-grid\CID4535\genes-2000_seed-20260906\training-genes.txt,374518231c7d2e4ab6be732fb0006ab57420e8ea9eebf3fc24802e85a9150661
C:\Plugin\BioNexus\review\spatialwarrant-run-01\06_deconvolution\S4-run-02\tangram-grid\CID4535\genes-500_seed-20260904\candidate-training-genes.txt,2d948cdd47e7804ef63f2a5f7bb936d5f9cc2082e0ea066c303cbb35da455317
C:\Plugin\BioNexus\review\spatialwarrant-run-01\06_deconvolution\S4-run-02\tangram-grid\CID4535\genes-500_seed-20260904\run.json,ca4e06bd0fd77423122aa7bb13d1a2f6e6d4a36d843538be44bdd2c9501a9abb
C:\Plugin\BioNexus\review\spatialwarrant-run-01\06_deconvolution\S4-run-02\tangram-grid\CID4535\genes-500_seed-20260904\spot-by-celltype-composition.csv.gz,688592d70314b48cff45b5e3592c21a0a4874851d44ebd630f61ae49c641482b
C:\Plugin\BioNexus\review\spatialwarrant-run-01\06_deconvolution\S4-run-02\tangram-grid\CID4535\genes-500_seed-20260904\training-genes.txt,7b12009e6fa53763dbaf3843a999fb98654c97afff8489d6700b599ec5214f6f
C:\Plugin\BioNexus\review\spatialwarrant-run-01\06_deconvolution\S4-run-02\tangram-grid\CID4535\genes-500_seed-20260905\candidate-training-genes.txt,2d948cdd47e7804ef63f2a5f7bb936d5f9cc2082e0ea066c303cbb35da455317
C:\Plugin\BioNexus\review\spatialwarrant-run-01\06_deconvolution\S4-run-02\tangram-grid\CID4535\genes-500_seed-20260905\run.json,2afe46d87a2912b0c3f48e543dfb1d8e71402a75463f63f1a9a0951a218194dc
C:\Plugin\BioNexus\review\spatialwarrant-run-01\06_deconvolution\S4-run-02\tangram-grid\CID4535\genes-500_seed-20260905\spot-by-celltype-composition.csv.gz,798d95dd469e61b3bb2023da33bafef5c3d31c04cc8a9f0d0b800f7f77c16a0d
C:\Plugin\BioNexus\review\spatialwarrant-run-01\06_deconvolution\S4-run-02\tangram-grid\CID4535\genes-500_seed-20260905\training-genes.txt,7b12009e6fa53763dbaf3843a999fb98654c97afff8489d6700b599ec5214f6f
C:\Plugin\BioNexus\review\spatialwarrant-run-01\06_deconvolution\S4-run-02\tangram-grid\CID4535\genes-500_seed-20260906\candidate-training-genes.txt,2d948cdd47e7804ef63f2a5f7bb936d5f9cc2082e0ea066c303cbb35da455317
C:\Plugin\BioNexus\review\spatialwarrant-run-01\06_deconvolution\S4-run-02\tangram-grid\CID4535\genes-500_seed-20260906\run.json,1511fed3077e6da4e712880ac3a96a1e249e11b58c91e21d942cd102fe3d55c6
C:\Plugin\BioNexus\review\spatialwarrant-run-01\06_deconvolution\S4-run-02\tangram-grid\CID4535\genes-500_seed-20260906\spot-by-celltype-composition.csv.gz,a4a7d849611a1aefb7105aeb52b07984cebfe89e9a2a3c5c01c3ce6421482f9d
C:\Plugin\BioNexus\review\spatialwarrant-run-01\06_deconvolution\S4-run-02\tangram-grid\CID4535\genes-500_seed-20260906\training-genes.txt,7b12009e6fa53763dbaf3843a999fb98654c97afff8489d6700b599ec5214f6f
C:\Plugin\BioNexus\review\spatialwarrant-run-01\06_deconvolution\S4-run-02\tangram-nnls-concordance.csv,d47f8fbd642da3b28fb301a0e075290274a342c57d42d5e2018812c1738d52bd
C:\Plugin\BioNexus\review\spatialwarrant-run-01\06_deconvolution\S4-run-02\tangram-parameter-sensitivity.csv,21d04fcaa1979d8a6f01e262bc2721a2b0c52f9d396618078802957650d898c4
C:\Plugin\BioNexus\review\spatialwarrant-run-01\06_deconvolution\S4-run-02\tangram-sc-base-install.log,b2e469a3d82ba0dd1008ce0c24ffb557898f43fe92cb41c3c08c6c8cef323c82
C:\Plugin\BioNexus\review\spatialwarrant-run-01\06_deconvolution\S4-run-02\unknown_spots.csv,b5b40754d88110269cd39c2a3378ec74a110f31399a216d48548108e34dc7771
C:\Plugin\BioNexus\review\spatialwarrant-run-01\06_deconvolution\S4-run-02\SHA256SUMS.txt,26ecd04bdee34ee4b6d71f8447863dda31635ef6a80b51f959852a5997e9e764
C:\Plugin\BioNexus\review\spatialwarrant-run-01\06_deconvolution\S4-run-02\output-manifest.postaudit.v1.json,8254d8a7edaf787d0817118d43711409d73bf4c1b81021765fd233485cd4afb9
C:\Plugin\BioNexus\review\spatialwarrant-run-01\06_deconvolution\S4-run-02\postcompletion-audit.v1.json,02e84cd69b263eb099c7234f609ff9379170b45064cae8faffff9e457a1db011
C:\Plugin\BioNexus\review\spatialwarrant-run-01\06_deconvolution\S4-run-02\provenance.sidecar.failed.v1.json,f5c64b9f953e0336c20be7d7322fc1a19e9a2b7acaf58ee4ca5f1aa468215672
C:\Plugin\BioNexus\review\spatialwarrant-run-01\06_deconvolution\S4-run-02\provenance.sidecar.v2.json,0278f089c95a4217a8bb60f857958e505ed7db90a839dd50b5bd56396e4c508d
C:\Plugin\BioNexus\review\spatialwarrant-run-01\06_deconvolution\S4-run-02\SHA256SUMS.postaudit.v1.txt,178a03cbb75d958a0ce687bac8bf958024e325f8195b565de7e36a2010f184ec
C:\Plugin\BioNexus\review\spatialwarrant-run-01\07_niches\S5-run-02\10x-transfer-composition.csv.gz,9a28ddbdaf6d8b705df29db04e882fd09ad7b1e2438b25d79585ead9e5366322
C:\Plugin\BioNexus\review\spatialwarrant-run-01\07_niches\S5-run-02\10x-transfer-feature-overlap.json,080b7a78fe77689685e89577d91f7bab4f370abfcc0beb1b49837e1f6ef8a66a
C:\Plugin\BioNexus\review\spatialwarrant-run-01\07_niches\S5-run-02\10x-transfer-labels.csv.gz,d956c8eeb151441f5c846c867ea4ef91d578291a1395408e702ac73b5afe5616
C:\Plugin\BioNexus\review\spatialwarrant-run-01\07_niches\S5-run-02\10x-transfer-map.png,309c10dee4d82162e64133ce6fd90990c266ce1ef73ff1952ee5f6a933317650
C:\Plugin\BioNexus\review\spatialwarrant-run-01\07_niches\S5-run-02\1142243F-niche-map.png,d00e058485e6d697a3c501efa8c97aa1e6656047aaab8568d71771e76c6f917c
C:\Plugin\BioNexus\review\spatialwarrant-run-01\07_niches\S5-run-02\1160920F-niche-map.png,ddd7d17f8730fa4bd7938e3c60a3b6dcb069f06a55562f107ebdd02c17dfb0a0
C:\Plugin\BioNexus\review\spatialwarrant-run-01\07_niches\S5-run-02\boundary-niche-enrichment.csv,4afa45b7b5e4ce097875534cb3fbdc239d57156cdaeb207fa3394ef4aabdf625
C:\Plugin\BioNexus\review\spatialwarrant-run-01\07_niches\S5-run-02\CID4290-niche-map.png,8fbadcf4552dceb0d9e4f4088343d50071a0289097046ca0ece3eadc3d1e09ab
C:\Plugin\BioNexus\review\spatialwarrant-run-01\07_niches\S5-run-02\CID4465-niche-map.png,ab9eeb3b946abe6c495482fd76ab32f541af4b72d96460edd9abb862cd9cdce4
C:\Plugin\BioNexus\review\spatialwarrant-run-01\07_niches\S5-run-02\CID44971-niche-map.png,be17de7fd538621603e3d4127d61458ed3f9222b76f6e6e73c3226bf03c11fb3
C:\Plugin\BioNexus\review\spatialwarrant-run-01\07_niches\S5-run-02\CID4535-niche-map.png,615355a3dffab8b1e73582707bf7d5099e09992ee17291fc0806789755236e21
C:\Plugin\BioNexus\review\spatialwarrant-run-01\07_niches\S5-run-02\co-occurrence.csv,12dba763412d3c93c29f0f6f0aca1462a57424356afda9fed228a9b9c20a2e50
C:\Plugin\BioNexus\review\spatialwarrant-run-01\07_niches\S5-run-02\enrichment-heatmap.png,8331a64bc84013ba4d854d9a14794354b244ddc032a39ccb5bbb3a8065f4ec7a
C:\Plugin\BioNexus\review\spatialwarrant-run-01\07_niches\S5-run-02\execution-environment.json,ceeaa82d15d852e658f76b35618b7b5c63669b09fcff01cb9db1c078d620c0bc
C:\Plugin\BioNexus\review\spatialwarrant-run-01\07_niches\S5-run-02\input-manifest.json,b0cdc617199f9be638183c110ba8558ed9ad3c7582632cc78127cc11c5cad87b
C:\Plugin\BioNexus\review\spatialwarrant-run-01\07_niches\S5-run-02\kmeans-centers.csv,6307e02e2d72cfad267f6a4cc82acbcc8c77cfe96426a2b2768b9d3616f5612f
C:\Plugin\BioNexus\review\spatialwarrant-run-01\07_niches\S5-run-02\kmeans-grid-labels.csv.gz,055e6276e8ea60768c25ae380b984f0c7cab8eec66e3a4eb9c27ac54e66d6daf
C:\Plugin\BioNexus\review\spatialwarrant-run-01\07_niches\S5-run-02\kmeans-grid.csv,1ba2680f852f3d5fca36d2b28bf3426c91fba54d44d508952e461c98526d47a1
C:\Plugin\BioNexus\review\spatialwarrant-run-01\07_niches\S5-run-02\neighborhood-enrichment.csv,e99af194a2a7390ed852b66acc7c74d6a6d88a7e7733a7bcfdcea334b9afb7bd
C:\Plugin\BioNexus\review\spatialwarrant-run-01\07_niches\S5-run-02\niche-composition-centroids.csv,b672d1cd668860d304e5482d17db451391cda48d10d1d7d1e15bbbe7d6ca1c34
C:\Plugin\BioNexus\review\spatialwarrant-run-01\07_niches\S5-run-02\niche-distribution-by-section.csv,8dfedad2f9f3df4abf034dc8c9ea42260d69a54520ec28918155d6727ad23d84
C:\Plugin\BioNexus\review\spatialwarrant-run-01\07_niches\S5-run-02\niche-Moran.csv,2c4cf55f08d000f324166d03cfa5da674760354d8329cabde30978ac62cc41ca
C:\Plugin\BioNexus\review\spatialwarrant-run-01\07_niches\S5-run-02\niche_labels.csv.gz,6ba46687ae54ed67b2438ec4a1184eebfca01741d74a6c040626d96246e7d0a8
C:\Plugin\BioNexus\review\spatialwarrant-run-01\07_niches\S5-run-02\output-manifest.json,1f12bd65ff4ed912aad736fbea2fe8b9bab1e7f061770d6b2b05ef859b9b66ee
C:\Plugin\BioNexus\review\spatialwarrant-run-01\07_niches\S5-run-02\preflight.json,3b7887b2aa36094b52ca85d152acfa401b1054437c3f94eb888ac09fec8ce041
C:\Plugin\BioNexus\review\spatialwarrant-run-01\07_niches\S5-run-02\prespecified-four-component-map.json,30e20033f4c4f486668c2ebca9a0875cd8af0ebae9c2aa3bb65b319fd7fd7b5a
C:\Plugin\BioNexus\review\spatialwarrant-run-01\07_niches\S5-run-02\prespecified-four-components-by-niche.csv,c40863c115d56770da35aba25aeecdd99d32bb905426b5cbd2355f0e07f6db29
C:\Plugin\BioNexus\review\spatialwarrant-run-01\07_niches\S5-run-02\progress.json,a96b4c4ba054bef21e10153ea54bf76df9d3827d19cb2dc912f69aea87827489
C:\Plugin\BioNexus\review\spatialwarrant-run-01\07_niches\S5-run-02\provenance.sidecar.json,f5c64b9f953e0336c20be7d7322fc1a19e9a2b7acaf58ee4ca5f1aa468215672
C:\Plugin\BioNexus\review\spatialwarrant-run-01\07_niches\S5-run-02\S5-result.json,a9d1ae7d49f1a3437d2a701e5b197fbd8d305481eaad8dbbab6f657b5eefcbe0
C:\Plugin\BioNexus\review\spatialwarrant-run-01\07_niches\S5-run-02\scaler.json,b9a01b0a7a6026cb29fd211bdad18cf34fa0ba750b3eb82704582a15f4121aac
C:\Plugin\BioNexus\review\spatialwarrant-run-01\07_niches\S5-run-02\selected-k.json,bcf8e64b803143391bd362fb07a3c94dd2599bace973f36fc33fe4bc1c8d43ad
C:\Plugin\BioNexus\review\spatialwarrant-run-01\07_niches\S5-run-02\silhouette-by-section.csv,00d2aaeee5f1e8553cd510756ce1a502a8355b564cda053ee5d0560b1bbc1632
C:\Plugin\BioNexus\review\spatialwarrant-run-01\07_niches\S5-run-02\SHA256SUMS.txt,7e9c264fdc9970cf0c82edb04d7014d1a448fe4a64e5f1b4781c62a14c52a738
C:\Plugin\BioNexus\review\spatialwarrant-run-01\07_niches\S5-run-02\four-component-coenrichment-assessment.v1.json,6e96f012f24b660d2dc6f1cfc682f18e5f626c3ca21ce1c3de58179d37f1a918
C:\Plugin\BioNexus\review\spatialwarrant-run-01\07_niches\S5-run-02\output-manifest.postaudit.v1.json,3369c1dea844048b28f459022328fe48f142ca59c9c95c016eadd46b10e66ae0
C:\Plugin\BioNexus\review\spatialwarrant-run-01\07_niches\S5-run-02\postcompletion-audit.v1.json,5ea0e673dc1c1f36d803d3429ca87be940db5c356dcdacda142e5cb08663d452
C:\Plugin\BioNexus\review\spatialwarrant-run-01\07_niches\S5-run-02\provenance.sidecar.failed.v1.json,f5c64b9f953e0336c20be7d7322fc1a19e9a2b7acaf58ee4ca5f1aa468215672
C:\Plugin\BioNexus\review\spatialwarrant-run-01\07_niches\S5-run-02\provenance.sidecar.v2.json,8128e83317660cce50afa2074ffa3f764e2b68c21210e67250e7bb9e03d55172
C:\Plugin\BioNexus\review\spatialwarrant-run-01\07_niches\S5-run-02\SHA256SUMS.postaudit.v1.txt,4e61580389054dc9529a2d01f4ace41bd8f6c2cc47546aa7626f63ea42f7ec71
C:\Plugin\BioNexus\review\spatialwarrant-run-01\01_inputs\10x_blockA_section1\V1_Breast_Cancer_Block_A_Section_1_filtered_feature_bc_matrix.h5,b3cbb6ead60afad848ebcc07a34835613d9d2d79e416ad8300b210d9de584b65
C:\Plugin\BioNexus\review\spatialwarrant-run-01\01_inputs\10x_blockA_section1\V1_Breast_Cancer_Block_A_Section_1_spatial.tar.gz,415530a9d31172f63fd358d5d1cefb0798698ef9c0e614f52825894cd45c61bf
C:\Plugin\BioNexus\review\spatialwarrant-run-01\01_inputs\10x_blockA_section1\V1_Breast_Cancer_Block_A_Section_1_web_summary.html,a11893c5b6b7227a0e941081465e5e115627a0ec031b28b1ee514bf68f417d5e
C:\Plugin\BioNexus\review\spatialwarrant-run-01\01_inputs\10x_blockA_section1\V1_Breast_Cancer_Block_A_Section_1_spatial-extracted\spatial\aligned_fiducials.jpg,cc7cddc9269d917e9f395d06826be8cbd9cee06689c7f4209d1fe15c7a3fb490
C:\Plugin\BioNexus\review\spatialwarrant-run-01\01_inputs\10x_blockA_section1\V1_Breast_Cancer_Block_A_Section_1_spatial-extracted\spatial\detected_tissue_image.jpg,dad113d99cb5339d75c0987a105dc095042be015ba2eb837ca3aa7b83025d27d
C:\Plugin\BioNexus\review\spatialwarrant-run-01\01_inputs\10x_blockA_section1\V1_Breast_Cancer_Block_A_Section_1_spatial-extracted\spatial\scalefactors_json.json,e0c079e051357928f76f98d8de0c92e6b85e33e6b1c794f13cdee3384494bcff
C:\Plugin\BioNexus\review\spatialwarrant-run-01\01_inputs\10x_blockA_section1\V1_Breast_Cancer_Block_A_Section_1_spatial-extracted\spatial\tissue_hires_image.png,74c2a7a2741e4d7a43811a01533d373154982f44dffc85d2027012d873429593
C:\Plugin\BioNexus\review\spatialwarrant-run-01\01_inputs\10x_blockA_section1\V1_Breast_Cancer_Block_A_Section_1_spatial-extracted\spatial\tissue_lowres_image.png,e24b3e0c823838cce2deb6933dbd2e0632de86d29b4cd6c4dc22051c71adb816
C:\Plugin\BioNexus\review\spatialwarrant-run-01\01_inputs\10x_blockA_section1\V1_Breast_Cancer_Block_A_Section_1_spatial-extracted\spatial\tissue_positions_list.csv,284f439570700a566512e469cddfb1bc59ac135b523a74c806a4fb59d41c2547
C:\Plugin\BioNexus\review\spatialwarrant-run-01\08_pseudobulk\S6-run-01\bionexus.provenance.sidecar.json,c0652376734f7bbffecf8c1c4acb2f4d2435d285058469f8c8c4024c4994744b
C:\Plugin\BioNexus\review\spatialwarrant-run-01\08_pseudobulk\S6-run-01\correct_s6_raw_pseudobulk.py,a100b6fb688c7903a6507431be572ea00b6cabf4346b096ef738c2bceb44a11d
C:\Plugin\BioNexus\review\spatialwarrant-run-01\08_pseudobulk\S6-run-01\descriptive-whole-gene-table.full.csv.gz,4dd1ee7851703335de36b5d8cefe0a3c8fe1e4130beb78e6ca93f4c24621a0c3
C:\Plugin\BioNexus\review\spatialwarrant-run-01\08_pseudobulk\S6-run-01\execution-environment.json,ba5f23ffb74dc1d428364cf9566b196ced3b682ee6b101b967866b02763ac5d7
C:\Plugin\BioNexus\review\spatialwarrant-run-01\08_pseudobulk\S6-run-01\finalize_spatialwarrant_s6.py,24b486bed602c7384ec2b7fb2c5dd5c75cc2c3dfab0b623b97860c962c3e3d46
C:\Plugin\BioNexus\review\spatialwarrant-run-01\08_pseudobulk\S6-run-01\historical-filtered-matrix-attempt1\bionexus.provenance.sidecar.json,429cb75d7e5504fe561242655c74cdc3090c1b1a2fff290dc14b15e9825c2651
C:\Plugin\BioNexus\review\spatialwarrant-run-01\08_pseudobulk\S6-run-01\historical-filtered-matrix-attempt1\descriptive-whole-gene-table.full.csv.gz,82ba4e4a940f44c10fafca6e256b2d91cf8fff5260da1e6ba7e183ffa7a75227
C:\Plugin\BioNexus\review\spatialwarrant-run-01\08_pseudobulk\S6-run-01\historical-filtered-matrix-attempt1\output-manifest.json,73082c12cd6183907c665b945334549730d3f378a9f1fbb35fd67702cfa20456
C:\Plugin\BioNexus\review\spatialwarrant-run-01\08_pseudobulk\S6-run-01\historical-filtered-matrix-attempt1\pathway-hallmark-results.full.csv,2af1a375b014d57bb78f79861eb0c9241346027ed49f5cbd52ed04f15dc092dd
C:\Plugin\BioNexus\review\spatialwarrant-run-01\08_pseudobulk\S6-run-01\historical-filtered-matrix-attempt1\pathway-progeny-results.full.csv,5dc3edd11de578ad1b876ee6ac15e286c018be669b2fcd12a7265ebf138bf38c
C:\Plugin\BioNexus\review\spatialwarrant-run-01\08_pseudobulk\S6-run-01\historical-filtered-matrix-attempt1\pathway-resource-and-coverage.json,1b086b13a70ab00454af597710bfb054eab493dc156cbb6c5027b717265dbd92
C:\Plugin\BioNexus\review\spatialwarrant-run-01\08_pseudobulk\S6-run-01\historical-filtered-matrix-attempt1\prespecified-six-genes.csv,c2ac730baec53563cd6bfcbff90aa17ab0f8f030db6eb06993b419bd7d97af0f
C:\Plugin\BioNexus\review\spatialwarrant-run-01\08_pseudobulk\S6-run-01\historical-filtered-matrix-attempt1\primary-program-B1-B2-B3-sensitivity.csv,2100da7bf83faa480b1b6ac45b21d7d02cbb4061d3ba66d317e95d0ad74603e9
C:\Plugin\BioNexus\review\spatialwarrant-run-01\08_pseudobulk\S6-run-01\historical-filtered-matrix-attempt1\primary-program-gene-coverage.json,3d72be4ca68f268941fd10bbe0f0d124338142ff9d9deaea3f417ddde3a5ba68
C:\Plugin\BioNexus\review\spatialwarrant-run-01\08_pseudobulk\S6-run-01\historical-filtered-matrix-attempt1\primary-program-matched-genes.csv,ae3b57b8191f445ddba302e8faf41950cc23e0c08a1e05643096dccae2421529
C:\Plugin\BioNexus\review\spatialwarrant-run-01\08_pseudobulk\S6-run-01\historical-filtered-matrix-attempt1\primary-program-missing-genes.csv,06286d57e0051a47fc16cfde0c53290016edf31077575f3595b6b53b01a5b85f
C:\Plugin\BioNexus\review\spatialwarrant-run-01\08_pseudobulk\S6-run-01\historical-filtered-matrix-attempt1\primary-program-region-scores.csv,e3e2631f61bb3507f19df6ac0bf940a698113fca0ac72653c706c3bfc2acf0b2
C:\Plugin\BioNexus\review\spatialwarrant-run-01\08_pseudobulk\S6-run-01\historical-filtered-matrix-attempt1\pseudobulk-design-status.csv,696092c0e9ad9f4bf957070caf9017a67329b423e33c3fa774dbe5b7a452e192
C:\Plugin\BioNexus\review\spatialwarrant-run-01\08_pseudobulk\S6-run-01\historical-filtered-matrix-attempt1\region-pseudobulk-raw-counts.full.csv.gz,e0962e2405d04e73b1b3994c800bd01a0a924674399249db24cb3889d0cdb827
C:\Plugin\BioNexus\review\spatialwarrant-run-01\08_pseudobulk\S6-run-01\historical-filtered-matrix-attempt1\S6-checkpoint.initial-filtered-attempt.md,ac5c9432e457ed2c33b84dffb59b964af9941dd758f1e63df77752b70fd19a03
C:\Plugin\BioNexus\review\spatialwarrant-run-01\08_pseudobulk\S6-run-01\historical-filtered-matrix-attempt1\S6-integrated-figure.png,de415157efae73feb51a5ed2a2660f196cdbd2dca01b47a23876adf16f5126be
C:\Plugin\BioNexus\review\spatialwarrant-run-01\08_pseudobulk\S6-run-01\historical-filtered-matrix-attempt1\S6-local-result.json,df855eff07a586f78484618ced195c964ac32b14554d2fda76e235cff2799e2e
C:\Plugin\BioNexus\review\spatialwarrant-run-01\08_pseudobulk\S6-run-01\historical-filtered-matrix-attempt1\S6-result.json,1034528ed3d2ade20b513841b14afa9bc6a2cbf001507240614c662ead1386dd
C:\Plugin\BioNexus\review\spatialwarrant-run-01\08_pseudobulk\S6-run-01\input-verification.json,ee8b00f5a454c0380a4f7bf8f08965e7dee7f8e244dbcba500529e0b4bec8d4b
C:\Plugin\BioNexus\review\spatialwarrant-run-01\08_pseudobulk\S6-run-01\methods-and-limitations.json,f97af10143d09fdca3ba2edf4aaecb1e354995f2abe261c6cfd2a0bff24c2732
C:\Plugin\BioNexus\review\spatialwarrant-run-01\08_pseudobulk\S6-run-01\output-manifest.json,f248ac310624b05c4a62e994eae78e3e26339e766380c0c5e65e5d41dfd651c5
C:\Plugin\BioNexus\review\spatialwarrant-run-01\08_pseudobulk\S6-run-01\pathway-hallmark-results.full.csv,c96d2567d3f58f32823da0ffde10bf78a896d7437abb41382942b05000220994
C:\Plugin\BioNexus\review\spatialwarrant-run-01\08_pseudobulk\S6-run-01\pathway-progeny-results.full.csv,b9f7d5ad109d180e768b227670851c58208467ecaa346273451509e2d45f4ae6
C:\Plugin\BioNexus\review\spatialwarrant-run-01\08_pseudobulk\S6-run-01\pathway-resource-and-coverage.json,54c826de57c99cf5b7ab57f6e625cd2248c2f27a6f4107ea35bd675a7ee38bad
C:\Plugin\BioNexus\review\spatialwarrant-run-01\08_pseudobulk\S6-run-01\prespecified-six-genes.csv,aa61b8f27ea0ff1fe6f0bc48d35212e02f7c6557cd8d1168279ee217a583809b
C:\Plugin\BioNexus\review\spatialwarrant-run-01\08_pseudobulk\S6-run-01\primary-program-B1-B2-B3-sensitivity.csv,e855c17352827915422922fb5973b3ebe960ed443e4492a53f741cc664329079
C:\Plugin\BioNexus\review\spatialwarrant-run-01\08_pseudobulk\S6-run-01\primary-program-gene-coverage.json,adb9072a6cc65ee361e75ed898394f8822706f18595385721a1568c6e0887c6c
C:\Plugin\BioNexus\review\spatialwarrant-run-01\08_pseudobulk\S6-run-01\primary-program-matched-genes.csv,8fa33e89941b132282c008fc563c312e63b81aa726cdc8ec83e823aafeed553a
C:\Plugin\BioNexus\review\spatialwarrant-run-01\08_pseudobulk\S6-run-01\primary-program-missing-genes.csv,5b65fc1cdd43a51cd7768b631e68f06df51529a2d9d3f39ba8cc0b0f92d07f25
C:\Plugin\BioNexus\review\spatialwarrant-run-01\08_pseudobulk\S6-run-01\primary-program-region-scores.csv,d9f36b4ebe1ca0d3ae0e4fc017ef4d207bc322d08f225409447c4e021b73b1f9
C:\Plugin\BioNexus\review\spatialwarrant-run-01\08_pseudobulk\S6-run-01\pseudobulk-design-status.csv,45012090911fc760e876c23db3d015840947e907eeec584ef2aa328baaf15889
C:\Plugin\BioNexus\review\spatialwarrant-run-01\08_pseudobulk\S6-run-01\raw-count-source-correction.v2.json,2c59d57a8086c6379fc4bd825837a26a2467332a13f51105c5bd67cd131a16a8
C:\Plugin\BioNexus\review\spatialwarrant-run-01\08_pseudobulk\S6-run-01\refresh_s6_manifests.py,3f55a58729aab4e77b272f7befcd15e9c97383ae8872487f6807ce65f9725b29
C:\Plugin\BioNexus\review\spatialwarrant-run-01\08_pseudobulk\S6-run-01\region-pseudobulk-raw-counts.full.csv.gz,f06d36efce4b0529ee042701e4d41533ef116b66b23ed5b2feafcedfd3356bb3
C:\Plugin\BioNexus\review\spatialwarrant-run-01\08_pseudobulk\S6-run-01\run_spatialwarrant_s6.py,2346bb637436ed84f69333fc49f18d36753ad9987fb2d1b4885a7d2c159408e2
C:\Plugin\BioNexus\review\spatialwarrant-run-01\08_pseudobulk\S6-run-01\S6-checkpoint.md,be73e50a5910647d9b002072972f052b9b453df10eee3983e94af4c3e92ad813
C:\Plugin\BioNexus\review\spatialwarrant-run-01\08_pseudobulk\S6-run-01\S6-integrated-figure.png,677fcf003513da777b727c553efdb5eeb71ed607e0fe998da6217b12f0c4e8eb
C:\Plugin\BioNexus\review\spatialwarrant-run-01\08_pseudobulk\S6-run-01\S6-local-result.json,3fde40339554fdd433642f34bbb773f1dc9b2c09fc5b87557ba81c24840dd4e8
C:\Plugin\BioNexus\review\spatialwarrant-run-01\08_pseudobulk\S6-run-01\S6-result.json,5014c658007e723feb6a44d632df56ab0b960357acaefe9f7abd10de472832d0
C:\Plugin\BioNexus\review\spatialwarrant-run-01\08_pseudobulk\S6-run-01\SHA256SUMS.local.txt,90f8bc62782b61eb3e1c2d8fe4910a295998b366890a7fbf6bf5040dc6483c55
C:\Plugin\BioNexus\review\spatialwarrant-run-01\08_pseudobulk\S6-run-01\SHA256SUMS.txt,3e1355cbf5b9ceef8eb80bd524d9469e08f13b097548029661fa26ebeb72ed51
C:\Plugin\BioNexus\review\spatialwarrant-run-01\09_liana_literature\S6-run-01\__pycache__\run_s6_external_queries.cpython-313.pyc,3b140576c2cb86afb1578ea2424f4ff6e1a659606b4b9da3a7b4f47b1522fc70
C:\Plugin\BioNexus\review\spatialwarrant-run-01\09_liana_literature\S6-run-01\bionexus-claim-bound-audit.json,4120b86297c9a56d48c2f184314db8529717aafbac0e063203f8a86461e7f150
C:\Plugin\BioNexus\review\spatialwarrant-run-01\09_liana_literature\S6-run-01\bionexus-external-evidence-audit.json,2413291b47df65c3239608f6dd40a9ac50f4b35e6ec2d715f3ba49dc1c0c4304
C:\Plugin\BioNexus\review\spatialwarrant-run-01\09_liana_literature\S6-run-01\bionexus-external-evidence\SPATIALWARRANT-S6-LOCAL-ANALYSIS.audit.json,11f95f8375c5da2b1298650c1be0ff39ce2da4bd42a19e065dd5dde6a496643d
C:\Plugin\BioNexus\review\spatialwarrant-run-01\09_liana_literature\S6-run-01\bionexus-external-evidence\SPATIALWARRANT-S6-LOCAL-ANALYSIS.envelope.json,34cb6c1d9c31e5efd190ba9f26289ec4bb133eb7fbaa1fee15878b856290f23a
C:\Plugin\BioNexus\review\spatialwarrant-run-01\09_liana_literature\S6-run-01\bionexus-external-evidence\SPATIALWARRANT-S6-OPENTARGETS.audit.json,a718ca618e4fda7435b4cf27dfbf6111f9276d3aeae1ba270886c6e09a1bd8e5
C:\Plugin\BioNexus\review\spatialwarrant-run-01\09_liana_literature\S6-run-01\bionexus-external-evidence\SPATIALWARRANT-S6-OPENTARGETS.envelope.json,e85e9780193f56a340f7b6dec66d91bd582edba1027dee233d5163a887add47f
C:\Plugin\BioNexus\review\spatialwarrant-run-01\09_liana_literature\S6-run-01\bionexus-external-evidence\SPATIALWARRANT-S6-PUBMED.audit.json,f426f0e7c588a5413283fd6b4bb0a6f01de295c976026ab92a5e36d60bf211a5
C:\Plugin\BioNexus\review\spatialwarrant-run-01\09_liana_literature\S6-run-01\bionexus-external-evidence\SPATIALWARRANT-S6-PUBMED.envelope.json,baf9e40aa996ba43aa3526799ff12c2f8343a2e35aeb04a232e0650cac03c907
C:\Plugin\BioNexus\review\spatialwarrant-run-01\09_liana_literature\S6-run-01\bionexus-external-evidence\SPATIALWARRANT-S6-REACTOME.audit.json,1580a562f473395bd7b95b9f614dfe65c4bd5393ac479e02c15e6b1ee6231152
C:\Plugin\BioNexus\review\spatialwarrant-run-01\09_liana_literature\S6-run-01\bionexus-external-evidence\SPATIALWARRANT-S6-REACTOME.envelope.json,847a04f972151cbcec7378b1646777ab1055983ca71cc2a8c006304142cc2e82
C:\Plugin\BioNexus\review\spatialwarrant-run-01\09_liana_literature\S6-run-01\bionexus-external-evidence\SPATIALWARRANT-S6-STRING.audit.json,4e669c9cf0de3b9086f397eb88042fd415b10ee15fc84b46d5a32a64260e854c
C:\Plugin\BioNexus\review\spatialwarrant-run-01\09_liana_literature\S6-run-01\bionexus-external-evidence\SPATIALWARRANT-S6-STRING.envelope.json,675b0dc0ea79b470f2bb18788f067a346a95127d88f32e765e73d9a4ff89341e
C:\Plugin\BioNexus\review\spatialwarrant-run-01\09_liana_literature\S6-run-01\bionexus-external-evidence\SPATIALWARRANT-S6-UNIPROT.audit.json,45a4e3e02787d75e5ab294972238ee7057cc4f5a50f05cf90086274c189ddf60
C:\Plugin\BioNexus\review\spatialwarrant-run-01\09_liana_literature\S6-run-01\bionexus-external-evidence\SPATIALWARRANT-S6-UNIPROT.envelope.json,df149c53b2f02446da40215a176dcc59f6211c8444b7e6092cb68d9ed4cf1662
C:\Plugin\BioNexus\review\spatialwarrant-run-01\09_liana_literature\S6-run-01\bionexus-mcp-host-probe-attempts.json,2701a5e758d405578c6241156e789a50e675a337eaf0d7ed11ebc77444d366c4
C:\Plugin\BioNexus\review\spatialwarrant-run-01\09_liana_literature\S6-run-01\bionexus.provenance.sidecar.json,7f967136f01a75e06a163c90280761232639d900231933104555c515b708c9f7
C:\Plugin\BioNexus\review\spatialwarrant-run-01\09_liana_literature\S6-run-01\boundary-celltype-specific-liana-status.json,16f7930d41bfa7d37c1ea015065c9803a67344a414cd1cd36f328b448e39d4f3
C:\Plugin\BioNexus\review\spatialwarrant-run-01\09_liana_literature\S6-run-01\dependency-install.log,c14dbf0fed017ae0fc822acdd9107c8c17a23f0e90b19e5628122bb0050a33ff
C:\Plugin\BioNexus\review\spatialwarrant-run-01\09_liana_literature\S6-run-01\execution-environment.json,ba5f23ffb74dc1d428364cf9566b196ced3b682ee6b101b967866b02763ac5d7
C:\Plugin\BioNexus\review\spatialwarrant-run-01\09_liana_literature\S6-run-01\external-evidence-adjudication-register.csv,6ccda31aa21ac94b3a35869bf41d5a18a155f2e450cade9f33aa6db99929451d
C:\Plugin\BioNexus\review\spatialwarrant-run-01\09_liana_literature\S6-run-01\external-evidence-query-targets.json,0a7d5e4ee9f6b2ce96f7290d830428daff03d47b6b6eae485c8166302d4a370f
C:\Plugin\BioNexus\review\spatialwarrant-run-01\09_liana_literature\S6-run-01\external-evidence-query-targets.raw-source-v2.json,0a7d5e4ee9f6b2ce96f7290d830428daff03d47b6b6eae485c8166302d4a370f
C:\Plugin\BioNexus\review\spatialwarrant-run-01\09_liana_literature\S6-run-01\external-evidence-summary.final.json,204232f87171eb8f293a2a0f678084733b590c0a6185cd0ebe4a64b7844441b6
C:\Plugin\BioNexus\review\spatialwarrant-run-01\09_liana_literature\S6-run-01\external-evidence-summary.json,e49cce170d8cd3ee751b6f4fb225917a3a1070816020623bdae0cc32af0a953a
C:\Plugin\BioNexus\review\spatialwarrant-run-01\09_liana_literature\S6-run-01\external-evidence-summary.v2.json,33bec9c71428c008061841bd8b2f012f7c50bdad34addeeeb4ad7dc327e37b77
C:\Plugin\BioNexus\review\spatialwarrant-run-01\09_liana_literature\S6-run-01\external-queries.stderr.log,e3b0c44298fc1c149afbf4c8996fb92427ae41e4649b934ca495991b7852b855
C:\Plugin\BioNexus\review\spatialwarrant-run-01\09_liana_literature\S6-run-01\external-queries.stdout.log,8cc74cc832a4caf225746f4ea8c4aed96ba11d46ca40322602b4adc19737a21c
C:\Plugin\BioNexus\review\spatialwarrant-run-01\09_liana_literature\S6-run-01\external-query-log.consolidated.csv,8a52016d9bfe408740b1c31ae7c6e93b8b17845294cde38f6521648983e527f7
C:\Plugin\BioNexus\review\spatialwarrant-run-01\09_liana_literature\S6-run-01\external-query-log.csv,b40e5653406d3a98b836df08143d534202533a05f5b166d17fc842989b9ea16e
C:\Plugin\BioNexus\review\spatialwarrant-run-01\09_liana_literature\S6-run-01\external-query-log.final.csv,95852dfd9b08b12f60e999fdb0e1494ec84fb5a8974f0cabb865d5610504fa2f
C:\Plugin\BioNexus\review\spatialwarrant-run-01\09_liana_literature\S6-run-01\external-query-log.raw-source-v2.csv,4a1b7d52e8f710a6ed67cf3462fe22e8ca88410dd48dda064f23f294b694e717
C:\Plugin\BioNexus\review\spatialwarrant-run-01\09_liana_literature\S6-run-01\external-query-log.retry1.csv,370fc492d303a433c7ed4b9bd18ea3f4acac757b74b1225a7e352204ba87d47c
C:\Plugin\BioNexus\review\spatialwarrant-run-01\09_liana_literature\S6-run-01\external-query-retry1.stderr.log,e3b0c44298fc1c149afbf4c8996fb92427ae41e4649b934ca495991b7852b855
C:\Plugin\BioNexus\review\spatialwarrant-run-01\09_liana_literature\S6-run-01\external-query-retry1.stdout.log,5b7a63384bee86bf464a15257c2b0fcc0abfca200ed816ec82f851f01c49f225
C:\Plugin\BioNexus\review\spatialwarrant-run-01\09_liana_literature\S6-run-01\finalize.raw-source-v2.stderr.log,e3b0c44298fc1c149afbf4c8996fb92427ae41e4649b934ca495991b7852b855
C:\Plugin\BioNexus\review\spatialwarrant-run-01\09_liana_literature\S6-run-01\finalize.raw-source-v2.stdout.log,c977aed8d0c0ff7d8e2ff5c7992401d11b35746237f99bba6b9ac219332737fa
C:\Plugin\BioNexus\review\spatialwarrant-run-01\09_liana_literature\S6-run-01\finalize.stderr.log,e3b0c44298fc1c149afbf4c8996fb92427ae41e4649b934ca495991b7852b855
C:\Plugin\BioNexus\review\spatialwarrant-run-01\09_liana_literature\S6-run-01\finalize.stdout.log,629a2b33fe38e8bf14f54e1c2a619ea0ceb94fcc82397b5ec031ecb16f54191f
C:\Plugin\BioNexus\review\spatialwarrant-run-01\09_liana_literature\S6-run-01\finalize_spatialwarrant_s6.py,24b486bed602c7384ec2b7fb2c5dd5c75cc2c3dfab0b623b97860c962c3e3d46
C:\Plugin\BioNexus\review\spatialwarrant-run-01\09_liana_literature\S6-run-01\historical-filtered-matrix-attempt1\bionexus-claim-bound-audit.json,9656befeff9ede6fd415c2e5ce8ed313da095a88371b13cf51f307c0683f82f9
C:\Plugin\BioNexus\review\spatialwarrant-run-01\09_liana_literature\S6-run-01\historical-filtered-matrix-attempt1\bionexus-external-evidence-audit.json,2413291b47df65c3239608f6dd40a9ac50f4b35e6ec2d715f3ba49dc1c0c4304
C:\Plugin\BioNexus\review\spatialwarrant-run-01\09_liana_literature\S6-run-01\historical-filtered-matrix-attempt1\bionexus.provenance.sidecar.json,19daf60539439c302b95819c5c5a1857430cda7181bcb8256b084aee6d44543f
C:\Plugin\BioNexus\review\spatialwarrant-run-01\09_liana_literature\S6-run-01\historical-filtered-matrix-attempt1\output-manifest.json,939495e6f88309a564f9f810c686d8e83652c1678560cb2879e25b38a947f397
C:\Plugin\BioNexus\review\spatialwarrant-run-01\09_liana_literature\S6-run-01\historical-filtered-matrix-attempt1\S6-result.json,1034528ed3d2ade20b513841b14afa9bc6a2cbf001507240614c662ead1386dd
C:\Plugin\BioNexus\review\spatialwarrant-run-01\09_liana_literature\S6-run-01\input-verification.json,ee8b00f5a454c0380a4f7bf8f08965e7dee7f8e244dbcba500529e0b4bec8d4b
C:\Plugin\BioNexus\review\spatialwarrant-run-01\09_liana_literature\S6-run-01\liana-method-and-resource.json,9f235fc148256f1c6f922c3c342bbbef381f185afd5b5045bf64ed68152cb80a
C:\Plugin\BioNexus\review\spatialwarrant-run-01\09_liana_literature\S6-run-01\liana-prespecified-interactions.csv,17b2dcbf5a8cc0a9df8f99aab7680bb8613486d09b20d99c79271fadb1846cdb
C:\Plugin\BioNexus\review\spatialwarrant-run-01\09_liana_literature\S6-run-01\liana-rank-aggregate.full.csv.gz,ca323a4185cccd247a633ed161c29fe936ab150f99139586599191152e652af5
C:\Plugin\BioNexus\review\spatialwarrant-run-01\09_liana_literature\S6-run-01\liana-spatial-niche-context.csv,1a7aec911c650be04aaf87d4546cde78977a06cf052e0957d6be57790e0e450c
C:\Plugin\BioNexus\review\spatialwarrant-run-01\09_liana_literature\S6-run-01\liana-top10-for-external-evidence.csv,e5ffcc160d5fa6f4ca4b0004c7a6d718a94fad4cf033f902ac14dcfcc1b3824d
C:\Plugin\BioNexus\review\spatialwarrant-run-01\09_liana_literature\S6-run-01\methods-and-limitations.json,f97af10143d09fdca3ba2edf4aaecb1e354995f2abe261c6cfd2a0bff24c2732
C:\Plugin\BioNexus\review\spatialwarrant-run-01\09_liana_literature\S6-run-01\output-manifest.json,0dfc53611e63903e96be1b379cc97ce7f327cbd5ae3f71f35a0b3370513cf3e5
C:\Plugin\BioNexus\review\spatialwarrant-run-01\09_liana_literature\S6-run-01\process.json,084a78695a589cb24a5eb637c4f95365754e3c5f7a9a4c01092d5129b25f41d5
C:\Plugin\BioNexus\review\spatialwarrant-run-01\09_liana_literature\S6-run-01\progress.json,081dbd2338d0f349a595ba827e0693baee1b33422eb14abb42a1b14678cade89
C:\Plugin\BioNexus\review\spatialwarrant-run-01\09_liana_literature\S6-run-01\raw-source-correction.stderr.log,e3b0c44298fc1c149afbf4c8996fb92427ae41e4649b934ca495991b7852b855
C:\Plugin\BioNexus\review\spatialwarrant-run-01\09_liana_literature\S6-run-01\raw-source-correction.stdout.log,e266bcd8a1afcf9ef02e9a8c399562eee763c8818cf8b0edc6edf22e086cf6a0
C:\Plugin\BioNexus\review\spatialwarrant-run-01\09_liana_literature\S6-run-01\raw-source-v2-queries.stderr.log,e3b0c44298fc1c149afbf4c8996fb92427ae41e4649b934ca495991b7852b855
C:\Plugin\BioNexus\review\spatialwarrant-run-01\09_liana_literature\S6-run-01\raw-source-v2-queries.stdout.log,2f48c42d84b64014ec9b184024c94c414406685851f078ad8ebb72a1d8e8a7c8
C:\Plugin\BioNexus\review\spatialwarrant-run-01\09_liana_literature\S6-run-01\raw-source-v2\raw\opentargets\gene-01-RAB6C.raw,316eae903ad5e3bd0a524c0c5f91a356f46554180770199bb3d3db1268571b43
C:\Plugin\BioNexus\review\spatialwarrant-run-01\09_liana_literature\S6-run-01\raw-source-v2\raw\opentargets\gene-02-LINC01144.raw,6cfe820dc277145e7c7ea915da88ffeae45248274ed5c9a4d05fdc766429e88e
C:\Plugin\BioNexus\review\spatialwarrant-run-01\09_liana_literature\S6-run-01\raw-source-v2\raw\opentargets\gene-03-FOXO6.raw,d348cf187b0cabb1a38ad860489feafd5aaee453d23f4495eb6758b56f8fed5c
C:\Plugin\BioNexus\review\spatialwarrant-run-01\09_liana_literature\S6-run-01\raw-source-v2\raw\opentargets\gene-04-ZSWIM8-AS1.raw,58472e30c09ffd43a32f10d499913847426fc260ac417f385b7dddeed84fee26
C:\Plugin\BioNexus\review\spatialwarrant-run-01\09_liana_literature\S6-run-01\raw-source-v2\raw\opentargets\gene-05-PTHLH.raw,c566a6640547c71087435a34780fa9d97e5f071a4680fcc4e49cd8a44780400e
C:\Plugin\BioNexus\review\spatialwarrant-run-01\09_liana_literature\S6-run-01\raw-source-v2\raw\opentargets\gene-06-HEY2.raw,d2a7297f672f3d4e1522cf96fd3e4544b8d0b56458c7a48449969e1d352dc8c3
C:\Plugin\BioNexus\review\spatialwarrant-run-01\09_liana_literature\S6-run-01\raw-source-v2\raw\opentargets\gene-07-DMD.raw,93306821a264532fc38b556058d6573b943fff1aedf7d418b6d690c6b9fadedc
C:\Plugin\BioNexus\review\spatialwarrant-run-01\09_liana_literature\S6-run-01\raw-source-v2\raw\opentargets\gene-08-IGLC3.raw,bf86819b2c95cc1609eec618e052c3c7a6fbd4abecc753932c93841a49782e73
C:\Plugin\BioNexus\review\spatialwarrant-run-01\09_liana_literature\S6-run-01\raw-source-v2\raw\opentargets\gene-09-IGLC1.raw,8ae879ebab45f829f130f7570bbc83642cb04d0d183a23ac1deb88970811caad
C:\Plugin\BioNexus\review\spatialwarrant-run-01\09_liana_literature\S6-run-01\raw-source-v2\raw\opentargets\gene-10-PCDH18.raw,1458a41f53bf12b3bd5859684abfdd7b78ed893e12c6000b772b0c4ba06a2896
C:\Plugin\BioNexus\review\spatialwarrant-run-01\09_liana_literature\S6-run-01\raw-source-v2\raw\opentargets\gene-11-AC087175.1.raw,823de698dfb3a062b46ea759f629e004153adfc59573ff6f52808a74ba9c739e
C:\Plugin\BioNexus\review\spatialwarrant-run-01\09_liana_literature\S6-run-01\raw-source-v2\raw\opentargets\gene-12-LINC01489.raw,9789b61e91874e246c511b24a7fea490da46e67428427863ece6c1609b69c0a5
C:\Plugin\BioNexus\review\spatialwarrant-run-01\09_liana_literature\S6-run-01\raw-source-v2\raw\opentargets\gene-13-FMO4.raw,867cbcda2c1b391e56ba2f497f78f26cccaadbca443a19470d40a3d58b427b79
C:\Plugin\BioNexus\review\spatialwarrant-run-01\09_liana_literature\S6-run-01\raw-source-v2\raw\opentargets\gene-14-AC027237.3.raw,823de698dfb3a062b46ea759f629e004153adfc59573ff6f52808a74ba9c739e
C:\Plugin\BioNexus\review\spatialwarrant-run-01\09_liana_literature\S6-run-01\raw-source-v2\raw\opentargets\gene-15-MIXL1.raw,60a2aa76d2c56f9a667af0eac0e48f86a0613891da03060d9cd07674dcb12bea
C:\Plugin\BioNexus\review\spatialwarrant-run-01\09_liana_literature\S6-run-01\raw-source-v2\raw\opentargets\gene-16-AL355075.4.raw,823de698dfb3a062b46ea759f629e004153adfc59573ff6f52808a74ba9c739e
C:\Plugin\BioNexus\review\spatialwarrant-run-01\09_liana_literature\S6-run-01\raw-source-v2\raw\opentargets\gene-17-SYCP3.raw,6412e6dd8d5d7aee13dcb1aae4aaa8a4a529d45992840f73ecaa49da22dc9e9f
C:\Plugin\BioNexus\review\spatialwarrant-run-01\09_liana_literature\S6-run-01\raw-source-v2\raw\opentargets\gene-18-TMEM233.raw,1849a21f56c039dab1c37805231038a3f652465a0ab2a3ed1c3e0af3453eba78
C:\Plugin\BioNexus\review\spatialwarrant-run-01\09_liana_literature\S6-run-01\raw-source-v2\raw\opentargets\gene-19-NRSN2-AS1.raw,2902c74e039967f4d62e38ca1bd68b047d6c3701c7f4c4c2ef47bc6859c90a51
C:\Plugin\BioNexus\review\spatialwarrant-run-01\09_liana_literature\S6-run-01\raw-source-v2\raw\opentargets\gene-20-CPB2-AS1.raw,75c8502c6d757e2c94b91dc36ae1d395d55906a2065b7d8235d13674cef7b413
C:\Plugin\BioNexus\review\spatialwarrant-run-01\09_liana_literature\S6-run-01\raw-source-v2\raw\pubmed\gene-01-RAB6C.raw,ec103ad68fb899bd8679f6573c7c398159f06626021bb77605a09800720908eb
C:\Plugin\BioNexus\review\spatialwarrant-run-01\09_liana_literature\S6-run-01\raw-source-v2\raw\pubmed\gene-02-LINC01144.raw,ff1c8e9e6af95af5d986ad583655afa14868ba6e6f923e3515320cc70ccf73b5
C:\Plugin\BioNexus\review\spatialwarrant-run-01\09_liana_literature\S6-run-01\raw-source-v2\raw\pubmed\gene-03-FOXO6.raw,c95533ff1042d4ac483a02ff09c4e61af7e13635f8af1fa277b2417c1baef526
C:\Plugin\BioNexus\review\spatialwarrant-run-01\09_liana_literature\S6-run-01\raw-source-v2\raw\pubmed\gene-04-ZSWIM8-AS1.raw,3d12fc348d9a8f8720ddc9bb8f2b839c2d1d1dcdb1ff3e3a04a699820f631466
C:\Plugin\BioNexus\review\spatialwarrant-run-01\09_liana_literature\S6-run-01\raw-source-v2\raw\pubmed\gene-05-PTHLH.raw,961af8d55fd01eff95a25ccc11fc08a66604b3b42dae1b7d2567a933686e996f
C:\Plugin\BioNexus\review\spatialwarrant-run-01\09_liana_literature\S6-run-01\raw-source-v2\raw\pubmed\gene-06-HEY2.raw,181d6009adb818acdd0fb9be99b5c5d858d6671e063b5e396e3f04a18bb7fe33
C:\Plugin\BioNexus\review\spatialwarrant-run-01\09_liana_literature\S6-run-01\raw-source-v2\raw\pubmed\gene-07-DMD.raw,cf9b46cfa3c58ae521d7adf9b0e372f2707adb35186c04751a9e0674d8d913c3
C:\Plugin\BioNexus\review\spatialwarrant-run-01\09_liana_literature\S6-run-01\raw-source-v2\raw\pubmed\gene-08-IGLC3.raw,74adabfb363f75a9e3fb2b5af94b742e74b11596374b3d07ad10d35dea3b9ef5
C:\Plugin\BioNexus\review\spatialwarrant-run-01\09_liana_literature\S6-run-01\raw-source-v2\raw\pubmed\gene-09-IGLC1.raw,1395d62be8825a87899199291d9ac598bd124e69b45b6f33fdbed3fa48e130cf
C:\Plugin\BioNexus\review\spatialwarrant-run-01\09_liana_literature\S6-run-01\raw-source-v2\raw\pubmed\gene-10-PCDH18.raw,a586f902e1c3d1736dffe1e60c519a207ffa62d20be7e9d781116b4964b7293a
C:\Plugin\BioNexus\review\spatialwarrant-run-01\09_liana_literature\S6-run-01\raw-source-v2\raw\pubmed\gene-11-AC087175.1.raw,122d58180bd188e59f2244404abf4ffeb60cb56c6663ffe4100a964310365f2f
C:\Plugin\BioNexus\review\spatialwarrant-run-01\09_liana_literature\S6-run-01\raw-source-v2\raw\pubmed\gene-12-LINC01489.raw,2e9633b25b5a85181731c774f4b9090f46bf31394b6ee53984c1490d7413c736
C:\Plugin\BioNexus\review\spatialwarrant-run-01\09_liana_literature\S6-run-01\raw-source-v2\raw\pubmed\gene-13-FMO4.raw,26a768d7a10db881b8cd136bacfe82cb8a659f81b60edbfa6ca4080ff637b7dd
C:\Plugin\BioNexus\review\spatialwarrant-run-01\09_liana_literature\S6-run-01\raw-source-v2\raw\pubmed\gene-14-AC027237.3.raw,e5afabb4453de46be09592fd0622bc6c6c5746bce2af399471f9fba08933eed5
C:\Plugin\BioNexus\review\spatialwarrant-run-01\09_liana_literature\S6-run-01\raw-source-v2\raw\pubmed\gene-15-MIXL1.raw,e4b53aae84b7ce9006c2601521a0a48e52a22d3091958a72625887af3e9c689a
C:\Plugin\BioNexus\review\spatialwarrant-run-01\09_liana_literature\S6-run-01\raw-source-v2\raw\pubmed\gene-16-AL355075.4.raw,466baab25f1b53559b0a442e10e47bf09b8d6785fe6f5e7eed292ac29fd1bc87
C:\Plugin\BioNexus\review\spatialwarrant-run-01\09_liana_literature\S6-run-01\raw-source-v2\raw\pubmed\gene-17-SYCP3.raw,f0d6da0e9e132308dc1f9fc75edc567acd210bf2a2fa9e27db3b7fe43305bc24
C:\Plugin\BioNexus\review\spatialwarrant-run-01\09_liana_literature\S6-run-01\raw-source-v2\raw\pubmed\gene-18-TMEM233.raw,ed92f632338f0b33027dc69f4bba5bc217a5b7fd9cbbb4c22299f3e1fc5bf5a7
C:\Plugin\BioNexus\review\spatialwarrant-run-01\09_liana_literature\S6-run-01\raw-source-v2\raw\pubmed\gene-19-NRSN2-AS1.raw,be3a927e322c51aece84385ab84cc84cce7a64237ae079b51799d03c221ca098
C:\Plugin\BioNexus\review\spatialwarrant-run-01\09_liana_literature\S6-run-01\raw-source-v2\raw\pubmed\gene-20-CPB2-AS1.raw,e5c0e6f970b10f8a166482a85af2b627e3eab74966d9e59b9aec831912b3c019
C:\Plugin\BioNexus\review\spatialwarrant-run-01\09_liana_literature\S6-run-01\raw-source-v2\raw\reactome\gene-01-RAB6C.raw,ce80911c2ffa53af5663fa697b2cf245ee0fbf065bfa11841cdd642ed88e8456
C:\Plugin\BioNexus\review\spatialwarrant-run-01\09_liana_literature\S6-run-01\raw-source-v2\raw\reactome\gene-03-FOXO6.raw,c3c9356fc75d2be14e5fab4b7241900d1da405110198e08369a76a85a6a0fc8a
C:\Plugin\BioNexus\review\spatialwarrant-run-01\09_liana_literature\S6-run-01\raw-source-v2\raw\reactome\gene-04-ZSWIM8-AS1.raw,2cc7c14a0ca9a0e4256d32251554040411c83de6aada4f6c983cd3cf633ebc82
C:\Plugin\BioNexus\review\spatialwarrant-run-01\09_liana_literature\S6-run-01\raw-source-v2\raw\reactome\gene-05-PTHLH.raw,90449736cd40086c111b974100347bbf0d40d654cca966db463db5cb2eb85953
C:\Plugin\BioNexus\review\spatialwarrant-run-01\09_liana_literature\S6-run-01\raw-source-v2\raw\reactome\gene-06-HEY2.raw,07403c7994375aa04507db5c51daf9db25c2e755cf6a5e2cc1cee3d8096fadb4
C:\Plugin\BioNexus\review\spatialwarrant-run-01\09_liana_literature\S6-run-01\raw-source-v2\raw\reactome\gene-07-DMD.raw,9333cc3ad8e63fba7e615858dc34a8b6a4d454bfb051c74ff3c893e1f440e6f9
C:\Plugin\BioNexus\review\spatialwarrant-run-01\09_liana_literature\S6-run-01\raw-source-v2\raw\reactome\gene-08-IGLC3.raw,090691ced20ee9b241bf0188964eb435e1f11ee46094db7785316e6441aba137
C:\Plugin\BioNexus\review\spatialwarrant-run-01\09_liana_literature\S6-run-01\raw-source-v2\raw\reactome\gene-09-IGLC1.raw,30cb0169390a213df9c2a4dc34ec973f7e77bb36a0017017096339fdf1ccd02f
C:\Plugin\BioNexus\review\spatialwarrant-run-01\09_liana_literature\S6-run-01\raw-source-v2\raw\reactome\gene-10-PCDH18.raw,522f4ae34e25ddae5629e1a0e0ad94b1589e79cbd4f45fbafbe7f2eb03b2b7f5
C:\Plugin\BioNexus\review\spatialwarrant-run-01\09_liana_literature\S6-run-01\raw-source-v2\raw\reactome\gene-15-MIXL1.raw,78c62c96107152b2764fd292b822e83e4a9be6204e00eb768c162a1c67e9c529
C:\Plugin\BioNexus\review\spatialwarrant-run-01\09_liana_literature\S6-run-01\raw-source-v2\raw\reactome\gene-17-SYCP3.raw,8e42494491ed4d7225824d4a66db5962c253a3a648af3149fbbcdf8cdae25202
C:\Plugin\BioNexus\review\spatialwarrant-run-01\09_liana_literature\S6-run-01\raw-source-v2\raw\reactome\gene-19-NRSN2-AS1.raw,bfe5a48c668cebfdd7e6775a61e1a4e69d2e17cc108e2f17870fece2eb7da730
C:\Plugin\BioNexus\review\spatialwarrant-run-01\09_liana_literature\S6-run-01\raw-source-v2\raw\reactome\gene-20-CPB2-AS1.raw,cb26ea99eaa57293927fb18f7d526e25793412053408b15515c9431998323528
C:\Plugin\BioNexus\review\spatialwarrant-run-01\09_liana_literature\S6-run-01\raw-source-v2\raw\string\gene-01-RAB6C.raw,c87f4c758a825e8ff1dbd4131efa9689c0689d250f325b083f30f861a2cc11c5
C:\Plugin\BioNexus\review\spatialwarrant-run-01\09_liana_literature\S6-run-01\raw-source-v2\raw\string\gene-03-FOXO6.raw,d6202ecd03a71cce4526379afa3fbc5205e668fe67afc70fb61f14c8aad5e7cc
C:\Plugin\BioNexus\review\spatialwarrant-run-01\09_liana_literature\S6-run-01\raw-source-v2\raw\string\gene-05-PTHLH.raw,763206417c6ce7f18f9424842d5049d9bfd90f734e7175ae4a8c70123c7f6172
C:\Plugin\BioNexus\review\spatialwarrant-run-01\09_liana_literature\S6-run-01\raw-source-v2\raw\string\gene-06-HEY2.raw,140cf7a48da83b052b35408f9efdc3ae1a61e0e4f1634c756bbc5ed20b33869f
C:\Plugin\BioNexus\review\spatialwarrant-run-01\09_liana_literature\S6-run-01\raw-source-v2\raw\string\gene-07-DMD.raw,479d60ece89de091d14978cab60bddbb2dd8bf257e1985ee4700b16473001a5f
C:\Plugin\BioNexus\review\spatialwarrant-run-01\09_liana_literature\S6-run-01\raw-source-v2\raw\string\gene-10-PCDH18.raw,f118c5e105f70356728a8dd3c567ab141d5b15438dea5d882eb7803335e9e24d
C:\Plugin\BioNexus\review\spatialwarrant-run-01\09_liana_literature\S6-run-01\raw-source-v2\raw\string\gene-13-FMO4.raw,da7d568f0cca1cd6dc21b01337a5433871bb44a0f3042556b67dce87b9bea73f
C:\Plugin\BioNexus\review\spatialwarrant-run-01\09_liana_literature\S6-run-01\raw-source-v2\raw\string\gene-14-AC027237.3.raw,b760203ff752f695441fad7b1140d5da2fe9f92dac5db28ab3209a6470e0ed51
C:\Plugin\BioNexus\review\spatialwarrant-run-01\09_liana_literature\S6-run-01\raw-source-v2\raw\string\gene-15-MIXL1.raw,f9fefa51c8cb4e3c99116cd223eb857d2bb87ed9bc9bc7074ad54d19c4fe90db
C:\Plugin\BioNexus\review\spatialwarrant-run-01\09_liana_literature\S6-run-01\raw-source-v2\raw\string\gene-16-AL355075.4.raw,d5a95399f0154f07a623a51cca2b492dba96566e5fe201224a4767d9de8ecb76
C:\Plugin\BioNexus\review\spatialwarrant-run-01\09_liana_literature\S6-run-01\raw-source-v2\raw\string\gene-17-SYCP3.raw,ae8081b846f13a03d3e6a14ffc87ec92b91978ae8d08a841245300d16fb552f5
C:\Plugin\BioNexus\review\spatialwarrant-run-01\09_liana_literature\S6-run-01\raw-source-v2\raw\string\gene-18-TMEM233.raw,63ca3afe92580c5bbb36d9d64ce37df68d1641719c2652e54c6397edfbed4419
C:\Plugin\BioNexus\review\spatialwarrant-run-01\09_liana_literature\S6-run-01\raw-source-v2\raw\uniprot\gene-01-RAB6C.raw,6786d063350e25ca4f87a62a867d5cf4a67930d4734d5de70c5940d253c33667
C:\Plugin\BioNexus\review\spatialwarrant-run-01\09_liana_literature\S6-run-01\raw-source-v2\raw\uniprot\gene-02-LINC01144.raw,6c8d91bdd9ffa45a148fbd77425d0f0412a269d28095516c0282edc287f49992
C:\Plugin\BioNexus\review\spatialwarrant-run-01\09_liana_literature\S6-run-01\raw-source-v2\raw\uniprot\gene-03-FOXO6.raw,dfc08fabd2f6ac4a2a303f9b6c80586debeeb48f2d507a5a4bfe64e1e850408f
C:\Plugin\BioNexus\review\spatialwarrant-run-01\09_liana_literature\S6-run-01\raw-source-v2\raw\uniprot\gene-04-ZSWIM8-AS1.raw,5021e624e752b001ce3e3846e8f158ed4aeb93a4c9a72fdb35a0c5b14a0eea84
C:\Plugin\BioNexus\review\spatialwarrant-run-01\09_liana_literature\S6-run-01\raw-source-v2\raw\uniprot\gene-05-PTHLH.raw,89fe7d21ad63ad1eb77a3d9a5bd5e0c8573b7bd36af5190b517b9310cdf67e09
C:\Plugin\BioNexus\review\spatialwarrant-run-01\09_liana_literature\S6-run-01\raw-source-v2\raw\uniprot\gene-06-HEY2.raw,358798da754c519c7f504628b14100455e0fd060239aa649a5593fd91605d4cb
C:\Plugin\BioNexus\review\spatialwarrant-run-01\09_liana_literature\S6-run-01\raw-source-v2\raw\uniprot\gene-07-DMD.raw,f2cee8eb60f2b6354c8b4bedc444a9f84121e2c71f7f72a52dd45fd99f90678f
C:\Plugin\BioNexus\review\spatialwarrant-run-01\09_liana_literature\S6-run-01\raw-source-v2\raw\uniprot\gene-08-IGLC3.raw,59375f18650acec9bbe65e34c025f00ff8c8b2c314d15323e77b50a4e9aad751
C:\Plugin\BioNexus\review\spatialwarrant-run-01\09_liana_literature\S6-run-01\raw-source-v2\raw\uniprot\gene-09-IGLC1.raw,2836a94fed89359b15a9636f2cab095f1d2f5963419db9c3bf971264c0faabff
C:\Plugin\BioNexus\review\spatialwarrant-run-01\09_liana_literature\S6-run-01\raw-source-v2\raw\uniprot\gene-10-PCDH18.raw,494c6f0c2d0a5767ffb4717e6d06ebd4cf2db456809127ea8173b21d5994cfa4
C:\Plugin\BioNexus\review\spatialwarrant-run-01\09_liana_literature\S6-run-01\raw-source-v2\raw\uniprot\gene-11-AC087175.1.raw,5021e624e752b001ce3e3846e8f158ed4aeb93a4c9a72fdb35a0c5b14a0eea84
C:\Plugin\BioNexus\review\spatialwarrant-run-01\09_liana_literature\S6-run-01\raw-source-v2\raw\uniprot\gene-12-LINC01489.raw,182600343a1dfa1addf484c502705338634896682112abda4f637ca2d4c73710
C:\Plugin\BioNexus\review\spatialwarrant-run-01\09_liana_literature\S6-run-01\raw-source-v2\raw\uniprot\gene-13-FMO4.raw,920e35603123f0ce5311f96ca52027912c4364c59959a4a385271bd1b0356bec
C:\Plugin\BioNexus\review\spatialwarrant-run-01\09_liana_literature\S6-run-01\raw-source-v2\raw\uniprot\gene-14-AC027237.3.raw,5021e624e752b001ce3e3846e8f158ed4aeb93a4c9a72fdb35a0c5b14a0eea84
C:\Plugin\BioNexus\review\spatialwarrant-run-01\09_liana_literature\S6-run-01\raw-source-v2\raw\uniprot\gene-15-MIXL1.raw,d21a1bc8f18dad8f7b6de4a9ef88a0a0ab9477066adb3282bff56c6c09f4782f
C:\Plugin\BioNexus\review\spatialwarrant-run-01\09_liana_literature\S6-run-01\raw-source-v2\raw\uniprot\gene-16-AL355075.4.raw,5021e624e752b001ce3e3846e8f158ed4aeb93a4c9a72fdb35a0c5b14a0eea84
C:\Plugin\BioNexus\review\spatialwarrant-run-01\09_liana_literature\S6-run-01\raw-source-v2\raw\uniprot\gene-17-SYCP3.raw,b9edfb3f9a3a8d524f55b2bc0a4ccd4aa1009cf79011e8f14c7e6033588b90b1
C:\Plugin\BioNexus\review\spatialwarrant-run-01\09_liana_literature\S6-run-01\raw-source-v2\raw\uniprot\gene-18-TMEM233.raw,cad1ed07429a32f31529d7de572fddc0685a45e4520a8f399fb6a258052d407d
C:\Plugin\BioNexus\review\spatialwarrant-run-01\09_liana_literature\S6-run-01\raw-source-v2\raw\uniprot\gene-19-NRSN2-AS1.raw,5021e624e752b001ce3e3846e8f158ed4aeb93a4c9a72fdb35a0c5b14a0eea84
C:\Plugin\BioNexus\review\spatialwarrant-run-01\09_liana_literature\S6-run-01\raw-source-v2\raw\uniprot\gene-20-CPB2-AS1.raw,5021e624e752b001ce3e3846e8f158ed4aeb93a4c9a72fdb35a0c5b14a0eea84
C:\Plugin\BioNexus\review\spatialwarrant-run-01\09_liana_literature\S6-run-01\raw-source-v2\requests\opentargets\gene-01-RAB6C.request.json,975735511002cb5a9786c970d104997e51bfec287b816e99dbdf992853446611
C:\Plugin\BioNexus\review\spatialwarrant-run-01\09_liana_literature\S6-run-01\raw-source-v2\requests\opentargets\gene-02-LINC01144.request.json,b9d21350c8b07112b596c4f42503fec104f4766f094e4a7e633a5f836db483dd
C:\Plugin\BioNexus\review\spatialwarrant-run-01\09_liana_literature\S6-run-01\raw-source-v2\requests\opentargets\gene-03-FOXO6.request.json,1b2f3c577391d54893a93753783d2e13d5d36689db5b489722c7d8a5cc3f4018
C:\Plugin\BioNexus\review\spatialwarrant-run-01\09_liana_literature\S6-run-01\raw-source-v2\requests\opentargets\gene-04-ZSWIM8-AS1.request.json,914b34641f61b8aeea61869eb5971fe7c2e77fef0e9f08352ad8cd2e2e7677a1
C:\Plugin\BioNexus\review\spatialwarrant-run-01\09_liana_literature\S6-run-01\raw-source-v2\requests\opentargets\gene-05-PTHLH.request.json,69c224069330d364e73daea82dbafc40d052760499406254f7f5b517a4d62d3b
C:\Plugin\BioNexus\review\spatialwarrant-run-01\09_liana_literature\S6-run-01\raw-source-v2\requests\opentargets\gene-06-HEY2.request.json,749ec65588111c35b37ad3ca56dd5b20f028691094d61cc7d19f777df16711e6
C:\Plugin\BioNexus\review\spatialwarrant-run-01\09_liana_literature\S6-run-01\raw-source-v2\requests\opentargets\gene-07-DMD.request.json,3ca8e12a3ff06ac5ccb90d61b6b724b5b25538e9f29daf202d198183651aa7b6
C:\Plugin\BioNexus\review\spatialwarrant-run-01\09_liana_literature\S6-run-01\raw-source-v2\requests\opentargets\gene-08-IGLC3.request.json,3e1e029f7da835a9d8cc7dd12a3bcfa4d9ae109ba43ff299fcba57410df39131
C:\Plugin\BioNexus\review\spatialwarrant-run-01\09_liana_literature\S6-run-01\raw-source-v2\requests\opentargets\gene-09-IGLC1.request.json,e520adf1393ff1b753629e783808392c7706ff0ee4d9d182bfb220feaae242c5
C:\Plugin\BioNexus\review\spatialwarrant-run-01\09_liana_literature\S6-run-01\raw-source-v2\requests\opentargets\gene-10-PCDH18.request.json,5c0e7fb224a6aa6d398cb6a31d2ce40dd73829d846c2bff38cf1719ee4af05f9
C:\Plugin\BioNexus\review\spatialwarrant-run-01\09_liana_literature\S6-run-01\raw-source-v2\requests\opentargets\gene-11-AC087175.1.request.json,055985aeca12f3fd4979020e45e00f246329dbb78411cd1c89622d03e76c49d2
C:\Plugin\BioNexus\review\spatialwarrant-run-01\09_liana_literature\S6-run-01\raw-source-v2\requests\opentargets\gene-12-LINC01489.request.json,0e87e9d5e35699bfc8c36e31bb279283e85caa045c05dd5c761da17e05b87c75
C:\Plugin\BioNexus\review\spatialwarrant-run-01\09_liana_literature\S6-run-01\raw-source-v2\requests\opentargets\gene-13-FMO4.request.json,40d4a860f9b309bfe468af3482b8b63249eac9dc586b72ff729a8dbc33f590af
C:\Plugin\BioNexus\review\spatialwarrant-run-01\09_liana_literature\S6-run-01\raw-source-v2\requests\opentargets\gene-14-AC027237.3.request.json,bc6d6d6917706f964021d150c2ec4d4dac51c754c820fb12bfaeedba98e46cbe
C:\Plugin\BioNexus\review\spatialwarrant-run-01\09_liana_literature\S6-run-01\raw-source-v2\requests\opentargets\gene-15-MIXL1.request.json,67dd3588fbf873ff5fdbdb53d908b7640ee860e23f35daa8c1d72e4b80fb26d1
C:\Plugin\BioNexus\review\spatialwarrant-run-01\09_liana_literature\S6-run-01\raw-source-v2\requests\opentargets\gene-16-AL355075.4.request.json,8d4fe40c78cee657757c483c631523e5744bda451a14bd89016b1b99c42e5c48
C:\Plugin\BioNexus\review\spatialwarrant-run-01\09_liana_literature\S6-run-01\raw-source-v2\requests\opentargets\gene-17-SYCP3.request.json,f8dafd58be30f61cf7ae1a96ffadfd0a756386b4d3461659d2089dd19a8a5e3e
C:\Plugin\BioNexus\review\spatialwarrant-run-01\09_liana_literature\S6-run-01\raw-source-v2\requests\opentargets\gene-18-TMEM233.request.json,f8776609384b6efc33ceb226a1a1f25de856e8c1e059b67be90fbc4665c0c0c4
C:\Plugin\BioNexus\review\spatialwarrant-run-01\09_liana_literature\S6-run-01\raw-source-v2\requests\opentargets\gene-19-NRSN2-AS1.request.json,5e112e5df6b9148097f6ad3b4e34c185b4149d5339188b9ba1a0abce81d8813e
C:\Plugin\BioNexus\review\spatialwarrant-run-01\09_liana_literature\S6-run-01\raw-source-v2\requests\opentargets\gene-20-CPB2-AS1.request.json,de18eca9c928d86d872c4ee8233c8d0b24403ab477a9719e3ad71c6b1b26660c
C:\Plugin\BioNexus\review\spatialwarrant-run-01\09_liana_literature\S6-run-01\raw-source-v2\requests\pubmed\gene-01-RAB6C.request.json,88f6ac93e6521b698ca40b5ac5a768020e63f7372f8b3b07ef6f9d10b8e893f2
C:\Plugin\BioNexus\review\spatialwarrant-run-01\09_liana_literature\S6-run-01\raw-source-v2\requests\pubmed\gene-02-LINC01144.request.json,0a57b29990a54157d4a5f3d5de44e96fadf27ae2fe9fe5cbfb88c90cf6038b21
C:\Plugin\BioNexus\review\spatialwarrant-run-01\09_liana_literature\S6-run-01\raw-source-v2\requests\pubmed\gene-03-FOXO6.request.json,c36e53010ac96e6057e4d813bce77233f9d37624cbb1325ee050020de2cdebbd
C:\Plugin\BioNexus\review\spatialwarrant-run-01\09_liana_literature\S6-run-01\raw-source-v2\requests\pubmed\gene-04-ZSWIM8-AS1.request.json,5724c95c3303afde4dd88c23c3a5a670339c820709318defba062fa16a214c09
C:\Plugin\BioNexus\review\spatialwarrant-run-01\09_liana_literature\S6-run-01\raw-source-v2\requests\pubmed\gene-05-PTHLH.request.json,153875413c6e95939344fbefe163a2c3a171632707fd42c29fc99b805a6160a8
C:\Plugin\BioNexus\review\spatialwarrant-run-01\09_liana_literature\S6-run-01\raw-source-v2\requests\pubmed\gene-06-HEY2.request.json,306ac82116bffb9878c8d356d9b778c23038e27ddc38b78046fd7d61b9f39bdc
C:\Plugin\BioNexus\review\spatialwarrant-run-01\09_liana_literature\S6-run-01\raw-source-v2\requests\pubmed\gene-07-DMD.request.json,12a6dd7821e1c706d19f857fed5c356e4d9eb83fd122bdfd64bb4aac80896283
C:\Plugin\BioNexus\review\spatialwarrant-run-01\09_liana_literature\S6-run-01\raw-source-v2\requests\pubmed\gene-08-IGLC3.request.json,837281b63e425a438b40d0a6e707958d28c1041d5f0f23a81e6b3149e36f16da
C:\Plugin\BioNexus\review\spatialwarrant-run-01\09_liana_literature\S6-run-01\raw-source-v2\requests\pubmed\gene-09-IGLC1.request.json,b8eac1aa7951f9dde31e75f8bbbb3a414abb8878043b8abcab91886280a9e996
C:\Plugin\BioNexus\review\spatialwarrant-run-01\09_liana_literature\S6-run-01\raw-source-v2\requests\pubmed\gene-10-PCDH18.request.json,c8b239f45f8ecd3dee6612de5be73ce60f89a9bd36a0547f001a607272646167
C:\Plugin\BioNexus\review\spatialwarrant-run-01\09_liana_literature\S6-run-01\raw-source-v2\requests\pubmed\gene-11-AC087175.1.request.json,e73cef72c2ed3b5e6acce8227423ea9c875809adba652c1c42bd07be86d01bd6
C:\Plugin\BioNexus\review\spatialwarrant-run-01\09_liana_literature\S6-run-01\raw-source-v2\requests\pubmed\gene-12-LINC01489.request.json,929f1e99a6173a15f73463892b3da8187a44edde2e424e7b7472a43d0d9d7a1d
C:\Plugin\BioNexus\review\spatialwarrant-run-01\09_liana_literature\S6-run-01\raw-source-v2\requests\pubmed\gene-13-FMO4.request.json,700291f5b01e3647e9fd0c91c50a7df99713271d9c7031c11a1e0d946126cba3
C:\Plugin\BioNexus\review\spatialwarrant-run-01\09_liana_literature\S6-run-01\raw-source-v2\requests\pubmed\gene-14-AC027237.3.request.json,b63bda0e8faf6382d8849aa947ac06d93ebd7d202f9f5d0f2e568f84e7f9ffa1
C:\Plugin\BioNexus\review\spatialwarrant-run-01\09_liana_literature\S6-run-01\raw-source-v2\requests\pubmed\gene-15-MIXL1.request.json,22cfdcc1feb1d5d7dbea4af62fde9e4714d33a1c1b6ccc1c5c53e32b954e003f
C:\Plugin\BioNexus\review\spatialwarrant-run-01\09_liana_literature\S6-run-01\raw-source-v2\requests\pubmed\gene-16-AL355075.4.request.json,c6e756ff3c5496a85eca6315fe7ec77df0609ad78b917aaf403aeade83fda02e
C:\Plugin\BioNexus\review\spatialwarrant-run-01\09_liana_literature\S6-run-01\raw-source-v2\requests\pubmed\gene-17-SYCP3.request.json,f47f9d4a933c8eb342f72b563b6c48d3672e2c32215f6a2b20cfe5c8ebaa5c89
C:\Plugin\BioNexus\review\spatialwarrant-run-01\09_liana_literature\S6-run-01\raw-source-v2\requests\pubmed\gene-18-TMEM233.request.json,0fd0ef79d594c4fd1bdb37db11940f720fc9ca39c093ef7b8f8cb13e36bfd071
C:\Plugin\BioNexus\review\spatialwarrant-run-01\09_liana_literature\S6-run-01\raw-source-v2\requests\pubmed\gene-19-NRSN2-AS1.request.json,c45e897003e6f0024c2cfd522ffe875924ac48a5fab5e1165c2a04861eea464b
C:\Plugin\BioNexus\review\spatialwarrant-run-01\09_liana_literature\S6-run-01\raw-source-v2\requests\pubmed\gene-20-CPB2-AS1.request.json,8f7d8e0fbd470335383add49c70d0aeb65e3baf60cd8a6ee5a46dc5cb0bc10d7
C:\Plugin\BioNexus\review\spatialwarrant-run-01\09_liana_literature\S6-run-01\raw-source-v2\requests\reactome\gene-01-RAB6C.request.json,f398e8de44d76d37711beaa7f4f1728576b98d7b94d10d349fd29fafa5c2b349
C:\Plugin\BioNexus\review\spatialwarrant-run-01\09_liana_literature\S6-run-01\raw-source-v2\requests\reactome\gene-02-LINC01144.request.json,0d4cc3a8ae9a613ed84483b8415c7e50823acf9ebb26e821fa265528636ee485
C:\Plugin\BioNexus\review\spatialwarrant-run-01\09_liana_literature\S6-run-01\raw-source-v2\requests\reactome\gene-03-FOXO6.request.json,41efdbd7a0bc53c2852bef61340e526c16a1ab4d603335f051623e8faac06738
C:\Plugin\BioNexus\review\spatialwarrant-run-01\09_liana_literature\S6-run-01\raw-source-v2\requests\reactome\gene-04-ZSWIM8-AS1.request.json,683f3b8e54ae1774f5570ba0fc3ad4f1a1a884a0dd644a3bed6e4ccf687ac85b
C:\Plugin\BioNexus\review\spatialwarrant-run-01\09_liana_literature\S6-run-01\raw-source-v2\requests\reactome\gene-05-PTHLH.request.json,fad14da315c8be2a0966d0a014dd88729a323d2b34ae00436aedfff39d953a85
C:\Plugin\BioNexus\review\spatialwarrant-run-01\09_liana_literature\S6-run-01\raw-source-v2\requests\reactome\gene-06-HEY2.request.json,291dba0ea8846fcbd8330d6cd8484c8849c735d0dc5ae7eba41796c8b0e2aa73
C:\Plugin\BioNexus\review\spatialwarrant-run-01\09_liana_literature\S6-run-01\raw-source-v2\requests\reactome\gene-07-DMD.request.json,1c46f7e8e976631ea36c2211128a1957902c1ef7f2b8649a1097188d80b28e67
C:\Plugin\BioNexus\review\spatialwarrant-run-01\09_liana_literature\S6-run-01\raw-source-v2\requests\reactome\gene-08-IGLC3.request.json,6999d2d999949066f80b8d58dc8d669a189ef6c9f0ddf9f2e0186806bc79c782
C:\Plugin\BioNexus\review\spatialwarrant-run-01\09_liana_literature\S6-run-01\raw-source-v2\requests\reactome\gene-09-IGLC1.request.json,8d4ae2b227a325f9a2d345ece1799eedabfb1865a90080786d3c7de864d494fc
C:\Plugin\BioNexus\review\spatialwarrant-run-01\09_liana_literature\S6-run-01\raw-source-v2\requests\reactome\gene-10-PCDH18.request.json,23166b4402e19d2e06d5ea8f3e774f7a347c260b9d4ff9c72cc07e4664b8ecd8
C:\Plugin\BioNexus\review\spatialwarrant-run-01\09_liana_literature\S6-run-01\raw-source-v2\requests\reactome\gene-11-AC087175.1.request.json,2a2439b2fddd84d42228b2a6ce1ec677c68f5f788949b0fcc3128093c62f39a2
C:\Plugin\BioNexus\review\spatialwarrant-run-01\09_liana_literature\S6-run-01\raw-source-v2\requests\reactome\gene-12-LINC01489.request.json,0391bb4697de0901116a96143e4ecf7b5170f96b691e639222e5f2a3f77feeb3
C:\Plugin\BioNexus\review\spatialwarrant-run-01\09_liana_literature\S6-run-01\raw-source-v2\requests\reactome\gene-13-FMO4.request.json,5f91b1c56901ddb1d529923516e07f6aff22cf64bcf06c9b20130dbd260d301d
C:\Plugin\BioNexus\review\spatialwarrant-run-01\09_liana_literature\S6-run-01\raw-source-v2\requests\reactome\gene-14-AC027237.3.request.json,ed7a9fccac80fb400bc5e2f4d5420c70119f1d3d3c9b1d81dc590156d5b499aa
C:\Plugin\BioNexus\review\spatialwarrant-run-01\09_liana_literature\S6-run-01\raw-source-v2\requests\reactome\gene-15-MIXL1.request.json,05a3d885c9c832aa154bf0625a5fc91db7daa4658b052b6060fb66ae705ef9f6
C:\Plugin\BioNexus\review\spatialwarrant-run-01\09_liana_literature\S6-run-01\raw-source-v2\requests\reactome\gene-16-AL355075.4.request.json,f7308310a33488dccad1ea4b55143753cc5ef3d72f9e650c92e3545f78ce3650
C:\Plugin\BioNexus\review\spatialwarrant-run-01\09_liana_literature\S6-run-01\raw-source-v2\requests\reactome\gene-17-SYCP3.request.json,36758fe573301d677ebc3276e8b6a6b14aed017fea924c58b1fed102cc70dcbf
C:\Plugin\BioNexus\review\spatialwarrant-run-01\09_liana_literature\S6-run-01\raw-source-v2\requests\reactome\gene-18-TMEM233.request.json,a75e949d07df3e174574e068c80369f73396f6e26705fb91bfb7430e7de40549
C:\Plugin\BioNexus\review\spatialwarrant-run-01\09_liana_literature\S6-run-01\raw-source-v2\requests\reactome\gene-19-NRSN2-AS1.request.json,f2cd139ddc058863e9c9369823986b27bcde9eae6b112a0488321bfda9392642
C:\Plugin\BioNexus\review\spatialwarrant-run-01\09_liana_literature\S6-run-01\raw-source-v2\requests\reactome\gene-20-CPB2-AS1.request.json,3cc62df381db5ccdbaf8cb9f77653c9de4d9cc806290671da8de8b1a7958a900
C:\Plugin\BioNexus\review\spatialwarrant-run-01\09_liana_literature\S6-run-01\raw-source-v2\requests\string\gene-01-RAB6C.request.json,57ec684d8bf4ff1600e8ac3f2c72fb51b66b6f6017d88dde9cb2f4743d4ea073
C:\Plugin\BioNexus\review\spatialwarrant-run-01\09_liana_literature\S6-run-01\raw-source-v2\requests\string\gene-02-LINC01144.request.json,82739b7fb8cd879b282e088f85d6720df3bec1eda4c459df72984b1cacdeb9b1
C:\Plugin\BioNexus\review\spatialwarrant-run-01\09_liana_literature\S6-run-01\raw-source-v2\requests\string\gene-03-FOXO6.request.json,40afe15ed4b0f67fb402014804e4a33ee2bdd9a46b15c9523938d74e9b8ecc22
C:\Plugin\BioNexus\review\spatialwarrant-run-01\09_liana_literature\S6-run-01\raw-source-v2\requests\string\gene-04-ZSWIM8-AS1.request.json,ee0900c08d9ce81765ceaae73cf9a93ba7fc86a36c34b67e0d67cb808dbeb7e7
C:\Plugin\BioNexus\review\spatialwarrant-run-01\09_liana_literature\S6-run-01\raw-source-v2\requests\string\gene-05-PTHLH.request.json,9e4fdd64c77a4d23991119da7c281d684b0ed36277cf7d818543d9d4599640b8
C:\Plugin\BioNexus\review\spatialwarrant-run-01\09_liana_literature\S6-run-01\raw-source-v2\requests\string\gene-06-HEY2.request.json,fa2b2c73c2a2829e6b8d2a6067c11d24a56363a556b36fafe9ec352cc35dba8a
C:\Plugin\BioNexus\review\spatialwarrant-run-01\09_liana_literature\S6-run-01\raw-source-v2\requests\string\gene-07-DMD.request.json,e745b6c2f4ca57efa544b9c4232d66742bcf89cc03c57ad0a6c5eea7dcb8d79e
C:\Plugin\BioNexus\review\spatialwarrant-run-01\09_liana_literature\S6-run-01\raw-source-v2\requests\string\gene-08-IGLC3.request.json,d32bc20188b1f3201d8d40508bd33b4591ac4ab7443a1e93dbeb158b2e51158a
C:\Plugin\BioNexus\review\spatialwarrant-run-01\09_liana_literature\S6-run-01\raw-source-v2\requests\string\gene-09-IGLC1.request.json,d076da5bec8c97a165511fc7005c297d8c95e8e620797f3281f024ae60aab2e7
C:\Plugin\BioNexus\review\spatialwarrant-run-01\09_liana_literature\S6-run-01\raw-source-v2\requests\string\gene-10-PCDH18.request.json,15df1be1c85c41e02a66b6f9d7acd7d942613593c6a1660dff7be407977c45de
C:\Plugin\BioNexus\review\spatialwarrant-run-01\09_liana_literature\S6-run-01\raw-source-v2\requests\string\gene-11-AC087175.1.request.json,83b9d0f7f6e6ea45f5328f4692412b7540ad8049b542d81cfd401895a94fc864
C:\Plugin\BioNexus\review\spatialwarrant-run-01\09_liana_literature\S6-run-01\raw-source-v2\requests\string\gene-12-LINC01489.request.json,6a0cc8e5b76b0695423e782f81d7d2fa3eed495d25bacb7f4b4655bc44522c79
C:\Plugin\BioNexus\review\spatialwarrant-run-01\09_liana_literature\S6-run-01\raw-source-v2\requests\string\gene-13-FMO4.request.json,2a6439a9f2095a01b4775b0fe53597e308891e2e0e1b69a65f396c2111d0fa7e
C:\Plugin\BioNexus\review\spatialwarrant-run-01\09_liana_literature\S6-run-01\raw-source-v2\requests\string\gene-14-AC027237.3.request.json,5877b58c87aaa2e26722d384f6b9041fcf46ed46f74c14c063a5e7e428f47d98
C:\Plugin\BioNexus\review\spatialwarrant-run-01\09_liana_literature\S6-run-01\raw-source-v2\requests\string\gene-15-MIXL1.request.json,16ad2b9012cbc87918892938e9da7fb381acf75ff85f38d29a9966cccb887d5e
C:\Plugin\BioNexus\review\spatialwarrant-run-01\09_liana_literature\S6-run-01\raw-source-v2\requests\string\gene-16-AL355075.4.request.json,50c5265f7243f20533412b08630584874acef7a42f6f8f1a3f90da05704b3b35
C:\Plugin\BioNexus\review\spatialwarrant-run-01\09_liana_literature\S6-run-01\raw-source-v2\requests\string\gene-17-SYCP3.request.json,669357c436e23844c9d0231f26d306922f02a9da776dc9b6e4bf0edfedaf5ac6
C:\Plugin\BioNexus\review\spatialwarrant-run-01\09_liana_literature\S6-run-01\raw-source-v2\requests\string\gene-18-TMEM233.request.json,d3f9e945b607eafb91364a130a22aeb66cd945ba62d8513873776d80c85199ed
C:\Plugin\BioNexus\review\spatialwarrant-run-01\09_liana_literature\S6-run-01\raw-source-v2\requests\string\gene-19-NRSN2-AS1.request.json,48e863b3559b26caaf27c1174239f921c1d299c52b5dba6a795d8247c3b96a69
C:\Plugin\BioNexus\review\spatialwarrant-run-01\09_liana_literature\S6-run-01\raw-source-v2\requests\string\gene-20-CPB2-AS1.request.json,6e76cd207da0998a8d98801f12623c4c4973c575265bf0e2ef0064c1e48a3b3b
C:\Plugin\BioNexus\review\spatialwarrant-run-01\09_liana_literature\S6-run-01\raw-source-v2\requests\uniprot\gene-01-RAB6C.request.json,af2b6bae4235cdcc55b694c8a5825cd3c30e26cd3b3a309d0a0b0858dd17776b
C:\Plugin\BioNexus\review\spatialwarrant-run-01\09_liana_literature\S6-run-01\raw-source-v2\requests\uniprot\gene-02-LINC01144.request.json,2026be6d6ca0d73ce7c78909d12befbcffd91df86c041176571d2093aec07464
C:\Plugin\BioNexus\review\spatialwarrant-run-01\09_liana_literature\S6-run-01\raw-source-v2\requests\uniprot\gene-03-FOXO6.request.json,48ca90b9b52410fdd8903a38620ad52afc832022aa90707a6e06e1a0f0838458
C:\Plugin\BioNexus\review\spatialwarrant-run-01\09_liana_literature\S6-run-01\raw-source-v2\requests\uniprot\gene-04-ZSWIM8-AS1.request.json,0cfd20a3cdbdd7e9954c7e0ec5dc50547e87032b8bf14e634d01d7a9cd7ee9b8
C:\Plugin\BioNexus\review\spatialwarrant-run-01\09_liana_literature\S6-run-01\raw-source-v2\requests\uniprot\gene-05-PTHLH.request.json,89abba5e9b9b80e40b80533b94a45f60df628457999d0f3d8ef1e6948204b0e7
C:\Plugin\BioNexus\review\spatialwarrant-run-01\09_liana_literature\S6-run-01\raw-source-v2\requests\uniprot\gene-06-HEY2.request.json,41ab4e34624e94fec283796bc412af46ab185e9b032f8dc20aae729a58cfb561
C:\Plugin\BioNexus\review\spatialwarrant-run-01\09_liana_literature\S6-run-01\raw-source-v2\requests\uniprot\gene-07-DMD.request.json,051657e41a2e54cb59c4507de215fa0898cbc37d6d1542f3e204caa42f10968a
C:\Plugin\BioNexus\review\spatialwarrant-run-01\09_liana_literature\S6-run-01\raw-source-v2\requests\uniprot\gene-08-IGLC3.request.json,c15127df1142bbf56c36a6ee63fd2241a4abdda1d32349f3f7f00d86cd903db7
C:\Plugin\BioNexus\review\spatialwarrant-run-01\09_liana_literature\S6-run-01\raw-source-v2\requests\uniprot\gene-09-IGLC1.request.json,e5810777171038ac276d287f60c636fc6d7b6ee0db286da9296b86bd7054a272
C:\Plugin\BioNexus\review\spatialwarrant-run-01\09_liana_literature\S6-run-01\raw-source-v2\requests\uniprot\gene-10-PCDH18.request.json,aae2719c51227d88a29f8787dd13c5c38da757c56f8c329187943497d07c062b
C:\Plugin\BioNexus\review\spatialwarrant-run-01\09_liana_literature\S6-run-01\raw-source-v2\requests\uniprot\gene-11-AC087175.1.request.json,3dabf43dba222505df5e0aee296979a010bad6e1eff840defe0e90fca6f7c630
C:\Plugin\BioNexus\review\spatialwarrant-run-01\09_liana_literature\S6-run-01\raw-source-v2\requests\uniprot\gene-12-LINC01489.request.json,7312839d643b1f9fb20268d41df97989089fb4e0f810e40df0b4c3d8389c84d8
C:\Plugin\BioNexus\review\spatialwarrant-run-01\09_liana_literature\S6-run-01\raw-source-v2\requests\uniprot\gene-13-FMO4.request.json,654c8740ac8bebc6cd517250e6c3326aeea51696ee1312d77a51ccbb305325d9
C:\Plugin\BioNexus\review\spatialwarrant-run-01\09_liana_literature\S6-run-01\raw-source-v2\requests\uniprot\gene-14-AC027237.3.request.json,07971a6bb9d8e91f9483c276de2bfee8b093efa3b26089fb0f22731028029557
C:\Plugin\BioNexus\review\spatialwarrant-run-01\09_liana_literature\S6-run-01\raw-source-v2\requests\uniprot\gene-15-MIXL1.request.json,3c3052065c80605d49063ee7d000cc76c043cf97e21d28d15e824d2b6c1a8096
C:\Plugin\BioNexus\review\spatialwarrant-run-01\09_liana_literature\S6-run-01\raw-source-v2\requests\uniprot\gene-16-AL355075.4.request.json,dbe1b5821d8a1aa3a48c170a31a89347f1bb5558a07719ae151341efe1e87f2b
C:\Plugin\BioNexus\review\spatialwarrant-run-01\09_liana_literature\S6-run-01\raw-source-v2\requests\uniprot\gene-17-SYCP3.request.json,2912c77afb80716d036e56ab44ee32ec85ca95cefb237946911a7a8902768dbf
C:\Plugin\BioNexus\review\spatialwarrant-run-01\09_liana_literature\S6-run-01\raw-source-v2\requests\uniprot\gene-18-TMEM233.request.json,53fda8655de070b4afb857061f48fe3f635cda09068a30d4524431bf7ee17b27
C:\Plugin\BioNexus\review\spatialwarrant-run-01\09_liana_literature\S6-run-01\raw-source-v2\requests\uniprot\gene-19-NRSN2-AS1.request.json,8a4c8e6db5aed4a151053fac7559b4fa228952f2f98931a765465e3fc96b9149
C:\Plugin\BioNexus\review\spatialwarrant-run-01\09_liana_literature\S6-run-01\raw-source-v2\requests\uniprot\gene-20-CPB2-AS1.request.json,4120f988f80a9a96899129cb3f759c4c7c2baa2546643be7d7fbca15d05ca1e9
C:\Plugin\BioNexus\review\spatialwarrant-run-01\09_liana_literature\S6-run-01\raw-source-v2\responses\opentargets\gene-01-RAB6C.wrapper.json,d1fd3e6714120faac9b3342c0daf4a3c77e8adfae15535a0d81e27d40b067c7e
C:\Plugin\BioNexus\review\spatialwarrant-run-01\09_liana_literature\S6-run-01\raw-source-v2\responses\opentargets\gene-02-LINC01144.wrapper.json,f7476693c88c1388afe7f841e5520413b6989759794f55c7cb0725a4def8c716
C:\Plugin\BioNexus\review\spatialwarrant-run-01\09_liana_literature\S6-run-01\raw-source-v2\responses\opentargets\gene-03-FOXO6.wrapper.json,3428b99256108d4f04d55fbf4c8cbd3f56c7b08b53679c6ee23816cc5dcc7ea1
C:\Plugin\BioNexus\review\spatialwarrant-run-01\09_liana_literature\S6-run-01\raw-source-v2\responses\opentargets\gene-04-ZSWIM8-AS1.wrapper.json,ee2f8652c5646d7c2dac76699242e923a036adc58c152846cb366d36d5a4d01c
C:\Plugin\BioNexus\review\spatialwarrant-run-01\09_liana_literature\S6-run-01\raw-source-v2\responses\opentargets\gene-05-PTHLH.wrapper.json,6c1af16cdd789c6c505942a5ffe3527d173c9661de66d9dfc7f014b5308e1de3
C:\Plugin\BioNexus\review\spatialwarrant-run-01\09_liana_literature\S6-run-01\raw-source-v2\responses\opentargets\gene-06-HEY2.wrapper.json,7b52d0be31822e8563558076ba96c01b9a86d6518019ea85cd7f82ce813bff03
C:\Plugin\BioNexus\review\spatialwarrant-run-01\09_liana_literature\S6-run-01\raw-source-v2\responses\opentargets\gene-07-DMD.wrapper.json,f96f2b6f79985734ec47d0ecdca3d5d0d6d926c3d6086ec383ac2b09f8c08ca6
C:\Plugin\BioNexus\review\spatialwarrant-run-01\09_liana_literature\S6-run-01\raw-source-v2\responses\opentargets\gene-08-IGLC3.wrapper.json,519189baa7e7ba719e42914b3316cc19fb9227024771c1c0e184fd0288ee4370
C:\Plugin\BioNexus\review\spatialwarrant-run-01\09_liana_literature\S6-run-01\raw-source-v2\responses\opentargets\gene-09-IGLC1.wrapper.json,249adc81cf7d6f2fbf54fddefd1efa349ac7aa31feb19d08fdb57a44dd58a9a9
C:\Plugin\BioNexus\review\spatialwarrant-run-01\09_liana_literature\S6-run-01\raw-source-v2\responses\opentargets\gene-10-PCDH18.wrapper.json,8e469f512f0550379587c5100af7a1218e681376771cb84ec9a1c65b715e5dfc
C:\Plugin\BioNexus\review\spatialwarrant-run-01\09_liana_literature\S6-run-01\raw-source-v2\responses\opentargets\gene-11-AC087175.1.wrapper.json,f389a88be4e93103502b2d4caae80f1a6d05f19c90bb39b9fc02a92cf893d2bf
C:\Plugin\BioNexus\review\spatialwarrant-run-01\09_liana_literature\S6-run-01\raw-source-v2\responses\opentargets\gene-12-LINC01489.wrapper.json,c2928847a4ac59e8aa6549f224eca7b2f0a0bca546ac73f0153920c13c31cc25
C:\Plugin\BioNexus\review\spatialwarrant-run-01\09_liana_literature\S6-run-01\raw-source-v2\responses\opentargets\gene-13-FMO4.wrapper.json,694d7ec3d27edb0d1dc987a3734523fb97eb047f09976d0162407af236f4a7cb
C:\Plugin\BioNexus\review\spatialwarrant-run-01\09_liana_literature\S6-run-01\raw-source-v2\responses\opentargets\gene-14-AC027237.3.wrapper.json,c804e5aa564d736ce8df25dbf824173d17c0a31c51050ae14794c93103620969
C:\Plugin\BioNexus\review\spatialwarrant-run-01\09_liana_literature\S6-run-01\raw-source-v2\responses\opentargets\gene-15-MIXL1.wrapper.json,83b8ad79619ea666f22534cf0cf6dcce5fd5298b4639997c00fe0b1ff32b616b
C:\Plugin\BioNexus\review\spatialwarrant-run-01\09_liana_literature\S6-run-01\raw-source-v2\responses\opentargets\gene-16-AL355075.4.wrapper.json,b8e47c7b9850b4a0f329881c774c5b2c8228dee0fec49a40664a9cb26366f834
C:\Plugin\BioNexus\review\spatialwarrant-run-01\09_liana_literature\S6-run-01\raw-source-v2\responses\opentargets\gene-17-SYCP3.wrapper.json,57517eff656eaac83daa82888469569a98fa653d3e2f24aa5e18e2af01547157
C:\Plugin\BioNexus\review\spatialwarrant-run-01\09_liana_literature\S6-run-01\raw-source-v2\responses\opentargets\gene-18-TMEM233.wrapper.json,5b71591b75903d683a6030dc51e190e42c5e7978053022b5b6c4b01f9f66d2b3
C:\Plugin\BioNexus\review\spatialwarrant-run-01\09_liana_literature\S6-run-01\raw-source-v2\responses\opentargets\gene-19-NRSN2-AS1.wrapper.json,2ef3b48504dd890a78594eb3c859999a76980d368c9313f045fa7efaae859da9
C:\Plugin\BioNexus\review\spatialwarrant-run-01\09_liana_literature\S6-run-01\raw-source-v2\responses\opentargets\gene-20-CPB2-AS1.wrapper.json,c215f666d6fe473a1715a13bd6eac2a974dc9f63cacd29e45eb2528fb0f1a6a4
C:\Plugin\BioNexus\review\spatialwarrant-run-01\09_liana_literature\S6-run-01\raw-source-v2\responses\pubmed\gene-01-RAB6C.wrapper.json,11800ce7ad100db541af3f4b07947f790bd2b0ce8506fe9d8025c1fd58d2facd
C:\Plugin\BioNexus\review\spatialwarrant-run-01\09_liana_literature\S6-run-01\raw-source-v2\responses\pubmed\gene-02-LINC01144.wrapper.json,c98083c3e96e117f19aa361d7b8ebd2cf5c773c6ef3c4863292c6ddb59278bc0
C:\Plugin\BioNexus\review\spatialwarrant-run-01\09_liana_literature\S6-run-01\raw-source-v2\responses\pubmed\gene-03-FOXO6.wrapper.json,2f26995d8c99d35c99346085d1429b1ea35cfacdf1279e7009a2545bc9077401
C:\Plugin\BioNexus\review\spatialwarrant-run-01\09_liana_literature\S6-run-01\raw-source-v2\responses\pubmed\gene-04-ZSWIM8-AS1.wrapper.json,45734d5d43f501580e341420b8204f5051b6ec88e6e58706837f5bd36719d448
C:\Plugin\BioNexus\review\spatialwarrant-run-01\09_liana_literature\S6-run-01\raw-source-v2\responses\pubmed\gene-05-PTHLH.wrapper.json,b26897ce635777a22cc375b786585011e6572c965dd61d505873e3170d4908a2
C:\Plugin\BioNexus\review\spatialwarrant-run-01\09_liana_literature\S6-run-01\raw-source-v2\responses\pubmed\gene-06-HEY2.wrapper.json,5e3ff5bf712a98574ccad5ff6220d174a538805e5810f5bbf996d98ab16c7020
C:\Plugin\BioNexus\review\spatialwarrant-run-01\09_liana_literature\S6-run-01\raw-source-v2\responses\pubmed\gene-07-DMD.wrapper.json,132d96523f9548287d2aba5744dff1e9a46c11b1631d716f66cd7045d6830351
C:\Plugin\BioNexus\review\spatialwarrant-run-01\09_liana_literature\S6-run-01\raw-source-v2\responses\pubmed\gene-08-IGLC3.wrapper.json,6d8302e129666b885a9cd72a095bb8bf1225fbb3c62599d96b9ad1b81e6552eb
C:\Plugin\BioNexus\review\spatialwarrant-run-01\09_liana_literature\S6-run-01\raw-source-v2\responses\pubmed\gene-09-IGLC1.wrapper.json,99c78cda405de85c32c1bc401fadf2d2abc0a26f623ae011dac11a10207d7940
C:\Plugin\BioNexus\review\spatialwarrant-run-01\09_liana_literature\S6-run-01\raw-source-v2\responses\pubmed\gene-10-PCDH18.wrapper.json,197cce013dc0a9aeb71b9f1ea0d50dbc5c6bfc49ff61ce60242b590aa79037a9
C:\Plugin\BioNexus\review\spatialwarrant-run-01\09_liana_literature\S6-run-01\raw-source-v2\responses\pubmed\gene-11-AC087175.1.wrapper.json,92caeeb9c7a9d9e7a673dc450403ee82799ae3dfacc55c3f376a877516c4ee5c
C:\Plugin\BioNexus\review\spatialwarrant-run-01\09_liana_literature\S6-run-01\raw-source-v2\responses\pubmed\gene-12-LINC01489.wrapper.json,3676e0d4b431d38e1bcb2a79d2d3ebfea4ef8c257d34858529f8cbf4ad0ae1d4
C:\Plugin\BioNexus\review\spatialwarrant-run-01\09_liana_literature\S6-run-01\raw-source-v2\responses\pubmed\gene-13-FMO4.wrapper.json,2783658f8f03bb420740e79c0ea7850c030551776f6a54e68415049c949c86e1
C:\Plugin\BioNexus\review\spatialwarrant-run-01\09_liana_literature\S6-run-01\raw-source-v2\responses\pubmed\gene-14-AC027237.3.wrapper.json,287682b3413366f9fd644ee2656838064f05f16ae8fa561cfa7e13185b33ec31
C:\Plugin\BioNexus\review\spatialwarrant-run-01\09_liana_literature\S6-run-01\raw-source-v2\responses\pubmed\gene-15-MIXL1.wrapper.json,6465efb44cb4d57e2f428a68868b25dee09cc373f71c1fd8db53d3b62834b990
C:\Plugin\BioNexus\review\spatialwarrant-run-01\09_liana_literature\S6-run-01\raw-source-v2\responses\pubmed\gene-16-AL355075.4.wrapper.json,b37cb0cc00cd354e75e2dcc63687b7f74880b4508ab2b5db47c751adae0066c2
C:\Plugin\BioNexus\review\spatialwarrant-run-01\09_liana_literature\S6-run-01\raw-source-v2\responses\pubmed\gene-17-SYCP3.wrapper.json,23db075a8794b60abb3129fa3106c791da60ae53598acdaeb961644a23419f25
C:\Plugin\BioNexus\review\spatialwarrant-run-01\09_liana_literature\S6-run-01\raw-source-v2\responses\pubmed\gene-18-TMEM233.wrapper.json,70cb0dc09faed52f2bc0cef76e6c7f0eb0bfc47ae379cd295829b731469d63ab
C:\Plugin\BioNexus\review\spatialwarrant-run-01\09_liana_literature\S6-run-01\raw-source-v2\responses\pubmed\gene-19-NRSN2-AS1.wrapper.json,db4fa5e699d5c937cc1a4293410ac5798edd1367dd79789f815a5910e919d4ff
C:\Plugin\BioNexus\review\spatialwarrant-run-01\09_liana_literature\S6-run-01\raw-source-v2\responses\pubmed\gene-20-CPB2-AS1.wrapper.json,4dbe76c542866a6323f35f3225594a61ca281c548e0709d033013c84fe20c5f7
C:\Plugin\BioNexus\review\spatialwarrant-run-01\09_liana_literature\S6-run-01\raw-source-v2\responses\reactome\gene-01-RAB6C.wrapper.json,be45d47250e3232dd9188491fc57c890a4646a392107157ef1370e1ed7861b6a
C:\Plugin\BioNexus\review\spatialwarrant-run-01\09_liana_literature\S6-run-01\raw-source-v2\responses\reactome\gene-02-LINC01144.wrapper.json,764e29e73cb6c1b8da12b1d98e4287bc75023bb7df1a946304d2f259d95303d0
C:\Plugin\BioNexus\review\spatialwarrant-run-01\09_liana_literature\S6-run-01\raw-source-v2\responses\reactome\gene-03-FOXO6.wrapper.json,6d8927c3bce9c335a729a84521c8edfe1f5989fcad26da194150f2aa07c2a4b6
C:\Plugin\BioNexus\review\spatialwarrant-run-01\09_liana_literature\S6-run-01\raw-source-v2\responses\reactome\gene-04-ZSWIM8-AS1.wrapper.json,cff7a60dae08aa4b90c8bb4939b40cacc855c9b4fa28c5f0f885ae060974e8b4
C:\Plugin\BioNexus\review\spatialwarrant-run-01\09_liana_literature\S6-run-01\raw-source-v2\responses\reactome\gene-05-PTHLH.wrapper.json,3b53558de494e9d3595c7635a73d8093af7191a100c76cd9b773381419501124
C:\Plugin\BioNexus\review\spatialwarrant-run-01\09_liana_literature\S6-run-01\raw-source-v2\responses\reactome\gene-06-HEY2.wrapper.json,ee31ef9e7d457351820b58eb182bcb24b3a1d09bc01c2fa72f6b62519bc069ed
C:\Plugin\BioNexus\review\spatialwarrant-run-01\09_liana_literature\S6-run-01\raw-source-v2\responses\reactome\gene-07-DMD.wrapper.json,f21bbee909f177a014d6ae3ef017ee2036f5f1d21511d5adf3a5dba5b92e510e
C:\Plugin\BioNexus\review\spatialwarrant-run-01\09_liana_literature\S6-run-01\raw-source-v2\responses\reactome\gene-08-IGLC3.wrapper.json,0dacac912080978f98fd114fb0d485825692f7d491f35dfb4adc08adb08a4900
C:\Plugin\BioNexus\review\spatialwarrant-run-01\09_liana_literature\S6-run-01\raw-source-v2\responses\reactome\gene-09-IGLC1.wrapper.json,5f1ce7f84c2f439d24c26828b9dbaf854e15aec4e829d0aa7dcbd2d384ec944b
C:\Plugin\BioNexus\review\spatialwarrant-run-01\09_liana_literature\S6-run-01\raw-source-v2\responses\reactome\gene-10-PCDH18.wrapper.json,4cf9bbf4f5e9ee34dc76126812b621cbe9d06f6d9dfbf1119337c37c7647b776
C:\Plugin\BioNexus\review\spatialwarrant-run-01\09_liana_literature\S6-run-01\raw-source-v2\responses\reactome\gene-11-AC087175.1.wrapper.json,de2d19ecabab0c125ff88bc18e4c193783a0e3dd2b3b57a59988934bb11d130a
C:\Plugin\BioNexus\review\spatialwarrant-run-01\09_liana_literature\S6-run-01\raw-source-v2\responses\reactome\gene-12-LINC01489.wrapper.json,18bc808ac3437d7e302d299469f6d49a8c78cd625184dff0581d63ec04caecf2
C:\Plugin\BioNexus\review\spatialwarrant-run-01\09_liana_literature\S6-run-01\raw-source-v2\responses\reactome\gene-13-FMO4.wrapper.json,773ee8fdc32e3201934bf10e9e788e1b6c42dc40086896c069e313f76dbe991a
C:\Plugin\BioNexus\review\spatialwarrant-run-01\09_liana_literature\S6-run-01\raw-source-v2\responses\reactome\gene-14-AC027237.3.wrapper.json,dffc3393ac5d2e1bd4dff18b1c405178a9c35efabed7db748c272e0db9aaceae
C:\Plugin\BioNexus\review\spatialwarrant-run-01\09_liana_literature\S6-run-01\raw-source-v2\responses\reactome\gene-15-MIXL1.wrapper.json,d6c35d1bdb423285fc35966fae67bb22a7913140c74f6ea1a47326486dd9075a
C:\Plugin\BioNexus\review\spatialwarrant-run-01\09_liana_literature\S6-run-01\raw-source-v2\responses\reactome\gene-16-AL355075.4.wrapper.json,e892275a7723676797ac4ab20d11b9f9278bbc437174da8346b33cdf5cd87eb7
C:\Plugin\BioNexus\review\spatialwarrant-run-01\09_liana_literature\S6-run-01\raw-source-v2\responses\reactome\gene-17-SYCP3.wrapper.json,3710cdc305571eadd2563e22f7c48faf69321758206f05abcd8971ea678cdd3f
C:\Plugin\BioNexus\review\spatialwarrant-run-01\09_liana_literature\S6-run-01\raw-source-v2\responses\reactome\gene-18-TMEM233.wrapper.json,26b60f81b54fe02756f60963c29a82ef52a64c95f7dc8b7f1b3c23c19f37f086
C:\Plugin\BioNexus\review\spatialwarrant-run-01\09_liana_literature\S6-run-01\raw-source-v2\responses\reactome\gene-19-NRSN2-AS1.wrapper.json,fdefd8c2a0e727227abd583f39bf33d9996d6e89e21014d92e237dadd3e16c3e
C:\Plugin\BioNexus\review\spatialwarrant-run-01\09_liana_literature\S6-run-01\raw-source-v2\responses\reactome\gene-20-CPB2-AS1.wrapper.json,6eb22c035c485f15302538c8f6f568eb3d3cd90f9719fc13121785d7915cf89b
C:\Plugin\BioNexus\review\spatialwarrant-run-01\09_liana_literature\S6-run-01\raw-source-v2\responses\string\gene-01-RAB6C.wrapper.json,ed6065ff90a473d803b44a9dec70a70a834e0c065d5ff308be7829ae832dc730
C:\Plugin\BioNexus\review\spatialwarrant-run-01\09_liana_literature\S6-run-01\raw-source-v2\responses\string\gene-02-LINC01144.wrapper.json,a4c814de429b49d032362c8526e408715f7e53ac90e7696c42a907a6a08207f8
C:\Plugin\BioNexus\review\spatialwarrant-run-01\09_liana_literature\S6-run-01\raw-source-v2\responses\string\gene-03-FOXO6.wrapper.json,5d3586fe4f6099a0cb6e7972e750fab12dbc3376077fb693280addea3bc36aa1
C:\Plugin\BioNexus\review\spatialwarrant-run-01\09_liana_literature\S6-run-01\raw-source-v2\responses\string\gene-04-ZSWIM8-AS1.wrapper.json,28ac45034c83ea88170526b2fe9f0f4da73cd6b6166ad1fe9c832156bfcdfc4f
C:\Plugin\BioNexus\review\spatialwarrant-run-01\09_liana_literature\S6-run-01\raw-source-v2\responses\string\gene-05-PTHLH.wrapper.json,9f6bedd1f649d02c9f156bc5f27aa979f4a85945c2ced0e25d4a6b244d55509f
C:\Plugin\BioNexus\review\spatialwarrant-run-01\09_liana_literature\S6-run-01\raw-source-v2\responses\string\gene-06-HEY2.wrapper.json,9d8b9052ab9348176bffb1986830981c5b40fac89c72914d15e5a96e3a6e0f46
C:\Plugin\BioNexus\review\spatialwarrant-run-01\09_liana_literature\S6-run-01\raw-source-v2\responses\string\gene-07-DMD.wrapper.json,a8d5e428c18f67fb58c8c1dbea4e1ab67c3c54a66773ce17e77a072c7bc3d4af
C:\Plugin\BioNexus\review\spatialwarrant-run-01\09_liana_literature\S6-run-01\raw-source-v2\responses\string\gene-08-IGLC3.wrapper.json,e7fe6a2576751263dcdf5499f3f1e90d3370f745f1fd0d4575e7d3861d1899e3
C:\Plugin\BioNexus\review\spatialwarrant-run-01\09_liana_literature\S6-run-01\raw-source-v2\responses\string\gene-09-IGLC1.wrapper.json,00d1c1cd8fb4408a3538e6669b54d17a74870ab07dcf7191e03e104390fe9304
C:\Plugin\BioNexus\review\spatialwarrant-run-01\09_liana_literature\S6-run-01\raw-source-v2\responses\string\gene-10-PCDH18.wrapper.json,60d8b54a02867882fd9a99341c8e80ab34e11918082cac081b333626a9b19c98
C:\Plugin\BioNexus\review\spatialwarrant-run-01\09_liana_literature\S6-run-01\raw-source-v2\responses\string\gene-11-AC087175.1.wrapper.json,4de564f9d8b7cf911b915d263878712f88220eceb294a9cf54eaa8371f6cb22d
C:\Plugin\BioNexus\review\spatialwarrant-run-01\09_liana_literature\S6-run-01\raw-source-v2\responses\string\gene-12-LINC01489.wrapper.json,7823f30a0f92fb97c1b62bfa9f97c187e788446734dd571e53369375b1dcbd58
C:\Plugin\BioNexus\review\spatialwarrant-run-01\09_liana_literature\S6-run-01\raw-source-v2\responses\string\gene-13-FMO4.wrapper.json,1d8fe45f20a94ac08632d5d12f3aa7135e94c92148c77db54867ea8323a8a28f
C:\Plugin\BioNexus\review\spatialwarrant-run-01\09_liana_literature\S6-run-01\raw-source-v2\responses\string\gene-14-AC027237.3.wrapper.json,d0382558d12116ba659deb34e6893946580ec1a6e7e5f6d9e583695df610ebdb
C:\Plugin\BioNexus\review\spatialwarrant-run-01\09_liana_literature\S6-run-01\raw-source-v2\responses\string\gene-15-MIXL1.wrapper.json,fd1bc5b2f042e38b728039865f026d0ac7e1d48f1ab84408a23939ad881fba19
C:\Plugin\BioNexus\review\spatialwarrant-run-01\09_liana_literature\S6-run-01\raw-source-v2\responses\string\gene-16-AL355075.4.wrapper.json,10ba7a87b8231adfdfb658228a11e7f26a1bb2741cc53299a82c5227ed90a4d1
C:\Plugin\BioNexus\review\spatialwarrant-run-01\09_liana_literature\S6-run-01\raw-source-v2\responses\string\gene-17-SYCP3.wrapper.json,ef37eb77f765a31deab3e482a2958e67ed22e39475189de2c95f6a8500c7f1f3
C:\Plugin\BioNexus\review\spatialwarrant-run-01\09_liana_literature\S6-run-01\raw-source-v2\responses\string\gene-18-TMEM233.wrapper.json,ad9ac36d0924f528027c585c11fb429251528d0f1973d93ee8d25a756916c938
C:\Plugin\BioNexus\review\spatialwarrant-run-01\09_liana_literature\S6-run-01\raw-source-v2\responses\string\gene-19-NRSN2-AS1.wrapper.json,4a3220b9b8143a438bbec3e229cd75be184f1b0de39ef7ccb0b61176a5823658
C:\Plugin\BioNexus\review\spatialwarrant-run-01\09_liana_literature\S6-run-01\raw-source-v2\responses\string\gene-20-CPB2-AS1.wrapper.json,662cebeb9473162c38bfce78555462aea2eb887b05832404868a69a60b178cf3
C:\Plugin\BioNexus\review\spatialwarrant-run-01\09_liana_literature\S6-run-01\raw-source-v2\responses\uniprot\gene-01-RAB6C.wrapper.json,cc5548a284e9f0038c8fc76f495b8c40c3f64ca2b73fe06fddb273666cbf9989
C:\Plugin\BioNexus\review\spatialwarrant-run-01\09_liana_literature\S6-run-01\raw-source-v2\responses\uniprot\gene-02-LINC01144.wrapper.json,143a82ffe144b1fd6e6fd72ff52025ae56d7dbf2a3a6d0c443610ca99337c9f6
C:\Plugin\BioNexus\review\spatialwarrant-run-01\09_liana_literature\S6-run-01\raw-source-v2\responses\uniprot\gene-03-FOXO6.wrapper.json,e63c314dc6be82380b0ee54aa2cd2bc6b923d2f16fb33abf878ce11725870b67
C:\Plugin\BioNexus\review\spatialwarrant-run-01\09_liana_literature\S6-run-01\raw-source-v2\responses\uniprot\gene-04-ZSWIM8-AS1.wrapper.json,d5b6e060194ea9ce601258b7ec1d1e678799da139da1b52e62d44fb63b489207
C:\Plugin\BioNexus\review\spatialwarrant-run-01\09_liana_literature\S6-run-01\raw-source-v2\responses\uniprot\gene-05-PTHLH.wrapper.json,d0adc7e607517a657c655c478ac33c701adb607d2c1659df5a24eb6f65be7373
C:\Plugin\BioNexus\review\spatialwarrant-run-01\09_liana_literature\S6-run-01\raw-source-v2\responses\uniprot\gene-06-HEY2.wrapper.json,f764e9fd347872e00d81ceac46cff097c87cf586fa9512db03ce92cd3820a31d
C:\Plugin\BioNexus\review\spatialwarrant-run-01\09_liana_literature\S6-run-01\raw-source-v2\responses\uniprot\gene-07-DMD.wrapper.json,2ed5bde7b77072b35688fd74f5d81c47bbcb8fb67fc802d6f506b3d9adc88f90
C:\Plugin\BioNexus\review\spatialwarrant-run-01\09_liana_literature\S6-run-01\raw-source-v2\responses\uniprot\gene-08-IGLC3.wrapper.json,81b5795b60e4d39df9107ca4e1b46ebfd5b7ce5dfad409a5199849d83e99edf9
C:\Plugin\BioNexus\review\spatialwarrant-run-01\09_liana_literature\S6-run-01\raw-source-v2\responses\uniprot\gene-09-IGLC1.wrapper.json,a15bfe3a2296c3df55c684fd903e30e4988c1aca8a1028a42769a70ef6f6a0d3
C:\Plugin\BioNexus\review\spatialwarrant-run-01\09_liana_literature\S6-run-01\raw-source-v2\responses\uniprot\gene-10-PCDH18.wrapper.json,bc98b506a1445d0d29ea5cd0d1c3749612aaa39dda1a1d77dca72a8e638e93f3
C:\Plugin\BioNexus\review\spatialwarrant-run-01\09_liana_literature\S6-run-01\raw-source-v2\responses\uniprot\gene-11-AC087175.1.wrapper.json,831d5369ae0d12dea6156fe5177747c26fa3a15329404a16220fd36bfca5d428
C:\Plugin\BioNexus\review\spatialwarrant-run-01\09_liana_literature\S6-run-01\raw-source-v2\responses\uniprot\gene-12-LINC01489.wrapper.json,d224d248144be1e1be20f9721b351d082f0c775ad2b0da62967763c0b558899c
C:\Plugin\BioNexus\review\spatialwarrant-run-01\09_liana_literature\S6-run-01\raw-source-v2\responses\uniprot\gene-13-FMO4.wrapper.json,7f1ae0b0dc67ef70e14a7998357fd0ddaaadb434981c15ae7c21c11b55f313a8
C:\Plugin\BioNexus\review\spatialwarrant-run-01\09_liana_literature\S6-run-01\raw-source-v2\responses\uniprot\gene-14-AC027237.3.wrapper.json,dcd70eb3f67738f0f37a8150fb4d5fc605fe413641b9301768e254ff899f0ce9
C:\Plugin\BioNexus\review\spatialwarrant-run-01\09_liana_literature\S6-run-01\raw-source-v2\responses\uniprot\gene-15-MIXL1.wrapper.json,87a67f7227c2b24c83f9ca9a350343855e6416eed8192416e1f135ed01bf21c5
C:\Plugin\BioNexus\review\spatialwarrant-run-01\09_liana_literature\S6-run-01\raw-source-v2\responses\uniprot\gene-16-AL355075.4.wrapper.json,8abed26e430a8d21f5466e8f77a1c735d5200c67e2a472b29613f764948a0d7e
C:\Plugin\BioNexus\review\spatialwarrant-run-01\09_liana_literature\S6-run-01\raw-source-v2\responses\uniprot\gene-17-SYCP3.wrapper.json,fbdb696ee711d50a622d664c4b289a229746cdc4b170988ffc89a919b16b9da9
C:\Plugin\BioNexus\review\spatialwarrant-run-01\09_liana_literature\S6-run-01\raw-source-v2\responses\uniprot\gene-18-TMEM233.wrapper.json,adbd17cca58a55869fa4848ea5fcf3923680fb4c46ee14a1b3b60cd632845b8e
C:\Plugin\BioNexus\review\spatialwarrant-run-01\09_liana_literature\S6-run-01\raw-source-v2\responses\uniprot\gene-19-NRSN2-AS1.wrapper.json,bde8db79faaaa481bed98d71b76df3eea762f9e096f069d4900801afe49ec214
C:\Plugin\BioNexus\review\spatialwarrant-run-01\09_liana_literature\S6-run-01\raw-source-v2\responses\uniprot\gene-20-CPB2-AS1.wrapper.json,d6c9c867686d9fb78faef2e1845b3a52ea6d220251777f7fa7c2195fb01a27ee
C:\Plugin\BioNexus\review\spatialwarrant-run-01\09_liana_literature\S6-run-01\raw\opentargets\gene-01-IGLL5.raw,664a2958780edcef4da08ac78149f294f6aac52f7a4e201e209a22ef9888ce4a
C:\Plugin\BioNexus\review\spatialwarrant-run-01\09_liana_literature\S6-run-01\raw\opentargets\gene-02-RAB6C.raw,316eae903ad5e3bd0a524c0c5f91a356f46554180770199bb3d3db1268571b43
C:\Plugin\BioNexus\review\spatialwarrant-run-01\09_liana_literature\S6-run-01\raw\opentargets\gene-03-P2RY13.raw,3f28c9854531450c05c5750f38b21da18e96a7674a042fe4700e127f54e6190c
C:\Plugin\BioNexus\review\spatialwarrant-run-01\09_liana_literature\S6-run-01\raw\opentargets\gene-04-TRG-AS1.raw,002df688d933aca53f94278d7b34c906d3276de319ae68e917279f862bb6e610
C:\Plugin\BioNexus\review\spatialwarrant-run-01\09_liana_literature\S6-run-01\raw\opentargets\gene-05-AC116913.1.raw,823de698dfb3a062b46ea759f629e004153adfc59573ff6f52808a74ba9c739e
C:\Plugin\BioNexus\review\spatialwarrant-run-01\09_liana_literature\S6-run-01\raw\opentargets\gene-06-LINC01144.raw,6cfe820dc277145e7c7ea915da88ffeae45248274ed5c9a4d05fdc766429e88e
C:\Plugin\BioNexus\review\spatialwarrant-run-01\09_liana_literature\S6-run-01\raw\opentargets\gene-07-GRK4.raw,a1ca39f2fef00d7c9ea034a52d5502a5700431c489c8569fd9f173d56fff7c5f
C:\Plugin\BioNexus\review\spatialwarrant-run-01\09_liana_literature\S6-run-01\raw\opentargets\gene-08-HEY2.raw,d2a7297f672f3d4e1522cf96fd3e4544b8d0b56458c7a48449969e1d352dc8c3
C:\Plugin\BioNexus\review\spatialwarrant-run-01\09_liana_literature\S6-run-01\raw\opentargets\gene-09-FOXO6.raw,d348cf187b0cabb1a38ad860489feafd5aaee453d23f4495eb6758b56f8fed5c
C:\Plugin\BioNexus\review\spatialwarrant-run-01\09_liana_literature\S6-run-01\raw\opentargets\gene-10-MYO10.raw,9ec958bf2742fc7915f98deee03a2e2075f8f6deedc4fa18bc7b2012ffad3482
C:\Plugin\BioNexus\review\spatialwarrant-run-01\09_liana_literature\S6-run-01\raw\opentargets\gene-11-ZNF829.raw,d0ee596200e85e6b3ed4c27d4eb39b9cb82c2f72c4109a3dcdbe979f04a29cc4
C:\Plugin\BioNexus\review\spatialwarrant-run-01\09_liana_literature\S6-run-01\raw\opentargets\gene-12-PTHLH.raw,c566a6640547c71087435a34780fa9d97e5f071a4680fcc4e49cd8a44780400e
C:\Plugin\BioNexus\review\spatialwarrant-run-01\09_liana_literature\S6-run-01\raw\opentargets\gene-13-AZIN1-AS1.raw,823de698dfb3a062b46ea759f629e004153adfc59573ff6f52808a74ba9c739e
C:\Plugin\BioNexus\review\spatialwarrant-run-01\09_liana_literature\S6-run-01\raw\opentargets\gene-14-LIFR-AS1.raw,7fa3289efd50926eccacb337185efdbe4d3c89252a41ec42537a821f9f07d9d1
C:\Plugin\BioNexus\review\spatialwarrant-run-01\09_liana_literature\S6-run-01\raw\opentargets\gene-15-LINC01489.raw,9789b61e91874e246c511b24a7fea490da46e67428427863ece6c1609b69c0a5
C:\Plugin\BioNexus\review\spatialwarrant-run-01\09_liana_literature\S6-run-01\raw\opentargets\gene-16-THAP10.raw,d3cd7bb4ae6a58bfa37cf82c70cbf48a3f5ffb15ee207dcca229a74af789fdf8
C:\Plugin\BioNexus\review\spatialwarrant-run-01\09_liana_literature\S6-run-01\raw\opentargets\gene-17-DENND4C.raw,e899f39c146e8d6077eb8e52ef39dc4e6394a34f3e757447c0087966a3bd691b
C:\Plugin\BioNexus\review\spatialwarrant-run-01\09_liana_literature\S6-run-01\raw\opentargets\gene-18-MACC1.raw,b8f604e0ac15d3fb7201615dd664adcd7b67c571b996401eaded72ae3491b699
C:\Plugin\BioNexus\review\spatialwarrant-run-01\09_liana_literature\S6-run-01\raw\opentargets\gene-19-IGLC3.raw,bf86819b2c95cc1609eec618e052c3c7a6fbd4abecc753932c93841a49782e73
C:\Plugin\BioNexus\review\spatialwarrant-run-01\09_liana_literature\S6-run-01\raw\opentargets\gene-20-DMD.raw,93306821a264532fc38b556058d6573b943fff1aedf7d418b6d690c6b9fadedc
C:\Plugin\BioNexus\review\spatialwarrant-run-01\09_liana_literature\S6-run-01\raw\opentargets\liana_interaction-01-MIF_CD74_CXCR4.raw,823de698dfb3a062b46ea759f629e004153adfc59573ff6f52808a74ba9c739e
C:\Plugin\BioNexus\review\spatialwarrant-run-01\09_liana_literature\S6-run-01\raw\opentargets\liana_interaction-02-MIF_CD74_CXCR4.raw,823de698dfb3a062b46ea759f629e004153adfc59573ff6f52808a74ba9c739e
C:\Plugin\BioNexus\review\spatialwarrant-run-01\09_liana_literature\S6-run-01\raw\opentargets\liana_interaction-03-MIF_CD74_CXCR4.raw,823de698dfb3a062b46ea759f629e004153adfc59573ff6f52808a74ba9c739e
C:\Plugin\BioNexus\review\spatialwarrant-run-01\09_liana_literature\S6-run-01\raw\opentargets\liana_interaction-04-MIF_CD74_CXCR4.raw,823de698dfb3a062b46ea759f629e004153adfc59573ff6f52808a74ba9c739e
C:\Plugin\BioNexus\review\spatialwarrant-run-01\09_liana_literature\S6-run-01\raw\opentargets\liana_interaction-05-MIF_CD74_CXCR4.raw,823de698dfb3a062b46ea759f629e004153adfc59573ff6f52808a74ba9c739e
C:\Plugin\BioNexus\review\spatialwarrant-run-01\09_liana_literature\S6-run-01\raw\opentargets\liana_interaction-06-MIF_CD74_CXCR4.raw,823de698dfb3a062b46ea759f629e004153adfc59573ff6f52808a74ba9c739e
C:\Plugin\BioNexus\review\spatialwarrant-run-01\09_liana_literature\S6-run-01\raw\opentargets\liana_interaction-07-MIF_CD74_CXCR4.raw,823de698dfb3a062b46ea759f629e004153adfc59573ff6f52808a74ba9c739e
C:\Plugin\BioNexus\review\spatialwarrant-run-01\09_liana_literature\S6-run-01\raw\opentargets\liana_interaction-08-MIF_CD74_CXCR4.raw,823de698dfb3a062b46ea759f629e004153adfc59573ff6f52808a74ba9c739e
C:\Plugin\BioNexus\review\spatialwarrant-run-01\09_liana_literature\S6-run-01\raw\opentargets\liana_interaction-09-MIF_CD74_CXCR4.raw,823de698dfb3a062b46ea759f629e004153adfc59573ff6f52808a74ba9c739e
C:\Plugin\BioNexus\review\spatialwarrant-run-01\09_liana_literature\S6-run-01\raw\opentargets\liana_interaction-10-MIF_CD74_CXCR4.raw,823de698dfb3a062b46ea759f629e004153adfc59573ff6f52808a74ba9c739e
C:\Plugin\BioNexus\review\spatialwarrant-run-01\09_liana_literature\S6-run-01\raw\opentargets\prespecified-01-CXCL9_CXCR3.raw,7232f0c27a781d64e2a71a1b1f67e740af40d86be119fc4e48890d290197019a
C:\Plugin\BioNexus\review\spatialwarrant-run-01\09_liana_literature\S6-run-01\raw\opentargets\prespecified-02-CXCL10_CXCR3.raw,3405bbb0e9171cfa4a4cac84f39f46b78c213a6c05c3bdbaf085c640244ba1e4
C:\Plugin\BioNexus\review\spatialwarrant-run-01\09_liana_literature\S6-run-01\raw\opentargets\prespecified-03-CD274_PDCD1.raw,c88dc74b6173381eadf6bb4a39a6973a6248fac7f519c2d8b4e86e0336477619
C:\Plugin\BioNexus\review\spatialwarrant-run-01\09_liana_literature\S6-run-01\raw\opentargets\prespecified-04-TGFB1_TGFBR1_TGFBR2.raw,ffb452056fbd8452a52c59b4870c6184fdb99a1b76f90847028a8c8f4b2d1901
C:\Plugin\BioNexus\review\spatialwarrant-run-01\09_liana_literature\S6-run-01\raw\opentargets\prespecified-05-SPP1_CD44.raw,f1e39433f46136305ff823160db50b55169b1190ee9093bccd53ce5997a09aa6
C:\Plugin\BioNexus\review\spatialwarrant-run-01\09_liana_literature\S6-run-01\raw\opentargets\prespecified-06-HALLMARK_INTERFERON_GAMMA_RESPONSE.raw,823de698dfb3a062b46ea759f629e004153adfc59573ff6f52808a74ba9c739e
C:\Plugin\BioNexus\review\spatialwarrant-run-01\09_liana_literature\S6-run-01\raw\pubmed\gene-01-IGLL5.raw,24a8c399de92adf72f3a6ff24e7187367c755fccc37c02d23b293d8aedbf6504
C:\Plugin\BioNexus\review\spatialwarrant-run-01\09_liana_literature\S6-run-01\raw\pubmed\gene-02-RAB6C.raw,ec103ad68fb899bd8679f6573c7c398159f06626021bb77605a09800720908eb
C:\Plugin\BioNexus\review\spatialwarrant-run-01\09_liana_literature\S6-run-01\raw\pubmed\gene-03-P2RY13.raw,24180046e7836fa1382b58a1cf8ab69682faf2dbf01850e25c918465e7db6f35
C:\Plugin\BioNexus\review\spatialwarrant-run-01\09_liana_literature\S6-run-01\raw\pubmed\gene-04-TRG-AS1.raw,9d1e9b7b6b92fbcc44c147e3fabc257fb4ad16f6c5f6f9b2798f65f9d84b12bd
C:\Plugin\BioNexus\review\spatialwarrant-run-01\09_liana_literature\S6-run-01\raw\pubmed\gene-05-AC116913.1.raw,dcdcd1134da6f773ed259c3d65a20167fd8e360b1f23d9d432ccf8215340007b
C:\Plugin\BioNexus\review\spatialwarrant-run-01\09_liana_literature\S6-run-01\raw\pubmed\gene-06-LINC01144.raw,ff1c8e9e6af95af5d986ad583655afa14868ba6e6f923e3515320cc70ccf73b5
C:\Plugin\BioNexus\review\spatialwarrant-run-01\09_liana_literature\S6-run-01\raw\pubmed\gene-07-GRK4.raw,dd35827b44623b9dfdefd92176112f8530bbc578c167eac7c1b25fd1d27223b6
C:\Plugin\BioNexus\review\spatialwarrant-run-01\09_liana_literature\S6-run-01\raw\pubmed\gene-08-HEY2.raw,181d6009adb818acdd0fb9be99b5c5d858d6671e063b5e396e3f04a18bb7fe33
C:\Plugin\BioNexus\review\spatialwarrant-run-01\09_liana_literature\S6-run-01\raw\pubmed\gene-09-FOXO6.raw,192d13aa9734e2afb940db411786e46f6e31e4a31c71497ad1c2b1443b94be3d
C:\Plugin\BioNexus\review\spatialwarrant-run-01\09_liana_literature\S6-run-01\raw\pubmed\gene-10-MYO10.raw,f251b475d0c6e61f2740c33359a06905192410782e3562078d9c5162a4b527d0
C:\Plugin\BioNexus\review\spatialwarrant-run-01\09_liana_literature\S6-run-01\raw\pubmed\gene-11-ZNF829.raw,0182a6b90d9c148c3590bc8d23167ebc00783b43451c30279e093960bc9eebb4
C:\Plugin\BioNexus\review\spatialwarrant-run-01\09_liana_literature\S6-run-01\raw\pubmed\gene-12-PTHLH.raw,dab96a7f7d606ba5548716dd40d31cad74277b320406cdb64899e6b1ce40d137
C:\Plugin\BioNexus\review\spatialwarrant-run-01\09_liana_literature\S6-run-01\raw\pubmed\gene-13-AZIN1-AS1.raw,106bfe3e904e52c24ce16f38fa36759657edfd031bb415ccdeb791275077c641
C:\Plugin\BioNexus\review\spatialwarrant-run-01\09_liana_literature\S6-run-01\raw\pubmed\gene-14-LIFR-AS1.raw,1eb98c8a239ce5b7b5e9d35dcde2687cc55d1aef81933e246b647a0a8cc32e9b
C:\Plugin\BioNexus\review\spatialwarrant-run-01\09_liana_literature\S6-run-01\raw\pubmed\gene-15-LINC01489.raw,2e9633b25b5a85181731c774f4b9090f46bf31394b6ee53984c1490d7413c736
C:\Plugin\BioNexus\review\spatialwarrant-run-01\09_liana_literature\S6-run-01\raw\pubmed\gene-16-THAP10.raw,524757b4295c3f62d482e975aefef2637455462279caa3fe0063efe724ff76a7
C:\Plugin\BioNexus\review\spatialwarrant-run-01\09_liana_literature\S6-run-01\raw\pubmed\gene-17-DENND4C.raw,f1c05df67707f8a271b9dde0e7381b0a92ddd5332ccbd047ec1f031e92298ca3
C:\Plugin\BioNexus\review\spatialwarrant-run-01\09_liana_literature\S6-run-01\raw\pubmed\gene-18-MACC1.raw,a793600cb657bf99b258321733852052752f5ccf07e653c350e40a7d721be0e2
C:\Plugin\BioNexus\review\spatialwarrant-run-01\09_liana_literature\S6-run-01\raw\pubmed\gene-19-IGLC3.raw,74adabfb363f75a9e3fb2b5af94b742e74b11596374b3d07ad10d35dea3b9ef5
C:\Plugin\BioNexus\review\spatialwarrant-run-01\09_liana_literature\S6-run-01\raw\pubmed\gene-20-DMD.raw,df41aacf5a54b2979d473e7fcf9b0f0c35c6cd4b1ea6a24248c82c7f79a81fc9
C:\Plugin\BioNexus\review\spatialwarrant-run-01\09_liana_literature\S6-run-01\raw\pubmed\liana_interaction-01-MIF_CD74_CXCR4.raw,59b04e202e5a2ce3014b10a38b902e1941539282af77e21e820110f4c27778f8
C:\Plugin\BioNexus\review\spatialwarrant-run-01\09_liana_literature\S6-run-01\raw\pubmed\liana_interaction-02-MIF_CD74_CXCR4.raw,927d2b11455d2d20653b8058618512be50d4ebecd515151638dbd36347d4a6c9
C:\Plugin\BioNexus\review\spatialwarrant-run-01\09_liana_literature\S6-run-01\raw\pubmed\liana_interaction-03-MIF_CD74_CXCR4.raw,927d2b11455d2d20653b8058618512be50d4ebecd515151638dbd36347d4a6c9
C:\Plugin\BioNexus\review\spatialwarrant-run-01\09_liana_literature\S6-run-01\raw\pubmed\liana_interaction-04-MIF_CD74_CXCR4.raw,5080202f958b473c866294c22c269415bf3f1db18909003b3149aed5c1c8d81d
C:\Plugin\BioNexus\review\spatialwarrant-run-01\09_liana_literature\S6-run-01\raw\pubmed\liana_interaction-05-MIF_CD74_CXCR4.raw,65b4a07c197c53d4d23ca8e882468cd313e27b936cc228ce81a56bafa5eddacb
C:\Plugin\BioNexus\review\spatialwarrant-run-01\09_liana_literature\S6-run-01\raw\pubmed\liana_interaction-06-MIF_CD74_CXCR4.raw,927d2b11455d2d20653b8058618512be50d4ebecd515151638dbd36347d4a6c9
C:\Plugin\BioNexus\review\spatialwarrant-run-01\09_liana_literature\S6-run-01\raw\pubmed\liana_interaction-07-MIF_CD74_CXCR4.raw,59b04e202e5a2ce3014b10a38b902e1941539282af77e21e820110f4c27778f8
C:\Plugin\BioNexus\review\spatialwarrant-run-01\09_liana_literature\S6-run-01\raw\pubmed\liana_interaction-08-MIF_CD74_CXCR4.raw,59b04e202e5a2ce3014b10a38b902e1941539282af77e21e820110f4c27778f8
C:\Plugin\BioNexus\review\spatialwarrant-run-01\09_liana_literature\S6-run-01\raw\pubmed\liana_interaction-09-MIF_CD74_CXCR4.raw,927d2b11455d2d20653b8058618512be50d4ebecd515151638dbd36347d4a6c9
C:\Plugin\BioNexus\review\spatialwarrant-run-01\09_liana_literature\S6-run-01\raw\pubmed\liana_interaction-10-MIF_CD74_CXCR4.raw,59b04e202e5a2ce3014b10a38b902e1941539282af77e21e820110f4c27778f8
C:\Plugin\BioNexus\review\spatialwarrant-run-01\09_liana_literature\S6-run-01\raw\pubmed\prespecified-01-CXCL9_CXCR3.raw,9cf5bb34f1c7064fe60123210f6987458916cddd10f145fde01e17dcece328d0
C:\Plugin\BioNexus\review\spatialwarrant-run-01\09_liana_literature\S6-run-01\raw\pubmed\prespecified-02-CXCL10_CXCR3.raw,3f388b06d4277d96cbbc718a882d6d47d187eca181bf0b71ef4655091001a8b8
C:\Plugin\BioNexus\review\spatialwarrant-run-01\09_liana_literature\S6-run-01\raw\pubmed\prespecified-03-CD274_PDCD1.raw,1dbd1c54912017c0c0ab2e4302cfd0ba21ae470afe7292c98fa212467dd6f28c
C:\Plugin\BioNexus\review\spatialwarrant-run-01\09_liana_literature\S6-run-01\raw\pubmed\prespecified-04-TGFB1_TGFBR1_TGFBR2.raw,b0b871870a66faab6c717a5496fc19a4f63566be6b2b091bdd1d68fe2c7e58dd
C:\Plugin\BioNexus\review\spatialwarrant-run-01\09_liana_literature\S6-run-01\raw\pubmed\prespecified-05-SPP1_CD44.raw,847ea5ac975065cdc1f4d3bca679ccaed29bb27fc176a02a02e9a2c070a69237
C:\Plugin\BioNexus\review\spatialwarrant-run-01\09_liana_literature\S6-run-01\raw\pubmed\prespecified-06-HALLMARK_INTERFERON_GAMMA_RESPONSE.raw,dedd4862fe9863adb564015bcb79470cc45a8e21e8274bf91d1936b6927a8b9b
C:\Plugin\BioNexus\review\spatialwarrant-run-01\09_liana_literature\S6-run-01\raw\reactome\gene-01-IGLL5.raw,9b6f5aa741d311f6e0db9058634144be8b4e701e5025b4007459cb76b5a8358c
C:\Plugin\BioNexus\review\spatialwarrant-run-01\09_liana_literature\S6-run-01\raw\reactome\gene-02-RAB6C.raw,ce80911c2ffa53af5663fa697b2cf245ee0fbf065bfa11841cdd642ed88e8456
C:\Plugin\BioNexus\review\spatialwarrant-run-01\09_liana_literature\S6-run-01\raw\reactome\gene-03-P2RY13.raw,6467f0c1efa8aab50e66bfa578c3e6aa06a9f9692b8042534d8b648e09da7cb3
C:\Plugin\BioNexus\review\spatialwarrant-run-01\09_liana_literature\S6-run-01\raw\reactome\gene-04-TRG-AS1.raw,4b4ea154148c1129ef7bbc9b8a188fcdf0e01ed83087d8c4e5c63fd7339cedc6
C:\Plugin\BioNexus\review\spatialwarrant-run-01\09_liana_literature\S6-run-01\raw\reactome\gene-07-GRK4.raw,e812e673901f760f484dbdab928127cd788554a0d8343831e0c2c73d2760928d
C:\Plugin\BioNexus\review\spatialwarrant-run-01\09_liana_literature\S6-run-01\raw\reactome\gene-08-HEY2.raw,07403c7994375aa04507db5c51daf9db25c2e755cf6a5e2cc1cee3d8096fadb4
C:\Plugin\BioNexus\review\spatialwarrant-run-01\09_liana_literature\S6-run-01\raw\reactome\gene-09-FOXO6.raw,c3c9356fc75d2be14e5fab4b7241900d1da405110198e08369a76a85a6a0fc8a
C:\Plugin\BioNexus\review\spatialwarrant-run-01\09_liana_literature\S6-run-01\raw\reactome\gene-10-MYO10.raw,2160ddb3c7790ff7fbe33ac98138cac4af874f4922d1f0b36bd1efb3acd30ffe
C:\Plugin\BioNexus\review\spatialwarrant-run-01\09_liana_literature\S6-run-01\raw\reactome\gene-11-ZNF829.raw,3c0e78c9bc945f08778dcded6ff80491e999d9fcab0f719fe9e874cb6df45bae
C:\Plugin\BioNexus\review\spatialwarrant-run-01\09_liana_literature\S6-run-01\raw\reactome\gene-12-PTHLH.raw,90449736cd40086c111b974100347bbf0d40d654cca966db463db5cb2eb85953
C:\Plugin\BioNexus\review\spatialwarrant-run-01\09_liana_literature\S6-run-01\raw\reactome\gene-13-AZIN1-AS1.raw,e76aa5072adb85987fae69f28d400bc5cc95cddbdf0f20c6c4dd79669cf64a01
C:\Plugin\BioNexus\review\spatialwarrant-run-01\09_liana_literature\S6-run-01\raw\reactome\gene-14-LIFR-AS1.raw,2c9d4f3935309a39edbea19f104e60b7e2ade98791876d4a9920135fff8f5129
C:\Plugin\BioNexus\review\spatialwarrant-run-01\09_liana_literature\S6-run-01\raw\reactome\gene-16-THAP10.raw,c5074d252387c1a27ed88daf1a73afb93182f08b96cf9fe1bec984a0a808a823
C:\Plugin\BioNexus\review\spatialwarrant-run-01\09_liana_literature\S6-run-01\raw\reactome\gene-17-DENND4C.raw,20ffadbe31685042d378b5eb4bc8011e93f0fecaf2d520a695eb9514bfc60a52
C:\Plugin\BioNexus\review\spatialwarrant-run-01\09_liana_literature\S6-run-01\raw\reactome\gene-19-IGLC3.raw,090691ced20ee9b241bf0188964eb435e1f11ee46094db7785316e6441aba137
C:\Plugin\BioNexus\review\spatialwarrant-run-01\09_liana_literature\S6-run-01\raw\reactome\gene-20-DMD.raw,9333cc3ad8e63fba7e615858dc34a8b6a4d454bfb051c74ff3c893e1f440e6f9
C:\Plugin\BioNexus\review\spatialwarrant-run-01\09_liana_literature\S6-run-01\raw\reactome\liana_interaction-01-MIF_CD74_CXCR4.raw,801ecca586f16df3b7f69a2c555471a8ec1f465faa61bc9bd84d78d431362475
C:\Plugin\BioNexus\review\spatialwarrant-run-01\09_liana_literature\S6-run-01\raw\reactome\liana_interaction-02-MIF_CD74_CXCR4.raw,801ecca586f16df3b7f69a2c555471a8ec1f465faa61bc9bd84d78d431362475
C:\Plugin\BioNexus\review\spatialwarrant-run-01\09_liana_literature\S6-run-01\raw\reactome\liana_interaction-03-MIF_CD74_CXCR4.raw,801ecca586f16df3b7f69a2c555471a8ec1f465faa61bc9bd84d78d431362475
C:\Plugin\BioNexus\review\spatialwarrant-run-01\09_liana_literature\S6-run-01\raw\reactome\liana_interaction-04-MIF_CD74_CXCR4.raw,801ecca586f16df3b7f69a2c555471a8ec1f465faa61bc9bd84d78d431362475
C:\Plugin\BioNexus\review\spatialwarrant-run-01\09_liana_literature\S6-run-01\raw\reactome\liana_interaction-05-MIF_CD74_CXCR4.raw,801ecca586f16df3b7f69a2c555471a8ec1f465faa61bc9bd84d78d431362475
C:\Plugin\BioNexus\review\spatialwarrant-run-01\09_liana_literature\S6-run-01\raw\reactome\liana_interaction-06-MIF_CD74_CXCR4.raw,801ecca586f16df3b7f69a2c555471a8ec1f465faa61bc9bd84d78d431362475
C:\Plugin\BioNexus\review\spatialwarrant-run-01\09_liana_literature\S6-run-01\raw\reactome\liana_interaction-07-MIF_CD74_CXCR4.raw,801ecca586f16df3b7f69a2c555471a8ec1f465faa61bc9bd84d78d431362475
C:\Plugin\BioNexus\review\spatialwarrant-run-01\09_liana_literature\S6-run-01\raw\reactome\liana_interaction-08-MIF_CD74_CXCR4.raw,801ecca586f16df3b7f69a2c555471a8ec1f465faa61bc9bd84d78d431362475
C:\Plugin\BioNexus\review\spatialwarrant-run-01\09_liana_literature\S6-run-01\raw\reactome\liana_interaction-09-MIF_CD74_CXCR4.raw,801ecca586f16df3b7f69a2c555471a8ec1f465faa61bc9bd84d78d431362475
C:\Plugin\BioNexus\review\spatialwarrant-run-01\09_liana_literature\S6-run-01\raw\reactome\liana_interaction-10-MIF_CD74_CXCR4.raw,801ecca586f16df3b7f69a2c555471a8ec1f465faa61bc9bd84d78d431362475
C:\Plugin\BioNexus\review\spatialwarrant-run-01\09_liana_literature\S6-run-01\raw\reactome\prespecified-01-CXCL9_CXCR3.raw,180667163e6edd8021fd0c81bf0425ccb58c74fe22aba568f6dc0f2ac309c2cb
C:\Plugin\BioNexus\review\spatialwarrant-run-01\09_liana_literature\S6-run-01\raw\reactome\prespecified-02-CXCL10_CXCR3.raw,35a8704b3506306cb2d936a62fbac12f230c04fa44d79a73a43c346332437601
C:\Plugin\BioNexus\review\spatialwarrant-run-01\09_liana_literature\S6-run-01\raw\reactome\prespecified-03-CD274_PDCD1.raw,8fa3555b64bdc5ecdc0b7a2e0e2513bea2f734d16ed98b55460e7029145be412
C:\Plugin\BioNexus\review\spatialwarrant-run-01\09_liana_literature\S6-run-01\raw\reactome\prespecified-04-TGFB1_TGFBR1_TGFBR2.raw,d19d82f87c87750a2ff14452fab572f8ecc37ff33ea53072fe6398ee7ab4352b
C:\Plugin\BioNexus\review\spatialwarrant-run-01\09_liana_literature\S6-run-01\raw\reactome\prespecified-05-SPP1_CD44.raw,16c3ae6b36abccefb9b00f9bd723cf05a220378d282db8cf7d79fc3a0cc13d11
C:\Plugin\BioNexus\review\spatialwarrant-run-01\09_liana_literature\S6-run-01\refresh_s6_manifests.py,3f55a58729aab4e77b272f7befcd15e9c97383ae8872487f6807ce65f9725b29
C:\Plugin\BioNexus\review\spatialwarrant-run-01\09_liana_literature\S6-run-01\repair_s6_string_uniprot_queries.py,aecc1953a2ab029d02a9e852dcd1f7269caf3c992dadf9b5d56a34d5db9bf6e5
C:\Plugin\BioNexus\review\spatialwarrant-run-01\09_liana_literature\S6-run-01\requests\opentargets\gene-01-IGLL5.request.json,501b62bdee723785a828762dcc1f3b747b8ccc0d9a982aaa8478dc86b92f2554
C:\Plugin\BioNexus\review\spatialwarrant-run-01\09_liana_literature\S6-run-01\requests\opentargets\gene-02-RAB6C.request.json,8865c5136dbfd7a945f0fd5de2c6f3081ab87bd0d228edccbe34307e86e809f7
C:\Plugin\BioNexus\review\spatialwarrant-run-01\09_liana_literature\S6-run-01\requests\opentargets\gene-03-P2RY13.request.json,922fbf2f41be920d506b01dd6d490765701c36628e72eaf83bd3ab4843595e3c
C:\Plugin\BioNexus\review\spatialwarrant-run-01\09_liana_literature\S6-run-01\requests\opentargets\gene-04-TRG-AS1.request.json,7b956b9c3ce6cbbaae3204900f45488093e0f4304875797b226ac862f87c053d
C:\Plugin\BioNexus\review\spatialwarrant-run-01\09_liana_literature\S6-run-01\requests\opentargets\gene-05-AC116913.1.request.json,073777c331f22429177672642b7f8b3cd20b17f3e01c8d34bb590e62f112f41d
C:\Plugin\BioNexus\review\spatialwarrant-run-01\09_liana_literature\S6-run-01\requests\opentargets\gene-06-LINC01144.request.json,d3cd9d65dd534ce87b0361f9b3437b29a188202741fc99ca1db9d7ef4d8c0e10
C:\Plugin\BioNexus\review\spatialwarrant-run-01\09_liana_literature\S6-run-01\requests\opentargets\gene-07-GRK4.request.json,d64ea312649e17a309176737036b7e3d9f793e0927a0607f6d4a8f5cf4ad2790
C:\Plugin\BioNexus\review\spatialwarrant-run-01\09_liana_literature\S6-run-01\requests\opentargets\gene-08-HEY2.request.json,553b8fad179d2a51a2e862f0088a133d8d224b46a962e3268fcd9461061b8034
C:\Plugin\BioNexus\review\spatialwarrant-run-01\09_liana_literature\S6-run-01\requests\opentargets\gene-09-FOXO6.request.json,931f52047c754a8cd5592a38b760144baf7c298c8ccc5c39d37df996bf4e78fa
C:\Plugin\BioNexus\review\spatialwarrant-run-01\09_liana_literature\S6-run-01\requests\opentargets\gene-10-MYO10.request.json,5527fa548956c4386cc4741d9af7eb85d7ff3bbe63e429c85f0b5a65490d1bac
C:\Plugin\BioNexus\review\spatialwarrant-run-01\09_liana_literature\S6-run-01\requests\opentargets\gene-11-ZNF829.request.json,cdf3deba6f04682c513431cec3a37b58b3685e2476dda81b302556cec0852291
C:\Plugin\BioNexus\review\spatialwarrant-run-01\09_liana_literature\S6-run-01\requests\opentargets\gene-12-PTHLH.request.json,36c221658e25cc5419b36e788780ae5592dfd1f2a8769bd616a8a9c337702fa3
C:\Plugin\BioNexus\review\spatialwarrant-run-01\09_liana_literature\S6-run-01\requests\opentargets\gene-13-AZIN1-AS1.request.json,11acd13460ac1064a7e39234df6f419a7b1f83cd0bfdccd9b6bd4293c6ff5514
C:\Plugin\BioNexus\review\spatialwarrant-run-01\09_liana_literature\S6-run-01\requests\opentargets\gene-14-LIFR-AS1.request.json,18768cb83883998e0962054c8bb6739c248a6fce33e7c6b11eff95639eb258a6
C:\Plugin\BioNexus\review\spatialwarrant-run-01\09_liana_literature\S6-run-01\requests\opentargets\gene-15-LINC01489.request.json,e708e51746d4404a4caa14b881f97e887c52bab34e0b6f99a657650a81e9b573
C:\Plugin\BioNexus\review\spatialwarrant-run-01\09_liana_literature\S6-run-01\requests\opentargets\gene-16-THAP10.request.json,a4a35214bbfa2038c7e108b1ad046391b8a857569af72b48f29d51ea41cf731f
C:\Plugin\BioNexus\review\spatialwarrant-run-01\09_liana_literature\S6-run-01\requests\opentargets\gene-17-DENND4C.request.json,2abfbc13602fc7a9b26d4c4a79b87e365dc8f83a3696536e0d5462c9db9b9839
C:\Plugin\BioNexus\review\spatialwarrant-run-01\09_liana_literature\S6-run-01\requests\opentargets\gene-18-MACC1.request.json,9ea7d5e5ed38c2f7f03b92a1bb301e76b0a94d69403e48cea48a0ead600be492
C:\Plugin\BioNexus\review\spatialwarrant-run-01\09_liana_literature\S6-run-01\requests\opentargets\gene-19-IGLC3.request.json,a4d7c82cb74422f92304829f9cc4a5eedda3c9cc36a288770d2e7d4ef6ee910a
C:\Plugin\BioNexus\review\spatialwarrant-run-01\09_liana_literature\S6-run-01\requests\opentargets\gene-20-DMD.request.json,5c63738b9c89e5ea74547e216ee0d20742b207ee7260379dc6490332140d0d1f
C:\Plugin\BioNexus\review\spatialwarrant-run-01\09_liana_literature\S6-run-01\requests\opentargets\liana_interaction-01-MIF_CD74_CXCR4.request.json,00045e0bcaa1f0b8122876033b03f6939f71667c1e59e680ebe2709942f81693
C:\Plugin\BioNexus\review\spatialwarrant-run-01\09_liana_literature\S6-run-01\requests\opentargets\liana_interaction-02-MIF_CD74_CXCR4.request.json,dbce48368f490d03f41f864ba0ce5079851d741b8d6ff8f1dfa18dc43fae39c5
C:\Plugin\BioNexus\review\spatialwarrant-run-01\09_liana_literature\S6-run-01\requests\opentargets\liana_interaction-03-MIF_CD74_CXCR4.request.json,5232a4c277f8020210969c39720f700620f5ffd134c19c4d1a68832a2f480094
C:\Plugin\BioNexus\review\spatialwarrant-run-01\09_liana_literature\S6-run-01\requests\opentargets\liana_interaction-04-MIF_CD74_CXCR4.request.json,65a5497a8b2ea96fb14eee1c0b23e808a435ee2c37530649b11aae3c278d031d
C:\Plugin\BioNexus\review\spatialwarrant-run-01\09_liana_literature\S6-run-01\requests\opentargets\liana_interaction-05-MIF_CD74_CXCR4.request.json,591f1a4d4c77d75163c72711d4e6db84f7146a29d6a4c346c30189bdea1ca9dc
C:\Plugin\BioNexus\review\spatialwarrant-run-01\09_liana_literature\S6-run-01\requests\opentargets\liana_interaction-06-MIF_CD74_CXCR4.request.json,4531a951ea56568efeb7f1b6768f07d459aaf77befcd1db4784edc7114168bda
C:\Plugin\BioNexus\review\spatialwarrant-run-01\09_liana_literature\S6-run-01\requests\opentargets\liana_interaction-07-MIF_CD74_CXCR4.request.json,813e62cfbd0fd2ae514315994dc18acae95915db2f3ecc2957fe9ff2d9d6a3ea
C:\Plugin\BioNexus\review\spatialwarrant-run-01\09_liana_literature\S6-run-01\requests\opentargets\liana_interaction-08-MIF_CD74_CXCR4.request.json,4d828e74ae39c1b82f22b0aae8cf19a5ff4188c0568a5d1f3b594b627de35bf0
C:\Plugin\BioNexus\review\spatialwarrant-run-01\09_liana_literature\S6-run-01\requests\opentargets\liana_interaction-09-MIF_CD74_CXCR4.request.json,155d1aa29397c30546ac5e56969eadbc0125740287bfb7a616172e936c43028a
C:\Plugin\BioNexus\review\spatialwarrant-run-01\09_liana_literature\S6-run-01\requests\opentargets\liana_interaction-10-MIF_CD74_CXCR4.request.json,5486cb18952ea34eac5f0720de1e9f935be0437d9f3de10f5a8e8ab2fc9ed39c
C:\Plugin\BioNexus\review\spatialwarrant-run-01\09_liana_literature\S6-run-01\requests\opentargets\prespecified-01-CXCL9_CXCR3.request.json,a09306de2048bc30e0b5f257308bf022e86822f4f7edbd48ce20b6d0f201fa0d
C:\Plugin\BioNexus\review\spatialwarrant-run-01\09_liana_literature\S6-run-01\requests\opentargets\prespecified-02-CXCL10_CXCR3.request.json,8593eaf2bead56175ea8b1a2fe49b394017779f521831ee12bcfdd6fa2505735
C:\Plugin\BioNexus\review\spatialwarrant-run-01\09_liana_literature\S6-run-01\requests\opentargets\prespecified-03-CD274_PDCD1.request.json,11a09337bbd9006bcfac5e74147eeb5fe818b39746d359b50e821bcb80cabedc
C:\Plugin\BioNexus\review\spatialwarrant-run-01\09_liana_literature\S6-run-01\requests\opentargets\prespecified-04-TGFB1_TGFBR1_TGFBR2.request.json,bfa16e92fcc3b96f83ff070df7ec4508b9580519cb6d567f791ccb2c254c0a43
C:\Plugin\BioNexus\review\spatialwarrant-run-01\09_liana_literature\S6-run-01\requests\opentargets\prespecified-05-SPP1_CD44.request.json,f7816f4d212535ba3e71aa4afa7778a17b721f5175345c1eede5bd1aa8ef95c5
C:\Plugin\BioNexus\review\spatialwarrant-run-01\09_liana_literature\S6-run-01\requests\opentargets\prespecified-06-HALLMARK_INTERFERON_GAMMA_RESPONSE.request.json,bf6de683503e44041d97e74c16669c05c320895e3303aaf72f6a59e8a2152f78
C:\Plugin\BioNexus\review\spatialwarrant-run-01\09_liana_literature\S6-run-01\requests\pubmed\gene-01-IGLL5.request.json,4bdf99d4a9489962a1a6dbfbb391489051c4a4988d2d245d19fa9e24f241b8d8
C:\Plugin\BioNexus\review\spatialwarrant-run-01\09_liana_literature\S6-run-01\requests\pubmed\gene-02-RAB6C.request.json,2f7860544669be4e0ff7495681d9390d2d67e2c57c279653e9b8c9861e2d8f6c
C:\Plugin\BioNexus\review\spatialwarrant-run-01\09_liana_literature\S6-run-01\requests\pubmed\gene-03-P2RY13.request.json,9892ddce57443333541493b5c282db87ef7e90a91a61ecb49d273dba7291b46a
C:\Plugin\BioNexus\review\spatialwarrant-run-01\09_liana_literature\S6-run-01\requests\pubmed\gene-04-TRG-AS1.request.json,11aabde43b39a45254270db9895073b022fb8719d1505fe714a89f7ba993595e
C:\Plugin\BioNexus\review\spatialwarrant-run-01\09_liana_literature\S6-run-01\requests\pubmed\gene-05-AC116913.1.request.json,4be43a77136261c4fe797ba56331ed509c76427cee163d33946f7edf0b83908e
C:\Plugin\BioNexus\review\spatialwarrant-run-01\09_liana_literature\S6-run-01\requests\pubmed\gene-06-LINC01144.request.json,f9b91c87dab48d861ae7ea00f611432c7c15753a7c90379708f23547be3c3f49
C:\Plugin\BioNexus\review\spatialwarrant-run-01\09_liana_literature\S6-run-01\requests\pubmed\gene-07-GRK4.request.json,2d4a97c68cd6e4cb1465170f5fa363d446ad20fd472dc900666f9a77c168ceb0
C:\Plugin\BioNexus\review\spatialwarrant-run-01\09_liana_literature\S6-run-01\requests\pubmed\gene-08-HEY2.request.json,a1b4dff5c78157bdb78516fb1acc42504a151282df575639fa9c595ae4b4d502
C:\Plugin\BioNexus\review\spatialwarrant-run-01\09_liana_literature\S6-run-01\requests\pubmed\gene-09-FOXO6.request.json,852fc3e614f4cfd8f8734194dd267d20572c6e01331c979e135e7b89cc01aea8
C:\Plugin\BioNexus\review\spatialwarrant-run-01\09_liana_literature\S6-run-01\requests\pubmed\gene-10-MYO10.request.json,03d29ee3b632a563e3c661618b7a03e3d44403bc693745f7c135241e2fb4b9c8
C:\Plugin\BioNexus\review\spatialwarrant-run-01\09_liana_literature\S6-run-01\requests\pubmed\gene-11-ZNF829.request.json,66ac76b450f6c72300dcbb779a6db97277e3dab61aa2a9f5149b163d4107fc5d
C:\Plugin\BioNexus\review\spatialwarrant-run-01\09_liana_literature\S6-run-01\requests\pubmed\gene-12-PTHLH.request.json,42023e6e23f1a6b9658e8842ffef08d010fc05cb2cb46392f8748188b5cabaac
C:\Plugin\BioNexus\review\spatialwarrant-run-01\09_liana_literature\S6-run-01\requests\pubmed\gene-13-AZIN1-AS1.request.json,7de3fbd117f76b0edcc08d570a8bf8e18a310b235a4aed35da5020683b5117f0
C:\Plugin\BioNexus\review\spatialwarrant-run-01\09_liana_literature\S6-run-01\requests\pubmed\gene-14-LIFR-AS1.request.json,7aa47bed342c1700af96cda7101331a63ef73324f48cdddfba368ff2407d8ad4
C:\Plugin\BioNexus\review\spatialwarrant-run-01\09_liana_literature\S6-run-01\requests\pubmed\gene-15-LINC01489.request.json,d092296e868829eca26dca7f34da764321b89357b27514853785f40d18c178c8
C:\Plugin\BioNexus\review\spatialwarrant-run-01\09_liana_literature\S6-run-01\requests\pubmed\gene-16-THAP10.request.json,b4a0214b5190df63a97d00108e1cbd19054d359b79024970f4e3100f66f00bf3
C:\Plugin\BioNexus\review\spatialwarrant-run-01\09_liana_literature\S6-run-01\requests\pubmed\gene-17-DENND4C.request.json,abfd19e2d584824c7b0a57ca784e44924f62a0f34a6fb288f16b5148316960ed
C:\Plugin\BioNexus\review\spatialwarrant-run-01\09_liana_literature\S6-run-01\requests\pubmed\gene-18-MACC1.request.json,d6b17da98863ee8048753f82276ba3455d8ca4ef04a7294eb4a601b94e0819d7
C:\Plugin\BioNexus\review\spatialwarrant-run-01\09_liana_literature\S6-run-01\requests\pubmed\gene-19-IGLC3.request.json,065f1f61934473d85cede6e7bb6980fce52cca1fd3b9ed4d0bb108794b3152a3
C:\Plugin\BioNexus\review\spatialwarrant-run-01\09_liana_literature\S6-run-01\requests\pubmed\gene-20-DMD.request.json,647067db6dc9fada2bdc5e0b7eb9b790fc047148de1b1fa36d64bc98545418b8
C:\Plugin\BioNexus\review\spatialwarrant-run-01\09_liana_literature\S6-run-01\requests\pubmed\liana_interaction-01-MIF_CD74_CXCR4.request.json,c929049b39f46edafb05ca1988f2dc2fe5ab58254ad742e1c69ae86038fbda76
C:\Plugin\BioNexus\review\spatialwarrant-run-01\09_liana_literature\S6-run-01\requests\pubmed\liana_interaction-02-MIF_CD74_CXCR4.request.json,1021eef51aa096fba6f1cf777082f0d081c6d73e2ecc819cef04580ad9bbf7a0
C:\Plugin\BioNexus\review\spatialwarrant-run-01\09_liana_literature\S6-run-01\requests\pubmed\liana_interaction-03-MIF_CD74_CXCR4.request.json,e2cc81f3827513e5d1a07bba2179d59c48b9597247714632a7005674153fcdb1
C:\Plugin\BioNexus\review\spatialwarrant-run-01\09_liana_literature\S6-run-01\requests\pubmed\liana_interaction-04-MIF_CD74_CXCR4.request.json,1d95c27858c3b894e99db9450b62b3ea23d87ceb66e1964fe16814c6c6c43541
C:\Plugin\BioNexus\review\spatialwarrant-run-01\09_liana_literature\S6-run-01\requests\pubmed\liana_interaction-05-MIF_CD74_CXCR4.request.json,45c28b52b946e9d23ffda0878a3d0dd1a0d5d6a362349a4e0feac26df7d5b39a
C:\Plugin\BioNexus\review\spatialwarrant-run-01\09_liana_literature\S6-run-01\requests\pubmed\liana_interaction-06-MIF_CD74_CXCR4.request.json,ad6a8ee9c9384591722f6d2d5ef7e4a6aed7d4ffa663d6deea7882370ba5ec2c
C:\Plugin\BioNexus\review\spatialwarrant-run-01\09_liana_literature\S6-run-01\requests\pubmed\liana_interaction-07-MIF_CD74_CXCR4.request.json,7c49da2bae535c4bf699198b06c7792a37d4e05901cc79ae99d38485466235b8
C:\Plugin\BioNexus\review\spatialwarrant-run-01\09_liana_literature\S6-run-01\requests\pubmed\liana_interaction-08-MIF_CD74_CXCR4.request.json,a0e4ca8754a3ce7db188399efdcb3c460f922d06eb647cfd77eed7b1888ad895
C:\Plugin\BioNexus\review\spatialwarrant-run-01\09_liana_literature\S6-run-01\requests\pubmed\liana_interaction-09-MIF_CD74_CXCR4.request.json,0f5e67f3c3c04bc58976e6281d8044e9be4b04d18628fc1e79d79deaa8552751
C:\Plugin\BioNexus\review\spatialwarrant-run-01\09_liana_literature\S6-run-01\requests\pubmed\liana_interaction-10-MIF_CD74_CXCR4.request.json,70c646d54346fe6e1db5927d717fdc46bb96b0cf26f49eae5271100f78efcf27
C:\Plugin\BioNexus\review\spatialwarrant-run-01\09_liana_literature\S6-run-01\requests\pubmed\prespecified-01-CXCL9_CXCR3.request.json,ff9dba536f984578b00e4c6309dcda3214132d9f78a6abfd9363d4b26c4ebdc6
C:\Plugin\BioNexus\review\spatialwarrant-run-01\09_liana_literature\S6-run-01\requests\pubmed\prespecified-02-CXCL10_CXCR3.request.json,8ee7d46025c5677eb00df71e81b7dcb4ad4091503b5157fa0c0844f699e749a8
C:\Plugin\BioNexus\review\spatialwarrant-run-01\09_liana_literature\S6-run-01\requests\pubmed\prespecified-03-CD274_PDCD1.request.json,32f48eba105556a6f03c0df77f0076a04e70d75ec884e71dcb0bf7236dbaa555
C:\Plugin\BioNexus\review\spatialwarrant-run-01\09_liana_literature\S6-run-01\requests\pubmed\prespecified-04-TGFB1_TGFBR1_TGFBR2.request.json,01e3db7df7f155f3220729de5f70507dd5e7d11bebca2e1e511176823d1cdcbf
C:\Plugin\BioNexus\review\spatialwarrant-run-01\09_liana_literature\S6-run-01\requests\pubmed\prespecified-05-SPP1_CD44.request.json,c83a3aae26abb6b7d47888f7844fbbdd8322ec8d1a93d87f081b51b065c7d9c8
C:\Plugin\BioNexus\review\spatialwarrant-run-01\09_liana_literature\S6-run-01\requests\pubmed\prespecified-06-HALLMARK_INTERFERON_GAMMA_RESPONSE.request.json,81e4c752ac3a75ff95291330fa65f4af9e0eff9fbf328e456d8aa5a77ecae33f
C:\Plugin\BioNexus\review\spatialwarrant-run-01\09_liana_literature\S6-run-01\requests\reactome\gene-01-IGLL5.request.json,12a799d3a4f417a069fc9791a9ac1e1ff075dac313c28d0b731f03799f051d04
C:\Plugin\BioNexus\review\spatialwarrant-run-01\09_liana_literature\S6-run-01\requests\reactome\gene-02-RAB6C.request.json,c7cdcf3de6a54446103f8b0945d5be944bef225f47a2d78543d0480028203c0a
C:\Plugin\BioNexus\review\spatialwarrant-run-01\09_liana_literature\S6-run-01\requests\reactome\gene-03-P2RY13.request.json,72fad1f01df7b340760d6865726a2aad727088fc3e87ee5c38e3c7d4b466e5d0
C:\Plugin\BioNexus\review\spatialwarrant-run-01\09_liana_literature\S6-run-01\requests\reactome\gene-04-TRG-AS1.request.json,7507209c2277a3a6f566df2769642488e2baadb31b48d01e4a7d782d4a99f901
C:\Plugin\BioNexus\review\spatialwarrant-run-01\09_liana_literature\S6-run-01\requests\reactome\gene-05-AC116913.1.request.json,037b5e69fbd73d4887ef941a7ec9984e6791d55cf86eec306a0784310cffde83
C:\Plugin\BioNexus\review\spatialwarrant-run-01\09_liana_literature\S6-run-01\requests\reactome\gene-06-LINC01144.request.json,b65c08c5ee869c74b95ec1f22b34475933b7c7b216930e54465d8e60b7625cf9
C:\Plugin\BioNexus\review\spatialwarrant-run-01\09_liana_literature\S6-run-01\requests\reactome\gene-07-GRK4.request.json,32b5fce31a310ba3a088fc7ee979c8c4e4be6d7082c8591673012ad031892ebf
C:\Plugin\BioNexus\review\spatialwarrant-run-01\09_liana_literature\S6-run-01\requests\reactome\gene-08-HEY2.request.json,b06bdcf5981be24231a41737d28ca62d8954f91f3e0fa05130797af5f677a9bd
C:\Plugin\BioNexus\review\spatialwarrant-run-01\09_liana_literature\S6-run-01\requests\reactome\gene-09-FOXO6.request.json,434ca96bfc0ccd16a164bd2d3f0a5897b0cb43fbe6b6f3b170bc588adfd22478
C:\Plugin\BioNexus\review\spatialwarrant-run-01\09_liana_literature\S6-run-01\requests\reactome\gene-10-MYO10.request.json,a299ef3e76c1b3c6063c72842c0f385b05a247c36c21a69b8abba74cbd24bc77
C:\Plugin\BioNexus\review\spatialwarrant-run-01\09_liana_literature\S6-run-01\requests\reactome\gene-11-ZNF829.request.json,dbbf3e72b3405e87e67f1d0bb48e31394c0c9eb73437c0ffa86288959ecc054d
C:\Plugin\BioNexus\review\spatialwarrant-run-01\09_liana_literature\S6-run-01\requests\reactome\gene-12-PTHLH.request.json,a5355857950287a0c7ac22f8fb3ec8f456b8a1a368ac2b55a962a765045bf42a
C:\Plugin\BioNexus\review\spatialwarrant-run-01\09_liana_literature\S6-run-01\requests\reactome\gene-13-AZIN1-AS1.request.json,cc8b226bf4524befc43fc4eb19f57f4668fe3b401493830cfdf9503b611a0f81
C:\Plugin\BioNexus\review\spatialwarrant-run-01\09_liana_literature\S6-run-01\requests\reactome\gene-14-LIFR-AS1.request.json,f51b3e43e1de9feb1a63391a9db4b1f369c2a9bbf7315901aba8ad65d14b4e29
C:\Plugin\BioNexus\review\spatialwarrant-run-01\09_liana_literature\S6-run-01\requests\reactome\gene-15-LINC01489.request.json,506c119a6825d58a42b9637737d01da492aba28e573480a510b096e610a3d98c
C:\Plugin\BioNexus\review\spatialwarrant-run-01\09_liana_literature\S6-run-01\requests\reactome\gene-16-THAP10.request.json,85e0fff356d112b9e4d9e1e922417c8f29927099ff899314d4829cbaa24fe630
C:\Plugin\BioNexus\review\spatialwarrant-run-01\09_liana_literature\S6-run-01\requests\reactome\gene-17-DENND4C.request.json,14bb46b0b29c36af0231b3a5f782caa8207d07451de8ac2a130a643f08bc7599
C:\Plugin\BioNexus\review\spatialwarrant-run-01\09_liana_literature\S6-run-01\requests\reactome\gene-18-MACC1.request.json,988d83464f551206949a09a2948ac0dcafbc861fc7480b2929af1cfc927b277d
C:\Plugin\BioNexus\review\spatialwarrant-run-01\09_liana_literature\S6-run-01\requests\reactome\gene-19-IGLC3.request.json,df16f9a66704ba7819ac1968b356453442d70a6b74b9051a9b47fa018200a134
C:\Plugin\BioNexus\review\spatialwarrant-run-01\09_liana_literature\S6-run-01\requests\reactome\gene-20-DMD.request.json,d839bae8a8b56a5a337bae4baf70fdc1f92c6905058ca3096da4c99e06e5f34f
C:\Plugin\BioNexus\review\spatialwarrant-run-01\09_liana_literature\S6-run-01\requests\reactome\liana_interaction-01-MIF_CD74_CXCR4.request.json,65a02ae5b9161b31961cc5f6226d3eaed43aab98bc2133c327bf80397a6252bb
C:\Plugin\BioNexus\review\spatialwarrant-run-01\09_liana_literature\S6-run-01\requests\reactome\liana_interaction-02-MIF_CD74_CXCR4.request.json,8209fbd60c5d32fb15313b7447d3c4ae6a9a9b8983e49c29494c6dec1c987749
C:\Plugin\BioNexus\review\spatialwarrant-run-01\09_liana_literature\S6-run-01\requests\reactome\liana_interaction-03-MIF_CD74_CXCR4.request.json,2db8bc2a3409963d60e27d3b518ede07da2a4e802e140b74b28223e588663e5a
C:\Plugin\BioNexus\review\spatialwarrant-run-01\09_liana_literature\S6-run-01\requests\reactome\liana_interaction-04-MIF_CD74_CXCR4.request.json,176e7ce471600002a3f14e0dc221467903ac7e237419dc37d438e1eeaaf1ae5d
C:\Plugin\BioNexus\review\spatialwarrant-run-01\09_liana_literature\S6-run-01\requests\reactome\liana_interaction-05-MIF_CD74_CXCR4.request.json,27fa0f58a11f291dd98624de3896968a6c9aac3d0f4c3c10c90e2c687fea997e
C:\Plugin\BioNexus\review\spatialwarrant-run-01\09_liana_literature\S6-run-01\requests\reactome\liana_interaction-06-MIF_CD74_CXCR4.request.json,5f770d810310b2a37aad646abdb5a8b50775e1bd0c861438e04f8b3e54f6c457
C:\Plugin\BioNexus\review\spatialwarrant-run-01\09_liana_literature\S6-run-01\requests\reactome\liana_interaction-07-MIF_CD74_CXCR4.request.json,fc1f9c87e7e7e0e73541a7a85a56691e27c27cbaaae69fda8281ef768bd6f9f4
C:\Plugin\BioNexus\review\spatialwarrant-run-01\09_liana_literature\S6-run-01\requests\reactome\liana_interaction-08-MIF_CD74_CXCR4.request.json,e188f93c44b17d0cc7f99271d07d92d2c0d6b326a790a559e6346703b02a09a5
C:\Plugin\BioNexus\review\spatialwarrant-run-01\09_liana_literature\S6-run-01\requests\reactome\liana_interaction-09-MIF_CD74_CXCR4.request.json,3ca9ad2fd423a228f5cc20bd79f7c6fe1d29acc975341830720be8352f143b9b
C:\Plugin\BioNexus\review\spatialwarrant-run-01\09_liana_literature\S6-run-01\requests\reactome\liana_interaction-10-MIF_CD74_CXCR4.request.json,893cc7bcd8cd46eb3f5fbfb9f9848c96dd5da8649e95f65cb0ffc4f2eb566402
C:\Plugin\BioNexus\review\spatialwarrant-run-01\09_liana_literature\S6-run-01\requests\reactome\prespecified-01-CXCL9_CXCR3.request.json,cb3936b7d7a05a67d17ae157785ba4edf7d4bd8277721e17ee8d3187a6b34a4a
C:\Plugin\BioNexus\review\spatialwarrant-run-01\09_liana_literature\S6-run-01\requests\reactome\prespecified-02-CXCL10_CXCR3.request.json,01a7c359a94777e8ae541a81e2435efff64f6bcff2dd1317e823890e94022d2d
C:\Plugin\BioNexus\review\spatialwarrant-run-01\09_liana_literature\S6-run-01\requests\reactome\prespecified-03-CD274_PDCD1.request.json,304ffbab81324bd08bd420505b21faeab0f9ecb90d9cebe7613a227f06a5bb51
C:\Plugin\BioNexus\review\spatialwarrant-run-01\09_liana_literature\S6-run-01\requests\reactome\prespecified-04-TGFB1_TGFBR1_TGFBR2.request.json,c3913b134c9cef02cd6897d68c0a1306e8ccf57449e213e47e42fd7b822b0daa
C:\Plugin\BioNexus\review\spatialwarrant-run-01\09_liana_literature\S6-run-01\requests\reactome\prespecified-05-SPP1_CD44.request.json,08f6979b02e9f6d561bbcae31dabd799d89a28a020cdc545d7c653c79f130d75
C:\Plugin\BioNexus\review\spatialwarrant-run-01\09_liana_literature\S6-run-01\requests\reactome\prespecified-06-HALLMARK_INTERFERON_GAMMA_RESPONSE.request.json,9c42604f3f6381573e96d6e6e9ff7bc6b39af92d2fc8a1fd05ea8caf2340a1ae
C:\Plugin\BioNexus\review\spatialwarrant-run-01\09_liana_literature\S6-run-01\requests\string\gene-01-IGLL5.request.json,fd9ecff8de50b3dbd8d471e50644c351a5884778181ae22a96f6fa404edc0d65
C:\Plugin\BioNexus\review\spatialwarrant-run-01\09_liana_literature\S6-run-01\requests\string\gene-02-RAB6C.request.json,07069194e302e96d3aaf7f3ad60577dae083cc8fa7fc0e26d1b60e840c30d0a0
C:\Plugin\BioNexus\review\spatialwarrant-run-01\09_liana_literature\S6-run-01\requests\string\gene-03-P2RY13.request.json,961f8819ca2282568ebc4df313ece7102a8ad5bc63c8e6c8bb610cafa9b89766
C:\Plugin\BioNexus\review\spatialwarrant-run-01\09_liana_literature\S6-run-01\requests\string\gene-04-TRG-AS1.request.json,69a31d4edbd937cb6972d47dce35ebe53bc74267cf010d103667727720a81907
C:\Plugin\BioNexus\review\spatialwarrant-run-01\09_liana_literature\S6-run-01\requests\string\gene-05-AC116913.1.request.json,15b8f695097d28a28c802b94740cbe517d2e61690e28fa6cf40c808e01287745
C:\Plugin\BioNexus\review\spatialwarrant-run-01\09_liana_literature\S6-run-01\requests\string\gene-06-LINC01144.request.json,82a2dfc9517ae96aa85affa894183806af9038393bb43bacc3d2491b2579e3a0
C:\Plugin\BioNexus\review\spatialwarrant-run-01\09_liana_literature\S6-run-01\requests\string\gene-07-GRK4.request.json,abd724a97accdf3f2975722534b97f1c5710f1972cd63ffc47d5c89b311d1265
C:\Plugin\BioNexus\review\spatialwarrant-run-01\09_liana_literature\S6-run-01\requests\string\gene-08-HEY2.request.json,ed38f3c9c5ec68528068eba8bddf1f97e8cf628594c1f5e0630970d73074d44e
C:\Plugin\BioNexus\review\spatialwarrant-run-01\09_liana_literature\S6-run-01\requests\string\gene-09-FOXO6.request.json,14199ec7f7f5ee1b992acf7cc0eaaae3e3b52bf1d43ecc939b8f8849b8720f02
C:\Plugin\BioNexus\review\spatialwarrant-run-01\09_liana_literature\S6-run-01\requests\string\gene-10-MYO10.request.json,b706f5a7cdd045555b899daf3ec7c2fd0395abea742969f46bf941b1150bb78c
C:\Plugin\BioNexus\review\spatialwarrant-run-01\09_liana_literature\S6-run-01\requests\string\gene-11-ZNF829.request.json,3a40c84cae7b9347cc7c94f4d2964e1edf703e5b776db46f1693720b737fdbb2
C:\Plugin\BioNexus\review\spatialwarrant-run-01\09_liana_literature\S6-run-01\requests\string\gene-12-PTHLH.request.json,b489de813854746aef5a25c5a2c731e7f70b5aff1becc2676060cd6af757804e
C:\Plugin\BioNexus\review\spatialwarrant-run-01\09_liana_literature\S6-run-01\requests\string\gene-13-AZIN1-AS1.request.json,45058f6e5682e1aa4cecf7a890ce8a0246260bf1d142116de82d7ad14e047654
C:\Plugin\BioNexus\review\spatialwarrant-run-01\09_liana_literature\S6-run-01\requests\string\gene-14-LIFR-AS1.request.json,4441445f5a62ccaf5558ebec768d6de920fa48bf8cd1da62ffe286de88c98bc8
C:\Plugin\BioNexus\review\spatialwarrant-run-01\09_liana_literature\S6-run-01\requests\string\gene-15-LINC01489.request.json,763e7f68eb7843e48503a34b91261a195ac0d6c9b503816c483da88f3c1c6c6b
C:\Plugin\BioNexus\review\spatialwarrant-run-01\09_liana_literature\S6-run-01\requests\string\gene-16-THAP10.request.json,663f02cb522b33a60c6eb85b29a1fb6b27c173cfa0d0a293577adce5b492a2b2
C:\Plugin\BioNexus\review\spatialwarrant-run-01\09_liana_literature\S6-run-01\requests\string\gene-17-DENND4C.request.json,5d912eaf4889ec90e6adbf9389d8092e9fc901bb7de770487186e38592466ce0
C:\Plugin\BioNexus\review\spatialwarrant-run-01\09_liana_literature\S6-run-01\requests\string\gene-18-MACC1.request.json,eee45ead49a4d6be5ddd1fad2d5fda30b9f87a61438fc7d725659a5f10fc6b70
C:\Plugin\BioNexus\review\spatialwarrant-run-01\09_liana_literature\S6-run-01\requests\string\gene-19-IGLC3.request.json,2b4dab18ceb3a188642f0da76c5720065945f3c5dd6482ebd042d76a5c8c8289
C:\Plugin\BioNexus\review\spatialwarrant-run-01\09_liana_literature\S6-run-01\requests\string\gene-20-DMD.request.json,4f6422fcfd5224640007b9b0c9fb02adb9da88a41ff2389c5fb0f00ab9425d2b
C:\Plugin\BioNexus\review\spatialwarrant-run-01\09_liana_literature\S6-run-01\requests\string\liana_interaction-01-MIF_CD74_CXCR4.request.json,9ebf497ce80b07e211d3ae0b7a18ef450d4f8352fb88c3aaf07e444200d8aab2
C:\Plugin\BioNexus\review\spatialwarrant-run-01\09_liana_literature\S6-run-01\requests\string\liana_interaction-02-MIF_CD74_CXCR4.request.json,b80ce7ed8fa5b9b29e7bf7bcd2a90f53d132c43517542499bfe4f0527cb7d1de
C:\Plugin\BioNexus\review\spatialwarrant-run-01\09_liana_literature\S6-run-01\requests\string\liana_interaction-03-MIF_CD74_CXCR4.request.json,8a017826ba5e52e161e213535b8bd89c6412f34af8968db681bcf77538c20568
C:\Plugin\BioNexus\review\spatialwarrant-run-01\09_liana_literature\S6-run-01\requests\string\liana_interaction-04-MIF_CD74_CXCR4.request.json,ff16177b4074e8863e053de90fa1b206c1f13aa4a81a98c228b9693b206e3129
C:\Plugin\BioNexus\review\spatialwarrant-run-01\09_liana_literature\S6-run-01\requests\string\liana_interaction-05-MIF_CD74_CXCR4.request.json,15bc0edca0adc6d7532837d66829335e687535d6d306bf1bdab30aa8a252952e
C:\Plugin\BioNexus\review\spatialwarrant-run-01\09_liana_literature\S6-run-01\requests\string\liana_interaction-06-MIF_CD74_CXCR4.request.json,d3d3cdd722ea74de6d83651b13a30fc3649ae87f842562c11b60fab5558f210f
C:\Plugin\BioNexus\review\spatialwarrant-run-01\09_liana_literature\S6-run-01\requests\string\liana_interaction-07-MIF_CD74_CXCR4.request.json,b03b527f50936792b8701f1ca44659f5230cdd6ab17e73c373d4f5790615dd42
C:\Plugin\BioNexus\review\spatialwarrant-run-01\09_liana_literature\S6-run-01\requests\string\liana_interaction-08-MIF_CD74_CXCR4.request.json,5e183431d06841643e8b2050c0fbc2fac1fb1daa3cab46319447bdc203385a63
C:\Plugin\BioNexus\review\spatialwarrant-run-01\09_liana_literature\S6-run-01\requests\string\liana_interaction-09-MIF_CD74_CXCR4.request.json,d7391ffe4c3e798080793d5aeef8338aede6a0281b42a7b9fc7fe608115b3a46
C:\Plugin\BioNexus\review\spatialwarrant-run-01\09_liana_literature\S6-run-01\requests\string\liana_interaction-10-MIF_CD74_CXCR4.request.json,3993034f29cd2f1761ba85a5ba234bbffacf5ca29f4af69d752d9ffb09fd7705
C:\Plugin\BioNexus\review\spatialwarrant-run-01\09_liana_literature\S6-run-01\requests\string\prespecified-01-CXCL9_CXCR3.request.json,2f08a29e4fe87a0096caf57de304d7acf3a2a37288e9f351a85a7bc2e8a09b2f
C:\Plugin\BioNexus\review\spatialwarrant-run-01\09_liana_literature\S6-run-01\requests\string\prespecified-02-CXCL10_CXCR3.request.json,a2d800603c85e315ee35543cf7be204f922e0af0417d402eccc3b6ef79f3b7c3
C:\Plugin\BioNexus\review\spatialwarrant-run-01\09_liana_literature\S6-run-01\requests\string\prespecified-03-CD274_PDCD1.request.json,f6691cfa53705ef7aa2499702cc767336be5fcbbf9fe26ff7bb6049e87378a2c
C:\Plugin\BioNexus\review\spatialwarrant-run-01\09_liana_literature\S6-run-01\requests\string\prespecified-04-TGFB1_TGFBR1_TGFBR2.request.json,b881fa1be88065142b62cf037a4f84fbd557d552d2ed6bc96f3964aa9cc6c3a1
C:\Plugin\BioNexus\review\spatialwarrant-run-01\09_liana_literature\S6-run-01\requests\string\prespecified-05-SPP1_CD44.request.json,d6f92c87a8f3f39bfa2f4d7f0f22d9b4062c093735c7f57ad22d1ed130a4caae
C:\Plugin\BioNexus\review\spatialwarrant-run-01\09_liana_literature\S6-run-01\requests\string\prespecified-06-HALLMARK_INTERFERON_GAMMA_RESPONSE.request.json,81f230d72229aeaea8f2d2867ac09f8472141e21bd014a44d53c353e3b0da599
C:\Plugin\BioNexus\review\spatialwarrant-run-01\09_liana_literature\S6-run-01\requests\uniprot\gene-01-IGLL5.request.json,4baa8ad9cec072d02d77f1c211dd7c85f79f3f890f576da671181bf1e846bfcf
C:\Plugin\BioNexus\review\spatialwarrant-run-01\09_liana_literature\S6-run-01\requests\uniprot\gene-02-RAB6C.request.json,17a04cffb4d4614e4d4e2b030cf435bca2a99bc8043518ed67e21dbd6936def0
C:\Plugin\BioNexus\review\spatialwarrant-run-01\09_liana_literature\S6-run-01\requests\uniprot\gene-03-P2RY13.request.json,ef623e45af3b4dea9812ad7eb15cc344c369afc89a280a99a074506f58ec42e7
C:\Plugin\BioNexus\review\spatialwarrant-run-01\09_liana_literature\S6-run-01\requests\uniprot\gene-04-TRG-AS1.request.json,fff39ffaeb173bba0a511c32aaae611b35c764244ecc06a0ac0a6aedabfb8b33
C:\Plugin\BioNexus\review\spatialwarrant-run-01\09_liana_literature\S6-run-01\requests\uniprot\gene-05-AC116913.1.request.json,2aca2c411a8ca9784b1470f7644db677ae6f79969d6a3c2308eb9dc08ffe4c59
C:\Plugin\BioNexus\review\spatialwarrant-run-01\09_liana_literature\S6-run-01\requests\uniprot\gene-06-LINC01144.request.json,e1ee16ebcb00bbe500de1415b3865c838c3d56ac6f29a6910a688850b7eca798
C:\Plugin\BioNexus\review\spatialwarrant-run-01\09_liana_literature\S6-run-01\requests\uniprot\gene-07-GRK4.request.json,20f787728899a53f7d68ba002ceb738b4b2c2578cf6c420ee77bf900eecf4a61
C:\Plugin\BioNexus\review\spatialwarrant-run-01\09_liana_literature\S6-run-01\requests\uniprot\gene-08-HEY2.request.json,477736938528673128b1963ec77cd324889083557f6abb3bac45775352b5f37a
C:\Plugin\BioNexus\review\spatialwarrant-run-01\09_liana_literature\S6-run-01\requests\uniprot\gene-09-FOXO6.request.json,bd6b4b2a86ec9d8c2c3ddfd7abff32e63ae1105bc2b5c341c91101edaa8e7f30
C:\Plugin\BioNexus\review\spatialwarrant-run-01\09_liana_literature\S6-run-01\requests\uniprot\gene-10-MYO10.request.json,6b07b42a767514bad4450fc18190eeefcd89b30ba6ecf30e0dd74682b8f83563
C:\Plugin\BioNexus\review\spatialwarrant-run-01\09_liana_literature\S6-run-01\requests\uniprot\gene-11-ZNF829.request.json,887d133a09e8c47a3c14d17e0f6f5489263476f77a1f83aa4ce18ec21d0b40d0
C:\Plugin\BioNexus\review\spatialwarrant-run-01\09_liana_literature\S6-run-01\requests\uniprot\gene-12-PTHLH.request.json,38208e0510cdb4ad480d57b1b9460613e7011256199da6bddbd10b7282c9e189
C:\Plugin\BioNexus\review\spatialwarrant-run-01\09_liana_literature\S6-run-01\requests\uniprot\gene-13-AZIN1-AS1.request.json,733c566b13ac727469705f780b74496d1912c1d1e5fdedc0666e8b52b42e1015
C:\Plugin\BioNexus\review\spatialwarrant-run-01\09_liana_literature\S6-run-01\requests\uniprot\gene-14-LIFR-AS1.request.json,1d2b39196989dbe606ebd08eda29cfc817ef1d6653746355e7eca033b2466243
C:\Plugin\BioNexus\review\spatialwarrant-run-01\09_liana_literature\S6-run-01\requests\uniprot\gene-15-LINC01489.request.json,77b40bc4f8c3dfaa270cfc9b064956762a166e1fdcc58a40b95db3fd549974c1
C:\Plugin\BioNexus\review\spatialwarrant-run-01\09_liana_literature\S6-run-01\requests\uniprot\gene-16-THAP10.request.json,190d4cd19716b0471dc5ddfe88622625099a7bafffe762160d4a827d40d2bbf8
C:\Plugin\BioNexus\review\spatialwarrant-run-01\09_liana_literature\S6-run-01\requests\uniprot\gene-17-DENND4C.request.json,6e3b9cc541db01c829ac608b8aa9eceb27762b8591c65e8037a07e6b25ca7ab4
C:\Plugin\BioNexus\review\spatialwarrant-run-01\09_liana_literature\S6-run-01\requests\uniprot\gene-18-MACC1.request.json,c7dba8e7bb160abb2538e98e24355fe63092d51cf45f430af8424da9bae0980b
C:\Plugin\BioNexus\review\spatialwarrant-run-01\09_liana_literature\S6-run-01\requests\uniprot\gene-19-IGLC3.request.json,7b3b4fea24ddc67711f0bb43278bf6074bcc8fa64d240da98265f244af4d1f4e
C:\Plugin\BioNexus\review\spatialwarrant-run-01\09_liana_literature\S6-run-01\requests\uniprot\gene-20-DMD.request.json,17f855cb631a7757e1bb97417cf54e38d711a9817e74c4c84f4d8298953b4558
C:\Plugin\BioNexus\review\spatialwarrant-run-01\09_liana_literature\S6-run-01\requests\uniprot\liana_interaction-01-MIF_CD74_CXCR4.request.json,13ff6fc23f0880cecdfffcf1d57de0bba482e89ee93332b38503d3fa89ec14cd
C:\Plugin\BioNexus\review\spatialwarrant-run-01\09_liana_literature\S6-run-01\requests\uniprot\liana_interaction-02-MIF_CD74_CXCR4.request.json,c10420fb64d086cacf4b6c56c0566d71584499982d60ecbbb4f18f855e7b8365
C:\Plugin\BioNexus\review\spatialwarrant-run-01\09_liana_literature\S6-run-01\requests\uniprot\liana_interaction-03-MIF_CD74_CXCR4.request.json,ce08bdfbbf716a3aa99c150e9ba1c8a22066100637b19d94a6fbba7205f32183
C:\Plugin\BioNexus\review\spatialwarrant-run-01\09_liana_literature\S6-run-01\requests\uniprot\liana_interaction-04-MIF_CD74_CXCR4.request.json,94355acd0322e4200aacbb044d59210183f0ef6a08ff5ca216f6939c39d623e5
C:\Plugin\BioNexus\review\spatialwarrant-run-01\09_liana_literature\S6-run-01\requests\uniprot\liana_interaction-05-MIF_CD74_CXCR4.request.json,28574d15846a47d674fe001829bd3700c2507087ca2d6746a779c3a2b7a2546f
C:\Plugin\BioNexus\review\spatialwarrant-run-01\09_liana_literature\S6-run-01\requests\uniprot\liana_interaction-06-MIF_CD74_CXCR4.request.json,fbf8be94b15248cae0aae41c3e9edaced51d9e24c20dc3d74cd152e5016c0319
C:\Plugin\BioNexus\review\spatialwarrant-run-01\09_liana_literature\S6-run-01\requests\uniprot\liana_interaction-07-MIF_CD74_CXCR4.request.json,6cc1d94b177ecf3f0a148c4c294cf737c6604e6c1c0c0816cd966946ac6e87e7
C:\Plugin\BioNexus\review\spatialwarrant-run-01\09_liana_literature\S6-run-01\requests\uniprot\liana_interaction-08-MIF_CD74_CXCR4.request.json,722e4273644581dc0392e7dbf823e0695625436cd5bc4ce12c722fedb1f83a58
C:\Plugin\BioNexus\review\spatialwarrant-run-01\09_liana_literature\S6-run-01\requests\uniprot\liana_interaction-09-MIF_CD74_CXCR4.request.json,2b65815491ac2f617d0ededa19def1bcbb98403081b5197c336f500f5e54568a
C:\Plugin\BioNexus\review\spatialwarrant-run-01\09_liana_literature\S6-run-01\requests\uniprot\liana_interaction-10-MIF_CD74_CXCR4.request.json,67cc4909d3fdbee6f0505e1f0427cc7aae1930679aa9f207a70914214f15ffc3
C:\Plugin\BioNexus\review\spatialwarrant-run-01\09_liana_literature\S6-run-01\requests\uniprot\prespecified-01-CXCL9_CXCR3.request.json,84fa04aef4a6b3c5aaf1060cfdc411a008d35b90daf3bbb32897f60825666a5e
C:\Plugin\BioNexus\review\spatialwarrant-run-01\09_liana_literature\S6-run-01\requests\uniprot\prespecified-02-CXCL10_CXCR3.request.json,c216dafa9aad12c90abd904a2418cd77b8bf6b0cadc119aca960adaf53624804
C:\Plugin\BioNexus\review\spatialwarrant-run-01\09_liana_literature\S6-run-01\requests\uniprot\prespecified-03-CD274_PDCD1.request.json,4f2ce8981747ff61a9b58bbdc137895b3f85b35c51b82872363ddeb95d85eec5
C:\Plugin\BioNexus\review\spatialwarrant-run-01\09_liana_literature\S6-run-01\requests\uniprot\prespecified-04-TGFB1_TGFBR1_TGFBR2.request.json,87cb0e9c53e2c0af6af4abb249a3d9298ea204d42e93ff937a5c264482bde28d
C:\Plugin\BioNexus\review\spatialwarrant-run-01\09_liana_literature\S6-run-01\requests\uniprot\prespecified-05-SPP1_CD44.request.json,f898fd17322b36fa2ca6f94d54d9dd506cd6d573b1c2b59bc24a530db3c661be
C:\Plugin\BioNexus\review\spatialwarrant-run-01\09_liana_literature\S6-run-01\requests\uniprot\prespecified-06-HALLMARK_INTERFERON_GAMMA_RESPONSE.request.json,004f084ce3f7ee47230d1d512436ef975c2e373b3b76acaed2b57833be27a7c1
C:\Plugin\BioNexus\review\spatialwarrant-run-01\09_liana_literature\S6-run-01\responses\opentargets\gene-01-IGLL5.wrapper.json,f6a1e7538788796d657792ec4ab685f0603b056ca6d86a079f6657e52cb10da4
C:\Plugin\BioNexus\review\spatialwarrant-run-01\09_liana_literature\S6-run-01\responses\opentargets\gene-02-RAB6C.wrapper.json,b5841590eb00a3d0340f71bba794499cdc41078014cc5db1bfe0d8af3b149c99
C:\Plugin\BioNexus\review\spatialwarrant-run-01\09_liana_literature\S6-run-01\responses\opentargets\gene-03-P2RY13.wrapper.json,57021e7a425f5be7b2467bb4546ab94935b77cc5df53d645ecfe3234ec60530f
C:\Plugin\BioNexus\review\spatialwarrant-run-01\09_liana_literature\S6-run-01\responses\opentargets\gene-04-TRG-AS1.wrapper.json,37372a7438684dc3a1af36337ad87d2784d34da605271e9687fbc4092927f3c4
C:\Plugin\BioNexus\review\spatialwarrant-run-01\09_liana_literature\S6-run-01\responses\opentargets\gene-05-AC116913.1.wrapper.json,256a2264ed467ac866a2feabf8eda4e25b6ba03eb6d585043c694badd143d66f
C:\Plugin\BioNexus\review\spatialwarrant-run-01\09_liana_literature\S6-run-01\responses\opentargets\gene-06-LINC01144.wrapper.json,8bf23c456dcb94ac44b03902ff270696f96498009c278a0b532a45d234bc4f38
C:\Plugin\BioNexus\review\spatialwarrant-run-01\09_liana_literature\S6-run-01\responses\opentargets\gene-07-GRK4.wrapper.json,6123773444368f36a80864e323b440933ef0dfdc0ade1aef017fd0031e3f34ff
C:\Plugin\BioNexus\review\spatialwarrant-run-01\09_liana_literature\S6-run-01\responses\opentargets\gene-08-HEY2.wrapper.json,d5823e62f5b507c213702e10018551205c83d1d27bf086f9321ae6700f0c131b
C:\Plugin\BioNexus\review\spatialwarrant-run-01\09_liana_literature\S6-run-01\responses\opentargets\gene-09-FOXO6.wrapper.json,643ac3a2c91e9750cf7ab12511b24505416bda150466198dfb11fc09e4045d4f
C:\Plugin\BioNexus\review\spatialwarrant-run-01\09_liana_literature\S6-run-01\responses\opentargets\gene-10-MYO10.wrapper.json,151d8334e7dd60ba3ed0656fb592e972eeb0c0816f963d6bec77122821166fe5
C:\Plugin\BioNexus\review\spatialwarrant-run-01\09_liana_literature\S6-run-01\responses\opentargets\gene-11-ZNF829.wrapper.json,c1276cc63559a36de69788c293bb3d9e4c13546038999951e2a92da6c6940343
C:\Plugin\BioNexus\review\spatialwarrant-run-01\09_liana_literature\S6-run-01\responses\opentargets\gene-12-PTHLH.wrapper.json,9e5d29036104b9a3fc13b7fb4fef24fa2b15933fd8f1a15fa6847f86904543b5
C:\Plugin\BioNexus\review\spatialwarrant-run-01\09_liana_literature\S6-run-01\responses\opentargets\gene-13-AZIN1-AS1.wrapper.json,6b28e88a2c395c8417a91236831618bc43208d17ab57a014b20d55350d810f07
C:\Plugin\BioNexus\review\spatialwarrant-run-01\09_liana_literature\S6-run-01\responses\opentargets\gene-14-LIFR-AS1.wrapper.json,ac0564fa1b99e3965e0ada4e5863d0949c1ddb8eee49887c0648d7eef9c5f72c
C:\Plugin\BioNexus\review\spatialwarrant-run-01\09_liana_literature\S6-run-01\responses\opentargets\gene-15-LINC01489.wrapper.json,f51649857fed34ea28238e1c6e1282fa773f1fa86d1204b4452ebdb6a831888e
C:\Plugin\BioNexus\review\spatialwarrant-run-01\09_liana_literature\S6-run-01\responses\opentargets\gene-16-THAP10.wrapper.json,b153b51d9c95dca57dce2ac36f4a5c37634e220f752ec76e203385e31d371f85
C:\Plugin\BioNexus\review\spatialwarrant-run-01\09_liana_literature\S6-run-01\responses\opentargets\gene-17-DENND4C.wrapper.json,ed57a09679b6f2b8073ffe83797dd09981d05d2dac1527060a763ebdc26273da
C:\Plugin\BioNexus\review\spatialwarrant-run-01\09_liana_literature\S6-run-01\responses\opentargets\gene-18-MACC1.wrapper.json,2ce2b02bc2bd42536c2e51e3b526177d78c9d89dc740f7b6ba5edad1bb3b1333
C:\Plugin\BioNexus\review\spatialwarrant-run-01\09_liana_literature\S6-run-01\responses\opentargets\gene-19-IGLC3.wrapper.json,44611711e76963a7d64344906396e6d8218b6233087d33614bfc4e5994c83cab
C:\Plugin\BioNexus\review\spatialwarrant-run-01\09_liana_literature\S6-run-01\responses\opentargets\gene-20-DMD.wrapper.json,ba726dc0ca772ef4857068c46e1be03b3c110a0423a1a65245f113a2a4ff93a9
C:\Plugin\BioNexus\review\spatialwarrant-run-01\09_liana_literature\S6-run-01\responses\opentargets\liana_interaction-01-MIF_CD74_CXCR4.wrapper.json,f22e61bd3267ec67db58f064cc90ce66217b45f94682d3fb912566f5d78f9e2b
C:\Plugin\BioNexus\review\spatialwarrant-run-01\09_liana_literature\S6-run-01\responses\opentargets\liana_interaction-02-MIF_CD74_CXCR4.wrapper.json,3c7c8c69d9751eb437925f2eabe911a1ce90ae4479c55bcc5def38dea764fb56
C:\Plugin\BioNexus\review\spatialwarrant-run-01\09_liana_literature\S6-run-01\responses\opentargets\liana_interaction-03-MIF_CD74_CXCR4.wrapper.json,333cc87fa61e097c78eb3b1327a05490a83e8e28fd2bc3f774ed2b541ef80e25
C:\Plugin\BioNexus\review\spatialwarrant-run-01\09_liana_literature\S6-run-01\responses\opentargets\liana_interaction-04-MIF_CD74_CXCR4.wrapper.json,323319cef7bdc57a149ea9ca34f85f1d72365e37194f83a83e8a440ccfb637cf
C:\Plugin\BioNexus\review\spatialwarrant-run-01\09_liana_literature\S6-run-01\responses\opentargets\liana_interaction-05-MIF_CD74_CXCR4.wrapper.json,fffd3210849e49f9d9a4edb9686023d07f129cf02f13ed363033ecebf749514e
C:\Plugin\BioNexus\review\spatialwarrant-run-01\09_liana_literature\S6-run-01\responses\opentargets\liana_interaction-06-MIF_CD74_CXCR4.wrapper.json,fbd154dd0263b0e0e943d527b5da05ec3595b123404e5da5d5885ee08cd3b274
C:\Plugin\BioNexus\review\spatialwarrant-run-01\09_liana_literature\S6-run-01\responses\opentargets\liana_interaction-07-MIF_CD74_CXCR4.wrapper.json,a03b6c7fb2bee864ddffc63c24f2eff6d2a560dd1b539160fb9bdbdc5f4046a0
C:\Plugin\BioNexus\review\spatialwarrant-run-01\09_liana_literature\S6-run-01\responses\opentargets\liana_interaction-08-MIF_CD74_CXCR4.wrapper.json,284032f6f6f2e0de114de7ed21766f0ab24fd9da6ae9d46ecf40983734278b4e
C:\Plugin\BioNexus\review\spatialwarrant-run-01\09_liana_literature\S6-run-01\responses\opentargets\liana_interaction-09-MIF_CD74_CXCR4.wrapper.json,57b27381999245bb9de6766a879a273be67d127b66202009652e8cac7bdffa69
C:\Plugin\BioNexus\review\spatialwarrant-run-01\09_liana_literature\S6-run-01\responses\opentargets\liana_interaction-10-MIF_CD74_CXCR4.wrapper.json,e1d045e87e003f1ea887530e8ff1b81748c985a28ff863fd300e78255997a960
C:\Plugin\BioNexus\review\spatialwarrant-run-01\09_liana_literature\S6-run-01\responses\opentargets\prespecified-01-CXCL9_CXCR3.wrapper.json,12a6e62945a5d642e3c74541668b6704a42f6f58467de393d662d5c257c8ed57
C:\Plugin\BioNexus\review\spatialwarrant-run-01\09_liana_literature\S6-run-01\responses\opentargets\prespecified-02-CXCL10_CXCR3.wrapper.json,bf12939567719937bd49b0605b61b8c6f3140e317b02da987767158d3ee6079f
C:\Plugin\BioNexus\review\spatialwarrant-run-01\09_liana_literature\S6-run-01\responses\opentargets\prespecified-03-CD274_PDCD1.wrapper.json,e999e476486977f6dc46f0ba4365bca0aff711ed1fbe9dafe742ad6779c34b15
C:\Plugin\BioNexus\review\spatialwarrant-run-01\09_liana_literature\S6-run-01\responses\opentargets\prespecified-04-TGFB1_TGFBR1_TGFBR2.wrapper.json,2d1bf2bf7ae120de9562d01e3864c5151c131ad9c18d5e9002b63778aee22b19
C:\Plugin\BioNexus\review\spatialwarrant-run-01\09_liana_literature\S6-run-01\responses\opentargets\prespecified-05-SPP1_CD44.wrapper.json,121603f47b10cece561ce4376e5c12356a2e6b6be98fe6514a3ef324bdd7b762
C:\Plugin\BioNexus\review\spatialwarrant-run-01\09_liana_literature\S6-run-01\responses\opentargets\prespecified-06-HALLMARK_INTERFERON_GAMMA_RESPONSE.wrapper.json,56f6aa7bb4dccdeefdaa4c671811b38fc17e9c7e94eb38adb489eeab11fc3976
C:\Plugin\BioNexus\review\spatialwarrant-run-01\09_liana_literature\S6-run-01\responses\pubmed\gene-01-IGLL5.wrapper.json,dc8c5d5567966db5a8cdd29cd3cf980d280c12b353e2925bbe93e05cae99f353
C:\Plugin\BioNexus\review\spatialwarrant-run-01\09_liana_literature\S6-run-01\responses\pubmed\gene-02-RAB6C.wrapper.json,8eb370b50cf0abe3464a80882132e74fc6592cdcd92fe41841bc271931c494b4
C:\Plugin\BioNexus\review\spatialwarrant-run-01\09_liana_literature\S6-run-01\responses\pubmed\gene-03-P2RY13.wrapper.json,4de7cc5de1f11288d7058f4d36ac816f021846e5bee3cd01acf470fe14d33326
C:\Plugin\BioNexus\review\spatialwarrant-run-01\09_liana_literature\S6-run-01\responses\pubmed\gene-04-TRG-AS1.wrapper.json,e2ee12a4167609fb467a7744f820a613e029a47a98f821c7bfe8cc74bab0a35b
C:\Plugin\BioNexus\review\spatialwarrant-run-01\09_liana_literature\S6-run-01\responses\pubmed\gene-05-AC116913.1.wrapper.json,c6bbacadfb1edc5192e9748939dfb3f26bbb57f353ad476bf1936aa82bba5c9a
C:\Plugin\BioNexus\review\spatialwarrant-run-01\09_liana_literature\S6-run-01\responses\pubmed\gene-06-LINC01144.wrapper.json,6c11f98d08356a8a8fabc03817cc9f32b55b8fa528008c48ff59e823e21ab7da
C:\Plugin\BioNexus\review\spatialwarrant-run-01\09_liana_literature\S6-run-01\responses\pubmed\gene-07-GRK4.wrapper.json,edcaddaaaee38ae310be43396026c7554f2ce5c94a0b25a7c32a242591e2b0a7
C:\Plugin\BioNexus\review\spatialwarrant-run-01\09_liana_literature\S6-run-01\responses\pubmed\gene-08-HEY2.wrapper.json,46f91f48210565ce63e3a47e938ff0bd5e00769e5dd54bd9e0ace5cdc47ae5bc
C:\Plugin\BioNexus\review\spatialwarrant-run-01\09_liana_literature\S6-run-01\responses\pubmed\gene-09-FOXO6.wrapper.json,b8bb090593210a3ef0390694e432955df5a0da52b817b0b50a79c8cabde58cb1
C:\Plugin\BioNexus\review\spatialwarrant-run-01\09_liana_literature\S6-run-01\responses\pubmed\gene-10-MYO10.wrapper.json,77795e0f32693afc5c3aed97325ffccce8ff6206ad92b5d486f790f8aa911563
C:\Plugin\BioNexus\review\spatialwarrant-run-01\09_liana_literature\S6-run-01\responses\pubmed\gene-11-ZNF829.wrapper.json,48256f71b1e13a9d5b1a7a19ad6af1a0b465c447f7b490ab211800544b171d1f
C:\Plugin\BioNexus\review\spatialwarrant-run-01\09_liana_literature\S6-run-01\responses\pubmed\gene-12-PTHLH.wrapper.json,c64b443d5e366d2d701a1d0459fd2d60c8a2ff95114ec18d192fe64eb3fbe7a6
C:\Plugin\BioNexus\review\spatialwarrant-run-01\09_liana_literature\S6-run-01\responses\pubmed\gene-13-AZIN1-AS1.wrapper.json,9ee05158093b50ff516863da009e3d738e5f68cfac5cf09d6ed739b1d4aec3f4
C:\Plugin\BioNexus\review\spatialwarrant-run-01\09_liana_literature\S6-run-01\responses\pubmed\gene-14-LIFR-AS1.wrapper.json,81d641de6eb9d57b621c34292b1372383dba0f7c7ab7846c3fb2dbf1f8585702
C:\Plugin\BioNexus\review\spatialwarrant-run-01\09_liana_literature\S6-run-01\responses\pubmed\gene-15-LINC01489.wrapper.json,3629c9daef4a9e52c6e28834ee5c263154b4caa499ff3b2550612c35896705a6
C:\Plugin\BioNexus\review\spatialwarrant-run-01\09_liana_literature\S6-run-01\responses\pubmed\gene-16-THAP10.wrapper.json,330e7f7f27ea62d8ae83c5b8f004c3bd032d7887e473b8eaa86002fafbeee096
C:\Plugin\BioNexus\review\spatialwarrant-run-01\09_liana_literature\S6-run-01\responses\pubmed\gene-17-DENND4C.wrapper.json,ffa5aa4fdf90f528cf6b0734f8625510016b15009e84b1e44671073b60301a91
C:\Plugin\BioNexus\review\spatialwarrant-run-01\09_liana_literature\S6-run-01\responses\pubmed\gene-18-MACC1.wrapper.json,488f320b7854ef0ad5b5a33008dbd277274353d731205c74f2bb502d9e3dec89
C:\Plugin\BioNexus\review\spatialwarrant-run-01\09_liana_literature\S6-run-01\responses\pubmed\gene-19-IGLC3.wrapper.json,0e63889ba7cf5babc397fb6170e9cc3b81258e2b127cd6382d1c45e5284dd6d5
C:\Plugin\BioNexus\review\spatialwarrant-run-01\09_liana_literature\S6-run-01\responses\pubmed\gene-20-DMD.wrapper.json,a7f511960231ae56aaf01bc8b9e5dd32fe60e601322de78d1917c7c15366252e
C:\Plugin\BioNexus\review\spatialwarrant-run-01\09_liana_literature\S6-run-01\responses\pubmed\liana_interaction-01-MIF_CD74_CXCR4.wrapper.json,7fe35d0297f5e69e334d57ba26498c570b9465fb6d83dd96c61719505ef4a0d9
C:\Plugin\BioNexus\review\spatialwarrant-run-01\09_liana_literature\S6-run-01\responses\pubmed\liana_interaction-02-MIF_CD74_CXCR4.wrapper.json,aa6836c1ed68608649098d6e458a4d88e05af03803825b9de51e1084449f1fa1
C:\Plugin\BioNexus\review\spatialwarrant-run-01\09_liana_literature\S6-run-01\responses\pubmed\liana_interaction-03-MIF_CD74_CXCR4.wrapper.json,96ba9c4b426b83d912b00760e9a070cc24fc563be7c66fadcb6c39e925833f6b
C:\Plugin\BioNexus\review\spatialwarrant-run-01\09_liana_literature\S6-run-01\responses\pubmed\liana_interaction-04-MIF_CD74_CXCR4.wrapper.json,3b865a351f8d9b12fe493933f79d536886f58771dcda7f01ddbf299189f9b11b
C:\Plugin\BioNexus\review\spatialwarrant-run-01\09_liana_literature\S6-run-01\responses\pubmed\liana_interaction-05-MIF_CD74_CXCR4.wrapper.json,86beb4bf37ef5da559bee99e45bd00153618dd3f68e383db85cbfc03769ecded
C:\Plugin\BioNexus\review\spatialwarrant-run-01\09_liana_literature\S6-run-01\responses\pubmed\liana_interaction-06-MIF_CD74_CXCR4.wrapper.json,ef5567d31dd9efd2fba8b8e061f6789d5b8c129f7cbc388d302734e5b2fcdada
C:\Plugin\BioNexus\review\spatialwarrant-run-01\09_liana_literature\S6-run-01\responses\pubmed\liana_interaction-07-MIF_CD74_CXCR4.wrapper.json,e12fc7c241bc695701b21e3e6b174109df9e256dfcfd6764ce9cbfc9702418e9
C:\Plugin\BioNexus\review\spatialwarrant-run-01\09_liana_literature\S6-run-01\responses\pubmed\liana_interaction-08-MIF_CD74_CXCR4.wrapper.json,6245242ecd3f93b8e122eba43dc9e5b0d9da4c913ba1452dde1966207e46dafe
C:\Plugin\BioNexus\review\spatialwarrant-run-01\09_liana_literature\S6-run-01\responses\pubmed\liana_interaction-09-MIF_CD74_CXCR4.wrapper.json,dc1cece949954bd45cba4cb9813affea4c7651129f220ccf5f49f2c81d758df1
C:\Plugin\BioNexus\review\spatialwarrant-run-01\09_liana_literature\S6-run-01\responses\pubmed\liana_interaction-10-MIF_CD74_CXCR4.wrapper.json,21674cdf15f326a16ce4d93c6a5d54eafff4be9b0745a2aafaac666e8dd2c4d7
C:\Plugin\BioNexus\review\spatialwarrant-run-01\09_liana_literature\S6-run-01\responses\pubmed\prespecified-01-CXCL9_CXCR3.wrapper.json,319c6b7495bee43bd0ca17408461da95906ea721113ce40363d269056932b1ea
C:\Plugin\BioNexus\review\spatialwarrant-run-01\09_liana_literature\S6-run-01\responses\pubmed\prespecified-02-CXCL10_CXCR3.wrapper.json,fbecb32ac4aebbf456752c4d0110e76347b950c672b1f6224187fa00232dfc95
C:\Plugin\BioNexus\review\spatialwarrant-run-01\09_liana_literature\S6-run-01\responses\pubmed\prespecified-03-CD274_PDCD1.wrapper.json,ea1d9b9baa6d8132cf7449b6c7a93d3f624eca678534d09f6fdb0cce8e20cc66
C:\Plugin\BioNexus\review\spatialwarrant-run-01\09_liana_literature\S6-run-01\responses\pubmed\prespecified-04-TGFB1_TGFBR1_TGFBR2.wrapper.json,8fae7a3d118b460dda5829c305efe41c1dae52154f0328cf5786dbb240ed7312
C:\Plugin\BioNexus\review\spatialwarrant-run-01\09_liana_literature\S6-run-01\responses\pubmed\prespecified-05-SPP1_CD44.wrapper.json,9d9a3dc778615fec90e2e9728e4c3e4f16f36fdb71cdbc4e14654e92c966d835
C:\Plugin\BioNexus\review\spatialwarrant-run-01\09_liana_literature\S6-run-01\responses\pubmed\prespecified-06-HALLMARK_INTERFERON_GAMMA_RESPONSE.wrapper.json,dfdedf332be2be953bcd2dcec0902a26658593532a918afcbea936390c957e08
C:\Plugin\BioNexus\review\spatialwarrant-run-01\09_liana_literature\S6-run-01\responses\reactome\gene-01-IGLL5.wrapper.json,7c0ac9f34c42c78a93cea9e6a208e840ab6cd320a7ced2f0ac480c2d4a03c245
C:\Plugin\BioNexus\review\spatialwarrant-run-01\09_liana_literature\S6-run-01\responses\reactome\gene-02-RAB6C.wrapper.json,1c3e8892a72b9be7f6d9930f180de20d113e522ccfc4f1cff2163e740af59d1f
C:\Plugin\BioNexus\review\spatialwarrant-run-01\09_liana_literature\S6-run-01\responses\reactome\gene-03-P2RY13.wrapper.json,9f7ce5e4d8894068aa99d967faf492627a34bcb7fec59770bdcee48251f919d1
C:\Plugin\BioNexus\review\spatialwarrant-run-01\09_liana_literature\S6-run-01\responses\reactome\gene-04-TRG-AS1.wrapper.json,7396086703981d31045bb19ad2a3aaf04a32f306b67cf8804529c83d95671fa8
C:\Plugin\BioNexus\review\spatialwarrant-run-01\09_liana_literature\S6-run-01\responses\reactome\gene-05-AC116913.1.wrapper.json,778365edcba9e3c1f279364ebb5cee94309f60914b602e06f908de5cbbb524a2
C:\Plugin\BioNexus\review\spatialwarrant-run-01\09_liana_literature\S6-run-01\responses\reactome\gene-06-LINC01144.wrapper.json,a81ad07c916be93112000ae1964cfeac6dc7f261b72ff0e55a4bc8cc6277c6b5
C:\Plugin\BioNexus\review\spatialwarrant-run-01\09_liana_literature\S6-run-01\responses\reactome\gene-07-GRK4.wrapper.json,f4dd44e411af98c2a740c1373293b990014e58189443f750a06fc0e65e946994
C:\Plugin\BioNexus\review\spatialwarrant-run-01\09_liana_literature\S6-run-01\responses\reactome\gene-08-HEY2.wrapper.json,90e8cfbae9d634f3357575fca5cc8e4db14ab5c42f12be44c35ec8d1340e17c3
C:\Plugin\BioNexus\review\spatialwarrant-run-01\09_liana_literature\S6-run-01\responses\reactome\gene-09-FOXO6.wrapper.json,9e91afe55d3674e924c345fdc3153160a1f3e013cd8269cba62133072fcfd7df
C:\Plugin\BioNexus\review\spatialwarrant-run-01\09_liana_literature\S6-run-01\responses\reactome\gene-10-MYO10.wrapper.json,5cb5df97b2588d5983a288236a7e4fb23c7984ae00f2ce19441ef2c22392156a
C:\Plugin\BioNexus\review\spatialwarrant-run-01\09_liana_literature\S6-run-01\responses\reactome\gene-11-ZNF829.wrapper.json,db7d4784d8732cc694f1389d0c65c4446aba3e9d32624b9b0037a6f416f3fa8a
C:\Plugin\BioNexus\review\spatialwarrant-run-01\09_liana_literature\S6-run-01\responses\reactome\gene-12-PTHLH.wrapper.json,b2094343b566b181220d510ef99b0a5cd3603db45b595da79f6209cd960dc0fe
C:\Plugin\BioNexus\review\spatialwarrant-run-01\09_liana_literature\S6-run-01\responses\reactome\gene-13-AZIN1-AS1.wrapper.json,6087fc4f65d0f7b22df771a55035be81970d8d57ac99f003039f81459198d4ca
C:\Plugin\BioNexus\review\spatialwarrant-run-01\09_liana_literature\S6-run-01\responses\reactome\gene-14-LIFR-AS1.wrapper.json,e3fadfe2eb917bf734cb9a59c62c91028e112fc34799a67746e23a4609aafa6f
C:\Plugin\BioNexus\review\spatialwarrant-run-01\09_liana_literature\S6-run-01\responses\reactome\gene-15-LINC01489.wrapper.json,db3588895ea5d9cbcd2de474e30d0b91e3a28524053402ef2e5111296051086d
C:\Plugin\BioNexus\review\spatialwarrant-run-01\09_liana_literature\S6-run-01\responses\reactome\gene-16-THAP10.wrapper.json,66a61ec7e6ff08590b54cedd2d304377dc826fe87ab95a1269b9a6ffadfbccb9
C:\Plugin\BioNexus\review\spatialwarrant-run-01\09_liana_literature\S6-run-01\responses\reactome\gene-17-DENND4C.wrapper.json,4de2097a72ea29dc5c84a6984fa4fe3e7363b2fa30985c973df7483d07f0886e
C:\Plugin\BioNexus\review\spatialwarrant-run-01\09_liana_literature\S6-run-01\responses\reactome\gene-18-MACC1.wrapper.json,5ad2000be1b238253d1b9cc52fa70bc1b9e6161b8ffa2c302f544beee4bfec27
C:\Plugin\BioNexus\review\spatialwarrant-run-01\09_liana_literature\S6-run-01\responses\reactome\gene-19-IGLC3.wrapper.json,37a43239dd18d5d38aa6c3661e0f292cc23b17a68699fe829318b68d3a06d43a
C:\Plugin\BioNexus\review\spatialwarrant-run-01\09_liana_literature\S6-run-01\responses\reactome\gene-20-DMD.wrapper.json,9cfc5f56b8efc98578318029e837fa039257572c6990201bd53c63afb1fe2309
C:\Plugin\BioNexus\review\spatialwarrant-run-01\09_liana_literature\S6-run-01\responses\reactome\liana_interaction-01-MIF_CD74_CXCR4.wrapper.json,1af0da178474083faf10ad9aabe41af221370f74d54eaff5f44dde1b808cb753
C:\Plugin\BioNexus\review\spatialwarrant-run-01\09_liana_literature\S6-run-01\responses\reactome\liana_interaction-02-MIF_CD74_CXCR4.wrapper.json,abefc06c294d755e445a2252a882f5f5d01475658eb972ac48dbb3910e132b24
C:\Plugin\BioNexus\review\spatialwarrant-run-01\09_liana_literature\S6-run-01\responses\reactome\liana_interaction-03-MIF_CD74_CXCR4.wrapper.json,f87d033a17ef58a2d9c479976a4a6c6c9672d18860d5b065b6f133cbbd5891b7
C:\Plugin\BioNexus\review\spatialwarrant-run-01\09_liana_literature\S6-run-01\responses\reactome\liana_interaction-04-MIF_CD74_CXCR4.wrapper.json,d37f74af47396689a90a98c711d9d765f90640ccbbb549650b0245687cf47fa9
C:\Plugin\BioNexus\review\spatialwarrant-run-01\09_liana_literature\S6-run-01\responses\reactome\liana_interaction-05-MIF_CD74_CXCR4.wrapper.json,40f742c3b03c427113eeaaa835d125f13256858b26de0a175c05b657d7b28c64
C:\Plugin\BioNexus\review\spatialwarrant-run-01\09_liana_literature\S6-run-01\responses\reactome\liana_interaction-06-MIF_CD74_CXCR4.wrapper.json,9459dc1983b356e4c572bfd41931a64700d8c0d5f7dbf482019a949e81fa8e82
C:\Plugin\BioNexus\review\spatialwarrant-run-01\09_liana_literature\S6-run-01\responses\reactome\liana_interaction-07-MIF_CD74_CXCR4.wrapper.json,21a305ba254a16da6f12028c4d4ce715cc436dfc9d4d554f0a20e9b780df7f65
C:\Plugin\BioNexus\review\spatialwarrant-run-01\09_liana_literature\S6-run-01\responses\reactome\liana_interaction-08-MIF_CD74_CXCR4.wrapper.json,2aba8c2280ee0fcec1ad609dfb5021d1ca53c9844bc0cc77d8eea07ed7abd8e5
C:\Plugin\BioNexus\review\spatialwarrant-run-01\09_liana_literature\S6-run-01\responses\reactome\liana_interaction-09-MIF_CD74_CXCR4.wrapper.json,96d207ace6b544b17cca1950ff03a58c940c7a74018ffa5e2d92ae61b758c953
C:\Plugin\BioNexus\review\spatialwarrant-run-01\09_liana_literature\S6-run-01\responses\reactome\liana_interaction-10-MIF_CD74_CXCR4.wrapper.json,40fc8f94f3afed33eeb71fd27e307ab24b78ff37ff8f8b85b4a21e72b57fc964
C:\Plugin\BioNexus\review\spatialwarrant-run-01\09_liana_literature\S6-run-01\responses\reactome\prespecified-01-CXCL9_CXCR3.wrapper.json,9e3153e0444b563f572b647491dce7fbf74d81b85181ffd5c5627b95f73d0917
C:\Plugin\BioNexus\review\spatialwarrant-run-01\09_liana_literature\S6-run-01\responses\reactome\prespecified-02-CXCL10_CXCR3.wrapper.json,0b1280d448f6226a59c18afbc04bc30ca9ecf6086d2445addb3a7f04028d8575
C:\Plugin\BioNexus\review\spatialwarrant-run-01\09_liana_literature\S6-run-01\responses\reactome\prespecified-03-CD274_PDCD1.wrapper.json,1bc687b2316b9817d7b55d8954c95ec9d062f6f7248d6cff280a031408adf3cb
C:\Plugin\BioNexus\review\spatialwarrant-run-01\09_liana_literature\S6-run-01\responses\reactome\prespecified-04-TGFB1_TGFBR1_TGFBR2.wrapper.json,c4762516aeccbc1b2a1501af07e3506428f7950db1ac5388872220b1abea1d90
C:\Plugin\BioNexus\review\spatialwarrant-run-01\09_liana_literature\S6-run-01\responses\reactome\prespecified-05-SPP1_CD44.wrapper.json,c8bdecf0c603f35c2bfafd2ab9ffcea0d8f507fa1749b83168a78c80b9b5c629
C:\Plugin\BioNexus\review\spatialwarrant-run-01\09_liana_literature\S6-run-01\responses\reactome\prespecified-06-HALLMARK_INTERFERON_GAMMA_RESPONSE.wrapper.json,dd983ba50e7f4567ecbc5d0050cba26e435c2fe9c464d82db58dde49433cba4b
C:\Plugin\BioNexus\review\spatialwarrant-run-01\09_liana_literature\S6-run-01\responses\string\gene-01-IGLL5.wrapper.json,f65aaad3a89db3fcc57f8405fc5ffb70b3550b143c90f57cb2f07ec387b13bfa
C:\Plugin\BioNexus\review\spatialwarrant-run-01\09_liana_literature\S6-run-01\responses\string\gene-02-RAB6C.wrapper.json,5c4c58ec6ded4e45823e05d68d4b401fac34c4c85fd4e5fd8aafe020a60ad0e3
C:\Plugin\BioNexus\review\spatialwarrant-run-01\09_liana_literature\S6-run-01\responses\string\gene-03-P2RY13.wrapper.json,6aff38bd59a7c0cf99ca43e9c2d408647f83b266578d1ebbf2bd08120e1b6f23
C:\Plugin\BioNexus\review\spatialwarrant-run-01\09_liana_literature\S6-run-01\responses\string\gene-04-TRG-AS1.wrapper.json,e0e604015ceb56d613393056a8d95e94579d86cae3332cda9542e17c9c9f2912
C:\Plugin\BioNexus\review\spatialwarrant-run-01\09_liana_literature\S6-run-01\responses\string\gene-05-AC116913.1.wrapper.json,2999da38a7ee093e7a8ee6a1ff2fdddc2d67fd0fb1086aeaab0fa1da20e8f709
C:\Plugin\BioNexus\review\spatialwarrant-run-01\09_liana_literature\S6-run-01\responses\string\gene-06-LINC01144.wrapper.json,a9e8b2de94846b08fc08abafff2264d583c0402cb69461a0d1914baf2005a2cc
C:\Plugin\BioNexus\review\spatialwarrant-run-01\09_liana_literature\S6-run-01\responses\string\gene-07-GRK4.wrapper.json,bf403c686805cd7af042f584178e51135c03e8bd44080259b4e7b62680490bf2
C:\Plugin\BioNexus\review\spatialwarrant-run-01\09_liana_literature\S6-run-01\responses\string\gene-08-HEY2.wrapper.json,8ee593a3aff64eb9936fa17e1c06ed0bd57668f8630c6da8be49a3d8cc0d612c
C:\Plugin\BioNexus\review\spatialwarrant-run-01\09_liana_literature\S6-run-01\responses\string\gene-09-FOXO6.wrapper.json,19293a296a30612ecb80909bb2a98732d24fc96de7726d0daf8d5cfc0d5379d5
C:\Plugin\BioNexus\review\spatialwarrant-run-01\09_liana_literature\S6-run-01\responses\string\gene-10-MYO10.wrapper.json,950e02a07283ba79220839a990ee07112ded4d05a250ebfb7273614839456ac1
C:\Plugin\BioNexus\review\spatialwarrant-run-01\09_liana_literature\S6-run-01\responses\string\gene-11-ZNF829.wrapper.json,cf2918b90f2b9c0ace4995e904ddd292677e3d35635f8e1bfa2c9b8f41f620f2
C:\Plugin\BioNexus\review\spatialwarrant-run-01\09_liana_literature\S6-run-01\responses\string\gene-12-PTHLH.wrapper.json,5133163981490dcae61612e3ede474ef48d8617a7149d3860a52519443f126d6
C:\Plugin\BioNexus\review\spatialwarrant-run-01\09_liana_literature\S6-run-01\responses\string\gene-13-AZIN1-AS1.wrapper.json,b0cccb7d565ab77dad63d981bfd6ee85bb102279618ffb910eeb12ebfba072dd
C:\Plugin\BioNexus\review\spatialwarrant-run-01\09_liana_literature\S6-run-01\responses\string\gene-14-LIFR-AS1.wrapper.json,032ac60a43457f8aebc1672c415bb4abee5996a813207709a381a07f207bfc92
C:\Plugin\BioNexus\review\spatialwarrant-run-01\09_liana_literature\S6-run-01\responses\string\gene-15-LINC01489.wrapper.json,af971528db7236e190adba7dac86eee4f1edaa84f3e2b933a5ebf4720d63196d
C:\Plugin\BioNexus\review\spatialwarrant-run-01\09_liana_literature\S6-run-01\responses\string\gene-16-THAP10.wrapper.json,5aae66e45e5c0fdcb2fe702a5e13b537044490f65823af24620708c811e938b6
C:\Plugin\BioNexus\review\spatialwarrant-run-01\09_liana_literature\S6-run-01\responses\string\gene-17-DENND4C.wrapper.json,ff85cd093a303c211251da76ef93d22ad81dc5ae3c2ce95fa120ab396563f108
C:\Plugin\BioNexus\review\spatialwarrant-run-01\09_liana_literature\S6-run-01\responses\string\gene-18-MACC1.wrapper.json,4f3cdccb9c484eb505311d03b04f6a2f5cca26f37fc5707a40265843743a0061
C:\Plugin\BioNexus\review\spatialwarrant-run-01\09_liana_literature\S6-run-01\responses\string\gene-19-IGLC3.wrapper.json,cdcc9af86a7bc08d6f7f1c97e1dc2e64450116121e995a8e6d81e62d20dd50cd
C:\Plugin\BioNexus\review\spatialwarrant-run-01\09_liana_literature\S6-run-01\responses\string\gene-20-DMD.wrapper.json,e5626fc72fd77b4b6245109ae64b36f2a707a3020c2ba2e4184699ae46323e52
C:\Plugin\BioNexus\review\spatialwarrant-run-01\09_liana_literature\S6-run-01\responses\string\liana_interaction-01-MIF_CD74_CXCR4.wrapper.json,4f732579caa133b51be3c37618e37f38e6e6e9bd38157e73101c1c31c58aebe4
C:\Plugin\BioNexus\review\spatialwarrant-run-01\09_liana_literature\S6-run-01\responses\string\liana_interaction-02-MIF_CD74_CXCR4.wrapper.json,c5384a891f5a16453c25fd064b556a1be7267f182cfe8041627a56450d79a6fb
C:\Plugin\BioNexus\review\spatialwarrant-run-01\09_liana_literature\S6-run-01\responses\string\liana_interaction-03-MIF_CD74_CXCR4.wrapper.json,13e5d1119d0805832a173deae5b938e97d85dcf5cdb2d4963a0a934ef7d4d2b4
C:\Plugin\BioNexus\review\spatialwarrant-run-01\09_liana_literature\S6-run-01\responses\string\liana_interaction-04-MIF_CD74_CXCR4.wrapper.json,e958f59072a6414d7b49c46dd80d5f68f60c7ae000fae92ac91279f203f0d43f
C:\Plugin\BioNexus\review\spatialwarrant-run-01\09_liana_literature\S6-run-01\responses\string\liana_interaction-05-MIF_CD74_CXCR4.wrapper.json,e3fe59803cfcc88c1a38ddd503245c7de66ae10585bb89b7024a18ea31fb705e
C:\Plugin\BioNexus\review\spatialwarrant-run-01\09_liana_literature\S6-run-01\responses\string\liana_interaction-06-MIF_CD74_CXCR4.wrapper.json,c6198e4e850f89123dde89fa8122825f692febf0ffc149b7ceda3b7f12db82bb
C:\Plugin\BioNexus\review\spatialwarrant-run-01\09_liana_literature\S6-run-01\responses\string\liana_interaction-07-MIF_CD74_CXCR4.wrapper.json,b19b78db4580694736cb60e740fe686a2a063f35937f27946f37d5a953a7989b
C:\Plugin\BioNexus\review\spatialwarrant-run-01\09_liana_literature\S6-run-01\responses\string\liana_interaction-08-MIF_CD74_CXCR4.wrapper.json,921356ec1ca7e7b7872d901cd7e5d0633f0014d8f118d855eef126942171520f
C:\Plugin\BioNexus\review\spatialwarrant-run-01\09_liana_literature\S6-run-01\responses\string\liana_interaction-09-MIF_CD74_CXCR4.wrapper.json,480e6b8db853db9f04f5850bc3d72a3fe8b1be5df7219c69019bd4a6e104fcab
C:\Plugin\BioNexus\review\spatialwarrant-run-01\09_liana_literature\S6-run-01\responses\string\liana_interaction-10-MIF_CD74_CXCR4.wrapper.json,30bc1a262730c873a893ebbe410400557c8b54b3a10e7474407f0d89d2ecdac7
C:\Plugin\BioNexus\review\spatialwarrant-run-01\09_liana_literature\S6-run-01\responses\string\prespecified-01-CXCL9_CXCR3.wrapper.json,486222e8bbddb9d7e631d458aa684a91fd37be34633f48c671b8102d0cc4fdc0
C:\Plugin\BioNexus\review\spatialwarrant-run-01\09_liana_literature\S6-run-01\responses\string\prespecified-02-CXCL10_CXCR3.wrapper.json,33860a5b345d74f24f95a59eb6deb4f3c84204cd607d604f64e2ce3475951f54
C:\Plugin\BioNexus\review\spatialwarrant-run-01\09_liana_literature\S6-run-01\responses\string\prespecified-03-CD274_PDCD1.wrapper.json,b7a6ee01998f434b7e329bb7c032020c900e786b2669714fdc0a8fc697e2c02f
C:\Plugin\BioNexus\review\spatialwarrant-run-01\09_liana_literature\S6-run-01\responses\string\prespecified-04-TGFB1_TGFBR1_TGFBR2.wrapper.json,f17437ee9a5ce4e738e9f63181d44dae7a16f1d193c01f2cda2bb14634c024db
C:\Plugin\BioNexus\review\spatialwarrant-run-01\09_liana_literature\S6-run-01\responses\string\prespecified-05-SPP1_CD44.wrapper.json,44512d9472f5c56a8f5327a43717a3f405f87de2465ffbe040a8ab470ed54062
C:\Plugin\BioNexus\review\spatialwarrant-run-01\09_liana_literature\S6-run-01\responses\string\prespecified-06-HALLMARK_INTERFERON_GAMMA_RESPONSE.wrapper.json,60810e6fc814bffec6f020df5df17f7da09b4f31ea7000a586a56c6502c20dd3
C:\Plugin\BioNexus\review\spatialwarrant-run-01\09_liana_literature\S6-run-01\responses\uniprot\gene-01-IGLL5.wrapper.json,0f358cca208fcb9aa65d3a8c6dadf7d2361ceccd8532766c3ffea034af0c495a
C:\Plugin\BioNexus\review\spatialwarrant-run-01\09_liana_literature\S6-run-01\responses\uniprot\gene-02-RAB6C.wrapper.json,8197a1efc7bcbb47492c1b71e8c24077f57c3716790d37710c1fdcc6bdaa8deb
C:\Plugin\BioNexus\review\spatialwarrant-run-01\09_liana_literature\S6-run-01\responses\uniprot\gene-03-P2RY13.wrapper.json,592db162ac9d8b55b0e90cf9947294110b9bacbfce1e1f29e84ca32c953cd7fe
C:\Plugin\BioNexus\review\spatialwarrant-run-01\09_liana_literature\S6-run-01\responses\uniprot\gene-04-TRG-AS1.wrapper.json,bc9c6bfada266fe02b289e45bb022822f70f037aacf3e2c79afccb4132403e1d
C:\Plugin\BioNexus\review\spatialwarrant-run-01\09_liana_literature\S6-run-01\responses\uniprot\gene-05-AC116913.1.wrapper.json,b87863bedf82f676688a5d068e014df79a5d37ccd5adb9658d1433d03e7a56d5
C:\Plugin\BioNexus\review\spatialwarrant-run-01\09_liana_literature\S6-run-01\responses\uniprot\gene-06-LINC01144.wrapper.json,44d1efcfd759a43b753fb2ca1dbcda3dd3e1a2b3c4c17a7bd800065c15a8f695
C:\Plugin\BioNexus\review\spatialwarrant-run-01\09_liana_literature\S6-run-01\responses\uniprot\gene-07-GRK4.wrapper.json,fd0a0018fffcfe6c49b7bab7d4376a6f2a4df4fcbeff766e6c653eeccf284c78
C:\Plugin\BioNexus\review\spatialwarrant-run-01\09_liana_literature\S6-run-01\responses\uniprot\gene-08-HEY2.wrapper.json,38510c51e62dcae43ced8a9ca6b13b5b84a604268d4bf3670a2bc32e1080986f
C:\Plugin\BioNexus\review\spatialwarrant-run-01\09_liana_literature\S6-run-01\responses\uniprot\gene-09-FOXO6.wrapper.json,81ddbeff02b8be4e825ca3585772306ef2101514b98ba825b3d88a32206f286b
C:\Plugin\BioNexus\review\spatialwarrant-run-01\09_liana_literature\S6-run-01\responses\uniprot\gene-10-MYO10.wrapper.json,9912c953865917c236ecf98e6edff4a50418f5001244545aec79129dacd05751
C:\Plugin\BioNexus\review\spatialwarrant-run-01\09_liana_literature\S6-run-01\responses\uniprot\gene-11-ZNF829.wrapper.json,7351106c9442dfbf3b50aff3eed10067a526bb9a13c1aed733f15ee99c635cfe
C:\Plugin\BioNexus\review\spatialwarrant-run-01\09_liana_literature\S6-run-01\responses\uniprot\gene-12-PTHLH.wrapper.json,89cd06c0e462ace789f01cc2853999c5f1fc81bc4df89d1507bf44d3772ff49e
C:\Plugin\BioNexus\review\spatialwarrant-run-01\09_liana_literature\S6-run-01\responses\uniprot\gene-13-AZIN1-AS1.wrapper.json,407623f3c44e46ffeec94a99c75e306967d34eba32af7f692cd34c3cbc940af7
C:\Plugin\BioNexus\review\spatialwarrant-run-01\09_liana_literature\S6-run-01\responses\uniprot\gene-14-LIFR-AS1.wrapper.json,fb786a4f990f2dfe06d0eecbdb1c352f1b25e16eb99f7f1770bf1894b856cee9
C:\Plugin\BioNexus\review\spatialwarrant-run-01\09_liana_literature\S6-run-01\responses\uniprot\gene-15-LINC01489.wrapper.json,b813ff4264b3595d2225123e840a179833849b295c3242740c1282d0ddf8d158
C:\Plugin\BioNexus\review\spatialwarrant-run-01\09_liana_literature\S6-run-01\responses\uniprot\gene-16-THAP10.wrapper.json,3348bd867c96cefb7fe7e59d93baab201190a55eb628e0717fa46770f7a4cd2a
C:\Plugin\BioNexus\review\spatialwarrant-run-01\09_liana_literature\S6-run-01\responses\uniprot\gene-17-DENND4C.wrapper.json,337f5e00700d931236e1021aa15741062d3da522080bc3bd48e2c6953d44a09a
C:\Plugin\BioNexus\review\spatialwarrant-run-01\09_liana_literature\S6-run-01\responses\uniprot\gene-18-MACC1.wrapper.json,647ea5c23d31092896534cf4f2bc2ec071ee9316ffd7bbd09ceff994390f3b88
C:\Plugin\BioNexus\review\spatialwarrant-run-01\09_liana_literature\S6-run-01\responses\uniprot\gene-19-IGLC3.wrapper.json,48a7ff6d9e45c259df39cb2793912c09578fbcd7a1b80a746291da719927265f
C:\Plugin\BioNexus\review\spatialwarrant-run-01\09_liana_literature\S6-run-01\responses\uniprot\gene-20-DMD.wrapper.json,f56f73504d250276d7c8356412da0a9126388c7249e86415113f28b5803e2c13
C:\Plugin\BioNexus\review\spatialwarrant-run-01\09_liana_literature\S6-run-01\responses\uniprot\liana_interaction-01-MIF_CD74_CXCR4.wrapper.json,857160fbf3ba9d471f6c3c8baa3f62f6a5b354d4c011f2aa3c0c07653a7f1657
C:\Plugin\BioNexus\review\spatialwarrant-run-01\09_liana_literature\S6-run-01\responses\uniprot\liana_interaction-02-MIF_CD74_CXCR4.wrapper.json,72eb4c4713489e80d27585f9644d72ea43b83b1a7f2dfaec35b560e9d6cc060c
C:\Plugin\BioNexus\review\spatialwarrant-run-01\09_liana_literature\S6-run-01\responses\uniprot\liana_interaction-03-MIF_CD74_CXCR4.wrapper.json,99f9d5b1ef46c5f2fc067917ef81c7396a81998d97317c834aaf29ee8185546f
C:\Plugin\BioNexus\review\spatialwarrant-run-01\09_liana_literature\S6-run-01\responses\uniprot\liana_interaction-04-MIF_CD74_CXCR4.wrapper.json,0d6bbfe17ed4d6351fcbaeee7eb882243d49dcafcffee21ce23997e91a03415f
C:\Plugin\BioNexus\review\spatialwarrant-run-01\09_liana_literature\S6-run-01\responses\uniprot\liana_interaction-05-MIF_CD74_CXCR4.wrapper.json,c0d09fb3562a96dd26376950e9d50e240c75a310a49debe0143038f2c972d1d0
C:\Plugin\BioNexus\review\spatialwarrant-run-01\09_liana_literature\S6-run-01\responses\uniprot\liana_interaction-06-MIF_CD74_CXCR4.wrapper.json,21f8f8ef96f3508b30cc538b8dd043fcf39b5bb67a1674756510141fa0fdc376
C:\Plugin\BioNexus\review\spatialwarrant-run-01\09_liana_literature\S6-run-01\responses\uniprot\liana_interaction-07-MIF_CD74_CXCR4.wrapper.json,a79c192f29e883419185b34be623fdc1bc5ce48ec467c80802e040d6d721428c
C:\Plugin\BioNexus\review\spatialwarrant-run-01\09_liana_literature\S6-run-01\responses\uniprot\liana_interaction-08-MIF_CD74_CXCR4.wrapper.json,eddb7c1ab30c009752bb2b444c25d59a7a1bba1efef0c4e89e2444b9bf29cf4a
C:\Plugin\BioNexus\review\spatialwarrant-run-01\09_liana_literature\S6-run-01\responses\uniprot\liana_interaction-09-MIF_CD74_CXCR4.wrapper.json,131bffc399c7e6983559ee6d6f4ac7e57479848462b0847f9a6fe67c0ef0305c
C:\Plugin\BioNexus\review\spatialwarrant-run-01\09_liana_literature\S6-run-01\responses\uniprot\liana_interaction-10-MIF_CD74_CXCR4.wrapper.json,9493ef8073457fe577e8be06e5f7f7a4e04ff62be99eeff4e7ce573f5285f22a
C:\Plugin\BioNexus\review\spatialwarrant-run-01\09_liana_literature\S6-run-01\responses\uniprot\prespecified-01-CXCL9_CXCR3.wrapper.json,33ccc89caa9b83d20741bc3d02b2ab446c891329e15f1cb46b8b47ea2574c4e1
C:\Plugin\BioNexus\review\spatialwarrant-run-01\09_liana_literature\S6-run-01\responses\uniprot\prespecified-02-CXCL10_CXCR3.wrapper.json,d7fe3b1ff9b062f3503392a869b0314995d63a5dcb202778b7f1d005a831b347
C:\Plugin\BioNexus\review\spatialwarrant-run-01\09_liana_literature\S6-run-01\responses\uniprot\prespecified-03-CD274_PDCD1.wrapper.json,09aa3d079b715aa2d152706ca31e9f970aa0bd00fed22a4def75048431859729
C:\Plugin\BioNexus\review\spatialwarrant-run-01\09_liana_literature\S6-run-01\responses\uniprot\prespecified-04-TGFB1_TGFBR1_TGFBR2.wrapper.json,9f7d61ecdd0af9e3c82aedbdae9dce71f9e36f17dd5fd2cae73e2fb3d9431e62
C:\Plugin\BioNexus\review\spatialwarrant-run-01\09_liana_literature\S6-run-01\responses\uniprot\prespecified-05-SPP1_CD44.wrapper.json,42b71f58a7caf34c3bff9fb6af04c22584630e354a47ea4f78f84e8d1a3da66e
C:\Plugin\BioNexus\review\spatialwarrant-run-01\09_liana_literature\S6-run-01\responses\uniprot\prespecified-06-HALLMARK_INTERFERON_GAMMA_RESPONSE.wrapper.json,10ff173955123716d82892d4312b6cd092442251952e7ab4e570be2fb9e9f090
C:\Plugin\BioNexus\review\spatialwarrant-run-01\09_liana_literature\S6-run-01\retry1\raw\string\gene-01-IGLL5.raw,da382acdc8f5c272a331f60e15349a1cd9233d16751db914dec2d7b4c239d758
C:\Plugin\BioNexus\review\spatialwarrant-run-01\09_liana_literature\S6-run-01\retry1\raw\string\gene-02-RAB6C.raw,c87f4c758a825e8ff1dbd4131efa9689c0689d250f325b083f30f861a2cc11c5
C:\Plugin\BioNexus\review\spatialwarrant-run-01\09_liana_literature\S6-run-01\retry1\raw\string\gene-03-P2RY13.raw,3305bd2d49992a81d9b9c1b2f4a7e6ad312ff387f73c5d48da2b62ca07ff31e5
C:\Plugin\BioNexus\review\spatialwarrant-run-01\09_liana_literature\S6-run-01\retry1\raw\string\gene-05-AC116913.1.raw,0c6df8761b5ccb176cd76e91e353013ac96dbf547be23ace29acf309fdce7867
C:\Plugin\BioNexus\review\spatialwarrant-run-01\09_liana_literature\S6-run-01\retry1\raw\string\gene-07-GRK4.raw,144c878d5947c2fa8b86b2e52c499d0ae36a9d09f251274fbb6417bd38f4788f
C:\Plugin\BioNexus\review\spatialwarrant-run-01\09_liana_literature\S6-run-01\retry1\raw\string\gene-08-HEY2.raw,140cf7a48da83b052b35408f9efdc3ae1a61e0e4f1634c756bbc5ed20b33869f
C:\Plugin\BioNexus\review\spatialwarrant-run-01\09_liana_literature\S6-run-01\retry1\raw\string\gene-09-FOXO6.raw,d6202ecd03a71cce4526379afa3fbc5205e668fe67afc70fb61f14c8aad5e7cc
C:\Plugin\BioNexus\review\spatialwarrant-run-01\09_liana_literature\S6-run-01\retry1\raw\string\gene-10-MYO10.raw,a90f0a800c6ef458b754bf35939804952ebaef3b0ff77c879930eeebf359fa4f
C:\Plugin\BioNexus\review\spatialwarrant-run-01\09_liana_literature\S6-run-01\retry1\raw\string\gene-11-ZNF829.raw,7fbc40baa467b86444f3963b58a3bb92307e725793ea368a8ad592c7b73f131f
C:\Plugin\BioNexus\review\spatialwarrant-run-01\09_liana_literature\S6-run-01\retry1\raw\string\gene-12-PTHLH.raw,763206417c6ce7f18f9424842d5049d9bfd90f734e7175ae4a8c70123c7f6172
C:\Plugin\BioNexus\review\spatialwarrant-run-01\09_liana_literature\S6-run-01\retry1\raw\string\gene-16-THAP10.raw,6e00ab4fadc825ea5b631ca716ca12294e08d0db8304c239a98912dd540b724b
C:\Plugin\BioNexus\review\spatialwarrant-run-01\09_liana_literature\S6-run-01\retry1\raw\string\gene-17-DENND4C.raw,61c140d934d277cd849d42536c0b6fdc5223388c682a58c0eb0c093f06919bba
C:\Plugin\BioNexus\review\spatialwarrant-run-01\09_liana_literature\S6-run-01\retry1\raw\string\gene-18-MACC1.raw,66430bbd03456df6cf5cc6c1348a8c4a8b8484b82aa8ab24eb16cdf29facd3a6
C:\Plugin\BioNexus\review\spatialwarrant-run-01\09_liana_literature\S6-run-01\retry1\raw\string\gene-20-DMD.raw,479d60ece89de091d14978cab60bddbb2dd8bf257e1985ee4700b16473001a5f
C:\Plugin\BioNexus\review\spatialwarrant-run-01\09_liana_literature\S6-run-01\retry1\raw\string\liana_interaction-01-MIF_CD74_CXCR4.raw,dda89371bbe4edafb3d3ee26918f86326b7f5cfd8f30a69a2c5b6a18ff232504
C:\Plugin\BioNexus\review\spatialwarrant-run-01\09_liana_literature\S6-run-01\retry1\raw\string\liana_interaction-02-MIF_CD74_CXCR4.raw,dda89371bbe4edafb3d3ee26918f86326b7f5cfd8f30a69a2c5b6a18ff232504
C:\Plugin\BioNexus\review\spatialwarrant-run-01\09_liana_literature\S6-run-01\retry1\raw\string\liana_interaction-03-MIF_CD74_CXCR4.raw,dda89371bbe4edafb3d3ee26918f86326b7f5cfd8f30a69a2c5b6a18ff232504
C:\Plugin\BioNexus\review\spatialwarrant-run-01\09_liana_literature\S6-run-01\retry1\raw\string\liana_interaction-04-MIF_CD74_CXCR4.raw,dda89371bbe4edafb3d3ee26918f86326b7f5cfd8f30a69a2c5b6a18ff232504
C:\Plugin\BioNexus\review\spatialwarrant-run-01\09_liana_literature\S6-run-01\retry1\raw\string\liana_interaction-05-MIF_CD74_CXCR4.raw,dda89371bbe4edafb3d3ee26918f86326b7f5cfd8f30a69a2c5b6a18ff232504
C:\Plugin\BioNexus\review\spatialwarrant-run-01\09_liana_literature\S6-run-01\retry1\raw\string\liana_interaction-06-MIF_CD74_CXCR4.raw,dda89371bbe4edafb3d3ee26918f86326b7f5cfd8f30a69a2c5b6a18ff232504
C:\Plugin\BioNexus\review\spatialwarrant-run-01\09_liana_literature\S6-run-01\retry1\raw\string\liana_interaction-07-MIF_CD74_CXCR4.raw,dda89371bbe4edafb3d3ee26918f86326b7f5cfd8f30a69a2c5b6a18ff232504
C:\Plugin\BioNexus\review\spatialwarrant-run-01\09_liana_literature\S6-run-01\retry1\raw\string\liana_interaction-08-MIF_CD74_CXCR4.raw,dda89371bbe4edafb3d3ee26918f86326b7f5cfd8f30a69a2c5b6a18ff232504
C:\Plugin\BioNexus\review\spatialwarrant-run-01\09_liana_literature\S6-run-01\retry1\raw\string\liana_interaction-09-MIF_CD74_CXCR4.raw,dda89371bbe4edafb3d3ee26918f86326b7f5cfd8f30a69a2c5b6a18ff232504
C:\Plugin\BioNexus\review\spatialwarrant-run-01\09_liana_literature\S6-run-01\retry1\raw\string\liana_interaction-10-MIF_CD74_CXCR4.raw,dda89371bbe4edafb3d3ee26918f86326b7f5cfd8f30a69a2c5b6a18ff232504
C:\Plugin\BioNexus\review\spatialwarrant-run-01\09_liana_literature\S6-run-01\retry1\raw\string\prespecified-01-CXCL9_CXCR3.raw,0b3b069634279946ef2f952c86a72f9770cf4089a0dea7e9bdf5a4684a42eaa2
C:\Plugin\BioNexus\review\spatialwarrant-run-01\09_liana_literature\S6-run-01\retry1\raw\string\prespecified-02-CXCL10_CXCR3.raw,a324e31c3029af0f0a15aae84cbd863622da799c0303c4d72c9783d8684a2ec5
C:\Plugin\BioNexus\review\spatialwarrant-run-01\09_liana_literature\S6-run-01\retry1\raw\string\prespecified-03-CD274_PDCD1.raw,362aa7e21b57f4fad49a9107bca4a02b27de1f6a74f8666d8fe169883c9daaac
C:\Plugin\BioNexus\review\spatialwarrant-run-01\09_liana_literature\S6-run-01\retry1\raw\string\prespecified-04-TGFB1_TGFBR1_TGFBR2.raw,835ecc7c7d2a5eca5567ffc35d76474d31aad55a95af91b8075bd6cebc98cb1b
C:\Plugin\BioNexus\review\spatialwarrant-run-01\09_liana_literature\S6-run-01\retry1\raw\string\prespecified-05-SPP1_CD44.raw,8d25b36cd02dfe1cf2e63bd1d98a19498d1fa9a56bb5369807ffcaf85aea6d2c
C:\Plugin\BioNexus\review\spatialwarrant-run-01\09_liana_literature\S6-run-01\retry1\raw\uniprot\gene-01-IGLL5.raw,cbfb06989df7b7a876266b760807428cf795ac570912f5e9ea6d5d0b3c1bd3d8
C:\Plugin\BioNexus\review\spatialwarrant-run-01\09_liana_literature\S6-run-01\retry1\raw\uniprot\gene-02-RAB6C.raw,6786d063350e25ca4f87a62a867d5cf4a67930d4734d5de70c5940d253c33667
C:\Plugin\BioNexus\review\spatialwarrant-run-01\09_liana_literature\S6-run-01\retry1\raw\uniprot\gene-03-P2RY13.raw,a01ef6ed4d8b18b4a749398cd1e3f10e921a18a21a5438eafef998bfea68d398
C:\Plugin\BioNexus\review\spatialwarrant-run-01\09_liana_literature\S6-run-01\retry1\raw\uniprot\gene-04-TRG-AS1.raw,5021e624e752b001ce3e3846e8f158ed4aeb93a4c9a72fdb35a0c5b14a0eea84
C:\Plugin\BioNexus\review\spatialwarrant-run-01\09_liana_literature\S6-run-01\retry1\raw\uniprot\gene-05-AC116913.1.raw,5021e624e752b001ce3e3846e8f158ed4aeb93a4c9a72fdb35a0c5b14a0eea84
C:\Plugin\BioNexus\review\spatialwarrant-run-01\09_liana_literature\S6-run-01\retry1\raw\uniprot\gene-06-LINC01144.raw,6c8d91bdd9ffa45a148fbd77425d0f0412a269d28095516c0282edc287f49992
C:\Plugin\BioNexus\review\spatialwarrant-run-01\09_liana_literature\S6-run-01\retry1\raw\uniprot\gene-07-GRK4.raw,60874558f0f2f0b11d656d401b9bd82bcc788ff42e8ef29edef7f4b8902cdf3f
C:\Plugin\BioNexus\review\spatialwarrant-run-01\09_liana_literature\S6-run-01\retry1\raw\uniprot\gene-08-HEY2.raw,358798da754c519c7f504628b14100455e0fd060239aa649a5593fd91605d4cb
C:\Plugin\BioNexus\review\spatialwarrant-run-01\09_liana_literature\S6-run-01\retry1\raw\uniprot\gene-09-FOXO6.raw,dfc08fabd2f6ac4a2a303f9b6c80586debeeb48f2d507a5a4bfe64e1e850408f
C:\Plugin\BioNexus\review\spatialwarrant-run-01\09_liana_literature\S6-run-01\retry1\raw\uniprot\gene-10-MYO10.raw,a938f64c281e8d2c398db35636fcb6c9fc839aea69dde4bf48774d432fc48e95
C:\Plugin\BioNexus\review\spatialwarrant-run-01\09_liana_literature\S6-run-01\retry1\raw\uniprot\gene-11-ZNF829.raw,1bc55e583c65995f5568ed510536654dcd64f649e68105737816e84093aa1910
C:\Plugin\BioNexus\review\spatialwarrant-run-01\09_liana_literature\S6-run-01\retry1\raw\uniprot\gene-12-PTHLH.raw,89fe7d21ad63ad1eb77a3d9a5bd5e0c8573b7bd36af5190b517b9310cdf67e09
C:\Plugin\BioNexus\review\spatialwarrant-run-01\09_liana_literature\S6-run-01\retry1\raw\uniprot\gene-13-AZIN1-AS1.raw,5021e624e752b001ce3e3846e8f158ed4aeb93a4c9a72fdb35a0c5b14a0eea84
C:\Plugin\BioNexus\review\spatialwarrant-run-01\09_liana_literature\S6-run-01\retry1\raw\uniprot\gene-14-LIFR-AS1.raw,5021e624e752b001ce3e3846e8f158ed4aeb93a4c9a72fdb35a0c5b14a0eea84
C:\Plugin\BioNexus\review\spatialwarrant-run-01\09_liana_literature\S6-run-01\retry1\raw\uniprot\gene-15-LINC01489.raw,182600343a1dfa1addf484c502705338634896682112abda4f637ca2d4c73710
C:\Plugin\BioNexus\review\spatialwarrant-run-01\09_liana_literature\S6-run-01\retry1\raw\uniprot\gene-16-THAP10.raw,08d3e568828257bed7544a9b197bb73ddcf9a57fc90b4b43902fb41c93aea9a0
C:\Plugin\BioNexus\review\spatialwarrant-run-01\09_liana_literature\S6-run-01\retry1\raw\uniprot\gene-17-DENND4C.raw,07625f7da0e20776a597c602744d556270c112d86bb8719072fd1838b558294c
C:\Plugin\BioNexus\review\spatialwarrant-run-01\09_liana_literature\S6-run-01\retry1\raw\uniprot\gene-18-MACC1.raw,85064a7ca9af235d0da2aaea55ee339c83e2644e914f7f2ab6f3ddf61a6f9639
C:\Plugin\BioNexus\review\spatialwarrant-run-01\09_liana_literature\S6-run-01\retry1\raw\uniprot\gene-19-IGLC3.raw,59375f18650acec9bbe65e34c025f00ff8c8b2c314d15323e77b50a4e9aad751
C:\Plugin\BioNexus\review\spatialwarrant-run-01\09_liana_literature\S6-run-01\retry1\raw\uniprot\gene-20-DMD.raw,f2cee8eb60f2b6354c8b4bedc444a9f84121e2c71f7f72a52dd45fd99f90678f
C:\Plugin\BioNexus\review\spatialwarrant-run-01\09_liana_literature\S6-run-01\retry1\raw\uniprot\liana_interaction-01-MIF_CD74_CXCR4.raw,ff2dfac988379fd309e200b052d97bfa87d78896901f6b320eb4b3e25996d33d
C:\Plugin\BioNexus\review\spatialwarrant-run-01\09_liana_literature\S6-run-01\retry1\raw\uniprot\liana_interaction-02-MIF_CD74_CXCR4.raw,ff2dfac988379fd309e200b052d97bfa87d78896901f6b320eb4b3e25996d33d
C:\Plugin\BioNexus\review\spatialwarrant-run-01\09_liana_literature\S6-run-01\retry1\raw\uniprot\liana_interaction-03-MIF_CD74_CXCR4.raw,ff2dfac988379fd309e200b052d97bfa87d78896901f6b320eb4b3e25996d33d
C:\Plugin\BioNexus\review\spatialwarrant-run-01\09_liana_literature\S6-run-01\retry1\raw\uniprot\liana_interaction-04-MIF_CD74_CXCR4.raw,ff2dfac988379fd309e200b052d97bfa87d78896901f6b320eb4b3e25996d33d
C:\Plugin\BioNexus\review\spatialwarrant-run-01\09_liana_literature\S6-run-01\retry1\raw\uniprot\liana_interaction-05-MIF_CD74_CXCR4.raw,ff2dfac988379fd309e200b052d97bfa87d78896901f6b320eb4b3e25996d33d
C:\Plugin\BioNexus\review\spatialwarrant-run-01\09_liana_literature\S6-run-01\retry1\raw\uniprot\liana_interaction-06-MIF_CD74_CXCR4.raw,ff2dfac988379fd309e200b052d97bfa87d78896901f6b320eb4b3e25996d33d
C:\Plugin\BioNexus\review\spatialwarrant-run-01\09_liana_literature\S6-run-01\retry1\raw\uniprot\liana_interaction-07-MIF_CD74_CXCR4.raw,ff2dfac988379fd309e200b052d97bfa87d78896901f6b320eb4b3e25996d33d
C:\Plugin\BioNexus\review\spatialwarrant-run-01\09_liana_literature\S6-run-01\retry1\raw\uniprot\liana_interaction-08-MIF_CD74_CXCR4.raw,ff2dfac988379fd309e200b052d97bfa87d78896901f6b320eb4b3e25996d33d
C:\Plugin\BioNexus\review\spatialwarrant-run-01\09_liana_literature\S6-run-01\retry1\raw\uniprot\liana_interaction-09-MIF_CD74_CXCR4.raw,ff2dfac988379fd309e200b052d97bfa87d78896901f6b320eb4b3e25996d33d
C:\Plugin\BioNexus\review\spatialwarrant-run-01\09_liana_literature\S6-run-01\retry1\raw\uniprot\liana_interaction-10-MIF_CD74_CXCR4.raw,ff2dfac988379fd309e200b052d97bfa87d78896901f6b320eb4b3e25996d33d
C:\Plugin\BioNexus\review\spatialwarrant-run-01\09_liana_literature\S6-run-01\retry1\raw\uniprot\prespecified-01-CXCL9_CXCR3.raw,cd174b7ee3674ff2ec59021d3db751e9377410ab81662a8657c5560f5021f1ee
C:\Plugin\BioNexus\review\spatialwarrant-run-01\09_liana_literature\S6-run-01\retry1\raw\uniprot\prespecified-02-CXCL10_CXCR3.raw,f3b58447782070af344983d4bc28c6c7542993546fe5e844ac3758dba102efcb
C:\Plugin\BioNexus\review\spatialwarrant-run-01\09_liana_literature\S6-run-01\retry1\raw\uniprot\prespecified-03-CD274_PDCD1.raw,59759b15e753c66e290afebb6e20104aaa4ea2329fa23d76b13dcee452ace963
C:\Plugin\BioNexus\review\spatialwarrant-run-01\09_liana_literature\S6-run-01\retry1\raw\uniprot\prespecified-04-TGFB1_TGFBR1_TGFBR2.raw,c06809cec0d92bf613b9e778a5f2fcb997339a1c74a45218c751041a26c7f114
C:\Plugin\BioNexus\review\spatialwarrant-run-01\09_liana_literature\S6-run-01\retry1\raw\uniprot\prespecified-05-SPP1_CD44.raw,df76e19dcbef8ae31ca89185aa7493c71bb47c0f2b8adc7f6caebe413886157e
C:\Plugin\BioNexus\review\spatialwarrant-run-01\09_liana_literature\S6-run-01\retry1\raw\uniprot\prespecified-06-HALLMARK_INTERFERON_GAMMA_RESPONSE.raw,95115b3ef672ff59c4d35f3061fd38b39b1f68910aaa3be35528e7f93b429e9b
C:\Plugin\BioNexus\review\spatialwarrant-run-01\09_liana_literature\S6-run-01\retry1\requests\string\gene-01-IGLL5.request.json,3c51b4b750c1cd104f78c8dd8a4b28f4ff94820a8fa5e9ef4f6746fd04912239
C:\Plugin\BioNexus\review\spatialwarrant-run-01\09_liana_literature\S6-run-01\retry1\requests\string\gene-02-RAB6C.request.json,632b52e7cd04688ca6311c89997902de8193da0bb5b75a6c83b790510cc373e0
C:\Plugin\BioNexus\review\spatialwarrant-run-01\09_liana_literature\S6-run-01\retry1\requests\string\gene-03-P2RY13.request.json,f85b15c34a587d46aa9c1d301e55f72760d18f3c4d5880b5ebfcf1f94b81fb57
C:\Plugin\BioNexus\review\spatialwarrant-run-01\09_liana_literature\S6-run-01\retry1\requests\string\gene-04-TRG-AS1.request.json,003c0768e734542e06d03dd1ab813e61ec29f32489b160402ee458800fbee58c
C:\Plugin\BioNexus\review\spatialwarrant-run-01\09_liana_literature\S6-run-01\retry1\requests\string\gene-05-AC116913.1.request.json,8fb8e625c7c87d4dc27dd6be42a2519c7d837a41242910beb655fa3b4b4d84de
C:\Plugin\BioNexus\review\spatialwarrant-run-01\09_liana_literature\S6-run-01\retry1\requests\string\gene-06-LINC01144.request.json,c525ce1cd0d5b91932df3817ce0e31ac0b4bfe4840382aebcd9195c21975e0cc
C:\Plugin\BioNexus\review\spatialwarrant-run-01\09_liana_literature\S6-run-01\retry1\requests\string\gene-07-GRK4.request.json,5ec6deb5b9f24dc496ee600caf2b69b68cb176f267e108339db35c5708e8e67d
C:\Plugin\BioNexus\review\spatialwarrant-run-01\09_liana_literature\S6-run-01\retry1\requests\string\gene-08-HEY2.request.json,41ea39689f25b036238128be876a32f575c26c022465e87e664db943d4d0bdd2
C:\Plugin\BioNexus\review\spatialwarrant-run-01\09_liana_literature\S6-run-01\retry1\requests\string\gene-09-FOXO6.request.json,317edfbc5e0e71683eca0abc3b9acf08842af2d6b6e57ee59c5f00a34471c214
C:\Plugin\BioNexus\review\spatialwarrant-run-01\09_liana_literature\S6-run-01\retry1\requests\string\gene-10-MYO10.request.json,f4454d0fe11793b56e5470bb8d670f77825645c72c318e505602a0d54a1061ba
C:\Plugin\BioNexus\review\spatialwarrant-run-01\09_liana_literature\S6-run-01\retry1\requests\string\gene-11-ZNF829.request.json,14f35fbb1c7fbd76e16e4d6c04c4ee2a96c3783cd0ee66407de0e88b231ee8aa
C:\Plugin\BioNexus\review\spatialwarrant-run-01\09_liana_literature\S6-run-01\retry1\requests\string\gene-12-PTHLH.request.json,8d2be098c501fbf01c58bb4b28b6feebd4de37981ca980f62150901f1fcc1eb3
C:\Plugin\BioNexus\review\spatialwarrant-run-01\09_liana_literature\S6-run-01\retry1\requests\string\gene-13-AZIN1-AS1.request.json,feffde8699ed5f95b25e1f30f7195663905a15c7dd013196724e1670bc36eb18
C:\Plugin\BioNexus\review\spatialwarrant-run-01\09_liana_literature\S6-run-01\retry1\requests\string\gene-14-LIFR-AS1.request.json,5aac054d8712994423e2fd80fb45f7670aef4718d1bbe560274ed8180fe2a7d3
C:\Plugin\BioNexus\review\spatialwarrant-run-01\09_liana_literature\S6-run-01\retry1\requests\string\gene-15-LINC01489.request.json,d7634c7e292f9de40994dd9ad26e2918b4891a93cf997fedd4a052883e5d4a6b
C:\Plugin\BioNexus\review\spatialwarrant-run-01\09_liana_literature\S6-run-01\retry1\requests\string\gene-16-THAP10.request.json,463c601bef377b38257bfbca6dc0ed2776749e286d9df011ddfe0e2f3d4bb183
C:\Plugin\BioNexus\review\spatialwarrant-run-01\09_liana_literature\S6-run-01\retry1\requests\string\gene-17-DENND4C.request.json,d4fe2b6c3d9597839664f90605109c6a1c9911fcd0c563a12d89dd2dcd8b6724
C:\Plugin\BioNexus\review\spatialwarrant-run-01\09_liana_literature\S6-run-01\retry1\requests\string\gene-18-MACC1.request.json,5cdd47710532c6c311b13b5570a9b26b94b7f29d5642377e14a889f994b47ba9
C:\Plugin\BioNexus\review\spatialwarrant-run-01\09_liana_literature\S6-run-01\retry1\requests\string\gene-19-IGLC3.request.json,3809dcb1bed1711cad0e069afde0de7902f0f712c74ce170c799e4298b8acde6
C:\Plugin\BioNexus\review\spatialwarrant-run-01\09_liana_literature\S6-run-01\retry1\requests\string\gene-20-DMD.request.json,46d093c8d6e51bef248bc5a48b5e9ce56dbb515ff742c5fbffa694985a2e0b3c
C:\Plugin\BioNexus\review\spatialwarrant-run-01\09_liana_literature\S6-run-01\retry1\requests\string\liana_interaction-01-MIF_CD74_CXCR4.request.json,6d0f09aa09f622c04329de95ea5560867c7bbb88e83dd29b2d99326afe29da7f
C:\Plugin\BioNexus\review\spatialwarrant-run-01\09_liana_literature\S6-run-01\retry1\requests\string\liana_interaction-02-MIF_CD74_CXCR4.request.json,ea11947969b6b14a2494985155f2e547f1c4a4f96599e678788e27166e5943d1
C:\Plugin\BioNexus\review\spatialwarrant-run-01\09_liana_literature\S6-run-01\retry1\requests\string\liana_interaction-03-MIF_CD74_CXCR4.request.json,03b0353824db2e1e3eb2ee39e2d845fd68b44678994dad4bfc47d8fa3528c0bb
C:\Plugin\BioNexus\review\spatialwarrant-run-01\09_liana_literature\S6-run-01\retry1\requests\string\liana_interaction-04-MIF_CD74_CXCR4.request.json,b8cedabd8f709e084899afd041dc6a21dc0b1b927387dba655b5c5f25c7e8c18
C:\Plugin\BioNexus\review\spatialwarrant-run-01\09_liana_literature\S6-run-01\retry1\requests\string\liana_interaction-05-MIF_CD74_CXCR4.request.json,1ca49ccf7396e16386a0d83deb690d773b07a4348cdcb962bb506932d8a22eeb
C:\Plugin\BioNexus\review\spatialwarrant-run-01\09_liana_literature\S6-run-01\retry1\requests\string\liana_interaction-06-MIF_CD74_CXCR4.request.json,58be3d389ef5a6ff2254ea740fd276d9cc83bde6d05c391db4411d583d33c082
C:\Plugin\BioNexus\review\spatialwarrant-run-01\09_liana_literature\S6-run-01\retry1\requests\string\liana_interaction-07-MIF_CD74_CXCR4.request.json,7f76cf3bbff90cf155cf96224d7a5dcb13f61982bb2ca4ce678251a1c5b93cd1
C:\Plugin\BioNexus\review\spatialwarrant-run-01\09_liana_literature\S6-run-01\retry1\requests\string\liana_interaction-08-MIF_CD74_CXCR4.request.json,aa4d2fb5245159ef346e856156c9b843401e644bd071ac79c09a23c8814549b7
C:\Plugin\BioNexus\review\spatialwarrant-run-01\09_liana_literature\S6-run-01\retry1\requests\string\liana_interaction-09-MIF_CD74_CXCR4.request.json,0927b4e3f6a22c59d855856207d930eec321db85490f6e81e5991fa2cb81d0b7
C:\Plugin\BioNexus\review\spatialwarrant-run-01\09_liana_literature\S6-run-01\retry1\requests\string\liana_interaction-10-MIF_CD74_CXCR4.request.json,bdd1c82d5d1a074f3278fd85efb9cb155fe339c3ec55b21a83d5a6d73f2a0e0d
C:\Plugin\BioNexus\review\spatialwarrant-run-01\09_liana_literature\S6-run-01\retry1\requests\string\prespecified-01-CXCL9_CXCR3.request.json,f5b2a85acf85e1e767710f68b236ddfc5285ef39aaee5080bda2d541f779cbe5
C:\Plugin\BioNexus\review\spatialwarrant-run-01\09_liana_literature\S6-run-01\retry1\requests\string\prespecified-02-CXCL10_CXCR3.request.json,2591b2b1744c69a5c7ade324ef5c9c158af668d596e8cf0525c38310d6e63f5f
C:\Plugin\BioNexus\review\spatialwarrant-run-01\09_liana_literature\S6-run-01\retry1\requests\string\prespecified-03-CD274_PDCD1.request.json,19318ec325f52567c46476cfe4af5c6145064a4efd4adc74cb7f8a9442b4ae8d
C:\Plugin\BioNexus\review\spatialwarrant-run-01\09_liana_literature\S6-run-01\retry1\requests\string\prespecified-04-TGFB1_TGFBR1_TGFBR2.request.json,d6cad1e595e89626d60fc600957b2ec58fdc926157e05f4e3a22e5d8add027c2
C:\Plugin\BioNexus\review\spatialwarrant-run-01\09_liana_literature\S6-run-01\retry1\requests\string\prespecified-05-SPP1_CD44.request.json,ebd7de1fe6d6c48cb11d6a24aef8973e14581d5d469cb74b2721e8d0bd28e64c
C:\Plugin\BioNexus\review\spatialwarrant-run-01\09_liana_literature\S6-run-01\retry1\requests\string\prespecified-06-HALLMARK_INTERFERON_GAMMA_RESPONSE.request.json,0f13b8cfdc9726aae60cd8ab4a3653fdb503292bcdc6663a1045574db7dadffa
C:\Plugin\BioNexus\review\spatialwarrant-run-01\09_liana_literature\S6-run-01\retry1\requests\uniprot\gene-01-IGLL5.request.json,07ac4573036e38c981ac6532a30c18aa432924fdce7817c9f85f88031859bc89
C:\Plugin\BioNexus\review\spatialwarrant-run-01\09_liana_literature\S6-run-01\retry1\requests\uniprot\gene-02-RAB6C.request.json,7f4c4bef00811354b59cf7963c5f77ce8872a63374c6fc0953d4d9c31669b237
C:\Plugin\BioNexus\review\spatialwarrant-run-01\09_liana_literature\S6-run-01\retry1\requests\uniprot\gene-03-P2RY13.request.json,853e901ba4b6c38e7366a4679a4e3332768ca0c473b4d93e3d43459984bfcbb7
C:\Plugin\BioNexus\review\spatialwarrant-run-01\09_liana_literature\S6-run-01\retry1\requests\uniprot\gene-04-TRG-AS1.request.json,1da3e4a2d7e3524868bc8c7e687caaa9b18fb6edde8c6dcf61400e6041d86137
C:\Plugin\BioNexus\review\spatialwarrant-run-01\09_liana_literature\S6-run-01\retry1\requests\uniprot\gene-05-AC116913.1.request.json,35f854ebe17dc836b6959f80ca33d9363e7faced4e7b7aa369f0f8d58a3859d0
C:\Plugin\BioNexus\review\spatialwarrant-run-01\09_liana_literature\S6-run-01\retry1\requests\uniprot\gene-06-LINC01144.request.json,bd63283233e8ba4259dc46d785c40acf39dc6219e8c1c685fbcdf16ee6d773ad
C:\Plugin\BioNexus\review\spatialwarrant-run-01\09_liana_literature\S6-run-01\retry1\requests\uniprot\gene-07-GRK4.request.json,396ee52315935bf425803f685b8f1d6c8f2ea40b79bc17655eaedee429f6c34c
C:\Plugin\BioNexus\review\spatialwarrant-run-01\09_liana_literature\S6-run-01\retry1\requests\uniprot\gene-08-HEY2.request.json,9c8ed975c7d00187e8b77517dc4ec3277968b18cdf3e1ac416d70392f06e5a4d
C:\Plugin\BioNexus\review\spatialwarrant-run-01\09_liana_literature\S6-run-01\retry1\requests\uniprot\gene-09-FOXO6.request.json,0c5034944da9440751daf104fc1ee12c7c638d4b7d849c60d3d8096cc4b0c831
C:\Plugin\BioNexus\review\spatialwarrant-run-01\09_liana_literature\S6-run-01\retry1\requests\uniprot\gene-10-MYO10.request.json,04bf5f2e978e441de6e339798d31da035d92cf62628e8d658a7645cd65459ccc
C:\Plugin\BioNexus\review\spatialwarrant-run-01\09_liana_literature\S6-run-01\retry1\requests\uniprot\gene-11-ZNF829.request.json,21a5cfc74693fbb6f09e1f8039e915820d20df3731e07905ab40f0422a5b3d48
C:\Plugin\BioNexus\review\spatialwarrant-run-01\09_liana_literature\S6-run-01\retry1\requests\uniprot\gene-12-PTHLH.request.json,2e1ad6e9c61537a17cf6fd816ce5b0f07805f71629ba84722d2dc95bdbb98b9f
C:\Plugin\BioNexus\review\spatialwarrant-run-01\09_liana_literature\S6-run-01\retry1\requests\uniprot\gene-13-AZIN1-AS1.request.json,65e6570e0a54a7c6e284a0ae741b0b6830460f9289cab54ed79ba867139ac08f
C:\Plugin\BioNexus\review\spatialwarrant-run-01\09_liana_literature\S6-run-01\retry1\requests\uniprot\gene-14-LIFR-AS1.request.json,75b04f4a156ec60caa498adcaee2d762528b2dcbf93c33621c2dc97bd83ceaa2
C:\Plugin\BioNexus\review\spatialwarrant-run-01\09_liana_literature\S6-run-01\retry1\requests\uniprot\gene-15-LINC01489.request.json,bc3d3edbb6ff44f70c3c7471da1a48def6388d5e893cc0376d2d6261962612ba
C:\Plugin\BioNexus\review\spatialwarrant-run-01\09_liana_literature\S6-run-01\retry1\requests\uniprot\gene-16-THAP10.request.json,bead560ce0bd57bb5ae82090dd7d40c642a17823429c5f12665e677891f4dc00
C:\Plugin\BioNexus\review\spatialwarrant-run-01\09_liana_literature\S6-run-01\retry1\requests\uniprot\gene-17-DENND4C.request.json,9541615d2207d600257d8e33462f6d33d363368290f7d3f460b7c2251c54d042
C:\Plugin\BioNexus\review\spatialwarrant-run-01\09_liana_literature\S6-run-01\retry1\requests\uniprot\gene-18-MACC1.request.json,034ff5c86c944dd613b309bf309c8d848264b37c402ed74fd62d6bfaa1b3d008
C:\Plugin\BioNexus\review\spatialwarrant-run-01\09_liana_literature\S6-run-01\retry1\requests\uniprot\gene-19-IGLC3.request.json,6d4c8437831688e5d03e6c5481c8c36bed5cc1352864fb688fed58aa224b044b
C:\Plugin\BioNexus\review\spatialwarrant-run-01\09_liana_literature\S6-run-01\retry1\requests\uniprot\gene-20-DMD.request.json,d50fe9cbd73c2a53d613196ec57c6cb2d81a9dac805a41d9964bbb7488b435df
C:\Plugin\BioNexus\review\spatialwarrant-run-01\09_liana_literature\S6-run-01\retry1\requests\uniprot\liana_interaction-01-MIF_CD74_CXCR4.request.json,a62820c89227667bd6d8b5d7fc1056840aab2022fcf446baa7d376d770024c48
C:\Plugin\BioNexus\review\spatialwarrant-run-01\09_liana_literature\S6-run-01\retry1\requests\uniprot\liana_interaction-02-MIF_CD74_CXCR4.request.json,3ca1c68f56a3a49183c45dd7cb9211bb5d7fbc18645bf721175f48db1d4def01
C:\Plugin\BioNexus\review\spatialwarrant-run-01\09_liana_literature\S6-run-01\retry1\requests\uniprot\liana_interaction-03-MIF_CD74_CXCR4.request.json,958a1abcb22eecb64ebf7e3050b2ab7ea974542ceeeab4aecbb8004f51fafb92
C:\Plugin\BioNexus\review\spatialwarrant-run-01\09_liana_literature\S6-run-01\retry1\requests\uniprot\liana_interaction-04-MIF_CD74_CXCR4.request.json,a14c4741372b7606978d3e890d0039660bc188a095ff395120a23276bf06c656
C:\Plugin\BioNexus\review\spatialwarrant-run-01\09_liana_literature\S6-run-01\retry1\requests\uniprot\liana_interaction-05-MIF_CD74_CXCR4.request.json,5a50da6ca7804e2637b508181624c6147d0135fbf2a23c7b6d9d4fe4f0cbbec5
C:\Plugin\BioNexus\review\spatialwarrant-run-01\09_liana_literature\S6-run-01\retry1\requests\uniprot\liana_interaction-06-MIF_CD74_CXCR4.request.json,911265a6d578b22dbd2307d8a883cf99b8f7e4387d5e422dc9cd1cc39b2ded65
C:\Plugin\BioNexus\review\spatialwarrant-run-01\09_liana_literature\S6-run-01\retry1\requests\uniprot\liana_interaction-07-MIF_CD74_CXCR4.request.json,180c35d14635102c4cf131277ad2e43371688813411043614d9aa5628ce1f00a
C:\Plugin\BioNexus\review\spatialwarrant-run-01\09_liana_literature\S6-run-01\retry1\requests\uniprot\liana_interaction-08-MIF_CD74_CXCR4.request.json,d32b05779f6067fc98db67504f4dd5b16c78ecf3e73b30cc00fb3688b342e113
C:\Plugin\BioNexus\review\spatialwarrant-run-01\09_liana_literature\S6-run-01\retry1\requests\uniprot\liana_interaction-09-MIF_CD74_CXCR4.request.json,06f860afe5cd2984572070de1cbaefe9a68eefff7127683354ab3d9c269856d7
C:\Plugin\BioNexus\review\spatialwarrant-run-01\09_liana_literature\S6-run-01\retry1\requests\uniprot\liana_interaction-10-MIF_CD74_CXCR4.request.json,ce14e06c7bd73294c922fa5e0411645be384b8a6c1470d19242d63e3322698a7
C:\Plugin\BioNexus\review\spatialwarrant-run-01\09_liana_literature\S6-run-01\retry1\requests\uniprot\prespecified-01-CXCL9_CXCR3.request.json,289eec5b516594306a6b28ab66cf1a38a7c3873f1267ff5091ec73da6c3bb122
C:\Plugin\BioNexus\review\spatialwarrant-run-01\09_liana_literature\S6-run-01\retry1\requests\uniprot\prespecified-02-CXCL10_CXCR3.request.json,6dfbfc43ce5862936ac10817a3d0f9783d08c448a5a2e6f47090bf2a89a83f7c
C:\Plugin\BioNexus\review\spatialwarrant-run-01\09_liana_literature\S6-run-01\retry1\requests\uniprot\prespecified-03-CD274_PDCD1.request.json,887f7e6ec868d28065e17c35d1606ae8e5d94cf9b5e44dff21cad32f897018ed
C:\Plugin\BioNexus\review\spatialwarrant-run-01\09_liana_literature\S6-run-01\retry1\requests\uniprot\prespecified-04-TGFB1_TGFBR1_TGFBR2.request.json,8b8f8ceacec9e611c75603216f951289d41b980f2973398aeb8343ca90ba600d
C:\Plugin\BioNexus\review\spatialwarrant-run-01\09_liana_literature\S6-run-01\retry1\requests\uniprot\prespecified-05-SPP1_CD44.request.json,f15a3502dd6901e57554b9c0865e60a044e417bd6050d0dde98758373302478d
C:\Plugin\BioNexus\review\spatialwarrant-run-01\09_liana_literature\S6-run-01\retry1\requests\uniprot\prespecified-06-HALLMARK_INTERFERON_GAMMA_RESPONSE.request.json,e41419b21feb15f80c58a6bda9a1e5578e702843cbdcdcde4c9afe86bb9ea000
C:\Plugin\BioNexus\review\spatialwarrant-run-01\09_liana_literature\S6-run-01\retry1\responses\string\gene-01-IGLL5.wrapper.json,096817e861962d361bb9d3cf247d9268ba23cba104d0488b91ab771ae1a29875
C:\Plugin\BioNexus\review\spatialwarrant-run-01\09_liana_literature\S6-run-01\retry1\responses\string\gene-02-RAB6C.wrapper.json,eecd513faf677e0361616c60eb443bf41d91a00c1d0ae019813b3872c62a5e07
C:\Plugin\BioNexus\review\spatialwarrant-run-01\09_liana_literature\S6-run-01\retry1\responses\string\gene-03-P2RY13.wrapper.json,31f735aafae4691948cc8ee3898b9cc1cc2377654551760cfb299b8d85259952
C:\Plugin\BioNexus\review\spatialwarrant-run-01\09_liana_literature\S6-run-01\retry1\responses\string\gene-04-TRG-AS1.wrapper.json,3925232fe1ddae4c9affcdba4d2c4a59e31b5e6185f7f1e621439b41b34aad89
C:\Plugin\BioNexus\review\spatialwarrant-run-01\09_liana_literature\S6-run-01\retry1\responses\string\gene-05-AC116913.1.wrapper.json,366d654451585e36e858f50d2880f40a55f0af25d65a655ec4e59c5722e38fc5
C:\Plugin\BioNexus\review\spatialwarrant-run-01\09_liana_literature\S6-run-01\retry1\responses\string\gene-06-LINC01144.wrapper.json,539b83f1010b55076088a846fefe14ea6d63b7b1de7b5247a5f211dcc70817dd
C:\Plugin\BioNexus\review\spatialwarrant-run-01\09_liana_literature\S6-run-01\retry1\responses\string\gene-07-GRK4.wrapper.json,77ff61f5d92f3fb0cbc92d1b6fb26760c6f00df321efc5ff85cba85b872d701c
C:\Plugin\BioNexus\review\spatialwarrant-run-01\09_liana_literature\S6-run-01\retry1\responses\string\gene-08-HEY2.wrapper.json,8b7b903a24c4f7d2e8be93998493ca770757f79aebd36b771e995b5cd451b86c
C:\Plugin\BioNexus\review\spatialwarrant-run-01\09_liana_literature\S6-run-01\retry1\responses\string\gene-09-FOXO6.wrapper.json,ba956df9716ba64ad24b2da74cae34f85b415acc29f06a113954fcc34f54f45b
C:\Plugin\BioNexus\review\spatialwarrant-run-01\09_liana_literature\S6-run-01\retry1\responses\string\gene-10-MYO10.wrapper.json,44308c21a574e612edb4d78460464e91301e3deaf8ded6410c3590ff798b71af
C:\Plugin\BioNexus\review\spatialwarrant-run-01\09_liana_literature\S6-run-01\retry1\responses\string\gene-11-ZNF829.wrapper.json,a7dc15265da1f035c287832ffbd8412c8bbc0cdef84568b24cf3534c3e2b7086
C:\Plugin\BioNexus\review\spatialwarrant-run-01\09_liana_literature\S6-run-01\retry1\responses\string\gene-12-PTHLH.wrapper.json,f2c02209084d548da3821a48175cf650b8cdd354896d4dd0f91d5dc1d4f60baa
C:\Plugin\BioNexus\review\spatialwarrant-run-01\09_liana_literature\S6-run-01\retry1\responses\string\gene-13-AZIN1-AS1.wrapper.json,1031fd485a16f1ab8e36b39e0d0b0316aa568dfcab2414b316a358661950a235
C:\Plugin\BioNexus\review\spatialwarrant-run-01\09_liana_literature\S6-run-01\retry1\responses\string\gene-14-LIFR-AS1.wrapper.json,00b1b0737052be52d36dc15186d086ef5af490c5c710f17ee22fcc2c32c1dfe9
C:\Plugin\BioNexus\review\spatialwarrant-run-01\09_liana_literature\S6-run-01\retry1\responses\string\gene-15-LINC01489.wrapper.json,9dda9d499c96ed9d152ba7761f591d039618ff3465979cbc4a1552d6e5ce2b4f
C:\Plugin\BioNexus\review\spatialwarrant-run-01\09_liana_literature\S6-run-01\retry1\responses\string\gene-16-THAP10.wrapper.json,d8b9d08b3821ac54c48f207b8bcc16292ec4cf9e34bd1feb26773771770a9058
C:\Plugin\BioNexus\review\spatialwarrant-run-01\09_liana_literature\S6-run-01\retry1\responses\string\gene-17-DENND4C.wrapper.json,4a9c59670a6ebd7a434b95cee88cd5ba72884272094a6f0f399d37b678cbedb4
C:\Plugin\BioNexus\review\spatialwarrant-run-01\09_liana_literature\S6-run-01\retry1\responses\string\gene-18-MACC1.wrapper.json,f2f464d733c3913af75d0179ede32ec6be381267d6ccbd32a7b9f3c3d7e46e6c
C:\Plugin\BioNexus\review\spatialwarrant-run-01\09_liana_literature\S6-run-01\retry1\responses\string\gene-19-IGLC3.wrapper.json,bf4c2efbe1f4503e0d1dcef8268d2206af15dba8aac4d87830c1786899195a35
C:\Plugin\BioNexus\review\spatialwarrant-run-01\09_liana_literature\S6-run-01\retry1\responses\string\gene-20-DMD.wrapper.json,4516c72f24631909454a30c82239cea3b8205ca4f914905ff6b9884a80d4774f
C:\Plugin\BioNexus\review\spatialwarrant-run-01\09_liana_literature\S6-run-01\retry1\responses\string\liana_interaction-01-MIF_CD74_CXCR4.wrapper.json,718b9bd7ba25b6cb0354cfa01efa0da67fe28960098b18bf9d5bd76b16e534f6
C:\Plugin\BioNexus\review\spatialwarrant-run-01\09_liana_literature\S6-run-01\retry1\responses\string\liana_interaction-02-MIF_CD74_CXCR4.wrapper.json,d714ef97945fa9b8003708c05a814a254b1b4d95c3d702f952ca4405d915e219
C:\Plugin\BioNexus\review\spatialwarrant-run-01\09_liana_literature\S6-run-01\retry1\responses\string\liana_interaction-03-MIF_CD74_CXCR4.wrapper.json,5ae3084bceb37e37d6e872051ac34a3855e11ac1ecb8551188c54b9f571ef051
C:\Plugin\BioNexus\review\spatialwarrant-run-01\09_liana_literature\S6-run-01\retry1\responses\string\liana_interaction-04-MIF_CD74_CXCR4.wrapper.json,2e5586c07f0dacb5aa9eda8bd7319a23d5ce84d1c571117468d628041d8010fd
C:\Plugin\BioNexus\review\spatialwarrant-run-01\09_liana_literature\S6-run-01\retry1\responses\string\liana_interaction-05-MIF_CD74_CXCR4.wrapper.json,ad03d51c9610c33802a9bec395a67412688ad2d9d2103db11f67448bebd32171
C:\Plugin\BioNexus\review\spatialwarrant-run-01\09_liana_literature\S6-run-01\retry1\responses\string\liana_interaction-06-MIF_CD74_CXCR4.wrapper.json,52f1d4e906c63a85cc5dd0fac8aded2e6401ac92d917e6d9914143f65d8bf6f8
C:\Plugin\BioNexus\review\spatialwarrant-run-01\09_liana_literature\S6-run-01\retry1\responses\string\liana_interaction-07-MIF_CD74_CXCR4.wrapper.json,7f8147e3d5ec935bbf6626994e24708cb08e5c944b569822297c8c0a77792bca
C:\Plugin\BioNexus\review\spatialwarrant-run-01\09_liana_literature\S6-run-01\retry1\responses\string\liana_interaction-08-MIF_CD74_CXCR4.wrapper.json,bdde0af01b6574165130915ffd7467ff32cec20fdaf59d5adced8e9ebfd613fc
C:\Plugin\BioNexus\review\spatialwarrant-run-01\09_liana_literature\S6-run-01\retry1\responses\string\liana_interaction-09-MIF_CD74_CXCR4.wrapper.json,3922290b561b50da5f812d6be6c7e1d8dc892fcccf76b7797017ad0a0c65e246
C:\Plugin\BioNexus\review\spatialwarrant-run-01\09_liana_literature\S6-run-01\retry1\responses\string\liana_interaction-10-MIF_CD74_CXCR4.wrapper.json,88299a4395c7bec313f325503f00e1531514ab355adba2a96466947c1c35c55c
C:\Plugin\BioNexus\review\spatialwarrant-run-01\09_liana_literature\S6-run-01\retry1\responses\string\prespecified-01-CXCL9_CXCR3.wrapper.json,fc7e0be691400b78ac6f1042ff4ff6c782a1c614329108be07d29418d84e40eb
C:\Plugin\BioNexus\review\spatialwarrant-run-01\09_liana_literature\S6-run-01\retry1\responses\string\prespecified-02-CXCL10_CXCR3.wrapper.json,86be2bc0a2820137cfd8e50adddac9f58bc0ebe640c8d804bff4b8041fb4915d
C:\Plugin\BioNexus\review\spatialwarrant-run-01\09_liana_literature\S6-run-01\retry1\responses\string\prespecified-03-CD274_PDCD1.wrapper.json,371e37ef66466a9505d4d3d32a329598bc2297cd869ffbc97594a4cb8f1841b2
C:\Plugin\BioNexus\review\spatialwarrant-run-01\09_liana_literature\S6-run-01\retry1\responses\string\prespecified-04-TGFB1_TGFBR1_TGFBR2.wrapper.json,08ba54374b03102c111ac8405aeda9c9818b6c144990bf5f5d4fbabf1110141e
C:\Plugin\BioNexus\review\spatialwarrant-run-01\09_liana_literature\S6-run-01\retry1\responses\string\prespecified-05-SPP1_CD44.wrapper.json,609a383034862d5e3665d6bec0f073012c0638b48491656ffcfaeb0be5893160
C:\Plugin\BioNexus\review\spatialwarrant-run-01\09_liana_literature\S6-run-01\retry1\responses\string\prespecified-06-HALLMARK_INTERFERON_GAMMA_RESPONSE.wrapper.json,d0136ceb0b87580df0234663ac3e1591526fa7d3db23629726490e0f3ed19599
C:\Plugin\BioNexus\review\spatialwarrant-run-01\09_liana_literature\S6-run-01\retry1\responses\uniprot\gene-01-IGLL5.wrapper.json,b18b7e4f9e2b625d93faabe53d6f51b50efea9c585a076fc495724389a3e4957
C:\Plugin\BioNexus\review\spatialwarrant-run-01\09_liana_literature\S6-run-01\retry1\responses\uniprot\gene-02-RAB6C.wrapper.json,4a2b0729f98df60d647e230ef26ddaac5bd0a437e63f7f9e0249961d145633c4
C:\Plugin\BioNexus\review\spatialwarrant-run-01\09_liana_literature\S6-run-01\retry1\responses\uniprot\gene-03-P2RY13.wrapper.json,60ba2d4a8bfc61797fec18a159c8d89fafeac3b8f704d0b70ca3f3b84c4bedff
C:\Plugin\BioNexus\review\spatialwarrant-run-01\09_liana_literature\S6-run-01\retry1\responses\uniprot\gene-04-TRG-AS1.wrapper.json,79f0c173c29c91d941b695c9619d32ba65d4be14e47719942a4563b8fcd3d6b7
C:\Plugin\BioNexus\review\spatialwarrant-run-01\09_liana_literature\S6-run-01\retry1\responses\uniprot\gene-05-AC116913.1.wrapper.json,63b59ef3867d3be1f3802ab03e60228ab839186eeaa349defbd994bd51ddf832
C:\Plugin\BioNexus\review\spatialwarrant-run-01\09_liana_literature\S6-run-01\retry1\responses\uniprot\gene-06-LINC01144.wrapper.json,4881b8c67be937eb248e48cb29c6a09131b9c2ef4573fd9e3f2037530d31eaab
C:\Plugin\BioNexus\review\spatialwarrant-run-01\09_liana_literature\S6-run-01\retry1\responses\uniprot\gene-07-GRK4.wrapper.json,6d9071d52879db4d168d0e1e937da512e704aaf144cb3b4ec8a2acbff106c7ef
C:\Plugin\BioNexus\review\spatialwarrant-run-01\09_liana_literature\S6-run-01\retry1\responses\uniprot\gene-08-HEY2.wrapper.json,c982d25aec2116f42347c0b04c372ecd4cbb7b72d0489b41c422e0c88e8005bb
C:\Plugin\BioNexus\review\spatialwarrant-run-01\09_liana_literature\S6-run-01\retry1\responses\uniprot\gene-09-FOXO6.wrapper.json,67155d19f7e746c6400de70f3ac2db5a9dafb954d32e577894c19c3f07f3ae64
C:\Plugin\BioNexus\review\spatialwarrant-run-01\09_liana_literature\S6-run-01\retry1\responses\uniprot\gene-10-MYO10.wrapper.json,deccd8c84894b38d9bae00b7b8a29e70e09ccc34971d4e1eaa5c234757cf67ef
C:\Plugin\BioNexus\review\spatialwarrant-run-01\09_liana_literature\S6-run-01\retry1\responses\uniprot\gene-11-ZNF829.wrapper.json,8a3b2c4a3860210a89e04feb6cc5d0eb8187e0696c118a2e19667dfed6a79b97
C:\Plugin\BioNexus\review\spatialwarrant-run-01\09_liana_literature\S6-run-01\retry1\responses\uniprot\gene-12-PTHLH.wrapper.json,f49498ec2bb97aeaf81e751f5598347c0c7c1e694152ba6f4be04cf59d46f73c
C:\Plugin\BioNexus\review\spatialwarrant-run-01\09_liana_literature\S6-run-01\retry1\responses\uniprot\gene-13-AZIN1-AS1.wrapper.json,6dfcd5632476bb5869d12a22e7e15808567ce6ebc5ab111a42ad03362ca46829
C:\Plugin\BioNexus\review\spatialwarrant-run-01\09_liana_literature\S6-run-01\retry1\responses\uniprot\gene-14-LIFR-AS1.wrapper.json,16a6f037cd4f7a04d56ca7b0bde58d45b2858fe28000d5dcc68d6c6b1b09306e
C:\Plugin\BioNexus\review\spatialwarrant-run-01\09_liana_literature\S6-run-01\retry1\responses\uniprot\gene-15-LINC01489.wrapper.json,6180744ec2c0b957dd5f563cac335e6d01655cd34c64c0a05e00b417e5b61432
C:\Plugin\BioNexus\review\spatialwarrant-run-01\09_liana_literature\S6-run-01\retry1\responses\uniprot\gene-16-THAP10.wrapper.json,a4afeb9d7e5bd2f4e0dc6a9f8bc5ea4d844563364092dfddf94bccfa66cc91f2
C:\Plugin\BioNexus\review\spatialwarrant-run-01\09_liana_literature\S6-run-01\retry1\responses\uniprot\gene-17-DENND4C.wrapper.json,80c0af82f5be3097932b80835689e0bca0d9cc939ee266b8939d66d6913f3c08
C:\Plugin\BioNexus\review\spatialwarrant-run-01\09_liana_literature\S6-run-01\retry1\responses\uniprot\gene-18-MACC1.wrapper.json,e2f70e7b89ee27451fc1d6494c010c2541f3493154914315cf6258b7629a8f32
C:\Plugin\BioNexus\review\spatialwarrant-run-01\09_liana_literature\S6-run-01\retry1\responses\uniprot\gene-19-IGLC3.wrapper.json,7677d3252591e7dc8589b785b07ab4955ef7ffbcbb8322a8b8fecedf631ec60e
C:\Plugin\BioNexus\review\spatialwarrant-run-01\09_liana_literature\S6-run-01\retry1\responses\uniprot\gene-20-DMD.wrapper.json,8568ae1a6413dadb965da6597157961075ec1c91a4b6cdaece04fb79cc037d66
C:\Plugin\BioNexus\review\spatialwarrant-run-01\09_liana_literature\S6-run-01\retry1\responses\uniprot\liana_interaction-01-MIF_CD74_CXCR4.wrapper.json,6f8b10b476a23267ad7f62ad778a92b159a1002adb095ecb667f06eecf9042f8
C:\Plugin\BioNexus\review\spatialwarrant-run-01\09_liana_literature\S6-run-01\retry1\responses\uniprot\liana_interaction-02-MIF_CD74_CXCR4.wrapper.json,b9b7232fa0c0999142cab956cc4f88bb823ee68f81612c83f61192cd4df6d897
C:\Plugin\BioNexus\review\spatialwarrant-run-01\09_liana_literature\S6-run-01\retry1\responses\uniprot\liana_interaction-03-MIF_CD74_CXCR4.wrapper.json,e61dc330aab0ad84dcb5fb42d3b0343e6c976abf0e766e405b7c965ea5690932
C:\Plugin\BioNexus\review\spatialwarrant-run-01\09_liana_literature\S6-run-01\retry1\responses\uniprot\liana_interaction-04-MIF_CD74_CXCR4.wrapper.json,973cc5ba5d95e4e6eee20691b8890f957672779126e1f35733efa112b955e3d8
C:\Plugin\BioNexus\review\spatialwarrant-run-01\09_liana_literature\S6-run-01\retry1\responses\uniprot\liana_interaction-05-MIF_CD74_CXCR4.wrapper.json,ad90527e7914df79f9ea9707fa4d27d94df1c49cd25eceb91cca6f6f25bbdc1c
C:\Plugin\BioNexus\review\spatialwarrant-run-01\09_liana_literature\S6-run-01\retry1\responses\uniprot\liana_interaction-06-MIF_CD74_CXCR4.wrapper.json,30d55a80c54f0847c137ff86885c7f69e931af907c9b03ddd67f70dac2e38c71
C:\Plugin\BioNexus\review\spatialwarrant-run-01\09_liana_literature\S6-run-01\retry1\responses\uniprot\liana_interaction-07-MIF_CD74_CXCR4.wrapper.json,60f09e45ea2a5544519619f5f25e05d98b8fa0e5d2faf14eaa18ab0d926c4ab0
C:\Plugin\BioNexus\review\spatialwarrant-run-01\09_liana_literature\S6-run-01\retry1\responses\uniprot\liana_interaction-08-MIF_CD74_CXCR4.wrapper.json,c136b67002ef5b7dc8181e566e598f5d8f83887e423abd83c44452f8b8d95dd3
C:\Plugin\BioNexus\review\spatialwarrant-run-01\09_liana_literature\S6-run-01\retry1\responses\uniprot\liana_interaction-09-MIF_CD74_CXCR4.wrapper.json,593246f8dd2504b6d9942d0f29adf9ce34ae80a3e892b735dc4880801190f1ab
C:\Plugin\BioNexus\review\spatialwarrant-run-01\09_liana_literature\S6-run-01\retry1\responses\uniprot\liana_interaction-10-MIF_CD74_CXCR4.wrapper.json,4a2ce19756950a8fe8c27b7e67d24d6e346e3ff0e44909ff963c00e56069d6d0
C:\Plugin\BioNexus\review\spatialwarrant-run-01\09_liana_literature\S6-run-01\retry1\responses\uniprot\prespecified-01-CXCL9_CXCR3.wrapper.json,2c1807f5cfc9e6ebbcb5b2c7827330f638361b643cbfd03ac26b5d58d389ea72
C:\Plugin\BioNexus\review\spatialwarrant-run-01\09_liana_literature\S6-run-01\retry1\responses\uniprot\prespecified-02-CXCL10_CXCR3.wrapper.json,399a55ec805841c8017b6509b135f78fab7137f05fc95e0d5f058bb792167efb
C:\Plugin\BioNexus\review\spatialwarrant-run-01\09_liana_literature\S6-run-01\retry1\responses\uniprot\prespecified-03-CD274_PDCD1.wrapper.json,8254889914e29723e7ab88493986aa8ed9c480066190a9963c1c9775e5617c95
C:\Plugin\BioNexus\review\spatialwarrant-run-01\09_liana_literature\S6-run-01\retry1\responses\uniprot\prespecified-04-TGFB1_TGFBR1_TGFBR2.wrapper.json,fd430710d9a324c708f174b80afe7a050871e8019e4a26d0fc2695d47f688beb
C:\Plugin\BioNexus\review\spatialwarrant-run-01\09_liana_literature\S6-run-01\retry1\responses\uniprot\prespecified-05-SPP1_CD44.wrapper.json,6628f21b97d9b286da8f718d1a4bebe7e1a1d029b90328dccf744aba7bc516bb
C:\Plugin\BioNexus\review\spatialwarrant-run-01\09_liana_literature\S6-run-01\retry1\responses\uniprot\prespecified-06-HALLMARK_INTERFERON_GAMMA_RESPONSE.wrapper.json,8b9c1553d27cc5f929c6350513ff1b7a5598b884e3286652db8c710aaebebc63
C:\Plugin\BioNexus\review\spatialwarrant-run-01\09_liana_literature\S6-run-01\run_s6_external_queries.py,a0e826c711c2b8b8c7c067c17662427e6c665a1b5f6fe644220d9c6becdf30d3
C:\Plugin\BioNexus\review\spatialwarrant-run-01\09_liana_literature\S6-run-01\run_s6_raw_top20_queries.py,333ca8ebf5a2e63f277b32e0d1e76dc542b721b5c9fc5f03990993e68ccf076a
C:\Plugin\BioNexus\review\spatialwarrant-run-01\09_liana_literature\S6-run-01\run_spatialwarrant_s6.py,2346bb637436ed84f69333fc49f18d36753ad9987fb2d1b4885a7d2c159408e2
C:\Plugin\BioNexus\review\spatialwarrant-run-01\09_liana_literature\S6-run-01\S6-checkpoint.md,be73e50a5910647d9b002072972f052b9b453df10eee3983e94af4c3e92ad813
C:\Plugin\BioNexus\review\spatialwarrant-run-01\09_liana_literature\S6-run-01\S6-local-result.json,3fde40339554fdd433642f34bbb773f1dc9b2c09fc5b87557ba81c24840dd4e8
C:\Plugin\BioNexus\review\spatialwarrant-run-01\09_liana_literature\S6-run-01\S6-result.json,5014c658007e723feb6a44d632df56ab0b960357acaefe9f7abd10de472832d0
C:\Plugin\BioNexus\review\spatialwarrant-run-01\09_liana_literature\S6-run-01\SHA256SUMS.local.txt,e003b7b1a3437b4ac9327d8ec34294ecc2b1ce194254706ca1a01fa52a4d0ba3
C:\Plugin\BioNexus\review\spatialwarrant-run-01\09_liana_literature\S6-run-01\stderr.log,5df9b19d1fcd63e1b0889349960f7b57f2b357c061c6636061b2ef87aa3f8650
C:\Plugin\BioNexus\review\spatialwarrant-run-01\09_liana_literature\S6-run-01\stdout.log,5436a619dd7b39c02bb5a6eabfb30267f44802a647da5b75dc7168b8b16e7a4b
C:\Plugin\BioNexus\review\spatialwarrant-run-01\09_liana_literature\S6-run-01\top20-descriptive-genes-for-external-evidence.csv,feca74dcda144a011e67c3daae200aa605920f8c7d239879eeb6ab205a9f8981
C:\Plugin\BioNexus\review\spatialwarrant-run-01\09_liana_literature\S6-run-01\top20-descriptive-genes-for-external-evidence.raw-source-v2.csv,feca74dcda144a011e67c3daae200aa605920f8c7d239879eeb6ab205a9f8981
C:\Plugin\BioNexus\review\spatialwarrant-run-01\09_liana_literature\S6-run-01\SHA256SUMS.txt,a2f4f8b43f2abbd51fb633d7fc37bcf37f0f01e948926971e15fc35d5e142944
C:\Plugin\BioNexus\review\spatialwarrant-revised-design\CLAIMS_PREREGISTERED.csv,552fa77e9ba76fd83e6b000677cd322f4b64ea4c6c4ab46e45ea97e81f0736e3
