gene,baseMean,log2FoldChange,lfcSE,stat,pvalue
MALAT1,73086.44629229375,0.0491272175567909,0.0210489463962981,2.333951383211794,0.0195982677489523
FTH1,116413.86610458922,-0.8968299337836758,0.0728728754239011,-12.30677297371376,8.328719087613732e-35
FTL,58623.01510573471,-0.3802274491219563,0.0808323825298277,-4.703900061112881,2.55238222140882e-06
B2M,50817.22659973717,0.5501893431848771,0.0376880286875922,14.59851741638086,2.8701930770669526e-48
TMSB4X,36766.301840486165,-0.1514724305545023,0.0565911526387207,-2.676609743602607,0.0074371205163122
ISG15,21233.25598357668,6.508088212711684,0.3208138962795908,20.286179271485967,1.7032908741115338e-91
HLA-B,10627.991638830734,0.5721290883794378,0.0459332895749809,12.455652396624044,1.3028173531302577e-35
CXCL10,11880.60814929837,7.079007182638558,0.2900837856308433,24.403319086738637,1.5769194776607073e-131
TIMP1,11454.027309442885,-0.9700399781688916,0.0923733192235616,-10.501300443921508,8.519821050954157e-26
RPS2,9451.458231965626,-0.267655458519019,0.0386838650968219,-6.919046425405096,4.5469384827136974e-12
RPL10,9294.341839435028,-0.4432027528593772,0.0457141320526427,-9.695092807383968,3.163499401968688e-22
ACTB,8207.35973885309,-1.0134355605101155,0.0555754484154892,-18.235310544568883,2.707120025197805e-74
RPL13,9094.150050580603,-0.1565587359881581,0.0523968918187792,-2.9879393710916062,0.0028086526493471
RPS18,8560.181501228817,0.0366668212889965,0.0473559309968573,0.7742815000602545,0.4387643413578699
CCL2,8568.794289332942,2.076557332602486,0.2060816852821145,10.076379809102365,7.02675011153553e-24
RPS6,7639.028777350342,-0.3668115973779756,0.0751252956316675,-4.882664278306727,1.0466197936953446e-06
RPL13A,7377.43908770193,-0.2341097259633514,0.0488307640942798,-4.794308061846933,1.632372669263478e-06
RPLP1,7301.34641218895,0.0346845394129622,0.0282611128816417,1.22728852038566,0.2197141687173123
RPS19,7298.829768313652,0.0102427191009997,0.0424421521342403,0.2413336408720041,0.8092965396313532
RPS4X,7208.1573156496015,-0.3027968167460853,0.0538463346612122,-5.623350570678717,1.872887757796391e-08
RPL3,7113.524059042816,-0.4041688381230861,0.0547710719920368,-7.37923913889887,1.5919666572185226e-13
RPL21,6822.136520561724,-0.1991783646530069,0.0605005851373673,-3.292172533551039,0.0009941660069877
HLA-DRA,6360.41028798086,-0.3502060196712195,0.0654172824069845,-5.353417427102233,8.630843031846331e-08
RPS14,6442.631997732758,-0.0108922481916755,0.054705973710732,-0.1991052796038391,0.8421803913881525
HLA-A,5470.988533069931,0.4902332922890589,0.0480424629421086,10.204166528260464,1.899449297496282e-24
RPL32,6003.941419819034,0.022644402327309,0.0476708738956365,0.4750154649332282,0.6347759504636913
RPS3,5950.01842724175,-0.3102243161425021,0.0497091699788132,-6.240786484158231,4.35376207887581e-10
CD74,4948.301312284546,0.1321338378383361,0.0692922126379607,1.906907469223294,0.0565325707884845
CCL8,5948.022792860118,9.878505067988057,0.4870863997744294,20.28080659316871,1.8999023267204402e-91
RPL11,5490.298963580446,-0.1351772216513579,0.0526676750804447,-2.5666069642316245,0.0102698945136558
SAT1,4950.465851266713,1.5140539282957255,0.080759642733748,18.747655104014324,2.0231709760523357e-78
HLA-C,5152.475017539559,0.7059572851138338,0.0542017064941687,13.024632078508152,8.86272421171969e-39
SOD2,5237.949529439988,0.6886227803213838,0.1373041149394804,5.015310579911669,5.294786583402803e-07
RPS27A,5293.355517996677,-0.1377758070846986,0.0585619123762705,-2.3526521162673952,0.0186400638966823
EIF1,5220.892492569794,0.0450874678700991,0.047078594326497,0.9577063316166762,0.3382108631154257
RPL15,5219.258129278558,-0.4841758311879136,0.0644805707063098,-7.508863924191881,5.964268094734073e-14
RPL7,5201.527611432104,-0.5689936801244392,0.0681808786839301,-8.345355635003683,7.099990227835745e-17
ISG20,5016.336841005251,4.183380328572321,0.1466863238725951,28.519225365589023,6.766800667339762e-179
RPS3A,5084.0177476997815,-0.3999415913519196,0.0645465973627994,-6.196168468865264,5.785420215756837e-10
RNF213,286.7675413124573,1.9940247379959808,0.109968497199736,18.13269062297204,1.7593611723391268e-73
RPL18A,5090.741118780137,-0.1244908251583454,0.0422215157047641,-2.9485162500762234,0.0031930335227554
RPL34,4739.412535183913,-0.0594340163636312,0.050943857374118,-1.166657167853696,0.2433488466654947
RPL19,4738.627396943728,-0.1683807516039356,0.046337862357819,-3.6337617454967246,0.0002793188087311
TMSB10,4337.555293413852,1.5609808943380543,0.0658793022088689,23.69455719778267,4.103011082307737e-124
C15orf48,4942.215372651759,0.1965038626217111,0.0589630103554871,3.332663333113288,0.0008601896302565
S100A11,4451.927123450665,0.0848185413219254,0.0650909190109638,1.3030779502074432,0.1925481505931086
MBNL1,52.270741490569975,0.1500157036672807,0.1356863704211879,1.1056062830895452,0.2688969691197527
SRGN,4039.239347512724,-0.2106665854872776,0.058244585622919,-3.61692993836634,0.0002981179540261
RPL8,4271.007481128745,-0.3995346117193053,0.0411218296307185,-9.715876343713251,2.5801984973999725e-22
PFN1,4129.583488178358,-0.9494874953100532,0.0698209425043996,-13.598892556487945,4.0654261851262555e-42
PTMA,3469.1394853751017,-0.0763097963477748,0.053266352027155,-1.4326078930442316,0.1519699248131063
STAT1,290.1314166133162,2.442628753943408,0.1751335695593748,13.94723330363739,3.270480443421266e-44
RPS12,3838.4287536251095,0.145122364472656,0.049437091399962,2.935495603868949,0.003330153300459
TPT1,3341.012222821085,-0.0373488563362608,0.039113874179598,-0.9548748908064484,0.3396409689540619
PABPC1,3076.071242720125,-0.3523940830995997,0.054192568200801,-6.5026274782524665,7.89290842556617e-11
RPS9,3979.73944951994,-0.1810413968280668,0.0467380169464371,-3.873536120189793,0.0001072674999116
OAZ1,3901.52256500555,-0.5869379827626335,0.049672846533432,-11.816073040380273,3.2240600909417783e-32
MYL6,3848.703638919223,-0.4087622169861102,0.044632802162004,-9.158336406986558,5.2703494743422654e-20
APOBEC3A,3770.4034518972144,5.338040220683356,0.2818702118933376,18.937936665344832,5.55310527459117e-80
PTPRC,661.5458464972285,0.0382396487221479,0.0563412570778839,0.6787148655431476,0.4973185452509496
IFIT3,2633.6748778120577,6.5728747218281445,0.3332668051664628,19.722560482869184,1.3805927677617813e-86
LYZ,2604.601780312045,-0.1499453127306258,0.1361695997328383,-1.1011658477723012,0.270824482633359
RPS13,3679.056174432457,-0.1205881293475896,0.0607764178199516,-1.984126963600066,0.0472416879432816
RPL12,3629.4733445788697,-0.0900942355441987,0.0367109243088509,-2.454153286532126,0.0141216770365649
RPLP2,3513.0622356374483,0.1494174023734998,0.0468023451550461,3.1925195602594694,0.0014103739205845
TYROBP,3516.1289165975645,0.2248522734754552,0.0785773358257551,2.861541067949465,0.004215868806089
RPL26,3416.5970694958637,-0.2387051381573938,0.049422814180101,-4.829857265665435,1.3663095710952455e-06
RPS27,3229.841490390334,-0.0678222343479198,0.0503817801888734,-1.3461658975459947,0.1782490204475521
ARHGAP15,56.40946297660773,0.5471100997749494,0.1347030662631768,4.06160093420613,4.873733802455087e-05
ANXA1,3420.146561777411,0.5403565210410802,0.0674049314231403,8.016572521214291,1.0873673620998977e-15
RSAD2,1950.2851001263743,7.115754758160676,0.4131493207438549,17.223203333238235,1.7786552401333011e-66
SH3BGRL3,3368.075919333599,-0.733975918340059,0.044933582888763,-16.33468490943798,5.592042422404337e-60
VIM,3019.711932331679,-0.6504019489118998,0.0486032206226229,-13.38186936133121,7.71814865726497e-41
HLA-E,2262.355338359825,0.95261759889466,0.0555848839321086,17.138069408549768,7.717070427364983e-66
SMCHD1,256.8820305408241,1.7994182774945722,0.0847084655462079,21.24248463116121,3.868760499212143e-100
MAML2,16.756964239835277,0.7394177519150028,0.2113105525115977,3.499199368542752,0.0004666575120836
HBB,3421.3398803307728,-0.3609613283705371,0.8126281863782207,-0.4441900175519327,0.6569052088442624
TNFSF10,2380.252632580138,5.3823331578663165,0.2473604381857697,21.75907027551488,5.668599038998606e-105
RPS15,3242.813390806078,-0.0286309622648537,0.0474566463933802,-0.6033077438200009,0.5463039823458704
FCER1G,3255.464753562263,-0.0974322824323298,0.0807654673270045,-1.206360659535894,0.2276784579529319
GAPDH,3203.529124385299,-0.9630619828575756,0.0505828406377723,-19.039302077835803,8.059440314406657e-81
MX1,1475.5045896304543,5.327942095117014,0.3177625478212577,16.76705493346559,4.2506081144959683e-63
RPL23A,3249.1791214586046,-0.0334285229684366,0.0435402675928508,-0.7677610822475854,0.4426291395591404
HLA-DRB1,2991.102770457004,-0.1033539374285985,0.0704138390782547,-1.4678071637840358,0.142156611003022
EPSTI1,638.431655410056,3.3517289114707807,0.1663614577064407,20.147268229551088,2.84379992293751e-90
RPL9,3037.411789919922,-0.1999234623030835,0.0547098839577361,-3.654247602819379,0.0002579372597928
RPS15A,3125.217331671274,-0.0839735203394041,0.0599002392109904,-1.401889565809894,0.1609482267784043
EMP3,3108.895823155351,-0.058450267105151,0.0520011814400874,-1.1240180604837562,0.2610053642225973
RPL27A,2968.392088053293,-0.0350948390553284,0.0503809574170593,-0.6965893634138256,0.4860598143055936
S100A10,3090.3843554941013,-0.2501361389103476,0.0572378919158887,-4.370114456310224,1.2418142888368172e-05
TYMP,2725.5642669905283,1.1817204401404164,0.0870745449431975,13.57136509770224,5.920894655834315e-42
UTRN,32.91432555430406,1.354097889117175,0.1611543421546608,8.402490873113669,4.3710633526609465e-17
RPL28,2790.509796112309,0.2599083957170533,0.0330141918562767,7.872626319266964,3.472727426930401e-15
CD63,2923.166379525224,-0.2874435956095078,0.0438306707890606,-6.558046920907465,5.451705747274877e-11
RPL31,2742.257319937456,-0.0045557568104731,0.0419443596614226,-0.1086142891975823,0.9135084266681466
RPS8,2703.026347321972,-0.2424302344398285,0.058275055733826,-4.160103004399338,3.1810409847991586e-05
RPS23,2778.704439567811,-0.0564820458463061,0.0524637279736085,-1.0765923053489252,0.2816624433154396
IFIT2,1702.6272379662082,6.698910674057541,0.3405686670416256,19.66977976056375,3.914772198628359e-86
PARP14,227.88933404726745,2.4052792592113383,0.1009584253971782,23.82445298397616,1.863765106425677e-125
RPL35A,2699.1439028883915,-0.0445156806213849,0.0563788733792666,-0.789580882929733,0.4297725763833153
SP100,414.08955588230526,1.5782866773023116,0.0828986378453459,19.038752847142465,8.144392251053311e-81
NEAT1,659.9282843864216,-0.2760599173120053,0.0723659363022468,-3.81477710948147,0.0001363059056213
RPL30,2643.3326224298035,0.086674060081854,0.0460306299633786,1.8829648899181004,0.0597051262375844
IFITM3,2791.569801474762,4.977140609004555,0.3553832894870301,14.004993358547312,1.4529330720213774e-44
SYNE2,100.85785837673126,1.380523525442726,0.1445873022537451,9.548027412669756,1.3218917186541218e-21
IFI6,2244.687545328692,4.873908642002534,0.3672812185900282,13.270236525333894,3.444916971581701e-40
IFIT1,2366.5966392108903,7.644899970588148,0.4424261099013046,17.279495489752073,6.713265777027273e-67
FOXP1,78.54997930549064,-0.1473768949934623,0.1034993347418824,-1.4239405051347085,0.1544636951952589
SAMD9L,557.6288040155652,3.663490802799342,0.1841504096061836,19.89401386960762,4.585380496063316e-88
RPS16,2554.747765390861,-0.2054845446946724,0.0408472599630681,-5.03055883994325,4.890522688028549e-07
PDE3B,25.574428820996697,-0.7833132231621741,0.176331656178602,-4.442272250699983,8.901383128096306e-06
RPL18,2550.505255081556,-0.1300888224783568,0.0411591520000791,-3.160629317098341,0.0015742870535257
ANXA5,2483.677110771957,-0.063367285204355,0.0557507368315695,-1.1366178961149174,0.255698055438763
CYBA,2455.109707161553,-0.2413713775146493,0.0714762743092895,-3.376944025792333,0.0007329596409745
ANK3,5.726340386516357,1.6325737073895317,0.3565485766421554,4.578825479446632,4.675941239800726e-06
RPL14,2482.7579715789616,-0.3295552294370089,0.0556559107167851,-5.921297939297202,3.194105856823897e-09
RPS5,2479.310204634115,-0.1318278129501593,0.0467324211137731,-2.820906980813512,0.0047888086503828
PSAP,1655.9926566992494,-0.5085731737401673,0.0897605683850134,-5.665886289386279,1.4626650424562042e-08
IFI44L,469.5269075379218,5.3213265693884,0.5257394980268508,10.121603169173769,4.430975494544465e-24
TXN,2446.387801617419,1.261361477681706,0.079846414861206,15.79734644159393,3.244907468354165e-56
FAU,2453.496002871156,-0.1938633846247754,0.0461194238214387,-4.203508382397822,2.628094148058557e-05
ARPC2,2031.539604042374,-0.3409727635802875,0.0469943099459267,-7.255618051900805,3.998318770209201e-13
CTSB,1351.2352744663558,0.4836376176261701,0.0732620489091793,6.601475454579769,4.070856759284814e-11
S100A6,2388.4619559478924,-0.6673469664401096,0.0666259256010313,-10.016325633302417,1.2921782962007674e-23
ZEB2,147.819335613367,0.2037862819406531,0.0944647555781134,2.1572731617575727,0.0309843868693066
ANXA2,2144.1590054196968,-0.1181028467611364,0.0594989635327916,-1.9849563714844607,0.0471493257279176
LGALS1,2422.387926766789,-0.2868719465851242,0.0558655504289027,-5.135041978154529,2.820810547267744e-07
LGALS3,2315.258218382903,-0.3404600930267143,0.0858088645687035,-3.9676564273161135,7.258287002892223e-05
SLC8A1,25.123771673497306,0.4873148626392033,0.1935521528314623,2.5177444709878176,0.0118108972795648
RPL6,2343.47415292628,-0.8330258072133991,0.075786927823752,-10.991681958010757,4.190432722144552e-28
RPS7,2373.8095680282117,-0.4996593753769473,0.0643905667850051,-7.759822600184112,8.504826489296663e-15
ZBTB20,10.289270713648213,0.1146522556615997,0.2601271146557599,0.440754727984913,0.6593905714648585
ANKRD44,20.125557811720302,-0.3231627559704538,0.1756788943943259,-1.839508138325872,0.0658404819975797
LY6E,2202.203407997131,4.552847645028968,0.2755971028083787,16.51994015406809,2.6365956799339788e-61
MYL12A,2132.42046827607,1.377277864459295,0.06748760506965,20.40786397795396,1.4237211758738726e-92
TSHZ2,36.080265856462205,0.7341064544554844,0.2031513441759291,3.613593882104703,0.000301981940953
ETV6,45.55562259904997,0.0420259501723522,0.1273711730965401,0.3299486779516346,0.7414387414562507
SERF2,2174.6709434763225,-0.0425379690944891,0.0354013277724,-1.2015924760780603,0.2295214579760516
RABGAP1L,283.7084123883829,3.52599374898657,0.1944445596620811,18.13367139257729,1.7282555327486078e-73
LINC-PINT,53.90901322478072,-0.4546714212950921,0.1236493366496297,-3.6771036029367448,0.0002358972489591
GBP1,1033.6388233311932,2.747112613661733,0.1652780729185681,16.621155880824098,4.89791260623629e-62
RPL29,2249.7538612271173,-0.1966090276111806,0.039691175295946,-4.9534695343541895,7.290177674717526e-07
XRN1,197.52841113046864,2.2696690061831317,0.1114037934308165,20.37335476904231,2.8823967463773477e-92
BTG1,1979.797984532116,-0.3931869312583153,0.0459943883144715,-8.548584852787439,1.2460683903983516e-17
LYN,223.30752367674643,1.3121700007252728,0.1133663306036121,11.574600622060386,5.542877606304456e-31
CCR7,1299.2951417185222,0.7661472043714472,0.1797370366530428,4.2626006227663975,2.020614623230918e-05
RPL10A,2027.43058263534,-0.4796665462426457,0.0832524746951597,-5.7615890458392975,8.332568243874525e-09
HLA-DPB1,1789.2433291872253,-0.0461820376945656,0.0840924547579763,-0.5491817051539363,0.5828807582116681
RPS20,1865.9077028909885,-0.0391654303514429,0.0462076065352827,-0.8475970362485094,0.3966624254742767
UBC,1877.5926886913444,0.3112564680190899,0.0578297911958519,5.382285870010469,7.354584083026212e-08
HLA-DPA1,1802.6642615158191,0.1372950979497918,0.0795797942921406,1.7252507269090935,0.08448229749822
HSP90AA1,1586.547883843111,1.0458882726569136,0.0871037087729024,12.007390814824689,3.249358883285738e-33
S100A4,2007.548393603401,-0.8135079113634623,0.0845361787435153,-9.62319238289281,6.3819100900221015e-22
CST3,1954.1446146605736,0.7128851536410574,0.0782648459865258,9.108625266620836,8.343242081348906e-20
IDO1,1557.701680513385,4.080743030624514,0.2139328356004603,19.07487936188386,4.0836363230805397e-81
CXCL11,1554.5052975059843,8.841971325666094,0.4218964404017117,20.957681741157018,1.5967678810453914e-97
NACA,1806.0183858584517,-0.4829463687778515,0.0618100028402177,-7.813401497914415,5.566491984135678e-15
RPS25,1721.5242830599868,-0.1956228556157388,0.049991934573305,-3.913088326855799,9.112318487253972e-05
RPS24,1783.6803986949626,-0.1705459294479274,0.0672162379663194,-2.537272757415911,0.011171987250469
PFDN5,1869.8964846722213,-0.453205590933631,0.042500641451693,-10.663500019140942,1.5081280877086935e-26
EEF1A1,1610.2115823496497,-0.6947129157771117,0.0404704625017857,-17.165924796299457,4.778114961626196e-66
CD44,645.3138593997119,-0.8349522039246584,0.0784318218158243,-10.645579620543751,1.8284275750646292e-26
NFKBIA,1785.6294865827026,0.128433698001755,0.1112797352481566,1.154151721473318,0.2484379717547925
CDC42SE2,153.79903811228377,0.4067558531606925,0.0838353030813644,4.85184448806638,1.223185208286002e-06
CLIC1,1854.535142992742,0.4887650909450912,0.077194897867515,6.331572480138897,2.426751235116096e-10
TMBIM6,1753.0001871481354,-0.0802579282729421,0.0414147452671402,-1.9379070849101965,0.0526345594407019
PSME2,1780.485134045452,1.3444712209385048,0.1213234300246576,11.081711262740065,1.5390253384538006e-28
DOCK8,84.6976749282052,1.2157088226944424,0.155026234307234,7.841955447909072,4.435837603461262e-15
DOCK10,51.86170861558278,0.0731876154640576,0.1757355213572867,0.416464553658793,0.6770700999525933
DDX60L,156.4832678882812,2.2644623611429964,0.1315613416534498,17.212216998424154,2.1503937690100668e-66
UBB,1769.773130713716,0.0789796478725436,0.0542424052531455,1.4560498839229394,0.1453788301698114
UBA52,1755.8474104956435,-0.1186783954816475,0.0383903893238489,-3.091356914370284,0.0019924398318942
RPLP0,1684.6659434101266,-0.2991138767199129,0.0501771024968086,-5.961162798089764,2.5044929391816063e-09
EEF1D,1666.6327077586018,-0.2823231780069402,0.0366606528947311,-7.700986090389997,1.3502018894546616e-14
CTSS,978.8774000946988,0.8905034005628413,0.0929942529014066,9.575897141804676,1.009767807142271e-21
AOAH,41.24732905207584,-0.1001995965633257,0.1301508132498924,-0.7698729962673403,0.4413752336508844
ACTG1,1497.799966408047,-0.7515131143411271,0.0704101071455862,-10.673369844292823,1.3561693351596775e-26
CFL1,1621.603940932947,-0.2633113616334769,0.0487287577832041,-5.403613258621491,6.531168384204085e-08
RPL35,1683.1106270447956,0.0827399399981714,0.0495602631237878,1.6694814511276883,0.0950220034193071
MX2,371.1442936910833,4.353281102676849,0.314294729853004,13.850951636105648,1.2553782173381193e-43
HNRNPA2B1,1098.2488508671688,-0.1179126545107165,0.0483040589202187,-2.441050651777866,0.0146446005788088
SLFN12L,6.525552443207752,0.4501883963469186,0.3011496129160611,1.4948994686983006,0.1349406809738114
ELMO1,21.380077636103067,0.2302028655157704,0.2011188599300243,1.1446110304914483,0.2523703209392945
SP110,316.62358036780216,2.60710741544612,0.1231579916807727,21.168804231590418,1.8519677409110807e-99
HSPA8,1422.0348325348382,0.5287402755059577,0.0602378275245796,8.777545559560709,1.6708083229612981e-18
RPL24,1626.5721299558131,-0.2099342131356812,0.0528277409007334,-3.973938872952384,7.069371329001174e-05
YBX1,1525.942654235526,-0.6510057271264708,0.0518716139496022,-12.550327193577951,3.95870874662151e-36
CTSL,1387.1761836352114,0.927122652224768,0.1409175130344441,6.579186875077434,4.7302794876612646e-11
ANKRD12,302.01279250603227,0.1195170364960628,0.0732935473406952,1.6306624639206495,0.1029615610310496
USP15,140.248859284239,1.2105657331624262,0.086633929215517,13.97334444050127,2.2672467682317367e-44
PLSCR1,1166.051235395072,2.804598373171853,0.1241871508778054,22.5836437453296,6.275572067654086e-113
FCHSD2,8.43075155611383,0.6327000326247157,0.2749788797321112,2.3009041030391204,0.0213970521471488
WIPF1,178.2908315622331,0.9038828743047548,0.0778787191588853,11.606288393889551,3.828770509751335e-31
IFI16,437.9688703682698,2.475507342884515,0.0955518525359555,25.90747617324318,5.485595346218239e-148
CHST11,30.99560557528826,-0.6816801300591023,0.1514683881019796,-4.50047787925323,6.780086067573825e-06
PSMB9,1478.576589796435,1.766876158911496,0.1012383026082664,17.452645030490906,3.2865485645019907e-68
XAF1,289.5153988613074,3.5159653971812044,0.2822471657494501,12.457044122463628,1.2802853209283496e-35
KYNU,831.2092678421538,-0.0347961154970829,0.092926971151153,-0.3744458155263049,0.7080726621020046
JAK1,363.61172822798767,0.0397779558563363,0.0576857807483107,0.6895625809398657,0.4904693056555317
IKZF1,54.81169576154196,0.397475257303264,0.1191878067804935,3.3348651010525634,0.0008534078835973
ARPC1B,1426.7097224606946,-0.7469759495118292,0.0832496753036803,-8.972719074122406,2.8928319805576255e-19
TNRC6B,38.21339345953948,-0.125608727063854,0.1302825347278404,-0.964125600766442,0.3349829590180816
COX4I1,1505.4966469992728,-0.399315523580589,0.0538994239647586,-7.408530448148676,1.2770659512848371e-13
NPC2,1524.451926565258,0.0495784224207948,0.054021755913497,0.9177491842394538,0.3587501915483594
APOBEC3B,1601.7307070706092,4.820537081525648,0.5327162848079536,9.048976385738746,1.4431478192429316e-19
OAS1,1073.1037655941789,4.05032274969867,0.2187928503697948,18.512134847427497,1.6483650713254774e-76
CCL7,1615.9122152118905,3.0153447485078444,0.2391661021107538,12.60774299491442,1.913959353418589e-36
EIF4A1,1414.0604621212358,-0.3116193074659616,0.0425181183730389,-7.329094498771644,2.317129622474728e-13
TNFAIP8,332.6516125094661,0.4286803877863412,0.0876883435612591,4.888681555341103,1.015135505951945e-06
CCL3,1562.6426152903966,1.5551283986891993,0.2435310405944346,6.385750230825968,1.7055919222619652e-10
FOXN3,25.075840384363204,-0.7033486244900484,0.1863071513265607,-3.775210020023403,0.000159872908557
RPL27,1434.3678634886282,0.0595232752349613,0.0587208572022176,1.0136649577505372,0.3107426504581255
SDCBP,1348.54520901887,0.1782431817580629,0.0767299361266143,2.32299400671908,0.0201794744044827
LAPTM5,1282.030830874241,-0.2235596930730698,0.0537370058862657,-4.160255849502173,3.178912825503198e-05
RPL7A,1395.9761183185203,-0.3658631037295276,0.0553400232818044,-6.611184492396517,3.812569730211837e-11
MACF1,19.62561576979479,-0.6501497733883115,0.2002057108185339,-3.2474087314003044,0.0011646100938192
RPL36AL,1365.0349328387622,0.1246224996674191,0.033728469589793,3.694875610517846,0.0002199944603168
ARPC3,1300.9647400623078,-0.2535619371290607,0.0401830584006299,-6.310170186674633,2.7872879463351363e-10
ITM2B,1120.6621554700348,0.5649641813883656,0.0557106415733826,10.141046044931814,3.6318940255011065e-24
MYL12B,1341.0765919436694,0.083960672341844,0.0467881185392419,1.7944870399399553,0.0727354653638664
JAK2,28.751622698214828,1.8658348582749944,0.2091159619526073,8.922488942751558,4.559244294214642e-19
IQGAP2,85.24925066617051,1.198893104741721,0.1263176872251229,9.491094486277746,2.2862106010528107e-21
DYNLT1,1262.6507687170656,2.2033506885425336,0.0819994672246932,26.87030493143275,4.885115140944878e-159
RPL5,1282.1878131702672,-0.6071157833628523,0.0678266549127,-8.95099108373063,3.5230483345754003e-19
DOCK4,18.96594428728761,-0.2479606883460212,0.258661823075947,-0.958628859092268,0.3377457487914566
GBP5,226.48035038147688,2.559073403605044,0.2253536289831253,11.355811819638678,6.9392308296554e-30
SAMSN1,639.6914810691836,0.3629673841211639,0.1032698178662022,3.5147479836889954,0.0004401714897871
CLEC2D,262.19126981846057,1.5086271686200257,0.1203023787577277,12.540293751449344,4.493268851714939e-36
CELF2,81.03217464411489,0.3120383134576278,0.112519838152179,2.773184876391373,0.0055510574305259
GBP2,458.8889081502948,1.2159473781563217,0.1323775924444954,9.185447141789922,4.098210950121068e-20
RGL1,67.19525257396239,1.879143204366904,0.2003833465578473,9.377741397409125,6.740102486176096e-21
MYCBP2,64.9463400741133,0.9138123250204828,0.1235136291534103,7.398473603957343,1.3775876798806854e-13
CSTB,1356.93384996565,0.3128098194118324,0.0905961730873196,3.452792858152362,0.0005548148671853
FYN,116.50564249625576,-0.4180944217793083,0.0897503400103413,-4.658416020832165,3.186517486586534e-06
BTF3,1322.025697205761,-0.4346295290396432,0.0493211028829207,-8.812242704129584,1.22666689250745e-18
CXCR4,1279.022564532519,-0.4819233772646533,0.0529028879156107,-9.109585435740389,8.269736035232433e-20
RPSA,1344.3385265847755,-0.294923611266244,0.0548353783553043,-5.378345515468037,7.517344567454609e-08
MED13L,11.267260341916304,0.1145500002440778,0.2440524536258034,0.469366312619471,0.638807823322928
PARP8,25.885165622522944,1.392431154158932,0.1806666447194055,7.707184446368202,1.2862383937776647e-14
BAZ1A,412.3395201778569,0.8842895705730818,0.0752137281691297,11.757023512843546,6.498502914045632e-32
HSP90AB1,1025.645911739824,0.6578231685922169,0.0904752079334048,7.270756084654856,3.5748092162554025e-13
CCL4,1391.033137849798,1.8585231462697864,0.2339260064925128,7.944918883267779,1.943179012794545e-15
ATP6V1F,1343.6042721399635,-0.2875548402384154,0.06356891598326,-4.5235133522512605,6.082148068080408e-06
CD247,102.47447825755695,0.1830713955875297,0.0992109222960968,1.84527460636995,0.0649976024786563
FNBP1,125.39781206331276,-0.0830359459645223,0.1497155676153314,-0.5546246611966839,0.5791514172556818
SAMD9,463.6744424031385,3.348349972874716,0.1551015670895224,21.588111814125607,2.3231180578744384e-103
RPL36,1226.1826711153476,-0.0580370417902916,0.0592798146203734,-0.9790354804912854,0.3275624488038211
RPL4,1190.8906454712717,-0.7276158829370527,0.0654753014696755,-11.112829824449808,1.0866046674080836e-28
IFIH1,272.7835233549532,3.759466880352012,0.2295472712658645,16.37774589791464,2.757753535021173e-60
PRRC2C,145.2642508633271,-0.1026286621893479,0.0921516090904577,-1.113693653342567,0.2654106329782886
PKM,1134.7109900119583,-0.7938545935123058,0.0522488621643978,-15.19372021948517,3.891903368923933e-52
AKAP13,126.43310918505452,-0.5126979623367397,0.0912476422794835,-5.618752983955365,1.923406092677439e-08
ARPC5,1108.349472964641,0.0153370910004928,0.0438684596618044,0.3496154439597668,0.726627318948541
CALM1,997.6501696206708,0.6980428110804018,0.1105500302696599,6.314270646310052,2.7143854726708397e-10
RPS28,1261.8905185261633,-0.1389052019784797,0.0546177163936816,-2.543226102264298,0.0109834130403592
IRF7,1187.530362962579,3.1948462857102,0.1310781671704656,24.37359595938917,3.2595499988843546e-131
ZFAND3,40.20051617135569,-0.2092677471213459,0.1587056706540214,-1.3185902322138816,0.1873061409773706
EIF2AK2,365.98554018150026,3.66345651302977,0.2138654120865475,17.129728820045166,8.906890076895784e-66
CFLAR,378.04054878534834,1.7189470509686733,0.0906873328024972,18.954654391614643,4.042004662295879e-80
UBE2D3,832.6768392004255,0.396415848429851,0.0428586144330319,9.249385535999162,2.257868988951733e-20
BST2,1196.2433374742252,2.2483023875769583,0.1193655228942093,18.83544203605233,3.868834242911897e-79
ARHGAP25,54.37376202370306,1.1721453938038404,0.1798287940049096,6.518118526512717,7.119472798425754e-11
FNDC3B,141.75978344683256,-0.4847003413279973,0.1084440291486368,-4.46958993623938,7.836970119029131e-06
IL7R,335.2173838561078,0.2087587109761049,0.1069469362505474,1.9519840239933604,0.0509401013972805
DNAJA1,1040.47928644716,1.1448068089517922,0.0748191251932206,15.300991638104902,7.530050527169119e-53
GSTO1,1230.340890999024,0.1008297465857053,0.0649514712965632,1.5523858747606298,0.1205699212157377
ARHGDIB,1016.3098725315494,-0.7183365317694173,0.0723529302210435,-9.92822999116755,3.1377575203812325e-23
CTSC,709.8146825642792,2.477613033493834,0.1502570724091293,16.489160834623707,4.3900422609326365e-61
PDE4B,72.95484601741724,0.4767588114828645,0.1195704959862921,3.9872613017974032,6.684039691426227e-05
ARID1B,5.868578917667438,-0.6932914662052193,0.3181078568531541,-2.17942264319884,0.0293002855404973
FHIT,17.137923364239025,0.4044326429017159,0.2071742371755567,1.9521377195129,0.0509218560277033
LAP3,719.6472814344431,2.563681195842721,0.1815529244960305,14.120847697492058,2.8257166314116133e-45
PPP2R5C,173.53807821924255,0.3769013963337834,0.0920062221915693,4.09647725290822,4.194846857096034e-05
S100A8,1185.4371358576827,-2.417922806991319,0.1852335717277863,-13.053372476910534,6.079540275842635e-39
TRIM22,220.1395191029842,3.484442941548399,0.1876606639273828,18.56778543049778,5.8569265719885086e-77
DOCK2,13.203837713999992,-0.9524223292054212,0.2365432494767618,-4.026419402423014,5.663263888393584e-05
CAMK4,50.43814736644224,-0.2235788861075436,0.1250291952320165,-1.7882134304123822,0.073741580292704
TANK,184.38113106529897,0.9171287895244684,0.1380776124691103,6.642125201358341,3.0919214077970096e-11
TBC1D22A,13.163698240406006,-0.3525785630854056,0.2258251598387448,-1.5612899968151095,0.1184553427340865
GIMAP7,886.9057960305415,1.243335974149537,0.1062348643474443,11.703652861862452,1.220826974520956e-31
RPS11,1052.902142222641,-0.1580772173034058,0.0520879759131207,-3.034812056568835,0.0024068562052367
DDX5,547.7788589442629,-0.6985237940624984,0.0708490600838156,-9.859323373325392,6.246892892656284e-23
ATP6V0E1,1045.5104393488114,-0.0166318204568667,0.054243695734409,-0.3066129663859989,0.759137982995926
BACH2,10.434318261613129,-0.1775248438052984,0.2468563213264194,-0.7191423855440039,0.4720531939361353
CCND3,62.238960262139685,0.6329841119067524,0.1473675179590506,4.29527565282494,1.7447640397830428e-05
JMJD1C,54.36332045968165,0.157685373713554,0.1377718159249719,1.1445401416457095,0.2523997003792546
UBE2L6,1019.8202110820404,2.542284931810124,0.1512346039656518,16.810206560844524,2.054542002112806e-63
SRP14,1113.659455464116,0.0390383552878414,0.0438017133558007,0.8912517866763188,0.3727941076612503
BCL2,17.63879479883617,0.1036742076304006,0.2214470147113515,0.4681671042869388,0.6396650945752375
TMEM123,570.0322143400065,1.4294750019869291,0.1005548356620837,14.21587527417085,7.303255509069736e-46
NR3C1,185.12476429679032,0.1481598452366653,0.0845289169988636,1.7527711284726042,0.0796413008352515
CYTH1,107.97418727933405,0.2279623874109894,0.1120298797534026,2.0348355984383315,0.041867417839245
JUNB,1095.830316065571,-0.2409927419060321,0.0538144089635337,-4.478219617153766,7.526814625126884e-06
ELF1,214.07368605698423,1.1346586096343896,0.0806896715674887,14.062005552784568,6.501718205369069e-45
IFI30,260.3304647810313,-0.620581400531423,0.1031443283547614,-6.016631359476736,1.7808399599967484e-09
PRKCH,45.61373868896006,-0.139791634084814,0.1270335947145647,-1.1004304365228397,0.2711446232233603
SLFN5,144.8858215224924,1.2021699203616882,0.1993058562839605,6.031784227398214,1.6215920554772461e-09
TNFSF13B,780.7248722101717,3.699738119286489,0.2326752312106093,15.90086791807082,6.24929237486541e-57
LPP,7.117657418594007,0.7728225130501564,0.2977165756000066,2.5958330049062246,0.0094361914868552
RAC1,1006.7022050556494,-0.3244359703842046,0.0656326462730481,-4.943210259029787,7.684652622284964e-07
ARID5B,122.50472753082364,0.1439998412362504,0.10615833288583,1.3564629108401485,0.1749519284439548
PITPNC1,44.56046242220772,-0.2610922813237196,0.1308599294161228,-1.995204204133945,0.0460206127119455
ACTR3,496.77342115374256,-0.0068774025077982,0.0464720940878384,-0.1479899419810749,0.8823507059743841
STK4,197.77258728926196,-0.0344979786088346,0.1025473744062287,-0.3364101597782035,0.7365615891063603
EVL,228.12910223188445,0.6251868007042428,0.0957566019634737,6.528915895978846,6.62474354018565e-11
IL1RN,826.0385754466542,5.5018158164777,0.1821308144301822,30.20804488076759,1.8571412410296082e-200
GRB2,399.0255746345948,-0.1964599205363758,0.0724167577484452,-2.7129068829458016,0.0066695845309464
LRBA,12.857338837011424,0.249324027366007,0.2165754181260837,1.1512111093829591,0.249645395914312
UBE2E2,43.20931507848637,-0.2624278861909964,0.1487591800088028,-1.7641122126074318,0.0777130887336065
RUNX1,22.104882515698662,-0.6630528497242699,0.1944199786691499,-3.410415196334354,0.0006486405232221
CD47,556.5835512953179,1.293666636464827,0.1024199766194366,12.630999138690711,1.4245781083338268e-36
GPBP1,290.9681469783874,0.7666492695046414,0.0611444285371847,12.538334037064496,4.60576278196952e-36
ITPR2,13.6291239923979,-0.4810580495790802,0.2285827928296546,-2.104524332842394,0.0353327343292302
ENO1,857.0012850310223,-0.4928499461963606,0.1398846892056834,-3.523258685385393,0.0004262750810641
N4BP2L2,148.8817272977917,0.1623496870437241,0.0950547195435603,1.70796029721938,0.0876437096327769
MARCKSL1,1011.5887863511654,-1.457358652944719,0.1285240399070374,-11.339191127191764,8.391649095348574e-30
AFF1,10.46407519917544,0.9523606096474831,0.279558498392128,3.40665948316705,0.0006576311715326
PRKCB,10.091481451224563,-0.1354309719351563,0.2460349990304791,-0.5504540917708174,0.5820079565124607
SSH2,28.54793062767177,-0.9871904080625272,0.1682280969484566,-5.868166055311154,4.4064182682123135e-09
BACH1,47.84456106849007,0.0421556998505317,0.1273506418877601,0.3310207096379257,0.7406288425461081
CD53,661.4939181147106,0.6414380352027033,0.0516544105434223,12.417875423503084,2.0903925522228172e-35
RPS10,952.2700086256064,-0.2040719361348766,0.0665919842460698,-3.06451201965679,0.0021802541327484
NPM1,900.3391916589284,-0.2229110318093256,0.0825764767339198,-2.699449536065768,0.0069454288329426
ATM,40.890626750419976,-0.2596383435216102,0.1615563066744683,-1.6071074467230464,0.1080308000352004
FTX,8.922660461384229,-0.6262353819436705,0.2539581198901161,-2.465900213053369,0.0136669402319326
KLF6,490.612247717898,1.1953490115723489,0.1048838134389855,11.396887397384,4.333363128769805e-30
HERC5,386.03480683029807,4.87790485927375,0.2403849689724363,20.292054366481924,1.511456145163691e-91
IFI44,281.97922491185454,3.8901016301204825,0.303819898597437,12.803972511605924,1.5577401954727705e-37
RBM47,42.806311388357145,-0.1444701909238409,0.1378540143234728,-1.0479940800624292,0.2946413343823268
CD38,181.1200949983452,5.0190231149009685,0.2634924514740143,19.048071725864776,6.816728649100341e-81
DDX60,53.94894446533708,3.371103862160956,0.3115879935723191,10.819107063502845,2.7948701982976837e-27
EXOC4,11.957171103168273,0.2067331644274371,0.3190420900156232,0.6479808492268639,0.516997336765199
OASL,759.2494082470758,3.747762718718516,0.1717199847255895,21.824848894014764,1.3478235488570762e-105
CD48,800.3189497452254,1.166122969163052,0.1054333756496119,11.060282969962405,1.9547983729093461e-28
GBP4,404.688766990365,2.978839439050204,0.1776803478324942,16.765159880587724,4.3883221555015096e-63
IFI27,979.7974483151256,6.248513539380895,0.6704137659948379,9.320383703799136,1.159203208671135e-20
ZC3HAV1,82.75245671679379,1.3631268539759922,0.1539923054534795,8.851915360068347,8.602993560481191e-19
KMT2E,216.99053906407124,-0.0636084078802353,0.0660018334744159,-0.963736983229287,0.3351778075591028
SUB1,805.3307728953603,0.6947440009913065,0.0605460246252375,11.474642724961257,1.7690685561166233e-30
ATP6V0B,987.1632120147082,-0.9221147338192373,0.0639983376003119,-14.40841697448626,4.580899563131569e-47
CARD16,966.2262003296728,0.7530885444486269,0.0861894563025353,8.73759479123752,2.381258624603712e-18
CALM2,813.4207203399408,-0.0167898300212675,0.049462496326221,-0.3394456662788159,0.7342740217407464
PACS1,8.88043742708577,-0.3648432171862544,0.2562283135550586,-1.4238989131380928,0.1544757364992402
ATP6V1G1,925.5309736042008,0.1096798681412157,0.0536836764040502,2.043076694593533,0.0410448465597335
S100A9,927.1486746591622,-1.2452099220836084,0.195006711926735,-6.385472119295255,1.7086947429893296e-10
ANKRD11,33.31624416563706,-0.4634575823572339,0.1508819330191603,-3.0716572427421114,0.0021287401023992
GPX1,925.8071648380816,-1.206012223187997,0.1067573889434443,-11.296756459891435,1.3615440126265642e-29
CYTIP,625.0385615888649,-0.141064978863181,0.0677480461372814,-2.082199958613323,0.0373242090644331
ARID4B,173.37519178096898,0.312439091792819,0.0922091065761454,3.388375653925348,0.0007030789973476
HSPA1A,991.652471175167,2.594179521467621,0.1509441338694381,17.186355341980388,3.3600190804443e-66
BCL11B,17.046744674611723,-0.1094379276616697,0.1984266965620135,-0.5515282447262209,0.5812716101113888
MSN,273.6343466175274,-0.0161932306630728,0.0809567192405442,-0.2000233064652527,0.8414623535183587
ADAR,163.16237869840938,1.7271761020673695,0.1128212641655934,15.308958952386025,6.662174855729728e-53
FGL2,478.6094872335193,1.501760726250281,0.1969155233710943,7.626421221348604,2.413603071121709e-14
BIRC3,537.0590458962819,0.1708142407023113,0.1380880773533657,1.236994851229623,0.2160889941217745
EEF2,670.0943336620887,-0.5259080402490726,0.072146146541611,-7.289482050794631,3.1114888267169664e-13
ATXN1,26.52797825701128,-1.5595622446884898,0.2094476528308622,-7.446071720593124,9.616054293588378e-14
RAB10,348.6466704830124,0.1723231611252375,0.0819074541464289,2.103876416634427,0.0353892286704697
HIVEP2,11.773241412485223,0.5242878346838812,0.2403459533068267,2.1813882342115947,0.029154713139811
PDE7A,29.793162558112503,0.904776944249008,0.1860205432569251,4.8638549721863855,1.1512127893954623e-06
QKI,28.590474260295714,0.4465964107384397,0.1563263103596918,2.856821796093467,0.0042790600580855
CD68,663.9654090959095,0.1304131176068228,0.0897115646775423,1.453693490639445,0.1460313036870684
SAMHD1,142.70330079056745,1.1848715897473454,0.1322858762436712,8.956901699504229,3.339291618980621e-19
SETX,38.0139664925122,0.7772315582856764,0.1445876976775846,5.375502693312271,7.636931030921463e-08
N4BP1,54.80887353435726,1.4850429946500234,0.1499649071729439,9.902603366649162,4.0557737287956666e-23
GPX4,905.949738882692,-0.7125295157200493,0.0854554448971463,-8.33802359320281,7.554250386022423e-17
HBA2,961.6747453316772,-0.5055877249217628,0.8552358301688324,-0.5911676137585987,0.554408120167291
IFITM2,906.4591149331844,2.8466631132533555,0.1571014428051871,18.119904326934453,2.219806764069572e-73
PRKCA,6.880757325253756,-0.0278365902671053,0.3195125181801894,-0.0871220646554037,0.93057448700917
SKP1,829.5662969421637,-0.1358298909869131,0.0462326323389901,-2.937965763899657,0.0033037350454658
SCLT1,25.62645869681942,1.4983734268847824,0.2069927588163056,7.238772194028797,4.5276477932382534e-13
RPL37,759.5150767546206,-0.0833564693819183,0.052298728805732,-1.5938526860098785,0.110969033809541
VTI1A,15.328051678594331,-0.211319614638492,0.2093094217666194,-1.0096039292207013,0.3126850863771894
DYNLL1,924.9083005777392,-0.6382823866969835,0.0814578721817269,-7.835736063336143,4.661040561570129e-15
CHD2,99.5627700663803,-0.300003983766893,0.0981934913573268,-3.0552328837679896,0.0022488582564446
UVRAG,23.610376569789427,0.5472679188750764,0.2227248968881922,2.4571474788909864,0.0140045181596077
PSMA7,853.7898478658824,-0.2897785398659747,0.0450325698829274,-6.434865712068414,1.2358254106939868e-10
SIK3,9.460339623824222,0.3439555051939528,0.2540092799772536,1.3541060595296115,0.1757025432708396
ASH1L,56.42542444026519,-0.3701982349336761,0.125235168448098,-2.956024569784482,0.0031163226493288
EEF1B2,853.6523952674625,-0.2714763173316735,0.0736463020048505,-3.686217908317968,0.0002276114786732
NLRC5,19.287722445248804,1.1055089323469474,0.224479422706905,4.924767352909544,8.446077984576046e-07
OAS3,160.33332198522734,4.821781847282064,0.3540247367777605,13.61990094581708,3.0498110637260055e-42
SKAP1,18.051017130412724,-0.225432797147708,0.1946611709845955,-1.1580778848060442,0.2468322540217006
CD96,85.22511012416459,-0.2691474503868559,0.0985183068586996,-2.731953674080921,0.0062959993006665
PIP4K2A,10.241200313441158,0.1334740649839973,0.286683772847813,0.4655794210398245,0.6415165759905734
PARP9,168.46292686291093,3.110514469933709,0.1694105629160894,18.36080594026699,2.7056179280739176e-75
KANSL1,12.770466467881018,-0.2332356618518165,0.2291989262745327,-1.0176123668766612,0.3088622078708558
SOS1,12.311104137132707,0.2827252204126304,0.2217858866993604,1.2747665084563098,0.2023918982752527
LRRFIP1,249.25175893853876,0.1530338375695451,0.0816658032916855,1.873903536134391,0.0609437219954738
NCOA2,8.442704644144595,1.4207185018531232,0.3041970978708082,4.670388086530987,3.0063123264169125e-06
COTL1,699.0128096355127,-0.9258689613391704,0.0675637128382655,-13.70364242053306,9.655639784383764e-43
MT2A,812.966822754184,4.096987513723473,0.1867879193892752,21.933899832061133,1.233858573238246e-106
MCL1,348.6552606260984,0.8274269677827406,0.0837804459960151,9.876134674934711,5.2831604549499145e-23
CERS6,9.693012030697563,0.9115641331556656,0.2855324013213546,3.1925068011098983,0.0014104362318571
EML4,100.49837025503746,-0.3679522290273666,0.1057036975901506,-3.4809778410405583,0.0004995868202491
RPL23,706.1844845148728,-0.6289626475802783,0.0920249454025205,-6.834697318527846,8.217835279705291e-12
RHOA,619.5380807829159,-0.340962897735688,0.0478481850486134,-7.1259316814059295,1.0337898821558752e-12
RPL37A,713.853586034495,-0.1234869476073234,0.0528447030466206,-2.336789507519435,0.0194501316792059
CHCHD2,859.7908756867603,-0.2586247332938258,0.0561441814088076,-4.606438758286965,4.09623625563275e-06
PDIA3,575.6040684126853,0.0346297067496468,0.0594870246251965,0.5821388272120597,0.560473173872758
ATP10A,6.519844596391831,2.253543960508265,0.3755372450599628,6.0008534177440565,1.962831264788432e-09
HSPB1,904.9962002884306,1.7785190820605488,0.1516937624332738,11.724404837297598,9.557036688948627e-32
HNRNPU,310.419418813816,-0.2654324206459139,0.0686003794788524,-3.869255865089479,0.0001091680317248
CBLB,11.3649037821651,-0.3002193459657799,0.2269747977316022,-1.3226990351624384,0.1859354845361952
RAP1B,179.0692801984836,-0.0653741702653933,0.083859846938001,-0.7795646266052163,0.4356471838408386
LYST,64.40534770381306,0.0200986074710681,0.122986980683011,0.1634206105349528,0.870187276159049
SIPA1L1,37.92075291183079,-0.1792892775136334,0.1449806406772049,-1.236642883326855,0.2162196919731305
BBX,136.71032572267822,1.0499967087610211,0.0820007488174857,12.80472098002502,1.5427935509214978e-37
PSME1,758.9624824028969,0.745237784211013,0.0822446151486252,9.061234986196778,1.2898180776015977e-19
HMGB1,665.901274979969,-0.4492666598099365,0.0602476880223056,-7.456994194426235,8.851860244355138e-14
NIPBL,49.98885121971075,-0.3409695628033545,0.1410774658082125,-2.4168960000095607,0.01565348887864
CTSD,412.9019577380549,0.142051691271095,0.1436038340411291,0.9891914949179584,0.322569458857875
DENND1B,68.27422687848262,1.9773407853706289,0.1638822424611623,12.06561953067752,1.6045035183303682e-33
VPS13C,22.676504114322853,0.3717085057900349,0.1912417062771987,1.943658174913245,0.0519366854667305
HNRNPA1,719.7437920924633,-0.7316704784682572,0.0681775428598591,-10.73183995457605,7.214514928501616e-27
ARHGAP26,16.610319852639485,-0.7680790314381647,0.2486375892621419,-3.089150895154348,0.0020072945969591
FCN1,696.038707859549,0.8342651040587922,0.1111923099091911,7.502902896253548,6.241979353261526e-14
PSMA4,816.1115819294405,1.5000035268078125,0.0718675115649089,20.87178885348,9.664861409128924e-97
PLA2G7,569.1544483880143,0.0437610561505058,0.1020305039671075,0.4289016955616865,0.6679947662403082
KDM4C,8.083030922827755,-0.1705543526327556,0.3086246757553044,-0.5526270775833265,0.5805187965543727
GNLY,796.337216142673,0.3081499657213855,0.2404950663905725,1.281315123616461,0.2000830029020257
GLUL,459.9211541893405,0.4993717615946181,0.0976788698752265,5.112382670197844,3.181205740471723e-07
YWHAB,582.1737135873664,0.0408549330074429,0.0513645428110598,0.7953917385719644,0.4263856640903777
PLAUR,843.9195684348249,-1.4405801027156455,0.0972585115009766,-14.811866647796482,1.2278264501916454e-49
CAPZB,363.0260049642039,-0.5222997421677594,0.0597483902056326,-8.741653798038575,2.297225255097608e-18
PRKCE,4.682514535361253,1.6977155367634418,0.3929723750230418,4.320190539255837,1.5589453502076613e-05
RAP1A,280.27901294318525,-0.430361282657376,0.0634355845968816,-6.784225059045674,1.1671126911416882e-11
EPB41,33.272252430704555,-0.2443111613636324,0.1414370797219755,-1.727348739410328,0.0841050507892997
HERC6,84.35868858582363,4.102204516099008,0.2917852681511203,14.058984341781125,6.785303035674823e-45
SPI1,685.6186839522048,-0.4923355848067792,0.0691869034694442,-7.116022832619108,1.1108590067173625e-12
HNRNPC,239.7653381540006,-0.3635444035838479,0.0792443169503239,-4.587640067763392,4.482846537346522e-06
CREM,703.8811092320635,0.5130040999843921,0.0671862614827527,7.63555061202631,2.2485735100604932e-14
CAST,253.8496409564212,1.0535805414610466,0.079976184068738,13.173678561051554,1.2438627274760706e-39
PSMA1,356.84318704372686,-0.1501332286683502,0.0652993215923919,-2.299154493602616,0.021496168027166
TNIK,15.61594299362384,-0.2411899162404921,0.2019711390059456,-1.1941801062645487,0.2324075232017367
IRF1,284.09145883231747,1.0299564141089457,0.1149825735073071,8.957500103643897,3.321224138453901e-19
TAOK3,99.63383639393194,-0.5340145238138868,0.1033164778028721,-5.168725600893851,2.356956535463383e-07
NT5C3A,376.6808578943029,4.107195321740321,0.1448217874105132,28.360341321420275,6.240491681333207e-177
LIMS1,495.5340294431852,-1.0582519202225265,0.0901795876739504,-11.734938554484168,8.438758734284558e-32
ST6GAL1,16.918676424656574,0.6332645828905347,0.226257502250837,2.7988666744339605,0.0051282307215246
OAS2,185.0730688653676,4.270806102709061,0.2736480366190166,15.60693128105663,6.53032979370994e-55
ATG7,29.82306715703841,-0.0606114533386747,0.1598229560258287,-0.3792412231999978,0.7045087422130039
PRDX1,786.477785582309,-0.4090683588293444,0.0811804377520008,-5.0390016382889256,4.679664798435559e-07
ETS1,26.69141318886532,-0.1542159531790951,0.1623167961267883,-0.950092392525013,0.342065308361818
RAB7A,313.63660637698626,-0.160873985964968,0.0762124818763318,-2.110861397034864,0.0347842269791584
AKT3,10.71796826541101,-0.145505818418458,0.2477616608407115,-0.5872814136163109,0.557014721824374
SCAF11,170.84910679343463,0.057886261107919,0.0756837735685082,0.76484374891166,0.4443645930596346
MLLT3,16.35281746468536,0.087909427266834,0.1878803286269474,0.4679011789541084,0.6398552603578768
TPM3,420.7815718006843,0.4605690036066859,0.0538139920402969,8.558536286655759,1.14309502004071e-17
SAP18,804.1725334350399,0.6326701565735292,0.0613071729388033,10.319675924464146,5.7416626356157895e-25
NCOA3,20.890955239365745,0.4179079734475777,0.1779056516208296,2.349042706851523,0.0188217478703697
LEF1,92.98271719061653,0.1246550713611833,0.1272723129813069,0.9794358917598364,0.3273646501580184
PHACTR2,25.113360365828772,1.030628346258081,0.1698116477182053,6.069244130816995,1.2851366343698755e-09
LCP1,217.42779652455607,-0.2956886204718844,0.0904463512667995,-3.269215577305704,0.0010784610069288
KMT2C,23.29831201904107,-0.8056303856872516,0.1837865590549216,-4.38351090433388,1.167818006309482e-05
ARAP2,32.06049920449815,0.8248431662052731,0.156399681450136,5.273944029535974,1.3352264414643953e-07
ARHGEF3,33.616849978965774,1.6729315645212786,0.1876190537821483,8.916640025611597,4.8064890192817625e-19
CD83,352.0412137485221,0.2749785620113621,0.1079254846773218,2.5478557064950844,0.0108387291990304
SELL,490.9550030067995,1.797647482736423,0.1811309415453326,9.924574274277242,3.254887313155297e-23
MS4A7,775.6480487712963,0.7650851633975299,0.0757208116637258,10.104027500329144,5.3018975200228195e-24
FCGR3A,717.7307813743007,-0.1159850481439627,0.1919174224491828,-0.6043487176088664,0.5456118229693038
SP140,92.0910273612316,2.45962570097319,0.2069964600527475,11.882452967294318,1.4601852397256658e-32
ADK,57.05296294436082,-0.014804940078146,0.131585495607544,-0.1125119452549849,0.9104174989378396
DDX17,108.4625635337297,-0.5637553177373572,0.0918195463026808,-6.139818158967505,8.261599792683622e-10
SPATS2L,189.3970841849664,3.384656212173808,0.1557391423040757,21.732855094099428,1.0036383448898389e-104
STK17A,310.7206455661418,-0.1245515927634547,0.088940824685661,-1.4003872035552958,0.1613973998781015
KAT6A,26.21359904478551,-0.5769994020365851,0.1611047289212534,-3.581517475620577,0.0003416042830487
ZCCHC7,9.703881203613037,-0.7888509732419231,0.2453913422970561,-3.214665056467181,0.0013059680920845
SNX3,692.7625075977487,0.566910594008013,0.0648865926062128,8.736945048856388,2.3949891225649494e-18
TRANK1,23.28958021270501,2.239611350352292,0.2540558873597898,8.815427871508406,1.1922883936328573e-18
MEF2A,49.69899824738814,0.8720521604464032,0.1497791983477192,5.822251487966271,5.806009434133266e-09
SMAP2,71.95846891572226,0.4918063193889032,0.1649861847732664,2.9808939461493216,0.0028740830730843
CASP4,593.0442762475095,1.1074943817885123,0.0870028640703121,12.729401423997723,4.059392873891631e-37
PLEK,488.2662123918991,1.4275401753064931,0.1350781401187397,10.568254597313976,4.182053369619415e-26
PICALM,48.94637742257839,-0.394884052465662,0.1406384575585373,-2.8077956721140893,0.004988186530422
ZFP36,715.4579855987656,0.184617499847993,0.0600041891984121,3.0767435126492524,0.0020927528855223
CMIP,20.43352779033812,-0.8801679268890307,0.2264582205988563,-3.886668033341756,0.0001016295853575
CYBB,247.6832074283908,-0.503252037149801,0.0935792211781362,-5.377818182434079,7.539389539280958e-08
RERE,14.987548884528984,1.142953820240738,0.2256442234206025,5.065291736320073,4.0777537156535045e-07
RAPGEF1,26.37730550942417,-0.7310533644377356,0.1823387689940572,-4.009313918651947,6.089541827274853e-05
FXYD5,720.1077544697218,-0.3417000461491808,0.0459525944173256,-7.435925011022853,1.0383873502856585e-13
RBMS1,89.31907444955147,0.5785089624466002,0.1148903857053766,5.035312214288505,4.770706123045442e-07
TALDO1,726.2418487064342,-0.7639843457999831,0.0639940769209886,-11.938360275799416,7.468092291895134e-33
NUB1,217.69730715976735,2.1110013392333187,0.13851230090132,15.240533335283006,1.9031052345509066e-52
ITGA4,47.98446364150641,0.367812432943927,0.1658649334532187,2.2175418594290544,0.0265860858989609
NINJ1,714.650362862287,0.936449807278386,0.0709908091478421,13.191141480415864,9.86796332092276e-40
TCF12,8.86568063858075,0.2777694656255069,0.2630071974991956,1.056128760987069,0.2909093920039244
BIRC6,20.568834665676675,-0.7216066078689407,0.239577169169558,-3.0120007276579512,0.0025953197540038
RORA,56.701014197014885,-0.0280252570969409,0.1301747178315727,-0.2152895551746194,0.8295415724698302
PCGF5,135.69754410507647,1.586716529128785,0.1379925399111018,11.49856745988578,1.3412295747284712e-30
GNG5,746.4473623389625,0.7620385055929692,0.063165390692107,12.064177823381868,1.6328489882348534e-33
CAMK1D,27.181958063637644,-0.0230754155116528,0.1547001063531167,-0.1491622472384158,0.8814256090102425
HINT1,723.3225967569168,-0.2468316064082358,0.0633583873503862,-3.895800015287653,9.787512448262272e-05
PCBP1,681.9115186102451,0.0920574158178122,0.0492160304051994,1.8704762464566185,0.061417712564668
SERINC5,16.64307928269498,-0.4930906742321427,0.1982737289615482,-2.486918851098872,0.0128854787305758
SRRM2,99.50975644063786,-0.5751774424986823,0.1206099008790341,-4.768907347627764,1.852278201681784e-06
STAG1,15.585814169503454,-0.5045058766108484,0.2433377435195048,-2.073274245556606,0.038146764124853
SON,224.35878539276013,-0.1487703124667059,0.0811123463175601,-1.83412660613047,0.0666352028228296
CCDC91,40.93036912113082,0.1687730002185646,0.1323716237164843,1.2749938051681335,0.2023114346512866
PGK1,562.0029660201187,-0.557754584050161,0.0566418577665864,-9.847039028073436,7.059303337089782e-23
MBP,112.86962227386346,-0.402036099123913,0.1241315076835794,-3.238791718769205,0.0012003719658827
SERP1,705.0865872439449,-0.3809848127869505,0.0735940147718528,-5.176845073176579,2.2566945974127038e-07
DRAP1,698.0836678247879,1.5107135373777476,0.0551477667964679,27.39392046378396,3.240282544291976e-165
NFKB1,98.29035570053884,-0.1874138263437217,0.0935176599024598,-2.004047433813001,0.0450649795218834
TAP1,541.4610268374947,1.7410405003691576,0.0855987472027164,20.33955586109217,5.744831299733565e-92
HSPA5,630.5983113246709,-0.1651669427930509,0.125527768912056,-1.315780119606569,0.1882478537640027
TMEM131,9.26243846380201,-0.3595296964180233,0.2547266866169487,-1.4114331764487422,0.1581169262903464
CCSER2,98.93730756439436,0.5103169276433696,0.1158069271615771,4.40661832716933,1.0499696138501587e-05
NFE2L2,302.5904014458714,0.152831370165815,0.0687886176332581,2.22175376427282,0.0262999509277142
PIAS1,48.8996913321332,-0.1511015581237361,0.1325143216822573,-1.1402658686662357,0.2541755528824946
USP34,29.21196371890721,-0.4617881155292025,0.1576798422479414,-2.9286439467834477,0.0034044415459647
CMPK2,324.6359504662249,6.313166427538667,0.4428031995941839,14.25727373543032,4.03928641040557e-46
SH3KBP1,79.70360229207759,-0.7152784998316845,0.1473081638827726,-4.855660955769571,1.1998584654603418e-06
IL4I1,521.5237677231274,2.3713989855971573,0.1291442240527608,18.362408408047283,2.626940021772111e-75
RTN4,428.1150134043085,-0.1845655302744654,0.0644385654958105,-2.8642091712371363,0.0041805185044078
PSMB8,701.2070374425208,1.1437494138417532,0.0927313179446745,12.334014432148347,5.941141641168008e-35
HNRNPK,525.8865218513793,-0.149117482294437,0.0766107371957035,-1.9464305886198925,0.0516030382127149
SQSTM1,548.4962332025871,-0.1598242461952967,0.0679862632402584,-2.350831455914697,0.0187315163411255
IGSF6,673.7641092929912,1.0892135898584496,0.1321225072391074,8.243967001680156,1.6659311767798683e-16
TBC1D1,34.88176333506873,1.370187193929273,0.1560795975346361,8.778771957207347,1.6526924117684314e-18
FAM172A,16.589500826529815,-0.900794796801788,0.2580828375498729,-3.4903320397185067,0.0004824207514037
RPL36A,630.623574173756,-0.0810931857110073,0.0511693807871732,-1.5847990431679235,0.1130119998795427
FNDC3A,27.981897429468297,-0.2709234533586803,0.1751154521352687,-1.5471133475383096,0.1218359159176292
TTC39C,51.81948507568107,-0.0041497415918104,0.1409184109361494,-0.0294478312964423,0.9765074254698144
CCNI,481.40895937961056,-0.0786471015932781,0.0609731394845948,-1.289864721713218,0.1970976314269825
RHOH,175.41198801092776,0.1335031136642248,0.0822289206167917,1.623554251507012,0.1044709759509342
IQGAP1,69.84321812691915,-0.1710196680622793,0.1038195835833971,-1.6472775382006917,0.0995010125984945
DMXL2,31.8502047095868,-0.314851571729385,0.1561775535251414,-2.0159847854109216,0.0438015667711136
SAMD4A,42.80614451330541,4.75279116760929,0.3788803609496477,12.544305953722748,4.2714026898401305e-36
TMEM50A,641.8448709709479,0.9321129210455515,0.0535508770433758,17.406118676460643,7.4143378022808735e-68
TTC17,23.11770396154536,-0.2163405501089671,0.17248498556037,-1.2542572874161708,0.2097485034049278
SBF2,6.323056879265076,0.5388156290381241,0.3032239153835217,1.7769562415834608,0.0755754397300455
SLC38A1,63.35334613678706,-0.0267627120081047,0.110128479369534,-0.2430135434659273,0.8079949057277497
DYRK1A,6.447376541078536,-0.2476992355736547,0.3053198583686073,-0.8112778412028863,0.4172061322608995
PARP12,125.6095079169032,2.8435850086355794,0.1900075868689638,14.965639296269886,1.2313493017489582e-50
AAK1,18.06104769291585,-0.4134315583205424,0.1876182931113238,-2.203578081137491,0.0275540301783359
FAM107B,80.03978024888633,-0.3905632401113376,0.1095551848207184,-3.564990929005092,0.0003638687728192
LDHA,629.1728579916945,-0.5135863465183254,0.0843975144413939,-6.085325497055511,1.162548833212768e-09
VOPP1,57.03348854137696,0.1557846875726711,0.1197030829583173,1.3014258590726362,0.1931127270599478
IFI35,600.5476656092901,3.4359605329859937,0.1735349734575186,19.799815936394616,2.987834258583792e-87
TC2N,23.982474746042527,-0.1772748966285421,0.1649756433765754,-1.074551933850576,0.282575381488289
UBAC2,68.06511093779623,-0.2940559865248399,0.113152925366958,-2.598748424499043,0.0093564316416399
CD164,440.1762415971317,1.3628223740475054,0.0681119978984239,20.00855085883541,4.639404461534848e-89
MOB1A,454.7586544598672,0.7354840853132456,0.0684086872069478,10.751325823404295,5.841583963607208e-27
ZFP36L2,454.64767362203406,-0.1850935974622152,0.0741506866813151,-2.496181839255389,0.0125538229335379
ZEB1,11.743973411545902,0.1135347395108488,0.222891189503761,0.5093729355728217,0.6104908431725977
TXNIP,210.17077527093468,0.5029951476521127,0.0720347272310198,6.9826758146661145,2.896101845444129e-12
ANKRD17,13.949961910378692,-0.2073555286752326,0.2326175713561869,-0.8914009696959964,0.3727140976983559
GSTP1,672.49918471931,-0.7259459884360187,0.0635426552634662,-11.42454600655318,3.1529904549191783e-30
LCP2,50.42254294375895,0.5312746648121419,0.1397566049097772,3.801427955087469,0.0001438645719754
SCML4,24.12246169297674,1.7225472041487369,0.2635331368571567,6.536359050294353,6.303448632100962e-11
AHNAK,39.15004657830056,-0.0824143657836637,0.169019021698883,-0.4876040871333972,0.6258303000243024
SUPT3H,12.50412971921108,0.9566155404240132,0.2502062041624133,3.823308633078727,0.0001316727932436
ABI1,90.95438690845882,0.3812112418475299,0.1140098318363534,3.343669889757489,0.0008267805369761
CCNY,10.256046639497075,-1.0874356049492242,0.2756558515773952,-3.944903032990422,7.983227687443361e-05
RFTN1,39.67780312107759,-0.2466505056368168,0.1904479137123452,-1.2951074171878865,0.1952831765759616
MYH9,57.5225794441874,-0.8914631130662776,0.1224220719686982,-7.281882251545402,3.2919435339054434e-13
LNPEP,30.17828566130088,0.8177257424072615,0.1532394045418812,5.3362628551833895,9.488182574246321e-08
SRSF7,560.1201453036587,0.0514414658546728,0.0496770849554017,1.035516997441679,0.3004275326359096
CD14,652.572404416886,-2.962520344090241,0.2085882027033276,-14.202722424833372,8.812134363883574e-46
KDM6A,11.271641199342934,0.956280012482586,0.2420679441321614,3.950461164574883,7.800075411773518e-05
TMEM59,592.2135879519029,0.0718577609708505,0.0449886302827464,1.5972426926366927,0.1102116195605951
NCOR1,183.95370140553587,-0.2646839188538903,0.0703764585443619,-3.760972409361099,0.000169254100245
RPS29,438.96657134530216,-0.0094779987721569,0.0551050634142991,-0.1719986909532795,0.8634385581305613
DIP2B,9.686362161093204,0.4483118498547181,0.2512394788341751,1.784400492848563,0.0743586110541352
PAG1,13.60682096887203,0.1631353588500633,0.2340225110113523,0.6970925922683981,0.4857448497805339
NELL2,30.85872736450759,-1.591476720893585,0.2248654644614673,-7.077461737866369,1.4681871053402273e-12
GIMAP4,338.14440696703866,1.6257171388753762,0.1451511141960795,11.20016989107815,4.069523270168901e-29
PRR13,617.3920477495848,-0.1542066553916412,0.0631692239666214,-2.441167481701595,0.0146398634976999
SLCO3A1,21.8178983944075,-0.2238622770517634,0.1959626219458745,-1.1423723301354625,0.2532992876255298
STAT2,79.18481856670974,2.7748548475187094,0.218005252577068,12.728385278413224,4.112564115208291e-37
APOL6,89.21612236168264,2.221251146879712,0.189529931127723,11.719790819650669,1.0092088108960562e-31
NMI,476.4357549488378,2.315288107278893,0.0831077278937969,27.858878662133453,8.408670147648995e-171
CAP1,380.4833281942849,-0.2230044308810699,0.0590891359023992,-3.774034388477408,0.0001606286044709
RAN,614.062245092982,0.0024759763001526,0.0607509897240677,0.0407561475360079,0.9674902994854256
CEBPB,647.9628577409524,-1.1823684663271732,0.1078203463357914,-10.96609783319422,5.562137309024445e-28
TAB2,15.14455671141181,0.3431997807869574,0.2157514483449794,1.5907183169319556,0.1116729828012021
HERC1,11.977470800178612,-0.3856956885137488,0.2201949775259278,-1.7516098361886268,0.0798409200693451
STAG2,68.67943725117141,0.0351026956207109,0.1038240534512559,0.3380979113591555,0.7352894044587803
FBXO11,16.893929006823676,0.1054587202498328,0.2050460178257125,0.5143173291932539,0.6070301479212086
PNISR,192.6484913483531,-0.3061975122489125,0.0737849971666477,-4.14986140823923,3.326766396061391e-05
MAFB,494.3029702850412,0.2618965260989545,0.1016787135074657,2.575726197398482,0.0100029821728647
RBM39,276.0716532245152,-0.2508849563144545,0.0800274941769043,-3.1349845311895197,0.0017186317379391
ZSWIM6,9.059358104218711,-0.3126707827947211,0.2654164707593738,-1.178038355721292,0.2387813154842288
GPR183,582.7637214165948,-0.2815586814212673,0.0682615107120565,-4.124706272747899,3.7120818215896665e-05
SND1,25.12391173036624,-0.3233019897079647,0.1630363872413358,-1.983005114247255,0.047366858279104
ATRX,69.4306965516385,-0.2567558504253136,0.1155627752212505,-2.2217868161589407,0.026297716118929
AP3B1,30.12973849878414,0.2463850436198405,0.1518712287189945,1.6223286378733643,0.1047329999780641
PPM1K,206.9365127249872,3.097407807015025,0.1632797954890312,18.96993928574036,3.0225547806193824e-80
RALA,390.4967195190404,-0.1775032808486443,0.092683051801621,-1.9151643951967905,0.0554715415953255
RICTOR,25.483873439511218,0.7963717740202125,0.1773282352501765,4.490947382951638,7.090706805214888e-06
KDM2A,20.653503926863927,-0.3851624954216065,0.1958264761643011,-1.9668560807806696,0.0491998050532572
TBL1X,11.740735316818466,-0.512795358712472,0.2315853100326481,-2.2142827567093084,0.0268093340408104
ITFG1,42.8822179996928,-0.1193975256351265,0.1411487463386037,-0.8458985909000004,0.3976093186596587
CNBP,489.7906557699668,-0.2504544899486158,0.0546821742416652,-4.580185287471276,4.645641791728246e-06
FRYL,17.046813765105384,0.2645289746319066,0.1937877329010616,1.3650449936733715,0.172238908892795
SLAMF7,285.62197194637366,2.437952810224812,0.1472221734003741,16.559684957202357,1.3630587457842213e-61
ZNFX1,82.79199802738607,2.003571400529411,0.1376073911628532,14.560056575436844,5.041606243657688e-48
HIF1A,141.413613861778,-0.1553738297273322,0.1442048375473374,-1.077452271157883,0.2812782627060299
INPP5D,8.690924201172379,0.5052813579613084,0.2590400187638456,1.9505918829551556,0.0511056135614606
EIF5,545.9757341849381,-0.1769538408447099,0.0477144664380465,-3.708599384098119,0.0002084088598563
NAP1L1,343.631859335516,-0.4109134712438452,0.065599023649719,-6.264018096336485,3.7518190701359305e-10
STAT3,142.56961957786092,0.6706645818157217,0.1141490123191984,5.875342836434899,4.219691360363649e-09
NCOA1,10.72430119737368,-0.2333986244471887,0.2293241860296456,-1.0177671552577383,0.3087886243335211
LTB,570.1649381515617,0.018524711296409,0.0821512229582857,0.2254952589788638,0.821594013193558
ABR,13.549327839052571,-1.061549720818584,0.2569549313495709,-4.13126813812502,3.607674623068565e-05
ACTR2,181.48143017721372,-0.4158873895181937,0.0712320341674834,-5.838488179915568,5.267661921379286e-09
YWHAZ,146.04784103584836,-0.1210875296872534,0.0991291708085141,-1.221512585040743,0.2218920035609084
PPP1R12A,117.72346650168508,-0.2437688800239821,0.0902043604349999,-2.7024068332000293,0.0068839473885663
ARF1,488.5123735022856,-0.0274700249212748,0.0509425159218897,-0.53923573314272,0.5897242070967589
SLC3A2,583.334746789268,-0.4077716787070006,0.0679670845644539,-5.999546417506057,1.978694625092757e-09
PDE4D,14.43261972101804,-0.3094861457026505,0.2117792540311804,-1.4613619597370218,0.1439161343654186
TFEC,93.50348615551177,1.5490119829817677,0.1441047618792671,10.749207470878376,5.9772979681055526e-27
SSB,544.795364795169,2.049504148658857,0.1216069419493242,16.853512766671848,9.886389813160492e-64
FBXW7,10.493031874040929,-0.432922887257338,0.2357514718950358,-1.836352849792977,0.0663054881361314
EIF4A2,488.376442715958,0.0123948149794978,0.0687327699020435,0.1803334129726282,0.8568908258799975
GNB1,79.9133083825212,0.140565621499584,0.1059978474124576,1.3261176989058716,0.1848007145107468
VRK2,148.1060549391575,-0.1640306440385019,0.1247429212027507,-1.3149495174310926,0.1885268692584135
TGFBR2,26.83847567122916,-0.5652961027800546,0.2231668043928263,-2.533065364797713,0.0113069866013758
LDHB,510.2266641688684,-0.0790094800931577,0.0880008855189981,-0.897825966490993,0.3692783388864342
TAX1BP1,288.9152642951018,0.0410906343440139,0.0717799715732092,0.5724526416412012,0.5670153611846398
FLI1,10.882549331414776,-0.0039675354099296,0.2410998777387658,-0.0164559826705033,0.9868706180684232
VMP1,123.88072168023656,-0.1798242884511862,0.1086415362129545,-1.655207526693127,0.0978824089933642
PNRC1,332.2131492481887,-0.2070404903372185,0.0974989531328873,-2.1235150089768684,0.0337107191406973
PRKAG2,66.42852829722047,0.4510945821001864,0.1126065694616354,4.005934860255842,6.177267250315404e-05
JARID2,39.43355650402424,-1.4719010876564245,0.1824879120602558,-8.065745676187122,7.279019929137249e-16
CALR,242.2206279663172,-0.709857399285328,0.0857099318674458,-8.282090346112433,1.2103171167087835e-16
PTPN1,82.28188491430215,0.3748961600362606,0.1172817616884338,3.1965427074006194,0.001390852350371
PLAC8,446.69350068600346,1.619575849767574,0.1475648102508278,10.975352775601785,5.020948586446448e-28
TAPBP,228.07803035362863,1.0485033037042566,0.0815243586500527,12.861227258530274,7.438617069393725e-38
ST8SIA4,68.10327378186928,0.7353535886915143,0.145061618056453,5.069249871494883,3.993866208060142e-07
TRIP12,26.91336547082917,-0.0551166064297692,0.1705423591736198,-0.3231842616511362,0.7465556992940996
NKTR,68.25093559534228,-0.0917664020111784,0.1143528491286182,-0.8024846141608972,0.4222726849137291
CSDE1,224.6328935626648,-0.1682886205873232,0.0736262572096829,-2.2857147295705653,0.022270952975672
EIF4G2,283.13315137925736,-0.4161438249059264,0.0653019323424875,-6.372611192014751,1.8583659164277926e-10
COX6A1,606.4490638603878,0.0685700149041829,0.0484409641273641,1.4155377816984434,0.1569108789842964
RPS6KA5,15.330577690961263,1.3793464089522192,0.2375876548078789,5.805631652316292,6.4123795682336605e-09
JAZF1,16.345409934135013,0.199814601586208,0.19438376623997,1.0279387288933042,0.3039786501961615
RASSF3,23.715749142113594,0.2789453647159496,0.1800463926198855,1.549297159787366,0.1213103022147138
CCL5,508.2851231635833,0.1054194112564574,0.146944840215782,0.7174080498617958,0.4731223540398929
GLRX,563.635675912287,1.0843979959776453,0.0930783630754871,11.650376737912676,2.2844663631157077e-31
GPR141,20.440182701874303,3.3832335785911987,0.3405632694828747,9.934229207185028,2.9545205365743425e-23
GOLGA4,65.56659663403539,1.0868296358618463,0.1501362259540078,7.238956680546783,4.5214940726841444e-13
DNAJB6,384.20070287960425,0.0799885470060979,0.0752491916528581,1.0629821430521622,0.2877900494116827
PTK2B,26.037764623121284,0.3839194720743512,0.1733614145243938,2.2145612570571727,0.0267901937504527
HLA-DQA1,494.78526414055045,-0.5748468313105709,0.1508124490378458,-3.811666974298092,0.0001380327650609
HERC4,39.104955758737134,0.1860037999236521,0.1347493566752008,1.3803687417372592,0.167473139397024
PIK3R5,32.48780723147755,-0.9368654305128942,0.149814313547093,-6.253510818366482,4.01326750057005e-10
SLC7A11,170.91121292886828,-1.4328597566960208,0.1238815159242383,-11.566372481043166,6.100789986650588e-31
TPM4,376.38801196585246,-0.1723511480319494,0.1273546236342595,-1.353316771026014,0.175954453623884
RBM6,40.276010956250985,-0.2137895242749027,0.1804588503903096,-1.1846995800566338,0.2361362485750783
SMAD3,9.465018547163885,-0.4643034929695276,0.2493715176377136,-1.8618946436539985,0.0626179422111148
DIAPH2,10.23218436673487,0.6085362008806333,0.247801153621683,2.4557440188905773,0.0140593264845487
SESN3,50.38655533401812,-0.6142758094536882,0.1192663455625367,-5.15045385650385,2.5985686089330444e-07
ASAP1,16.586959776067086,-0.242973919815901,0.2303333169436017,-1.0548796111653895,0.2914803882113222
IGF2R,19.728109403640037,0.2374993384662108,0.191011912399258,1.243374486350273,0.2137298675400372
PSMB3,583.9549970582249,0.0775538551915657,0.0584732620585237,1.3263131294769386,0.184735999694965
PILRA,379.5231819929859,0.70314600684974,0.0856027486371646,8.21405875446933,2.1383486998075956e-16
PDCD4,182.0650737440642,0.3621580428913203,0.1065582799420798,3.398685142892439,0.0006771061685778
CASP1,515.5937853510707,0.8406139511314439,0.0834856447154482,10.06896399969821,7.577199790438858e-24
RNF13,192.0054280599884,0.2057499732868714,0.0746687183381777,2.755504284337936,0.005860173703945
ITSN2,81.37757260767131,-0.0791814903648067,0.1027748261456754,-0.7704366266946837,0.4410409338522109
ERC1,12.514367296940218,-0.7219274220446983,0.2196938427061633,-3.286061243920539,0.001015989173093
GLS,21.10533511250372,0.6968664789615971,0.1923595990846518,3.622727861139525,0.0002915124717125
LITAF,325.7590835385812,-0.0549400788531368,0.0755879446638294,-0.7268365226423066,0.4673261066469807
SOD1,554.761975743485,-0.0365087855976404,0.0670054411657775,-0.5448629986229689,0.5858477462784739
NSMCE2,46.325418883806336,-0.0837533709621942,0.1279377388845403,-0.6546416381313335,0.5126985091128398
CAMK2D,7.964502597709908,0.7054206574640107,0.2899681956138722,2.4327518263532726,0.014984567479835
LEPROTL1,330.3687604765164,0.1027965067442154,0.0826854584847264,1.2432235199276769,0.2137854779207583
SETD2,54.24560026445314,-0.5981043626818993,0.1546628997797286,-3.867148252966428,0.0001101154908689
LSP1,347.88910739119905,-0.5928839283782548,0.0967546183776011,-6.127706752606122,8.915470838190467e-10
ROCK1,88.53872716655619,-0.2826967045926357,0.1119533576448656,-2.5251293086661666,0.0115655724808213
STK38,26.86849124325358,-0.1851819518412353,0.1763761772461936,-1.049926099615767,0.2937520908270647
RB1,26.399376661538174,0.414819684218533,0.162845049493043,2.547327570042311,0.0108551484061778
HLA-DQB1,505.109359684531,-0.6194552887392392,0.1001728558276682,-6.183863718579762,6.255137386117677e-10
USP3,76.11722788411294,-0.2594586372319574,0.1196627142859693,-2.1682496405012546,0.0301396977647175
ACAP2,45.34188786548152,0.0777013014521842,0.1466482703973515,0.5298480591802979,0.5962172809866324
ZNF706,513.2604773441391,0.0784755286328407,0.0625296642344236,1.25501279422573,0.2094741154735108
C11orf58,438.05048886287466,0.036393993060978,0.0492392425737507,0.7391257695823995,0.4598306301662165
SERPINB1,481.1061385657525,1.0259459928359669,0.1217025005757416,8.42994998444973,3.458129900399751e-17
UBE2D2,318.4138742603701,-0.2164825703406986,0.0727260379784006,-2.9766858797531794,0.002913823871046
GPR155,30.465417154704717,1.958721061282681,0.2005194924640297,9.768232690066515,1.541169261663333e-22
XRCC5,216.5098993069173,-0.3887353331505628,0.0997300822844267,-3.897874385001541,9.704072772181385e-05
RPS26,561.5686170590145,-0.3170993272782424,0.0877579110118989,-3.613341790180574,0.0003022758242843
RPL38,482.77020847807216,-0.008949515888089,0.0547527265143883,-0.1634533375381268,0.8701615102220733
ITK,27.242031333066947,0.3386770263793534,0.2445716038247908,1.3847765688365807,0.1661207977293504
PAPOLA,284.0415120215833,-0.1378428863903469,0.0627626523388946,-2.196256551524421,0.0280735856961338
RASA3,15.724145606603685,-0.1718823956965283,0.2152245791848003,-0.7986188024971966,0.4245114816907209
LRRC8C,16.91695289929178,-0.7145893056016815,0.2141825075756625,-3.3363569868059564,0.0008488408893558
DOCK11,12.84944727759095,-0.1929730586713474,0.2395021069128237,-0.8057259335158486,0.420400892836231
SEC61B,559.4809646121494,0.045200996455685,0.0732594281831708,0.6169990344815262,0.5372353625688333
PPP4C,559.7354728852775,-0.2976814930335846,0.054390657775177,-5.473026163133502,4.4241476515259425e-08
BPTF,31.96997486799733,-0.3840297803650685,0.1494199744719816,-2.570136835601452,0.0101658351901474
WNK1,33.68227986544891,-0.737966160873315,0.1583346991941685,-4.660798704447815,3.1498466740549043e-06
HNRNPM,349.78822005378385,-0.6622480994376403,0.0780771130780047,-8.481974721273396,2.2140367721672465e-17
COX7A2,553.9918409431846,-0.0488593200358653,0.0563172197760965,-0.8675733679701877,0.3856279311053801
RAB1A,192.35121743070405,0.1532319664339725,0.0911375688600777,1.6813260255957387,0.0926996054049017
HERPUD1,527.7522487935954,0.0643824654554584,0.1143349990875405,0.5631037387437595,0.5733642457737724
ZNRF2,9.519120924109224,1.2451202221361133,0.2796728464301187,4.452059747771147,8.50504916287611e-06
LDLRAD4,32.32815767423354,-0.1161276747616303,0.1466434807390536,-0.7919047896051715,0.4284161940211138
PRMT2,184.2798716825629,0.2558540191818569,0.0742535982586364,3.445678393802265,0.0005696278446251
RAB2A,179.95355927577077,-0.1611972216120593,0.0907392412942869,-1.7764885325551938,0.0756524303668675
EIF3H,354.1532164435613,-0.4070971558684931,0.0710405399984703,-5.730490729339312,1.0014050093516829e-08
RNF149,159.5464704099906,0.25165947338995,0.1183854189752782,2.1257640980474344,0.0335229067904213
PPDPF,530.3420399971283,-0.155499434801817,0.0604144047626601,-2.573880110425673,0.0100565113747285
ALDOA,512.5377352339582,-0.8543943552684338,0.0607886849611707,-14.05515443892536,7.162549038761744e-45
GIMAP5,262.3865869240953,1.0316368197922463,0.1146732370441502,8.99631724353484,2.334161213457013e-19
COMMD10,24.516269045274225,-0.060356300943343,0.16364203824226,-0.3688312709353446,0.712253494608756
WASF2,172.09697229119072,0.1046154444185313,0.0878029731186935,1.1914795217368146,0.2334653911728043
KPNB1,129.74760212275856,1.227311889143366,0.0980424401164646,12.518169556831124,5.938898153036444e-36
PPP6R3,18.357535067128588,-0.5323844922591083,0.2660890160013954,-2.000775906722569,0.0454165449718874
PSMB1,510.7299397505861,-0.2501824367129736,0.0485798438606968,-5.149922618738214,2.6059395071135665e-07
ATP1B3,463.1411786999455,-0.7217050338994517,0.053687455103636,-13.442712687839316,3.3974964328437445e-41
C4orf3,537.2794476544695,0.8339032962849517,0.0576616990138364,14.461996620752515,2.1059889731476758e-47
ITPR1,7.394890512174539,-0.480347708486818,0.2980943183389389,-1.6113950482633943,0.1070936458222201
EZR,240.1632316844904,-0.0808361869239079,0.0807149760611326,-1.0015017146592904,0.3165843115739837
ATP8A1,9.108214693787156,-0.1431293053864177,0.2871584693580927,-0.498433167255577,0.6181787642314757
IRF2,175.24813709190528,2.084991061824591,0.1343406816535131,15.5201762873448,2.5335399515871105e-54
CNOT6L,33.35858288318575,-0.2111898971606815,0.1689460935015174,-1.2500430923475878,0.2112838062019222
PPP2R2A,96.3387357591144,1.054200549354353,0.1014050058967834,10.39594189686638,2.587180215628381e-25
IER2,525.2867190973427,0.293186902404604,0.0493595075030066,5.939826332074832,2.8532417434350915e-09
PAFAH1B1,133.26178672247846,-0.0306432902782102,0.0842042730154851,-0.3639160957137528,0.7159206649528718
SRPK2,38.83347402628663,-0.2967723566294661,0.1538372408399638,-1.929132081471722,0.0537144671739422
RAB8B,106.57728072903436,0.7863123288123242,0.1182051180664869,6.652100532314063,2.889392198696276e-11
FAF1,9.153249702957186,0.153304490863608,0.2627958724469652,0.5833595841371002,0.5596512591355168
ODF2L,94.60421892528429,1.872923393401424,0.1410656577432946,13.27696211369667,3.149129116772428e-40
PCED1B,16.231855098278587,0.2259684712462864,0.2319752325780233,0.9741060230224512,0.3300038992771859
SORL1,40.3237125416987,-2.0887945614380974,0.2044982700706524,-10.214240740112064,1.7121427030042832e-24
GRN,448.6528963453262,-0.0914932704233503,0.1182805527946993,-0.7735275855715353,0.4392102095917111
IL2RG,451.9560254464761,0.1110425164665486,0.0571471235078431,1.943098963700398,0.0520042022220493
PARP4,18.96712613727281,0.9523369332310404,0.2077209983061333,4.584692645408498,4.546547300432668e-06
STK10,22.840639737936428,-0.1684077215109668,0.1750015974445279,-0.9623210528940956,0.33588835681528
POMP,493.5462005067327,0.6137395425234755,0.0581297594493983,10.55809534284642,4.660215040328616e-26
PCBP2,304.2003551659875,-0.3023608990830173,0.0660215820297908,-4.579728170503147,4.655806295072301e-06
SH3BGRL,188.14543197539484,0.1336019054644305,0.077900788303828,1.715026360752056,0.0863403940140393
SLC9A9,8.142613281566728,0.7260451505408189,0.2866308489109857,2.5330321327914533,0.011308058631455
NDUFV2,395.6779915320191,0.1200409057426443,0.0875200804014112,1.3715813010234468,0.1701938181813943
MYO9B,35.23265796052441,-0.7461076292015484,0.1727945168734976,-4.317889494999264,1.5752825992310188e-05
SYNE1,12.25664541422361,0.1921986435627581,0.2401408713055725,0.8003579004183373,0.4235034653984427
APBB1IP,89.96785169413286,-0.2561473458218944,0.1018425335842407,-2.5151313189789994,0.0118988054509623
TPI1,506.1474339742556,-0.8769094668338935,0.0561820183385511,-15.608365323396953,6.385209348512221e-55
SPPL2A,235.69136229602304,0.5358306482857786,0.0687232226555914,7.796937157198094,6.342780685845081e-15
SNX6,230.7779001157476,1.083837072876208,0.0820307735690698,13.212566768782432,7.424869881588046e-40
NOP10,548.9887097998894,-0.2938352731383912,0.078352331395409,-3.750179068131828,0.0001767083354904
RCSD1,27.543342716273088,0.3585172178034757,0.1630936673209892,2.198228929991916,0.027932796054326
RNF130,189.65550661464675,-1.2410046413364857,0.1022356383766848,-12.138669656113777,6.5888569734264275e-34
CREBBP,22.68734001006188,-0.0107978583246762,0.1766854082801826,-0.0611134695829169,0.951268842026692
ATF7IP,21.799942389397025,0.0053922429316124,0.2308474003658786,0.023358473706293,0.9813643291417274
TCF7,41.54577715779161,-0.3598746884405168,0.1481902728467126,-2.428463633458381,0.0151629456995549
PPP3CA,13.204190793723455,-0.4643304708416391,0.2305637826350131,-2.0138916248467487,0.0440209130482191
STAT4,33.95717882862503,0.1453305792088813,0.1807528368969358,0.8040293126450233,0.4213800463528966
VMO1,538.446835224828,-0.9680865354566628,0.1841726371344166,-5.256408066471428,1.4689615516069128e-07
SUCLG2,21.3573724245974,0.2298625714608252,0.1834523546715758,1.252982399012185,0.2102121122812945
C3AR1,524.358610059905,0.7786990196519151,0.1040215473946743,7.485939588049072,7.103706836290323e-14
VAV3,20.186423459919595,0.4015146743985446,0.1807201511233341,2.221748221782569,0.0263003257001831
CDC42,308.3833088406492,-0.2009973454420516,0.0752981680205187,-2.6693523989491994,0.0075997667536841
ARHGAP10,27.623276648920463,-0.1607946871908742,0.1919759040975723,-0.8375774446627938,0.4022680649492542
ANKHD1,15.630021729654093,-0.8004940153928222,0.2081378250392926,-3.845980495095995,0.0001200713147767
OST4,528.7953260945021,-0.0641791851714493,0.0667904069400046,-0.9609042392734508,0.3366003190725775
MSI2,13.916246202027564,-0.1823380239316596,0.2181753017301103,-0.8357409041524667,0.4033006784445425
PHIP,43.78064390836079,-0.011034778979717,0.1243220154578715,-0.0887596532205219,0.9292729231477784
HSP90B1,259.647048899923,-0.2674252539918674,0.1107218506807692,-2.4152888734031546,0.0157227345740897
MATR3,146.32062399400075,-0.2017368178342313,0.0883499551072684,-2.2833833654957303,0.022407796243801
ELF2,38.07564954988625,0.0029916555449173,0.1413125595760223,0.0211704858640528,0.9831096578727196
COPE,488.2436942132679,-0.0792092890958509,0.0505403723638313,-1.5672478335861273,0.117056773658401
KMT2A,23.749921001846005,-0.3879621677424967,0.1705432614624156,-2.2748607269246808,0.0229142859266893
EPC1,90.01745324639664,-0.0582621111704099,0.1118666088619134,-0.5208177110502014,0.6024937639534597
CYLD,136.0050344505512,0.5133808483280442,0.0946503091711686,5.423974341168075,5.828825271205117e-08
OSBPL8,134.210668245235,-0.7141201653627127,0.0948205290460383,-7.531282229146658,5.0244454174588583e-14
COX7C,505.4036727855016,0.004827673178158,0.0575701791961601,0.0838571851879871,0.9331699808777516
CEP350,29.149185809892813,-0.2048413701498226,0.1577248938307884,-1.2987256809922605,0.1940380875296999
CUX1,28.750570818765095,-0.2470980538359229,0.1956176517325235,-1.2631684904069431,0.2065286341307965
GCH1,140.45623709548897,2.72174620135816,0.1337874030094569,20.343815188383395,5.2669437503282924e-92
WAC,50.05739221220997,0.0546586979525363,0.1281398214276467,0.4265551281683268,0.6697033866029181
ZNF148,48.559927610736665,-0.0717931854641795,0.1288162815861822,-0.5573300562642594,0.5773019438047842
FKBP5,36.87635871365846,0.933862463908995,0.1978741739853033,4.719476246447177,2.3645265348875227e-06
BID,477.6360944562476,-0.0270720349233645,0.0888642951868421,-0.3046446817188404,0.7606367854841514
CUL1,70.71551705181534,1.0047010215525465,0.141178312345992,7.116539395160641,1.1067055415800674e-12
TRPS1,13.1700014491431,-0.91557229287376,0.23177343022998,-3.9502901258581367,7.805651764484096e-05
RBM25,69.02260813136562,-0.3754942201273071,0.1046077740138994,-3.589544120090104,0.0003312567641792
TNS3,7.174087207955267,-0.971176380231412,0.3204911641169362,-3.0302750558110967,0.002443311142917
COG5,7.435850025387097,-0.5128234653402406,0.3236714439551837,-1.5843951479737188,0.1131038253857105
CEP85L,9.672030580680662,-0.2099598220968211,0.2370240258264944,-0.8858166228706083,0.3757163508330682
GMFG,459.5144250136101,-0.434695949722183,0.1024582731302708,-4.242663246622239,2.208827574333347e-05
DEK,267.8923734987931,0.9975949494501144,0.0920718182102718,10.834965235201794,2.3505467707032817e-27
WTAP,317.6093241489512,0.3196612725018449,0.1705720458681556,1.874054279380153,0.0609229441311101
EDF1,480.7163309887836,-0.3633075162746656,0.0569092958575943,-6.3839748990003296,1.7254938612325023e-10
ADAM19,12.798052223613972,3.173855652838032,0.3757187317626067,8.447424587931895,2.9779910066798385e-17
ZNF207,137.6405499307072,0.1457829168071706,0.0968422962773264,1.505364106502528,0.1322304918829152
CDK17,26.310923527947,0.6501593080994484,0.1826657268869734,3.5592845969498272,0.000371866388914
ASCC3,17.534234073737995,0.2347210757966894,0.2118920122117001,1.1077391419652995,0.2679744897635365
CELF1,47.00887962004013,0.0455477899664833,0.1345049672704472,0.3386327723860264,0.7348863909689932
NT5C2,47.85359985781734,1.4146368380261645,0.141164761168986,10.021175442876466,1.2303091602659384e-23
ATXN7,13.97171646507912,0.1430211852946298,0.2101731359002327,0.68049222695388,0.496192841949135
MGAT4A,53.9743359175511,-0.3720703920954669,0.1322604267562024,-2.8131649142589685,0.0049056484931507
APOL3,150.59247989677675,1.9684864102056503,0.1194318796841581,16.48208514687521,4.935293162647928e-61
PHF3,37.673136230216016,0.0858583823457913,0.1433776371522999,0.5988268746163674,0.5492883390203509
ZNF638,37.557990263486246,-0.4814660554354199,0.13466546042632,-3.5752750104682263,0.0003498599380347
RSF1,92.44437530769434,0.0806663005691585,0.0962183730933343,0.8383669145071715,0.4018246652628809
PHF21A,6.346403070885184,-0.667266116717178,0.3036686480664795,-2.1973493838293745,0.0279955032517033
AIF1,448.84120019687134,-0.3735049031132709,0.1356569307967713,-2.7533049798452347,0.0058996908235557
LIMD2,411.60052690566647,-0.1703829406154043,0.0631886670142171,-2.6964161243830147,0.0070090046720193
MAP4,29.10181395107841,0.2745440579708165,0.1491063997236028,1.8412627390892435,0.0655830652656112
ANKIB1,16.48930968599592,1.0717265241040053,0.2131516553597261,5.028000004481797,4.95621864788815e-07
GCC2,136.96767794138165,-0.100227787519011,0.0869985766915872,-1.152062382288412,0.2492954397768301
SCAPER,14.298512944018716,0.5443424728597701,0.2083445943175025,2.612702646031845,0.0089829420269319
STK17B,58.541828752121766,0.189946588439517,0.14873424800641,1.2770870931577971,0.2015715010474073
ADD3,42.94576525794757,0.0401728870681376,0.1366981605218469,0.2938802315611061,0.7688494243716166
ANTXR2,40.52122084193843,0.2660734589226073,0.1348170453711192,1.9735891569954709,0.0484284776624023
GAS7,7.910007016156975,0.1907389925204396,0.2596501810164801,0.734599882710397,0.4625832094590428
SMG1,21.707330176447083,0.0543264985961281,0.1713057752105485,0.3171317401842206,0.7511436417701225
TRAF3,38.57495279708865,-0.6808310489108615,0.1363242377731808,-4.994203965722095,5.907893539883135e-07
BRK1,496.6064048817451,-0.913077667342531,0.065724433990358,-13.89251473016082,7.032230609242022e-44
PSMA5,400.2555599181818,0.6941567378841283,0.0671037225955011,10.344533969724464,4.430666779269597e-25
ZNF292,17.30930510918241,-0.488513171280988,0.2053394184340349,-2.3790520836500875,0.0173572232967117
GMDS,10.895999582156238,1.53459290993467,0.2530358574196987,6.064725077241968,1.321795542080248e-09
EIF3K,475.10201525965874,-0.3532393860620029,0.0545087593022479,-6.480415085276671,9.147062218928342e-11
GNAS,228.0382582409161,-0.1136788806511437,0.0725028565816031,-1.567922782782997,0.1168991541033589
SRSF5,376.1618825850492,-0.6078782458886254,0.0752303257789689,-8.080228811910327,6.464536290288037e-16
THEMIS,9.592886816448493,0.0468157443217747,0.2450951920792766,0.1910104556707587,0.8485174015374096
AKNA,23.50761923051065,0.2092106135287111,0.1644044557322217,1.2725361523623704,0.203182687492278
UBE2B,404.0705895366796,0.2454171567462111,0.0608475601514013,4.033311379052217,5.499632761589553e-05
HCLS1,255.10768600426096,-0.67006529897743,0.0815179660371238,-8.21984810897119,2.0376108114495135e-16
GSK3B,25.288147466421663,-0.0292549004776456,0.1774680538002969,-0.1648460094714616,0.8690651890703629
TMA7,481.982646994749,-0.0565876254462695,0.0676592974920234,-0.8363614099443,0.4029516153080609
TRIM14,56.687175723140015,2.138442092653073,0.147209550837452,14.526517338636056,8.229953248070585e-48
PARP11,40.82428837800583,2.548150190911925,0.2083415388617726,12.230639193860103,2.1325389212012492e-34
IFITM1,122.9441739898256,3.643279846078023,0.2579032364482526,14.1265379072086,2.606468632868808e-45
GDI2,253.85807504254268,0.0760557483107187,0.0766481796537359,0.9922707708690072,0.3210654576332925
HBA1,517.8482685515713,-0.6841624706131026,0.8928076872912313,-0.7663044128672818,0.4434951932067419
NDUFA12,477.234488679856,-0.0238780850429523,0.081647301006442,-0.2924540645999843,0.7699394764573853
CLTA,378.8032781779275,-0.2504935013697369,0.0631410639890088,-3.9672043127645296,7.272064858934752e-05
NFATC3,15.073090127620809,-0.2187816060842996,0.2114645982128976,-1.0346015736593197,0.3008550187882726
CAMKMT,6.700796946332055,0.1623285227708568,0.3463253217865817,0.4687168756054446,0.6392720228525159
FUS,135.1145114497385,-0.0739247523060218,0.0817621314533249,-0.904144143407304,0.3659189737669317
SGMS1,12.303020522117126,0.0684030301230708,0.2327221034751329,0.2939257986312416,0.7688146039352742
DYM,11.200806783364849,-0.3523343387282169,0.2449182164452123,-1.4385795546042337,0.1502696825293815
MGAT1,186.6476534294792,0.3186856128535204,0.0780990206939112,4.080532764969305,4.49325947751025e-05
THRAP3,166.7939413421218,0.1285092452747009,0.0740634588564798,1.7351234638356032,0.0827189391139306
RPS21,420.84585811174463,0.040635619730504,0.0751862501854269,0.5404661042449524,0.588875630624139
PLXDC2,47.62454047498608,-2.550590631597438,0.2538679136740774,-10.046920048635828,9.478355749318002e-24
MARCKS,94.7811579712509,2.011454931600553,0.1751194085328811,11.486190756650906,1.5478792647258885e-30
RGCC,482.9836481089456,-1.499911755962524,0.1236384985134841,-12.131429724528257,7.1981610731294275e-34
SEMA4D,28.99605881754235,-0.2654095258587975,0.1524533972572244,-1.740922345016621,0.0816971913350706
LILRB4,335.95303989345973,1.0041111192245875,0.0911050027583297,11.021470707686044,3.0109882480541357e-28
TOP1,110.83525820943764,0.4200465021403913,0.0930214632283824,4.515586914700648,6.31416423473311e-06
NRIP1,11.386517904360009,0.5032156988619092,0.2369340003130493,2.1238644440942838,0.0336814803130968
PREX1,13.593342211445012,-1.4543051247039174,0.2708049786759257,-5.370304238181291,7.860391926658042e-08
MYO1F,81.58889408672903,-1.1170787690859385,0.1134625590621747,-9.84535143856403,7.178789200966539e-23
ALPK1,8.842148880224002,1.687883523775746,0.3525862366068916,4.7871509109915005,1.6916563178218878e-06
RASA2,11.798754027029588,0.0949309659641202,0.2637280509408311,0.3599577884319122,0.7188787005098107
MAP4K4,18.42785794920765,-0.5685100673975977,0.1956376499101265,-2.905933840744683,0.0036615885948682
CCNH,79.80306804604676,-0.719050086259123,0.11382313245351,-6.317257931315605,2.6624501208298206e-10
LMNA,451.4315336110575,-0.4675746806512086,0.0687983043725666,-6.796311114284589,1.0733186638238568e-11
SEC62,351.8186047680889,-0.6580494329382681,0.0788412975814015,-8.346506883132527,7.031154603098811e-17
IL10RA,148.6028790979126,0.379886448093608,0.1223486027777978,3.1049512578703897,0.0019031038309806
SNX2,286.37980400825234,1.0319644127929488,0.0745131286698554,13.849430713951936,1.2822427002738976e-43
PUM2,12.096677582552832,-0.2270986794071914,0.2221014924506252,-1.0224995649575706,0.3065445184489938
PHF11,181.48900557217212,2.117240104198448,0.1084799395287588,19.517342223786475,7.820169496175676e-85
RNF19A,36.46578839646693,0.6690474693253666,0.1478792299331198,4.524282886974402,6.060062521694639e-06
HNRNPF,330.66708308613823,0.2597542997917039,0.096531801506952,2.690867628457104,0.0071266466065745
MED13,20.438379825050752,0.3632116194928603,0.18039071087584,2.0134718563355123,0.044065012836837
CXCL16,478.16785335541294,-0.5516740277224023,0.1450499734546173,-3.803337667586737,0.0001427595544928
PIK3AP1,27.512421732609923,1.563062030647332,0.2072036243078326,7.543603717689631,4.5715892930532745e-14
HNRNPA3,281.0043503310337,-0.4718345358498165,0.0636638131424831,-7.411345826770136,1.2502408567317673e-13
EPS15,20.35651448543709,0.0069883363086666,0.2171512895344466,0.0321818780061082,0.9743270079497032
ARL6IP5,328.6501440849236,-0.5825520744410518,0.0674170327228466,-8.641022170701882,5.571230423118285e-18
HIVEP3,7.004597496169388,-0.710689557393262,0.2863514105239917,-2.481879017437972,0.0130691639347779
PRDM2,29.68885035655721,-0.4321436307260459,0.1547430716794571,-2.7926525306490677,0.005227781411907
FPR3,128.73757616175897,0.4312572513333942,0.1886426458651413,2.286106884027144,0.0222480063625283
NEK7,21.49971099236057,0.3980913414841608,0.1742721899566351,2.2843079069771237,0.0223534415337517
IFNAR2,41.7515988307217,-0.5314469923726204,0.1601935896143839,-3.317529706724927,0.0009081725752784
EXT1,7.328148394232119,3.2948283173177955,0.4654155713833853,7.079325488668891,1.4485778862840862e-12
PHC3,10.677603395368584,0.1713893479411248,0.2696964533337142,0.6354898102017414,0.5251090104200277
MGLL,43.61160711604678,0.7998868487226988,0.1904698938506077,4.199544781339976,2.674521333187381e-05
PGAP1,20.06784068820759,2.294456744198328,0.2588336157109753,8.864601060012298,7.677848156142676e-19
SNX29,7.1722361042003895,-1.116446371260457,0.3056646691703068,-3.6525201760835766,0.0002596791858055
IGLL5,505.00195016844657,0.8079045906359651,0.763481552247106,1.0581848222240755,0.2899711894784551
CXCL3,479.6070528332012,-1.9527893837828452,0.3615042338161352,-5.401843743761115,6.595939571184595e-08
XPO6,13.414803956787802,0.6387395133314301,0.2189273368998077,2.917586822991181,0.0035275142770061
WDFY1,29.23273720338521,1.3970687815544942,0.1865515062326941,7.488917188435173,6.944413705920156e-14
BRAF,21.17370873062164,-0.4233013850517116,0.1768375983802972,-2.39372955145762,0.0166780413761427
PPP1CA,448.29093603910144,-0.585170184049734,0.0610251737982747,-9.588996599732384,8.894578107380075e-22
SENP6,30.171598998455856,-0.2598575180288915,0.1605986049270302,-1.6180558862697514,0.1056505542248872
KHDRBS1,251.92157546015156,0.3030344982675113,0.0685271752935498,4.422106952014331,9.774304935366491e-06
LPIN2,44.01883727739026,1.580205731626744,0.1746225167733654,9.049266731607243,1.4393159881162753e-19
RPL17,368.9633096774516,-0.6913774427573877,0.083392947900118,-8.290598427884683,1.1268010467785652e-16
GLG1,26.418874126916364,-0.8137122855486447,0.2150649793935737,-3.783564799081178,0.0001545980509637
LAPTM4A,440.72405304179006,-0.1108901436988236,0.0801800148641378,-1.3830147560676178,0.1666603413869553
NCL,145.8562021231011,0.0341539410606741,0.1146283415294877,0.2979537224822202,0.7657384843450602
GATAD2B,13.88344010762608,-0.6044527116111148,0.2133741732257397,-2.832829777255341,0.0046137947934022
PTGES3,312.7805101337753,0.0170323999652189,0.0729970662707747,0.2333299245484626,0.8155052233708814
ATG3,362.0560862869786,1.0018127677692403,0.0611913389822204,16.37180660583885,3.0405275727598113e-60
PIK3CD,11.918879907029496,-0.3144933501908004,0.2335746047455007,-1.3464364010525354,0.1781618181813692
CCM2,62.2660993843401,-0.3351869708026684,0.1204894547464258,-2.7818780615123604,0.0054045342070088
PPP1R16B,6.895485141016909,-0.136754342036398,0.3184228229706851,-0.4294740582994833,0.6675782687371619
KDM7A,28.093794605164483,-0.1195486925027754,0.1518768675354737,-0.7871422056742948,0.4311986249439944
TLE4,56.07524168880392,0.3473138627763538,0.1192359839581999,2.912827581463245,0.0035817230522279
NDUFA4,437.7187572449658,-0.4539421833633025,0.0774223924295853,-5.863189822972175,4.54058632314726e-09
ADA,439.98472869631,-0.0986206365530706,0.1209321218146436,-0.8155040618920874,0.4147838404650816
FARS2,12.976760420843844,0.0038446045855245,0.2253659174168437,0.0170593878151215,0.9863892380222464
GPATCH8,41.01611004369372,-0.0976916154226872,0.1442213178961213,-0.6773729213392146,0.4981693746063034
MAP3K1,8.150741205633594,-0.7019670641147293,0.2741789350606177,-2.5602516253100647,0.0104596400063822
GRAP2,37.775129242461645,0.2131450571708932,0.1579982846071632,1.3490339955325676,0.1773260469823169
GUK1,439.1910431534203,-0.1713346969377928,0.0607559047608599,-2.8200501270153047,0.0048016148132676
SMARCA2,9.403309069547278,-0.0902803683059258,0.321435472776544,-0.2808662265122402,0.7788130056786747
CAPG,437.2020970091672,-0.1773129731477875,0.0748578405068339,-2.368662680452294,0.0178525272896006
IPCEF1,14.39575642120986,1.3372417562999812,0.2474650837976882,5.403759333551981,6.525849087709628e-08
CD2,264.1885560403857,-0.045834321028803,0.0763133135514628,-0.6006071404289651,0.5481016809592201
R3HDM2,6.792807111853017,0.2179359761459689,0.2918231028994851,0.746808508238754,0.4551791590423514
CD37,396.2830906373084,-0.0699661746563837,0.0743811382433937,-0.9406440437552432,0.3468873032081454
NCK2,8.358070580970452,-0.2408894813359791,0.3488554406516571,-0.6905137580368559,0.4898711610398235
EIF3E,325.90233714720387,-0.3383543199989201,0.1163626629938992,-2.907756760574133,0.0036403136586963
RNF38,7.326069238552371,0.3177552886936774,0.2762986152562616,1.1500430011166198,0.250126160733199
IKZF3,6.3624838403625645,0.4181786805133053,0.2880638646539881,1.4516873923621296,0.1465885464767801
BMPR2,13.726641512368545,0.514644617923442,0.3530305875789115,1.4577904465810785,0.1448983123509175
PPP3CC,37.51369654482562,0.5565687258579358,0.1448616390220248,3.8420711626306727,0.0001220004504154
MTDH,206.53875553618005,-0.3826740537815897,0.0848933472228194,-4.507703681151665,6.553301051580305e-06
TRAM1,293.93899576438616,0.7147469515569406,0.0928982747660239,7.693866795235123,1.4275367449598473e-14
CASP8,76.28926915316234,1.1611230035693083,0.1209056953996244,9.603542659686113,7.724286345304667e-22
ARID2,9.129821842926315,-0.0707366386706137,0.2485376446153765,-0.2846113665399941,0.7759419020284094
PARK7,425.29485953588,-0.7002102810459374,0.0927173522077328,-7.552095313044736,4.283108403699917e-14
GHITM,408.6564940063141,-0.1723807788969004,0.0577353263339449,-2.985707189041221,0.0028292340651402
HELB,17.384499549614922,2.178469103050205,0.3384816943309206,6.436002713105066,1.226608415085968e-10
PCM1,34.33985867940985,-0.5506228580554624,0.155614646124473,-3.538374258262491,0.0004025989802367
CHD1,109.55523385648804,-0.1935376037698006,0.1268049979388584,-1.5262616372827726,0.1269447185446487
ISCU,428.5448819180526,-0.5466069124132618,0.0617364204615903,-8.853880874958346,8.452760237673695e-19
HLA-F,255.57112432552088,0.6604588427028567,0.1072816253576796,6.156309065050703,7.445984730850618e-10
CSNK1A1,144.64010093456773,-0.1153919869420671,0.0951671662079683,-1.2125188921765473,0.225313815281452
CIB1,455.60254110992094,-0.4980193057983695,0.0858826145021817,-5.79883726974472,6.677629129579106e-09
ZNF609,7.993619824410516,-0.5296689930389287,0.3019786018286873,-1.7539951169765673,0.0794313438536628
REL,119.94760081682008,-0.4339012281052165,0.1310471630671053,-3.3110310666017897,0.0009295288842491
ZNF644,28.64620874717197,0.078868873540528,0.1844022265266019,0.4277002237234395,0.6688693869854716
RAB31,136.67095707194045,0.9693561646954963,0.1100185449283136,8.810843347611199,1.2420783900964154e-18
XIST,52.92655332180519,-0.1160666315018496,0.1205219862141481,-0.963032846933156,0.3355310396557447
RBM8A,408.1709807272344,-0.2082882494580744,0.0696134938320306,-2.992067169630217,0.0027709528787922
U2AF1,463.01113901133255,-0.2404841367543048,0.0705274521461763,-3.4097947598599423,0.0006501178349829
BANK1,20.839025549553963,0.7284394278188829,0.1803287135647098,4.039508813761303,5.356325529434301e-05
UBR5,15.431568947133176,-0.2763713090934745,0.2057822006107183,-1.3430282515847465,0.1792628260337488
LCOR,16.49607466613447,0.057070077321904,0.2291943254862714,0.2490030117491826,0.8033584517388525
NAMPT,186.3301029018914,0.0653097426830242,0.1268236989746875,0.514964815022934,0.6065776071656425
RPS6KA3,15.72881384255916,-0.5158922892003655,0.2039948228476434,-2.5289479507314123,0.0114404991815189
CDK13,9.453934915748947,-0.2311232507318547,0.2657921118331166,-0.8695639954769258,0.3845387210121492
TRIM38,115.36611917719094,1.3982915734999244,0.0965933118315031,14.476070309496132,1.7163310561041856e-47
PFKFB3,66.72106214822351,0.3112685169998331,0.1717660780339741,1.8121652456794552,0.0699606673709797
TOMM7,419.8894794591459,0.1660691939020275,0.0646229654254345,2.569816980832414,0.0101752255635919
LUC7L3,87.82739801212259,-0.2669459824830208,0.1172617055440688,-2.276497525295658,0.0228162485528904
MKLN1,17.438009311652845,-0.3164656125659775,0.239415794629156,-1.321824289229406,0.1862266681960186
ZFP36L1,228.65316435421963,-1.0385857344461271,0.1330662595033659,-7.805026896542891,5.948885648577611e-15
RHOG,405.8188844190563,-0.2011610652563686,0.0862967788864528,-2.3310379350433386,0.019751359457902
THBS1,125.61611831790472,-2.186505699275122,0.2698019817516597,-8.104112820370977,5.313178547966506e-16
ZCCHC2,11.251903287998406,2.112220815724595,0.3398341028238988,6.215446884738175,5.117878381839368e-10
ECE1,16.618094551000265,0.9036916871846165,0.3098441185835791,2.916601068033019,0.0035386805535201
TBL1XR1,9.536559394291604,-0.0876211050578475,0.2901967069557598,-0.3019369377999361,0.7627001367689975
HIVEP1,16.241312834644233,0.2387996045742352,0.2320159648904511,1.029237814246908,0.3033679369947168
RAPGEF2,13.596974619964254,2.0288145446870725,0.3497719622970525,5.80039215082669,6.61600142950033e-09
CCDC88C,18.623845790192306,-0.1408924332120488,0.1851807594610152,-0.7608373225281533,0.4467542389551062
DHRSX,11.22828536602943,0.9365922821652746,0.244391613342198,3.8323421551043753,0.0001269290380853
ARIH1,9.15324087383386,-0.1176592334410916,0.3213666605398098,-0.3661214677448361,0.714274439056483
CD55,206.149710362056,-0.3171016582154408,0.1042512282013709,-3.041706689564648,0.0023524099810505
CD52,386.7489730471119,-0.0728655740365491,0.0899618671379509,-0.8099606683886885,0.417962781466808
RALY,149.60369591485932,-0.004304959557357,0.0818632426061436,-0.0525872103316125,0.9580608075474728
CHMP5,382.6791380397015,1.2791866473173692,0.0911411923786928,14.035219574507348,9.490204173604908e-45
PTBP3,35.936601492093494,0.2608771910211299,0.1400126670635286,1.863239923161815,0.0624285182896847
UBXN4,241.03098980607143,-0.0479765336236641,0.0693585940867642,-0.6917172162349167,0.4891149331059802
TLN1,97.0801323874028,-0.5477709649659347,0.1055439484689272,-5.189979841688428,2.1031684820098387e-07
CD86,311.2281942885937,0.6622420719683683,0.1242544575564566,5.329724864538318,9.836166534376012e-08
INPP4A,19.050711357679948,-0.4422759557600026,0.1800139556612736,-2.456898156230836,0.0140142409823208
SNX10,226.9755652111651,1.7912990409214615,0.1003524391110147,17.850079746839437,2.886239834983135e-71
TET2,19.477767611069105,0.32963802806864,0.2064948241580082,1.5963500751786568,0.1104106559090529
SRSF3,358.9012764935882,-0.4098047713605469,0.0712561030423454,-5.751153288820911,8.863670129666771e-09
PSMA3,360.8430191070602,0.4249370347047683,0.0603873509069147,7.036855042040112,1.966272209166879e-12
AKAP9,53.73002181427758,-0.2470667296224411,0.1142615599366531,-2.1622908855735514,0.0305957618244966
ATXN7L1,12.401556155493015,0.7997885273142533,0.348365245907133,2.295833286215527,0.0216854154346388
PIK3R1,71.36072172265312,-0.06826650878723,0.1167961395880532,-0.5844928524864772,0.5588887726538367
CAB39,17.59541515680279,-0.5876149136095725,0.1910331155561776,-3.075984558482328,0.0020980871040849
NAGK,313.9673522396942,1.7280708708840913,0.1123029144029929,15.387587045898046,1.9828995681387962e-53
LST1,423.2180722002814,-0.4175053471613535,0.1343098486082399,-3.108523697164971,0.0018802456681688
ALCAM,41.06890050906417,-1.0862933324087678,0.1731501635043609,-6.273706651056144,3.5255246495346955e-10
SRGAP2,17.378468763263044,2.7430830824367884,0.3111446589358026,8.816102104464402,1.1851341477020537e-18
DTX3L,72.75948095277523,2.754757465163212,0.1794098153522346,15.354552702452796,3.3017898815102683e-53
PAIP2,346.61370698004066,-0.1433228440490944,0.0599995541086021,-2.388731819401074,0.0169066384524693
ZFAS1,360.526596252774,0.0957374664356845,0.0712758238113485,1.3431969118881122,0.1792082213535215
SRSF11,157.0992693791647,-0.1147826573030541,0.0762162252755777,-1.5060134097172937,0.1320637312977401
KIF2A,46.54435937284366,-0.1448487866215786,0.1493828138721391,-0.9696482672066864,0.3322218451120372
UBR2,20.8663882515418,-0.0866186806625515,0.1837236982211708,-0.4714616649958678,0.6373110890512463
SETD5,21.29342652851534,-0.2659626025316332,0.1694761601388958,-1.5693216220715702,0.1165730166098763
PHKB,22.74268617389195,-0.4216081013008215,0.1827246679491858,-2.3073409082241,0.0210358226681101
CAPN2,201.5144355188853,0.5671193686157845,0.0802825706480729,7.064040974744216,1.617290212512617e-12
NDUFB2,419.4832250655768,0.0702121017775346,0.0645178812854376,1.0882580205463486,0.276481217257878
MORC3,61.67031291052319,0.674753009160059,0.1143418550904354,5.901189976552178,3.608890549480265e-09
DAPK1,19.71956735980411,-1.1432882419974508,0.240102620673786,-4.761664986367528,1.9200223317360035e-06
RNASET2,283.1899124647171,0.4194093441919818,0.1314023537135787,3.191794761197198,0.0014139176144221
PYHIN1,22.242879187029484,0.9239424449105962,0.1848709613189732,4.997769462108446,5.799726288846168e-07
TRIM44,29.18508092847359,0.954380459806354,0.1663666651934036,5.736608705216713,9.659106347382578e-09
ST3GAL1,32.0831859717314,-0.8745881315601726,0.1981853804302112,-4.412980057669537,1.0195739126273567e-05
VPS29,387.8078025399869,0.3644698596382316,0.0594802874381851,6.1275739465281935,8.922913333635444e-10
CFP,432.2425280998372,-0.5094853176296829,0.0803487589699641,-6.340923296900428,2.2839223595101496e-10
XPO1,51.052438135908126,0.3577604697703856,0.142252159485768,2.514973910158311,0.0119041192668505
FOXN2,28.764733593642656,1.117545449393177,0.2359360145455534,4.736646296012625,2.172839048347413e-06
WDR33,82.7747824971625,-0.2981551736908664,0.1119803206770876,-2.6625676001646967,0.0077546991575707
CD3D,394.28245848065706,-0.1486334302080031,0.0931216474680381,-1.596121140994827,0.1104617495041026
NDFIP1,269.52211260428487,0.2732627855197299,0.0609466573693682,4.483638599958261,7.338090209135068e-06
ARFGEF1,14.827403756431718,-0.560571005001685,0.2093811223786366,-2.677275766952716,0.0074223516367601
SERBP1,261.1095649301417,-0.1556776301675635,0.0840414547470468,-1.8523909496346975,0.0639697039686245
VAMP5,413.2828442080404,3.034558972420565,0.2036486252855821,14.900954858718633,3.249028548732795e-50
SRSF4,101.84226565038664,0.3599091179784081,0.0940019263783794,3.8287419401352594,0.0001287999737828
LACTB,331.68380066100883,0.5917540939682492,0.0681580177980261,8.682090722206807,3.885592912768968e-18
CNTRL,40.39719428557146,0.7816385088358313,0.1665419270223337,4.693343729180047,2.6877532100650684e-06
RAB5C,349.0303554732286,-0.3006840602087501,0.0736440062425894,-4.0829400184758,4.446950382346016e-05
SUMO2,398.95121313262496,-0.1131724529124725,0.0625060626870643,-1.810583614569816,0.0702053304712897
DIAPH1,42.39083215786432,-0.5134431563390678,0.1420083530604002,-3.6155841911685696,0.0002996710598053
HMGN1,400.260910775555,-0.4613340391789968,0.0607729225699206,-7.591111627850734,3.17172558100094e-14
PTPRE,150.4105521449858,0.193144630110041,0.1115887359771939,1.7308613492092535,0.0834764966807947
GPSM3,361.763719537026,-0.2406382754366285,0.0749876595897658,-3.2090383504844096,0.0013317972684778
ERP44,196.15749074502003,0.194858086360035,0.0724381488347271,2.6899926281194437,0.0071453597471382
RAB3GAP1,30.64524555907552,0.6205857098372152,0.1514646038803154,4.097232580673374,4.181187553316504e-05
PDIA6,332.47820078085493,0.3557611746638471,0.0681470964675898,5.220489105255479,1.7845120548494538e-07
ABLIM1,33.22316125883634,-0.2329195836048266,0.1643447835107203,-1.4172617994268926,0.1564063994245514
RUNX2,7.942797508530554,0.4796763863896428,0.2664210406872708,1.800444834057586,0.0717904269025397
PTPRA,52.83531438495503,0.4207614105163096,0.124304109051012,3.384935652799998,0.0007119494216403
USP9X,20.37987249494155,-0.3814653183180305,0.1851167181076229,-2.060674596101334,0.0393340947995774
PAK2,99.3413007870406,-0.2688450852337632,0.1019593736145493,-2.6367863562021703,0.0083695525564763
EHMT1,24.305668225585997,-0.2632946465920968,0.1691749084767549,-1.5563457309526152,0.1196259024580077
DNAJC1,134.3020406467504,0.473980940196679,0.096032497413661,4.935630676717702,7.989216584374599e-07
MAPKAP1,35.37830110250859,-0.4452234777939857,0.1507420388746701,-2.95354554786242,0.0031414624589429
IL1B,397.2257924688392,-4.145888088934609,0.3600610748934631,-11.514402355659572,1.116307841513005e-30
SH3GLB1,262.9955958555422,0.8230097968610632,0.0844469576608223,9.745878592413568,1.921097912496204e-22
LARP4B,11.276534517465622,0.1982922037381061,0.2760424359959483,0.7183395662434184,0.4725479396876836
RBX1,364.2153216954231,0.4232855686951948,0.0589347429442819,7.18227564164278,6.856051526455951e-13
LAMP3,46.6073453985622,2.727780325412072,0.2893958972106244,9.42577400614209,4.269449201262765e-21
PTPN2,94.88638347468608,0.3671011849322075,0.1398262238251766,2.6254101333036832,0.0086544651213876
GABARAPL2,392.5790000518374,-0.415291075770445,0.0879940047255257,-4.71953830338597,2.3638053488861363e-06
BRWD1,30.866745440861493,-0.4779230073289162,0.1971178924984843,-2.4245541653840017,0.0153271966825386
STK3,17.653378083198756,0.7790090804606798,0.1969614278256453,3.9551352214519695,7.649137578428136e-05
SPG11,15.954515694595004,-0.0109170950389365,0.1935988618291769,-0.0563902852309602,0.955030895904852
SPCS2,374.6728435474088,-0.159874212895,0.0622573591211174,-2.5679568672994257,0.0102299884245438
WDR70,9.711705693990076,-0.2766923282946229,0.3359906241725605,-0.8235120517902228,0.4102168665490777
MNDA,276.18748514393894,3.4535808092092632,0.2307444253965732,14.967125655467957,1.2041412960934974e-50
KTN1,159.52328123351003,-0.1620801518543698,0.0872009423751966,-1.85869725073604,0.0630700633876396
ANKRD22,122.11043740954776,3.5777448617008907,0.2227053111085939,16.064928330139093,4.493835103588246e-58
MAX,168.58537453058446,0.8538948417457647,0.0907349595637412,9.41086925977968,4.920505293199892e-21
ADAM10,33.14090727732827,-0.51197837720544,0.1430004289456227,-3.580257632654548,0.0003432556013735
NAPA,283.088687116324,1.7108127680040972,0.0975932284906718,17.530035582003723,8.45165697394402e-69
SSR4,422.2610606861574,0.2158407053961655,0.1028491451337669,2.0986144815831023,0.035850898733763
SEC11A,296.96497342378893,-0.3421090204447335,0.0602459130204396,-5.678543212195423,1.3584671713650148e-08
CMTM6,280.59258908217265,0.0781752172812599,0.0716398477916974,1.0912253402403225,0.2751737402440246
ARF6,318.0146997570573,0.0050817424779321,0.0743298608852379,0.068367442336239,0.9454931384209052
COMMD6,411.0981356141188,-0.2041650740642735,0.1021766754206324,-1.9981573409369968,0.045699604762828
RIN2,23.00551029880895,2.77276124708805,0.2990888542626258,9.27069400136632,1.8493863303780156e-20
PUM1,27.49768733169916,0.0917579357370786,0.1744252727611015,0.5260587200729404,0.5988474088201253
DMXL1,16.13829036317268,0.5986187927935483,0.2163920286498993,2.766362497400741,0.0056685484573695
RREB1,9.101705134286984,-0.3620790247189046,0.255512478791536,-1.4170698293538635,0.1564625124891748
RGS10,339.2535785673804,-0.4067894085312893,0.0687130531847166,-5.920118371654148,3.217099824224223e-09
ARID1A,15.544341880904671,-0.848926957688178,0.2454352698856784,-3.4588629339361074,0.0005424608833053
MORF4L1,261.4249536140065,-0.5638171788972647,0.0662759394573277,-8.507117115409324,1.783113978002808e-17
SIDT1,7.096118522697644,0.5894912275434463,0.2896667562709448,2.0350668993995824,0.0418441420184714
PRKCQ,7.487130595912937,0.3230999658548557,0.2717259752722065,1.1890654381907524,0.2344139174285294
HSPD1,337.3069501428028,0.2703236166853544,0.1303043421011284,2.0745557080174497,0.0380277306850966
CLEC2B,308.4126400940138,1.126316528591334,0.0807453370886658,13.948997789860409,3.1905726209836645e-44
OSTF1,250.16503982798184,-0.2659936645017254,0.0807813342221112,-3.2927614660382587,0.0009920860423934
JTB,391.9694633111607,-0.5290273305979176,0.0646220804189801,-8.18647940716154,2.689786656966021e-16
FKBP1A,368.8446435202811,-0.3674755407032329,0.0708000905139302,-5.190325860260455,2.0992637143223318e-07
SSR2,375.82368227910735,-0.4427984999949622,0.0701837101264613,-6.309134971592424,2.805993354518141e-10
RBPJ,81.40737853400202,-0.6983413223940957,0.1175641764796819,-5.940086030499152,2.848725409288821e-09
SNRPD2,399.4731321169553,-0.0793997382174496,0.0693882369929173,-1.1442823979740853,0.2525065407268008
SPTLC2,96.99640983445346,2.6035466740423843,0.2565975918837755,10.146418970376176,3.4374602959787904e-24
UBL5,395.74040903674666,-0.1568123122124324,0.0694340321245967,-2.2584359198820363,0.0239184954237303
MAP1LC3B,365.2626026696173,-0.1228728274224936,0.0705942417547326,-1.7405502824067964,0.081762438940571
TLK1,36.03751699511691,-0.1357895462343795,0.1650847652104131,-0.8225443823438547,0.4107671378657634
HCK,142.96319641169015,-0.5980165078924881,0.1315432204079656,-4.546159855580631,5.463354827943656e-06
STK24,50.89059166985014,-1.6518876282881507,0.2287102255647359,-7.222622531236968,5.099441961791992e-13
TAF15,78.66686171757887,-0.1385944278196758,0.1033272114258005,-1.3413158635293347,0.1798179214544311
ZFAND6,154.3509988938162,-0.0506869028930715,0.1036332893167602,-0.4890986595836452,0.6247718503945359
MYO5A,7.069138192201509,-1.0427972706316015,0.3458843578323144,-3.01487259258238,0.002570872251363
CIRBP,340.0811769295384,-0.3233554481664667,0.0676977217022792,-4.776459828124176,1.7840817386543478e-06
NFAT5,14.12512915829184,-0.3811283868619499,0.2135326619389012,-1.784871613556728,0.0742821439919722
EPC2,13.191873677112667,0.3474536869274764,0.228918606204598,1.5178044838213656,0.1290636944298615
DECR1,176.09515696787614,1.2665138057169794,0.1164188328014098,10.87894265249533,1.4523784613345882e-27
DRAM1,169.28940409532203,1.6102021579103896,0.1388886842693211,11.593472617164569,4.447286752240418e-31
RSRC1,38.339880256686925,-0.5214686684075537,0.1413353818261128,-3.6895833277552894,0.0002246216472939
SLC25A3,358.6938211803301,-0.7033429082244251,0.0792217247996966,-8.878156970234494,6.7977265416837465e-19
RBCK1,300.4056290407833,2.2978487550499094,0.0976583578692707,23.529463378095087,2.0374825626688329e-122
SCARB2,176.21532908053982,1.9695434411563144,0.131465785173053,14.981414659059276,9.71274051531016e-51
UBXN1,384.35963204212703,-0.3373698240013006,0.0630388038496095,-5.351780227400213,8.709313524180899e-08
EWSR1,193.98755754222992,0.2526856098684792,0.0879559863378708,2.872864263016983,0.0040676884399569
BAZ2B,31.392251314544584,-0.3985765899190403,0.1610762806043781,-2.474458613170925,0.0133438280418773
EFR3A,56.35451360158671,0.5163579183164978,0.1194637485802787,4.322297972840769,1.5441245395398534e-05
TRA2A,44.45522430075867,-0.0587164073903271,0.1332881159699575,-0.4405224499051481,0.659558756157428
NEDD8,375.2833114909293,-0.0113784907150623,0.0802261099005354,-0.1418302685892335,0.8872140748676448
SFPQ,141.822136783122,-0.4317793907047036,0.0843439699093922,-5.119268054000172,3.067237441758442e-07
KDM5A,51.70447271285285,0.2207770195469399,0.1238654529918842,1.782393833100545,0.0746850304661942
NSD1,67.15215204020564,-0.4617499337447516,0.1040361307111314,-4.438361274957972,9.064637826765128e-06
EIF3F,365.3782112772746,-0.6106640940705675,0.0590852332198836,-10.335308177561082,4.878414842760183e-25
EMB,54.12228838061336,0.1754203284462766,0.1403736333911033,1.2496672217461784,0.2114211359058795
LSM14A,115.96633090862326,-0.2875426909181917,0.0974256225235031,-2.9514072732645285,0.0031632951003068
C1GALT1,61.28921407765464,1.3885331926736433,0.1364950379462229,10.172774143047638,2.623288973713469e-24
HUWE1,12.923535301474526,-0.4482369857231681,0.2172668694335538,-2.0630710374379078,0.0391058794249581
ZMYM2,18.37088346826905,0.0005921172349329,0.187326035435835,0.0031608912960515,0.9974779778361904
TMOD3,103.18928037187509,0.3759819594008141,0.0952884678085753,3.945723633169577,7.955933695783243e-05
MDFIC,21.136806209503906,-0.4290170954614243,0.1745725736323206,-2.457528617095414,0.0139896664410339
CYSTM1,364.4564462229356,0.4403780742248442,0.0772343371520313,5.701843123971991,1.1851887825734709e-08
CUL3,11.925505492361,-0.6435033977694342,0.2641203686087544,-2.4364020130634665,0.014834187905631
ANAPC16,276.83593361293765,-0.3664417147562362,0.0810549770135866,-4.520903320900482,6.157630718912436e-06
CD2AP,27.12032912915101,2.061428350135172,0.2416471446493712,8.530737464853116,1.454177070449421e-17
CYFIP2,17.775263988431846,-0.4664282093267245,0.2083183817381223,-2.239016093707337,0.0251548690220156
TRPC4AP,40.76050359899288,0.5835320497095694,0.1335065284815757,4.370812845980774,1.2378485976874723e-05
ZNF267,87.52910533429525,0.4159786926175917,0.1194917660859066,3.481233111229863,0.0004991109054529
TDRD7,37.7668086009464,2.3606798897079804,0.1841506683394894,12.8192849420235,1.2787434878407165e-37
APOBEC3G,339.97833362312423,1.2713257581416912,0.1311219765258529,9.6957488883721,3.143231902081059e-22
NIN,18.647838992539,-0.4245723121011386,0.1862193715794246,-2.279957818029977,0.0226101903750309
PNPT1,101.9254316496322,3.3884176254455483,0.2469277168090388,13.722305738832777,7.465300506388511e-43
HIPK2,17.710967106242656,-2.0749513243366127,0.3003763702416521,-6.907838065515338,4.920952313847943e-12
COX6B1,383.6268847164839,-0.2195861216185218,0.0889658137868981,-2.468207868524663,0.01357914393738
USP47,45.50065150769649,-0.3145099948453557,0.1394010860011578,-2.2561516833717032,0.0240611332880082
SYK,41.623476838983386,-0.678484358112703,0.2014783918902734,-3.367529151623418,0.000758450074475
ATP2B1,126.27259423893474,-1.30085470233171,0.1459576495938417,-8.912548989050014,4.987250955523197e-19
EXOC2,14.712407688470972,1.3705988090771304,0.2304547815383112,5.947365465486248,2.7249256222377063e-09
FNBP4,40.61880033433296,-0.0519735936753391,0.1426709796864572,-0.3642898772375402,0.7156415581217843
IL6ST,23.99142250292041,0.480920423738316,0.1902174682475147,2.5282663478231813,0.0114627355448418
ATF5,247.8275070327356,1.5578847747794031,0.139014731796929,11.20661641138251,3.783828675524949e-29
CPQ,20.43707929702967,-0.3157913672459868,0.1889608113826669,-1.671200313627325,0.0946821183429859
BRD4,36.650019922057886,-0.5483496685564985,0.2145187746087393,-2.5561849752154937,0.0105826846073224
RPL22,359.226797312254,-0.4890965619976251,0.0598508479017132,-8.171923692723896,3.035104914044185e-16
UQCRB,332.75501547327497,-0.634694941559008,0.0729846264630122,-8.69628266002929,3.4293356447378523e-18
SENP7,16.18417097363482,0.1968061055307325,0.2163053063490904,0.909853340412793,0.3628998597035869
HM13,138.94307808200392,0.6604192317800737,0.1047196382212093,6.306546155029742,2.8533091872058775e-10
NCF2,220.37965535938463,-0.54549409037347,0.0968257579196054,-5.633770414959151,1.7631170556980552e-08
SUMF1,6.893134683610189,-0.9959680885685792,0.2999040562382462,-3.3209557118406368,0.0008970977156967
FGD3,23.702589990438,-0.2261508175915186,0.1869691591344325,-1.2095621472465097,0.2264469503912938
TRIM56,25.718114847652664,1.3016744193841758,0.1853856884376869,7.021439628667471,2.1959369912410737e-12
SLC25A5,372.9351226463593,-0.5891500228744503,0.093926376739054,-6.272466194573062,3.553736294803686e-10
SYF2,341.188182771866,-0.0227379928438405,0.0718070905287677,-0.3166538663021185,0.7515062579673928
ST13,334.911863988592,-0.1916196731530061,0.075396910346301,-2.541479117285963,0.0110384540015771
CD58,194.1571412141348,-0.5998794126104184,0.0963377944470549,-6.226833570910724,4.759562418347428e-10
NF1,16.713459889302996,-0.1248227103806167,0.207708453772592,-0.6009515169627037,0.5478722788551094
PRPF40A,147.49124999825654,-0.0984045521697055,0.1056924773560428,-0.9310459422595738,0.3518297996848819
STX11,292.6648644193372,1.166338517084577,0.1002900679101398,11.629651284408531,2.9128506314733337e-31
TESPA1,38.09279437158756,0.6512794579139585,0.1530168998106659,4.25625835263826,2.0787648530998868e-05
TBCA,180.52569445636777,-0.1254468549735158,0.0725165418191073,-1.7299067471590586,0.0836469376130373
ATP9B,7.364425582114082,-0.5387030609916246,0.2804379532469364,-1.920934933215961,0.0547399110211807
ABHD12,68.35183313844077,0.0813830449585502,0.1146523783295845,0.7098243066934304,0.4778130940084504
WDR1,192.48580924455803,-0.5069259069929095,0.1002320589139434,-5.057522637823318,4.24738022012074e-07
PTP4A2,125.61399101000028,-0.492271605577616,0.0983016171760451,-5.0077671122746965,5.506510394494541e-07
CTSZ,155.95256108305318,1.0490791778588784,0.083237630454255,12.603424342256128,2.021726015676896e-36
PI4K2B,33.197963957262004,2.686110199976508,0.2433237239989048,11.03924498537018,2.471007019428154e-28
NAP1L4,60.84634572131152,-0.0913054145130421,0.1091275069121508,-0.8366856083915151,0.402769310751714
DDX3X,145.38597302445254,0.2409228910989594,0.0772785721767216,3.1175898352264286,0.0018233636732453
TPR,103.00341381258846,-0.1656723891256186,0.1002037606816395,-1.6533550038304603,0.0982586347357801
RPS6KC1,7.874595031818946,0.1766005183065985,0.3584965705481396,0.4926142474294165,0.6222851791215323
LINC00861,21.67651961172394,0.6536041968509523,0.2430683534786953,2.6889728238861004,0.0071672253817928
STX8,37.09659737318332,-0.2487818996731466,0.1409350805058807,-1.7652233835618076,0.0775262301320467
PPIA,342.2881457352131,-0.2830162051419314,0.0659339756104955,-4.292418324868619,1.7673757058190173e-05
CALM3,310.45959034048064,0.0577266391688356,0.0644864763078249,0.8951743446684635,0.3706938968680622
KIF5B,161.33270987220595,-0.2562975837589972,0.0865254089221814,-2.9621077432815643,0.0030554084599457
TRIM25,47.44792385999181,1.1709836153983948,0.146717687187264,7.981202797341011,1.4491414604109392e-15
ATP6V1B2,281.51154387211346,0.3334335090180826,0.0749394053138965,4.449374899913325,8.612057480772847e-06
RHEB,287.9357176353612,-0.0015989216962303,0.0719061120861268,-0.0222362418137035,0.9822595079443264
VAPA,246.11363008982528,-0.5067032504494492,0.075796875089248,-6.685015046501917,2.3090091877078152e-11
ASAH1,258.2493192331888,-0.0891313176865623,0.1086230330521554,-0.8205563330547571,0.4118990292218004
TNRC6A,14.549130323147718,-0.2707537159606746,0.2059542589238558,-1.314630332848694,0.1886341706845301
LYSMD2,343.99507909617205,0.871058153144493,0.0949115097310874,9.17758189299127,4.40880133827985e-20
COX5B,372.7914813234289,-0.1012780858228932,0.0656860545870971,-1.5418506478966911,0.1231098910790552
FLNA,164.31825641168052,-0.8466006509184225,0.0856488674987648,-9.884551607534473,4.8575152487810913e-23
DYNC1H1,46.88514832013658,0.0017778462126902,0.197463687885842,0.0090034083315514,0.9928164165496248
LGALS9,220.20610253686908,3.0145643806517506,0.2240405437533938,13.455441279279992,2.860266404879995e-41
AP1S2,327.82282518333926,-0.7062794331069583,0.108681936426326,-6.498590808471057,8.107585110466352e-11
HNRNPR,176.04660973276674,-0.1473563037035014,0.1010439755323614,-1.4583383415699789,0.1447473068274662
CDC73,83.16130985932787,0.6523636401053696,0.1098489817219989,5.938731792310497,2.872353282158565e-09
HSH2D,78.42178187592157,3.2633791812928794,0.1938916779468508,16.830939913715277,1.4478533583027435e-63
SF3B1,127.16526844348192,-0.337088645743939,0.0898047165644501,-3.753573961808797,0.0001743310626694
EPB41L3,52.60919513048998,-1.7252103537793315,0.1668352667415947,-10.340801363367907,4.606690190302875e-25
ACOT9,194.43389801625688,1.541698720778978,0.1140320257302984,13.519874885195051,1.1937865391799094e-41
DUSP1,375.93341021627015,-0.8577855256538813,0.0971240392862969,-8.831855964364783,1.0295296635266608e-18
TNFRSF1B,112.38251181955371,-0.9406121698972474,0.1012598309842335,-9.28909480447092,1.5560601426175187e-20
HSBP1,380.9250480800071,0.0176724174439105,0.0585599266080863,0.3017834629845693,0.7628171381034684
ATF6,27.79637322807437,-0.4421440140669496,0.1577133773836189,-2.803465510674387,0.0050556639226926
DLG1,6.575619342905791,-0.1425255671259925,0.2776849925913578,-0.5132634853469867,0.6077670226377934
CNOT4,48.287192927473264,0.2230068380047047,0.1256070324714686,1.7754327414379465,0.0758264618628771
PRRC2B,16.42481182970753,-0.3514055767244247,0.2119745579593534,-1.6577724237632685,0.0973634093299803
SF1,135.40453957958164,-0.4610573499010156,0.1024751522616555,-4.499211171931438,6.820607903547255e-06
RNF216,21.533449008401693,-0.3983870997630511,0.1872536905024462,-2.127526024689199,0.0333764013349307
TRPM7,10.45373075980373,-0.1645585233317265,0.2630565202201332,-0.6255633701609801,0.5316013710100042
UBE2E1,101.7538271488219,-0.0003094262512424,0.0983993750172655,-0.003144595696753,0.9974909797786612
TUBA1B,306.7641050156808,0.2297509045788121,0.0844781827627752,2.719647808049801,0.0065351480449083
PKN2,34.87256930091131,0.8082725349831481,0.1499280761487406,5.391068542634249,7.003995106324185e-08
RUNX3,51.265758782528266,0.2110321634180153,0.1441849611569528,1.4636211829907546,0.1432974814287431
CCR1,200.7019702473612,1.57643812663979,0.1352708460556152,11.653938543355109,2.1909350301309203e-31
SPATA13,14.486808447118356,0.4446592800671171,0.2152640933420064,2.0656453808144075,0.0388619761039595
UBE3A,57.77238570368971,0.1738429970658895,0.1379609825599749,1.260088133906381,0.2076375703774702
RBM33,26.859425815796666,-0.2215987426480353,0.1657521944585362,-1.336927956651997,0.181246154230027
GRK5,20.59614047638801,0.0151144125015273,0.2046209729016274,0.0738654121676653,0.9411174777291584
CAPZA2,190.1394299320915,0.2737954452729612,0.0936368706005204,2.924013196052276,0.0034555009750315
UQCR10,371.5501081467642,-0.2179539114848992,0.0889035995166112,-2.451575781745209,0.0142232233411913
MON2,5.525570494198914,-0.8644618241351263,0.3383143575085865,-2.5552028902976303,0.0106125918568375
GSAP,28.205997283140302,-0.500301230004095,0.1652054734472005,-3.0283574724537847,0.0024588703473778
FNIP1,8.079341698127841,0.093096866685304,0.2729999313552792,0.3410142494290546,0.7330928545380415
PBRM1,37.85181496056762,-0.3031609642699157,0.1575678647141981,-1.9240024913696656,0.0543542711861936
DDHD1,24.08803468883681,0.5462722884176481,0.1879490926298773,2.90649069263349,0.0036550777243345
HNRNPD,54.84175129489345,-0.1179647039038176,0.1219801703065879,-0.967080990355418,0.3335035477107654
GZMB,366.6096566660476,0.9500304452617638,0.2010636892426497,4.725022448559761,2.300899373567479e-06
PBX3,7.042043418348136,-0.2040563105932346,0.2861860708390198,-0.7130197147436175,0.4758335577715508
PPIG,160.36622668173203,-0.4659722327990179,0.0855598017662747,-5.446158396578835,5.1469306554952926e-08
OPTN,142.5599619393615,2.3423781676548963,0.1624310487590659,14.420753824777352,3.831349134718202e-47
CCDC88A,44.851714417552,-0.5327050891142522,0.1484796035006001,-3.587732432974196,0.0003335663350344
MIER1,57.72755304436977,0.7848268257001534,0.123311825746748,6.364570639899479,1.9583677740329968e-10
DAPP1,99.74165120813144,1.173145633012903,0.1296126725401531,9.05116459696077,1.4145154456156548e-19
SYNRG,28.966815864070483,0.1548915852174803,0.1570315263234419,0.986372538329954,0.3239503358451606
UBE2K,59.559245722393,-0.1513910509702992,0.1122084198978749,-1.3491951059295355,0.1772743063479058
CCNL1,170.13019535368997,0.1430370417082746,0.1076467428518708,1.328763304107614,0.1839260723400497
PSPC1,39.85890598881809,-0.2339166813391471,0.1476118927188472,-1.584673680627363,0.1130404947430708
ARID5A,241.28616682799012,0.5613687620526122,0.0933136646540108,6.0159330804771205,1.788534513805007e-09
MARK3,39.96758973867173,-0.3719531979388841,0.1509095679334588,-2.4647423157615225,0.0137111818274859
MAP3K2,22.561947297339643,-0.9343542455774286,0.1992239121427532,-4.689970373174482,2.7324460952648222e-06
IFNGR2,261.322478054424,-0.5173038702595416,0.0834835378878022,-6.196477573276455,5.774075250264398e-10
WDFY2,15.0913998200767,0.3092069347648393,0.2080465073947695,1.4862394886452823,0.1372157859598752
PDS5A,14.671836670374796,-0.4531126254243306,0.2047715308246592,-2.2127715879231267,0.0269133970328125
PLEKHA2,23.09030119473629,0.3544390791312172,0.1825186973527657,1.941932986986916,0.0521452133829612
PLP2,366.3771694729493,-0.4774812738356409,0.0840604957769683,-5.680210060888859,1.3452941835714484e-08
MPHOSPH8,118.96065853100455,-0.4068289340576351,0.0936147961471374,-4.345775996971768,1.3878414461610636e-05
ATP6V1H,90.84552002770062,0.7701262005910594,0.1133788943064961,6.792500538144112,1.1020640457379195e-11
CFD,378.0461260051187,0.4424147757162873,0.108635324080151,4.072476236089415,4.651594737312016e-05
SSBP1,293.25451247561466,-0.0428061120903646,0.0733858020563515,-0.5833023676363808,0.5596897689628624
CD300E,270.9767418439478,0.3097800558430268,0.1406164201944616,2.2030148073363334,0.02759370500601
ANXA4,100.77379557643296,0.9328120247123046,0.1527563017412385,6.1065371056995135,1.0181597422989227e-09
GAB2,6.76087881125937,-0.2031027469295452,0.29975621351343,-0.6775597561397858,0.498050869845715
UBE2I,299.4432530054553,-0.3411240861315173,0.06830529960092,-4.994108628826251,5.910812324662e-07
CIR1,203.83070023715484,1.066249773295997,0.1053209085238102,10.123818605827417,4.3317809227281684e-24
ITGAL,7.979399350909528,-0.8683385849981459,0.274369571487811,-3.164850170117068,0.0015516282939997
RSU1,43.26537678274655,-0.0439220940650144,0.2298191858128389,-0.1911158718523347,0.8484348128900141
STX7,96.13964677328434,0.0814936464616603,0.0994444254669426,0.8194893386834484,0.4125072822025479
HNRNPDL,213.657722925617,-0.6370672998191482,0.0783804940471989,-8.12788063616339,4.3686107604282527e-16
LGMN,181.69884126612905,-0.6001970425384476,0.1684161491546173,-3.5637736971852165,0.000365561148538
SMAD2,28.30157342769679,-0.220002661030437,0.1600860678816074,-1.374277374300562,0.1693555877136309
TSPO,362.559613582572,-0.2327263322502795,0.0982356448168483,-2.3690619905246937,0.017833264166757
YWHAE,141.25659460146431,-0.4682116913898316,0.0913500945951324,-5.125464767879725,2.968046669626067e-07
NABP1,45.44152949943607,0.7055368850935576,0.1429299966428721,4.936240828833339,7.964275241077412e-07
TCF4,38.73254163904665,1.0243918575801028,0.1519694501781398,6.74077491482204,1.5754410732486175e-11
ALOX5AP,336.30731803097046,-0.1026080654989184,0.1271208358476275,-0.8071695313733523,0.4195688171272559
WWP1,9.384606044997984,-1.035465117110849,0.2585092417659257,-4.00552456089148,6.1880003321499e-05
CACYBP,345.3022277400734,0.0835260116533317,0.0911983958718889,0.9158715003130644,0.3597342963177814
PPIB,304.75364578191704,-0.0704448543187638,0.0793774053028219,-0.8874673346907632,0.3748273452605212
SLC23A2,10.402749500686792,-0.419810689922672,0.3466031406400753,-1.211214327566114,0.2258132730128902
HNRNPH1,27.42676206088496,-0.664201713028131,0.2069246937236425,-3.209871673968516,0.0013279424262415
RTCB,243.0330035540904,2.174729360499291,0.1719870154997268,12.644729918595194,1.1963493213712182e-36
EIF6,366.0027151382116,-0.2009616738031405,0.0610137223874566,-3.293712724605946,0.0009887349390379
TRMT112,354.165465727635,-0.0008158596117229,0.0665218046356795,-0.0122645441775243,0.9902145548756336
LMAN2,283.0871889486368,-0.3749832702425368,0.0784268957576388,-4.781309608394298,1.741568971684506e-06
MYO1E,6.42907344274035,-0.1763189359642086,0.2947331635124975,-0.5982324278100187,0.5496848568477817
PPP1R2,215.8869585777816,-0.4285359185861533,0.068890888476214,-6.220502131194228,4.955663352526084e-10
ANKFY1,19.06889928872313,1.3356945818021853,0.2018104679014931,6.618559461713149,3.6271600858872565e-11
PRELID1,351.952243169879,-0.381074208044226,0.0818119006416952,-4.657931242951864,3.19402845302117e-06
FAM177A1,309.72084715744296,0.569538182189766,0.0984571059515718,5.78463257359916,7.267099228451023e-09
DAD1,352.6934003374945,-0.1556204350523257,0.0873900712200526,-1.7807564735868635,0.0749522429195259
ARHGAP30,78.83529933984175,-0.1077077129849708,0.1069601618297999,-1.0069890615569603,0.3139400307290223
XRCC6,231.4581027651625,-0.4364292324516363,0.0734561145956342,-5.94136015570819,2.8266681624663682e-09
GPCPD1,81.66177961500473,-0.8970741450157724,0.1660549691420605,-5.402272209320776,6.580199189412977e-08
ITPKB,7.502239541255447,-1.0370554863131978,0.3318552170451019,-3.1250239051455173,0.0017779061085776
STXBP2,324.819609671077,-0.493507439057919,0.1128115848019548,-4.374616666579863,1.2164605157226102e-05
RBL2,38.60536106757496,-0.5233721141263583,0.1311208342079121,-3.991525201071186,6.56497104137787e-05
CSGALNACT1,13.244428275577333,-0.5700102648304032,0.2083002388330574,-2.7364839715197773,0.0062099620133368
LILRB2,188.4367689262488,0.6783889965084476,0.092916521155479,7.301058929803085,2.855116544963461e-13
MXD1,157.02689911392616,0.7587938243980024,0.1133588714800594,6.693731284467481,2.1755074898114608e-11
RASGRP1,12.954901266153849,0.2042951470635539,0.2843922505636522,0.7183569406643483,0.4725372294979073
SPEN,27.091087879798323,-0.8561603829331541,0.1706604522354663,-5.016747416981405,5.25535854734072e-07
FOXO3,16.808353861839038,-0.6491463548238586,0.2010248357461128,-3.2291848537745227,0.0012414362246929
UBR4,24.234746552769707,-0.2525679158039131,0.2051532482754718,-1.2311182880456988,0.2182786265521292
SOCS1,356.50043615630346,2.4005260861947675,0.1528896766727769,15.701034487321918,1.4879570712828775e-55
ST3GAL5,41.029320796636114,1.562954030642042,0.1935978846465625,8.073197873496463,6.848049248688803e-16
SERPINB9,136.61992516189218,0.9519884653192509,0.1123235496297815,8.475412933948448,2.3424715119999483e-17
CAPZA1,55.0374785858651,0.1909897183026509,0.1167516686203605,1.6358628579749808,0.1018682929292305
EIF4G3,7.870065784239181,0.1080369628678463,0.2935497546943557,0.3680362907485121,0.7128461742928244
MS4A6A,244.22881764852212,2.247751464666617,0.1290572574451932,17.41669944924383,6.1631361047096214e-68
MCTP1,9.378131068137328,0.5365322543136777,0.2939687484793544,1.8251336480121072,0.0679808636271357
ATXN10,66.66608139299036,-0.1412978048907798,0.1182966891043164,-1.194435837220943,0.2323075253380035
GPR137B,118.4472042249826,0.0916964018486788,0.123077477612304,0.7450299082137833,0.4562536396705871
DNAJB14,50.10991545167554,-0.0558030345307907,0.1214362433617837,-0.4595253689175966,0.6458569386556929
MKRN1,160.18689757142965,0.8105363506165513,0.0980671931565626,8.265112159604113,1.395634636544589e-16
ATAD2B,7.1869962129510565,-0.1019798189548198,0.2729408885956596,-0.3736333514539659,0.7086771172758823
ZFC3H1,36.66446420827635,-0.1937861490986138,0.1431361027416345,-1.3538593365812424,0.1757812587732203
FUBP1,90.15486400534152,0.1808454744758234,0.1004528725433828,1.8003016727841323,0.0718130169290637
SP3,33.88837808701019,-0.21922101229732,0.1493956867329374,-1.4673851507453737,0.1422713116456001
SHOC2,71.08383559535721,0.098069643733331,0.1263828356756602,0.7759728068217261,0.437765042102671
LPXN,179.55712791251727,-0.5784692486538254,0.0893815456127102,-6.471909214462792,9.677226328311376e-11
GSN,41.93243789771131,-0.9331438519159636,0.1686489365630332,-5.533055060606309,3.1470062730845785e-08
CNOT2,48.868559094738366,0.0941182734675293,0.1674272846653649,0.5621441789230618,0.5740177901399207
HNRNPA0,327.9885907042043,-0.4646172186754827,0.0717420310219953,-6.476220592821469,9.404852408606892e-11
TAOK1,19.04257334347546,-0.2603937321146232,0.1978579134252585,-1.3160642786874828,0.1881524691527218
FOXJ3,7.298015477139801,-0.2517835846854123,0.2911403942631892,-0.8648184506400078,0.3871384425925618
B4GALT5,24.89000633880002,1.3596644759716463,0.2525548093577095,5.383641196259568,7.299393875778365e-08
CTNNB1,39.77646272333483,0.0393401733254326,0.1401344778438422,0.2807315796278993,0.7789162853242372
RAB8A,253.8891045291616,1.283212639404082,0.0966935036689625,13.270929180488244,3.4132204095036126e-40
CD163,34.037570314644775,1.488377505016832,0.1775937736068752,8.380797788054952,5.2570149020301803e-17
XRN2,110.91337596072098,-0.3773052171366112,0.127720216522788,-2.954154224044021,0.0031352727962248
ZFR,71.47061943423904,0.0263364625812711,0.1035387529513277,0.2543633357613603,0.7992148734343029
GNG2,39.30029366378946,0.2300123403997823,0.1774968099155138,1.2958674609941734,0.1950211513234548
DCK,167.8378985942533,1.388532305153728,0.087350244344737,15.89614677749197,6.738396414723639e-57
TRAF3IP3,79.58118578909026,-0.2500493254679919,0.1054729669969742,-2.37074325855615,0.0177523577179266
THOC2,59.322371580062764,0.1217803733305805,0.1219283513330778,0.9987863527975288,0.3178981984568575
EP300,14.655585806008132,-0.4526088089468079,0.2117413348406411,-2.137555283135653,0.0325528543193012
EIF3A,78.07423016149981,-0.6406255769394888,0.1267542165914112,-5.054077049006802,4.324770038666769e-07
CORO1A,315.09008239192593,-0.9139942093698654,0.1386205822941763,-6.5934956717337645,4.295892856306938e-11
ITCH,10.09984851145378,-0.2009551635606029,0.2340868545029692,-0.858464111482407,0.3906362393655247
CHD9,36.53527386385013,-0.1226947311584422,0.1422456387107038,-0.862555311154222,0.3883820098640855
ACYP2,22.095887732411644,-0.0170734982193787,0.1707802796364247,-0.0999734761866337,0.9203653828644348
FMNL1,97.53858104823688,-0.4346303852218868,0.0950712895086763,-4.5716260657453445,4.8395399286310006e-06
SLTM,86.60823350862793,-0.3284194290666425,0.1030019876225064,-3.188476617269484,0.0014302457682588
PPP2R5E,36.97865368571609,-0.4223637838936224,0.1527450067269959,-2.76515607903649,0.005689556556787
METTL9,259.06702687480697,-0.4978606225724787,0.0850708845305095,-5.852303350553826,4.8481131734795576e-09
POU2F1,9.20164893123029,0.3132138376796769,0.2472520742229367,1.2667794139403872,0.2052341749464791
SPOCK2,139.89242528269358,0.0689026805312269,0.1262551683617572,0.54574146488642,0.5852436649327438
NAA25,15.436432636105188,1.0282604165078084,0.2365601065559444,4.346719451044184,1.381887867208521e-05
SCAF8,8.231525275426836,-0.5078236398408021,0.3172284698238842,-1.6008135717539185,0.1094182167214435
CD69,303.16987729342924,1.8233419696955744,0.1701055398936433,10.718886467986872,8.29965054847438e-27
HPSE,341.73516235787065,1.416532564963724,0.1738692898279013,8.147111927390004,3.727186712241831e-16
RBM26,14.05583976939566,0.0511983571070305,0.2340789609612797,0.2187225921406048,0.8268661490819657
BMP2K,9.53789978276886,-0.7821067443045834,0.2660969303763367,-2.9391798815509147,0.0032908202075283
CRTC3,38.97864756756241,-0.536152388537243,0.1461809489189039,-3.667730935545381,0.0002447124979351
NOTCH2,27.90479429453479,-0.0528925666339198,0.1866361832872267,-0.2833993157292547,0.7768707528654433
CARD8,39.7196402458423,-0.23666480703978,0.1351494268286293,-1.7511343746938204,0.0799227663155883
ERH,324.2351278595996,-0.0005329049070177,0.0874974793755638,-0.0060905172448496,0.9951405003664202
SSBP3,13.507594357422525,-0.2750113099982275,0.292256474975782,-0.9409930439386038,0.3467084238989477
PCMTD1,58.10902387906934,0.5472975779232858,0.1284883948133062,4.259509808014255,2.04875709531034e-05
DDX6,57.83961251570494,-0.3055055837609772,0.1326482653969424,-2.3031253582304227,0.021271790924523
DBI,331.1028050999495,-0.3491879704063824,0.0675179131604977,-5.171782628653275,2.318712269646063e-07
PML,67.3177447705265,3.346447149931699,0.3064880771206209,10.918686238534091,9.384336941856577e-28
RPS27L,294.1479370046966,0.0601642270961765,0.1060174042519848,0.5674938706589784,0.5703786897345586
TAF3,24.70309341063306,-0.2976424599172498,0.169165270557802,-1.759477337965469,0.0784964661139385
JPX,34.83835204187811,0.1954135190069847,0.1402210857324474,1.3936100835779346,0.1634353818585924
CD6,81.06789945078489,-0.0412818559943996,0.1294384387772394,-0.3189304227119488,0.7497792740540195
SPPL3,10.270686211659516,-0.3460481190179706,0.2710898188210324,-1.2765072496006356,0.2017762657414404
DAZAP2,264.9170884728037,-0.2325395403400925,0.069074064481889,-3.366524644008221,0.0007612178025163
CNOT1,21.90968766745917,0.0219747532539908,0.1740940477992056,0.1262234610073274,0.8995550406912379
TMEM165,166.9936238660545,-0.3431342762971137,0.1037396651523629,-3.307647810441174,0.0009408304753349
BASP1,67.13169392961638,0.3328698542693287,0.1370417364750307,2.428966990869809,0.0151419108588833
FNIP2,29.833791509507183,1.1723470167927623,0.2471638522709973,4.743197704765374,2.103707760849144e-06
CAMTA1,129.44994588079862,0.0530960143408274,0.0960655009947319,0.5527063700395332,0.5804644907352327
DENND5A,41.067855834494566,0.4383416324015384,0.1312039731999464,3.3409173648539903,0.0008350207189569
KAT6B,11.722988783089209,-1.1311479140748308,0.2567937462174782,-4.404888867958892,1.0583812229723548e-05
SUMO1,310.1211443340484,-0.3062119098955804,0.0693908725968873,-4.412855732114197,1.0201597929388518e-05
MAPK1,54.07143571185703,-0.8479848069552571,0.1356129601308764,-6.252977636775202,4.0269982132822685e-10
DSE,61.38533644514199,-0.5833795983776522,0.1742421410891274,-3.3480970489179467,0.000813685120755
OGT,12.6445325554663,-0.6696310270334741,0.2256231728512474,-2.9679177833163424,0.0029982451645696
COX6C,300.345411428763,0.0086232253791647,0.0600653774409943,0.1435639922122493,0.885844776089754
ZNF516,9.250553292122175,-0.1128216916511408,0.2635050014363171,-0.4281576859496808,0.6685363207549191
ARL6IP1,254.5517643954923,-0.0809870911678885,0.0642842626443265,-1.2598276442241512,0.2077315450176692
CANX,118.54506139116874,-0.2444129690395747,0.0869760304764428,-2.8101186924801445,0.0049523232669299
RSL1D1,247.28305495898883,-0.2407949119271367,0.116431976134909,-2.0681166799756885,0.0386290525859826
ARHGAP24,19.392444824135467,-0.8442279415903231,0.341374922659846,-2.473022725314629,0.0133975623289035
COX5A,307.9559018025626,0.2860190684262265,0.1484223281270192,1.9270622691045012,0.0539718701898927
SP140L,53.5523289619541,1.445340145387949,0.1394704794286737,10.36305425570081,3.6511348207478217e-25
PCNP,228.9732166340461,0.1043154915243018,0.0933780824516545,1.117130367057066,0.2639385881255052
PCMT1,262.1340346830152,0.6454979643418065,0.0958945706618845,6.731329624674716,1.681196141520085e-11
DTNBP1,63.12449803988298,0.1700115765992142,0.1104160358137807,1.5397362832871742,0.123624648764794
ATP11B,11.78084886689803,-0.7801540205913835,0.2343407023604194,-3.3291443301705863,0.0008711324844897
ERP29,291.6658984666845,0.1828263395949002,0.0627207300147947,2.914926843992004,0.003557719274996
RABAC1,340.00410827104,0.1932539854693002,0.0644319324902086,2.999351067091894,0.0027055536099866
CHD6,16.49207965010393,0.0196579183830145,0.2175265548175275,0.0903702005463408,0.927993036295674
KIAA0319L,12.5510191669845,0.5823904147621699,0.2219615018502896,2.623835259300891,0.0086945828223235
PRKX,60.5252676189844,0.7234057737295856,0.1219246827589525,5.933218421078633,2.9705324336811902e-09
CMTM7,138.81569026478354,-0.1380082041535268,0.1130090173455003,-1.2212140888863496,0.2220049712113428
NDUFC2,329.36879145129666,-0.0611081270645376,0.0625969204315897,-0.9762161883238466,0.3289573426907176
MICU2,34.56240072206025,-0.2335407811034273,0.1665700232882678,-1.4020576841684127,0.1608980219165221
SMAP1,71.20960781345434,0.3332023860039331,0.1472222836344109,2.263260545742901,0.0236196328829058
SMARCC1,33.29122531213465,-0.6489244336507115,0.1497103146396821,-4.334533897764636,1.4606928021233063e-05
KIAA2026,13.466159963404753,-0.1348617664324772,0.2213128926839382,-0.6093714866628954,0.5422782330487221
LAMTOR5,327.94554632415065,-0.2310634271085445,0.0823657146968715,-2.805335059119216,0.0050264299530964
NUDT3,63.82087185777362,-0.2191323302184248,0.1240579320289837,-1.7663709739029734,0.0773336314622289
IL15,58.10460051830768,1.55998656564279,0.1751132949779549,8.908441622546004,5.175487482472283e-19
HERPUD2,54.65576862328632,0.8941045259219922,0.1191236222068447,7.50568618849988,6.1107647727213e-14
SLC16A3,299.993387759108,-1.0179922898077447,0.0963321089112501,-10.56752832791828,4.2145593554037755e-26
CLIP1,41.91210990909647,-0.4921667008702566,0.1371513469548573,-3.58849338192975,0.0003325944345911
SRRM1,164.5167263090848,-0.3688065551489216,0.0722813300642981,-5.102376434147636,3.354147434138087e-07
MVP,153.96004703985625,0.8368089807544631,0.1062526316657453,7.875654161554668,3.389646402360873e-15
PTEN,9.72669939469844,-0.4893634509316482,0.2484094917656861,-1.969986925432155,0.0488398690242948
INSIG1,285.5785739495088,-2.2647326311930667,0.1373295008070029,-16.491231802959987,4.2421215027956435e-61
HELZ,16.546202283457482,-0.2991996069147588,0.1907651663955065,-1.568418451691747,0.116783507698586
ARHGEF1,78.83750556775183,-0.5182208258469952,0.0974587938615811,-5.317332641967786,1.0529946038475177e-07
REEP5,254.97808340044335,-0.0598563738958882,0.0649776933566103,-0.9211834216303224,0.3569546721833833
GK,97.34209498678044,-0.5884756043804551,0.1706359772340527,-3.44871939622248,0.0005632516898648
DNM2,25.075302285068865,-0.2454186223087965,0.1667277222211733,-1.471972501269078,0.1410283034970165
LAMTOR4,296.32807802458376,-0.5044685773508366,0.0815844702090825,-6.183389756138607,6.273955368339633e-10
NLRP1,7.927800012684848,-1.0350203608502062,0.2861123065989401,-3.6175317767825113,0.0002974258241863
GTF3A,279.02921459609126,-0.0269235724194239,0.1112689717211708,-0.2419683762953409,0.808804667256332
CCT4,260.90139501132376,-0.0387917535023721,0.0915377790458594,-0.4237786180385469,0.6717272732375721
ZNF33A,29.387291037857707,-0.2818541938119173,0.2002109699936499,-1.407785966077967,0.1591944571860688
ENY2,305.71074962597606,0.2538126088525925,0.0993945999490554,2.553585496422177,0.0106620099104919
YWHAQ,216.72522509533317,0.4842492658284363,0.0809662671623154,5.980876762635577,2.219397443771688e-09
RBMX,156.21949632903716,-0.6358257869229774,0.0990913679663784,-6.416560796079758,1.3938730094312418e-10
CHMP4B,203.5525606534089,-0.2154846018398189,0.0866668855573721,-2.486354510768377,0.0129059328687359
COA1,31.76242288290167,-0.3732358857898248,0.1583649578961252,-2.356808543684504,0.018432747596827
GLIPR1,263.48890340802666,-1.6491112159732009,0.0974265594173365,-16.92671101017809,2.85916203427268e-64
APLP2,204.56399290295667,-1.1393204281945326,0.1130191673244207,-10.0807717413465,6.719624702779493e-24
GABARAP,264.3595025974925,-0.699452279658974,0.0865577475990395,-8.080758788907477,6.436501137386756e-16
RNF144B,11.628348553669817,0.5112795851545661,0.2549587044721299,2.005342732710877,0.0449264193858416
LCK,147.06386034684016,-0.4673814599408174,0.1024632516283163,-4.561454497230243,5.080048600086121e-06
NFATC2,10.811506863957868,0.2604429836504128,0.2449568276495217,1.063219940221663,0.287682221686469
SIGLEC1,23.80418606901475,4.506708892768947,0.3811717049236885,11.82330386687858,2.958173583952604e-32
CHMP4A,254.91820234905856,-0.0070034938581304,0.0695182463369556,-0.1007432469482105,0.9197542798890244
PPA1,238.14357837352992,0.938301183198395,0.0765990755459998,12.249510539261262,1.690128785361503e-34
TAGLN2,289.2408731724977,-0.2960436441466331,0.0609235356140452,-4.859265654279975,1.1782195205815782e-06
PSMB7,246.21573707317424,-0.1365660130704825,0.0774968500737927,-1.7622137279185406,0.0780331935357842
CBFA2T2,16.25045100144805,0.1881930749859076,0.1944529009220266,0.9678080095157384,0.3331402629294471
WSB1,121.57494894658348,0.0704327180096273,0.0849579492997275,0.8290303448962043,0.4070872365364888
MTSS1,55.46026842618028,-1.4614372206177983,0.1565191868375018,-9.337112274516617,9.899726691697562e-21
CDC42SE1,130.77040400797017,0.0387558807344243,0.0841215431791868,0.4607129074162442,0.6450045933392738
ATP1A1,192.278133675623,-0.7426681354042206,0.0765338102569966,-9.70379147347269,2.9049840951106327e-22
PSMB6,319.76988158204404,-0.3482773893984349,0.0589646067432673,-5.906549854811026,3.493466090537818e-09
NDUFS5,313.82044416447127,-0.3641151792825248,0.0676417397032737,-5.382995482963643,7.325637734718428e-08
SAMD3,16.627772349913563,0.3648850871758233,0.198675781964797,1.8365856349843213,0.0662710895619136
CREB1,43.73681170278334,0.0007527082905215,0.1393648944199154,0.0054009892064607,0.9956906550502024
VPS8,12.343434048769929,-0.8363384537988264,0.2865033357505062,-2.91912291913812,0.0035101778253485
ABCC1,4.841591430524108,-0.0222599191500252,0.3252757876427876,-0.0684339873906346,0.9454401672115502
CHIC2,129.88635332827522,-0.0061112990751102,0.0848023784686803,-0.072065184791572,0.9425500326709108
MECP2,52.740745527825055,0.036411311871362,0.1348572905379921,0.2699988389660273,0.7871611468168966
RC3H1,7.773223349794319,-0.1280759994971807,0.2617058474115836,-0.4893891396158074,0.624566223427859
LCORL,15.607015868035418,0.0750269637733136,0.2117754556491081,0.3542760115583284,0.7231320434475286
RUFY3,8.109986039079317,0.5743426450163382,0.2702742800362092,2.12503625923781,0.0335835874712034
AGTPBP1,5.77524787911541,-0.5061890809437432,0.3100454505950232,-1.6326286354864783,0.1025471248989448
CREBRF,30.661732169019185,0.6582423657655363,0.1584435941122216,4.154427128807238,3.261035205652935e-05
EHD4,77.91045550499095,1.6626344062624816,0.1283281463803971,12.95611643398956,2.169564763503526e-38
SERPINA1,274.6496419339844,-0.1475932334746085,0.071825224153715,-2.0548941575001622,0.0398892289078652
CHST12,132.47400207040442,2.106945723330898,0.1236905283375751,17.03401021605017,4.594493506534943e-65
RIF1,32.57065683456052,0.505086883512336,0.1472558414820431,3.429995567095572,0.0006035911101082
BRI3,216.90902131511976,-0.0930175823648553,0.0670740850112283,-1.3867886881987874,0.1655062074025962
UBE2F,171.90054354692825,1.128991398541228,0.1384454326016134,8.15477533151983,3.4982958012956117e-16
ARHGAP17,15.902796802831686,0.5910949421499327,0.1970357900815768,2.999936924683619,0.0027003551966408
MAN1A2,18.556096333378367,-0.565914925742857,0.2173069101462005,-2.604219651193414,0.0092083721193634
CMKLR1,18.21610830709561,3.0086727489562257,0.3009497449143401,9.997259674742672,1.566725088100804e-23
KLF13,34.3168676887079,-0.1777251625176989,0.1442695945438186,-1.231896180755668,0.2179878682817627
SLC31A2,260.45536035484145,1.816665770180615,0.1515867078448909,11.98433422038226,4.2927934001805645e-33
CCT5,274.0784430399257,-0.5258882976850036,0.0753966160076391,-6.974958897780253,3.0596025334639045e-12
ARHGDIA,249.04710890779504,-0.0042432391485379,0.0617577530926539,-0.0687077967712308,0.9452222119469113
PACSIN2,35.98513499631734,-0.4280577987192277,0.1401390354239876,-3.054522228044086,0.0022541930942405
UGP2,165.80020634842944,0.0518466539326213,0.0828796029505757,0.6255659062886622,0.5315997070813387
CYP1B1,206.67060258773148,-1.2585396202142582,0.191507839089834,-6.57173944521348,4.9730832077011395e-11
ANO6,14.246118920486508,-0.1371606382457048,0.2159172762763927,-0.6352462415750717,0.5252678287736194
ACSL1,92.87269264690345,1.1325540797114433,0.2640467665737558,4.289217756412436,1.793035112878439e-05
PPM1B,53.5248352592628,-0.2329744128884217,0.1248050524678077,-1.866706581839027,0.0619425741084956
AGPAT3,18.51939773356824,0.2116488243960242,0.205844026692216,1.0281999813018026,0.3038557672345899
LRCH1,5.246326994370847,0.3403567763851345,0.3270444286862554,1.040705012931592,0.2980124759552315
TRAF1,65.88223683633166,0.1288157873169773,0.1415510120312577,0.9100308466076656,0.362806242248754
CLTC,30.097393098276505,-0.8193330355374678,0.1574401266162101,-5.204092839271818,1.94946535997387e-07
YPEL5,259.16618843612,-0.1341215350138566,0.0655849022712739,-2.0450062494428947,0.0408542419877957
BCLAF1,76.42109551699754,-0.0696727937272608,0.117738758483283,-0.5917575030074167,0.5540129843826733
TTC3,48.49864581030192,-0.9205118613898586,0.1445718783753627,-6.36715709676169,1.9256392127158303e-10
ADPGK,116.21630246095994,0.2934250273682864,0.0930550382692688,3.15324170325111,0.0016146805260788
DBNL,222.28074442525883,-0.2950485159982859,0.0739632935278984,-3.989120845287884,6.631863136077183e-05
ARL8B,69.74200258857893,0.9825908922286992,0.114917762778758,8.550383060627473,1.2268067128441324e-17
TRAFD1,54.50214180935868,2.521392640864024,0.1829566648412347,13.781365347100229,3.2997187953453242e-43
GNA13,27.01264677590048,0.346110215698841,0.1793854136450751,1.9294222906196872,0.053678458664298
TNFAIP3,85.56014934442373,-0.0272774247145188,0.150062405027214,-0.1817738740730701,0.8557601883903411
TRIM33,15.903150257675916,-0.171322823196931,0.2016331649140216,-0.8496758123594638,0.3955053496064061
TNRC6C,6.882365320098952,-0.366363943780198,0.2919721967612,-1.2547905171938063,0.2095548159162288
MEMO1,5.189471257646775,0.3400057249580021,0.4056547869256285,0.8381651983816912,0.4019379296784172
PPP3R1,20.30804568810896,0.0218184859510611,0.2014494334925862,0.1083075071137598,0.9137517678334478
GPBP1L1,38.31805223750102,-0.1736567277552103,0.1627804535980405,-1.0668156029594742,0.2860551113906717
IQSEC1,9.933302338203216,-0.2466113593216034,0.2614068438827466,-0.9434005462849332,0.3454760638632763
ARRB2,211.5706971635894,-0.8028702179121767,0.1199661550651521,-6.692472701789496,2.1943069215906636e-11
RBBP6,54.23505460133868,0.5130613606925768,0.119223991550459,4.3033399068461335,1.682424305845876e-05
TM9SF2,97.73491834767012,0.0451556457925577,0.1209729765446598,0.3732705194361121,0.7089471155144129
PDCD6,259.1057682296141,-0.5904317080603234,0.0687317542808246,-8.590377391619223,8.668412753354881e-18
TNKS,7.088843570411789,0.0332784424933309,0.3102257270003946,0.1072717044298799,0.9145734315839512
SFT2D1,272.65311012798475,0.1617724108588897,0.0880259161310264,1.837781621245403,0.0660945908825006
TMED9,277.6403758091859,-0.2407851486064602,0.0753634807458567,-3.1949844437048225,0.0013983837780973
PPP1R15A,250.5072691319596,-0.1298844179403309,0.082230792190453,-1.5795107219629885,0.1142189591603992
PIBF1,6.997826061177321,-0.359224250297362,0.2824617522508819,-1.2717624507912129,0.2034575340506225
SUPT4H1,300.4111696364702,-0.0123196260570132,0.1005319182989466,-0.1225444243526618,0.902467865540206
SPCS1,292.926953739598,-0.2655196135663472,0.0694448764861236,-3.823458648089076,0.000131592669834
RNASEH2B,85.96729225493385,0.6091643532152373,0.1050221638116124,5.800340910019234,6.6180235151943e-09
PPHLN1,76.64532761741529,-0.2988536946566549,0.1253086931627786,-2.384939840274589,0.0170819145061911
ZC3H13,50.42083034983501,-0.5133345156719956,0.1296155455164374,-3.9604394181784026,7.481197135449738e-05
EIF2S2,254.20173393508807,0.0727055990575109,0.0825008088915882,0.8812713479337057,0.3781709701612826
STT3B,36.002320312029525,-0.0856720042833636,0.1667101502930411,-0.5138979488217749,0.6073233416631113
LAMTOR1,279.2381215802701,-0.5348723615642293,0.0705755085426161,-7.578724866590983,3.4896765470327306e-14
VASP,246.0492074600029,-0.8247010760394454,0.1226555236987776,-6.723717376681539,1.771458798541716e-11
DDX24,166.04291707708458,-0.2724477457109017,0.0720089255662836,-3.7835274386939135,0.00015462126981
PSMB2,263.8696666668381,0.0783732773297872,0.0795456188847784,0.9852620223284786,0.3244953821986353
EIF5B,121.36792598504093,-0.0463797423408367,0.1264245029895633,-0.3668572250164631,0.7137255196239165
GLIPR2,182.3113686884375,0.9987803957678304,0.0932643997241393,10.709128013712176,9.222638377441331e-27
STAT5B,10.962774017034215,-0.3745073289798364,0.2249903564860108,-1.664548360334377,0.0960028951719078
SSBP2,14.381867930602317,-0.4044591873087128,0.2318189359548054,-1.744720230221248,0.0810335800810261
RBM5,41.2661881378253,-0.2646370415653991,0.1452823870068122,-1.821535610872022,0.0685254785888229
UQCRFS1,309.79289481812623,0.0872221315248794,0.0765603349204985,1.139260056992334,0.2545947029384143
OGDH,19.92792892512022,0.0923491566002014,0.1869524233866337,0.493971433626273,0.6213263541578771
LRCH3,11.806632437574825,-0.003342873678205,0.2343542123751604,-0.0142641928400831,0.9886192066982444
TTC39B,20.26591034715279,2.106223400035537,0.3270834891492808,6.439406053523714,1.1994192742950276e-10
TNKS2,17.516580172029066,0.4705963233325302,0.2578285197699821,1.825229899905432,0.0679663435395981
UPF2,62.778669892559066,0.0881246532374595,0.1215449752162921,0.7250374034849211,0.4684290843602505
UQCRH,289.28318800722144,-0.3823803082111182,0.086974670033635,-4.39645598038191,1.1003266278033997e-05
PLEKHO1,74.94528567754313,0.4610634189001015,0.1072828121746472,4.297644790943116,1.7262249919344475e-05
RNF145,88.09497358963898,-0.4591010294942622,0.1165257461534128,-3.9399106605147103,8.15119587215252e-05
XBP1,276.966292024022,0.4246371015345244,0.0989625006138582,4.290888961985869,1.7795928661074585e-05
MAPK8,21.51967280216473,-0.0043102488385418,0.1812221107717393,-0.0237843429821367,0.9810246290079024
PRKACB,9.525817023291898,-0.6504747089771796,0.3212461132559918,-2.024848495081511,0.0428829236699784
BLOC1S1,296.8598008980016,0.1826840652905863,0.0692208067390537,2.639149612619549,0.0083114291600344
BIN2,77.52742993918034,0.303399381006115,0.1305140449956138,2.3246492821237084,0.0200907213083499
SRP9,250.0439275949123,0.0051406062178926,0.0626208726904642,0.0820909386444148,0.9345743987187484
EIF3M,225.84416295872532,-0.2946552873326352,0.0868265960519793,-3.393606345643652,0.0006897877005656
VPS53,9.292018133688408,-0.0741297460958769,0.2547482211103588,-0.2909922030967327,0.7710572826393365
MICU1,24.455152355427764,0.4399459400145736,0.2298980402522085,1.913656765111756,0.0556640267788028
TNIP1,124.12235174285432,-0.2484323272825597,0.1427066143891175,-1.7408606345684885,0.081708010405011
ANXA7,219.20438460205597,-0.4278216631199784,0.0732797243576132,-5.83819967761015,5.276789427286815e-09
GATAD2A,16.011696326953754,-0.4970796761644558,0.2525820433568357,-1.96799293234874,0.0490688509184828
RSBN1L,79.01656580760462,0.3533476163887578,0.1219221681436806,2.898140853042829,0.0037538196264514
RNH1,282.12540727268964,-0.0732677112985804,0.0708346998943713,-1.0343477336367235,0.3009736291653666
NCKAP1L,49.84506290561373,-1.1166882317676334,0.139004556968847,-8.033464917397632,9.475775986149846e-16
DUSP16,9.123530206409574,-0.4781019517986287,0.2798401628259449,-1.7084822527636918,0.0875468966478528
CHMP2A,290.7343309853188,-0.2741959055182951,0.0603350914007974,-4.544551092114053,5.505245324317888e-06
STAU1,58.18265812897115,0.3523326229217027,0.112986279731672,3.1183664402301567,0.0018185654442369
PIM3,284.84954643498014,0.5159947577932843,0.0982898558175697,5.24972545234976,1.5232606618164713e-07
AP2M1,272.24149460157014,-0.5153148665970988,0.0810526234432264,-6.357781459819775,2.0468839381547106e-10
NUMB,56.36204724013662,-1.340990198965694,0.1358414027204535,-9.87173403770942,5.520194353870733e-23
BTN3A2,78.40203258377844,0.3927569528994979,0.1168376131535639,3.361562619250729,0.0007750278113524
CTNNBL1,108.44066562875156,0.5545939094894249,0.1106661865792889,5.011412488602158,5.403195426819764e-07
ANP32B,189.1253364359065,-0.4273305035277407,0.0894169796465255,-4.779075576216304,1.7610299479576566e-06
KDELR2,248.18265038742783,-0.4503264064063404,0.0771413530474767,-5.837678347814129,5.293322064979857e-09
DNAJC8,243.13101802706487,-0.2297270336518971,0.0644290618155265,-3.5655809223119235,0.0003630511154189
BRD2,68.58653514149648,-0.1095694676685423,0.1433008311019359,-0.7646115296470326,0.4445029015318892
PHF14,49.39336863150976,-0.3098039677327301,0.155260077673545,-1.9953871747000809,0.0460006686489163
RAP1GDS1,13.135924265205638,-0.5071724805260059,0.2325091358079609,-2.18130130140306,0.0291611382363429
NUP98,31.528743255484613,-0.3005854882213861,0.1460886987678104,-2.0575546962679767,0.0396328993176662
ETNK1,50.162419273629126,0.7095753396874922,0.1244574731380263,5.701347792113342,1.1886384126817332e-08
RER1,266.1381772218456,-0.0817854122361044,0.0678666224793437,-1.2050903558814496,0.2281684224466877
GPD2,10.072267614444849,2.0780528217902887,0.3131706763520774,6.635528096040733,3.2334276893250494e-11
RSRC2,124.9842951255885,-0.1500232748116701,0.1156742574295666,-1.2969460807044162,0.194649739724329
ACIN1,38.4651894272363,0.200910125558075,0.1419534438698103,1.4153240673916705,0.1569735015949977
GNAI2,80.16334988470499,-0.4855939830152787,0.1524918186446365,-3.1843936765348424,0.0014505758837537
G3BP1,97.30426514403892,0.0370377819125225,0.1021811809844447,0.362471656284349,0.7169996005363364
FAM13B,12.303708852292749,-0.188224719651384,0.2339300246104482,-0.8046197574032022,0.4210391372969047
CBL,16.423789392994664,-0.7325263022525406,0.2052543042951998,-3.568871818634362,0.0003585217710673
BTN3A1,19.604886807624176,0.897266362334665,0.2229679198622931,4.024194883680236,5.7170561190899865e-05
SPCS3,209.81531939313072,-0.0925774640219377,0.1094730390553497,-0.8456645108311139,0.3977399264234755
ERICH1,47.983090897276384,0.5336748223005562,0.1317172630888183,4.051669536594408,5.0853457433455625e-05
CD274,30.18288277021723,3.300165873621013,0.3114003771119515,10.597822341218844,3.0499942591398566e-26
ASXL2,11.838050536820012,-0.6140449342978386,0.234764749586968,-2.615575529878974,0.0089077217603558
YEATS2,5.082513387790016,2.110798134203545,0.4090601387690535,5.160116897616504,2.467956940226787e-07
USP6NL,21.476156174751857,0.1956064970515381,0.2062124101927459,0.9485680171659188,0.342840363926707
GIGYF2,22.661040618013583,-0.3301185500162402,0.1757198660815491,-1.8786637924196732,0.0602904146928262
SMG7,11.052243153105318,0.5000503760526512,0.2349568249650347,2.1282649530485718,0.0333151221579157
HP1BP3,103.28313492055872,-0.6347872654940768,0.1021210295997181,-6.21602884324845,5.098943508171105e-10
AVL9,10.897286339714354,-0.2609783226699224,0.278249571521008,-0.9379289292102948,0.3482809350862641
LILRB1,77.47727389515231,1.000811968925459,0.1273587054298594,7.858214054135773,3.896490276722253e-15
ELOVL5,44.42308775957764,0.1483528746458484,0.1309826244928649,1.1326149191179915,0.2573760006839721
EIF3L,221.5211358396936,-1.2924027340040187,0.0843118085902976,-15.328846049125618,4.906251062987548e-53
RASGEF1B,44.61148623542958,1.03003145377407,0.162437676924832,6.341087075818723,2.2814953777420287e-10
CD7,297.1953760639081,0.171133192827847,0.1244573085809992,1.375035301494329,0.1691205006390658
CLDND1,191.19335756745176,0.4508667948766237,0.0942355876033996,4.784464195990839,1.7144405353320914e-06
ATR,6.937049399580344,0.6524258744659444,0.3004047662838995,2.171822646280402,0.0298690428413498
HLA-DMA,305.3283255694704,-0.3972434437690386,0.1012931774363981,-3.921719644133657,8.791925353694465e-05
TRA2B,121.16789944390156,-0.2228632623700977,0.0961629748450487,-2.317557903436392,0.0204733602954284
BOD1L1,25.005980041314125,-0.5142646981162092,0.1675693691967058,-3.0689660084148542,0.0021480102988379
CRLF3,59.5196243248846,0.4275327681858378,0.1193794350561827,3.581293277059244,0.0003418976029451
ATP2B4,9.7700296858018,0.5295970207740995,0.2555182471010241,2.0726387519585363,0.0382059117474419
MED28,232.33230594424012,0.0448122936089714,0.0735390482754391,0.609367331504317,0.5422809866061953
KLC1,15.89036325976672,-0.5524204367026881,0.2087287677823165,-2.64659463365782,0.0081306752107009
TRAPPC10,21.00636476772424,-0.2464660402725333,0.229550676087705,-1.0736890192314894,0.2829620845067374
ATP6AP2,243.20793643742152,-0.5507432631917686,0.0828654968120936,-6.646231355381093,3.0069249729563257e-11
LARP1,21.34717827450444,0.1905805587398577,0.2009450124712426,0.94842144324001,0.3429149472874171
RASSF5,129.6421336316754,-0.5530392678055195,0.1303056822590418,-4.244168467696614,2.1940547923847624e-05
NCOR2,15.551263718250077,-1.2418600360187133,0.2837427216664079,-4.376711510784582,1.2048327189258472e-05
HSPE1,285.9269805532133,0.203132123792523,0.0953263906205256,2.13091172832872,0.033096414983623
FBXW11,10.860768206991228,-0.1234965111385014,0.2397223466103138,-0.5151647849470371,0.606437874684197
KCMF1,21.3929641811252,-0.1755918631444213,0.2292473023202247,-0.7659495285974852,0.4437063339864278
RALGAPA2,6.343748751403611,-0.32584874246765,0.3086953262423239,-1.055567463343649,0.2911658724310991
TXK,8.520116060315459,0.3300726717777337,0.2551375622945329,1.29370473249523,0.1957674300500061
SLC43A2,147.93047012422733,-1.3390393856863168,0.1445474388772658,-9.26366731978756,1.9752854541894958e-20
ACSL4,21.38249844970556,-0.7774987200376952,0.1843547038490941,-4.21740646592954,2.471282744495281e-05
DNMT1,46.702467204508125,0.0711260253015973,0.1406616224826845,0.5056533832485329,0.6130999990071888
PDS5B,14.21879859765708,-0.3057345078335058,0.2336480602672437,-1.3085257694149508,0.1906950399533832
BLOC1S2,270.8359870589248,0.2618294440547073,0.1043307998571006,2.509608326719712,0.0120865137963181
EIF4E2,227.99101281882747,-0.4842449910145875,0.0767879465645391,-6.306263061841177,2.8585303023947215e-10
GOLGB1,33.22734612316512,-0.1812655671874739,0.1705797515207769,-1.0626441038366472,0.2879433782202868
LMBR1,9.246629027399903,0.5085539326917409,0.2718952111186781,1.870404155333816,0.0614277153770198
PPP2CA,159.99053878315175,-0.1533838154799736,0.0794758304956625,-1.9299429087229825,0.0536139120299152
CHURC1,127.70977870076258,0.2608962509486371,0.1093962575337323,2.3848736403819824,0.0170849885607974
NCK1,73.21526796908341,0.173336628128011,0.106029503227083,1.6347961921200045,0.1020917793015299
PHYKPL,66.27872923695504,-0.0557291063581689,0.1099877017723536,-0.5066848880387911,0.6123759355809036
LHFPL2,88.04981923620971,0.3748016862273825,0.1209342005481257,3.09921994380928,0.0019403091979857
PSMD8,265.99452862967456,-0.3498426045415767,0.0595368668850218,-5.876066760738281,4.20128947120771e-09
PSMF1,102.07997788546244,0.3107550860927409,0.0897512492622804,3.4624040182952798,0.0005353728307402
CYB5R4,120.91519243836494,0.3103557786045395,0.1268166411478555,2.447279598287859,0.0143939129625635
ARGLU1,101.82195777731248,-0.1682302383980716,0.1205640746138073,-1.3953595956088023,0.1629074290128437
CTNNA1,68.40563735502344,0.3275615675826168,0.1275845161887103,2.567408470618177,0.0102461835527529
GIT2,30.060176348066488,-0.4568996715571869,0.1637108081938328,-2.790894972653363,0.0052562525194806
SNRK,22.1791456005876,-0.2037104273659477,0.2281832213808707,-0.8927493710237601,0.3719914046746426
GADD45B,268.77834710772777,0.8895581508969869,0.146092621250495,6.089001232798216,1.1361724461630563e-09
MLLT10,17.829154330029752,-0.6232591325110954,0.2799316934043684,-2.226468625011252,0.0259828082821582
SNRPB,258.68540051952306,-0.1842006761925854,0.0702578449496359,-2.621780903251858,0.0087471644242489
HECTD1,41.77177822236164,-0.6564431301471592,0.1543607299869178,-4.252656295437274,2.112496785005339e-05
CMSS1,49.65646407842036,-0.1612547121543239,0.127699034753654,-1.2627715821454923,0.2066712802924009
ZNF710,10.623772304918882,-0.9732085313127692,0.3048214445823896,-3.192716748147693,0.0014094112458197
COMMD1,69.0414002561916,-0.0449671538958308,0.1304165895641086,-0.3447962720549934,0.7302475358867493
SRSF2,243.3345737804636,-0.2260484336826222,0.0841138615748014,-2.687410011269072,0.0072008502247911
RABEP1,36.946265362201366,-0.3429700891868694,0.1702429801205056,-2.0145916674161826,0.0439474512769629
PTPN4,19.679398917301107,0.5108159590791825,0.1877903673151526,2.7201393041738045,0.0065254419669107
CREG1,186.41591309427037,0.8787672731228228,0.102413445766042,8.580584966648999,9.439187676447137e-18
PRKAR1A,155.54080952656116,-0.2119019842327502,0.0816839581282742,-2.5941689052333285,0.0094819891858574
YY1,87.9754000743766,-0.2366260983124837,0.1076444646425158,-2.1982189153739786,0.0279335093639195
CLASP2,6.14094964699124,-0.4018956833764372,0.3169669647956001,-1.2679418614984197,0.2048187133372191
CTSH,169.55488374389716,-1.1239563347636394,0.1514161590410253,-7.422961603847778,1.1452998713450412e-13
SREBF2,6.863571788762673,-0.4512539330561896,0.3102453795880757,-1.4545065381967532,0.1458059221117758
FLOT1,190.16745282683056,0.0441582367988539,0.0985905635271504,0.4478951658156758,0.6542288573948412
NPL,99.2619631805666,-0.4211494926873022,0.1457197902558273,-2.890132438071227,0.0038507955789829
BAX,275.76116475214246,-0.3314051106908108,0.0754609181603834,-4.391745008806381,1.1244452833442757e-05
PRPF38B,90.8382452783712,-0.4740736652125441,0.1087013024058018,-4.361251012823565,1.2932090220549895e-05
RIN3,37.13506565427558,-1.900340260785584,0.1985767103680939,-9.569804320269968,1.0710820103269073e-21
LRRFIP2,73.17162778569596,0.5476026739159018,0.1551295342328706,3.529970463869731,0.0004156060614338
NKG7,285.7508388934665,-0.0582820151578549,0.1021659682587863,-0.5704640806635988,0.568362977659018
NUFIP2,13.576694524362726,0.0863042241106036,0.222600423929673,0.3877091632937322,0.6982312738903395
PRKDC,23.90016115605841,-0.3728262712112717,0.1813830577388615,-2.055463591026414,0.0398342488441632
LRRC8D,13.0492418408686,-0.6938693087396346,0.23082611523223,-3.0060260211092027,0.0026468634619496
PSMD4,255.4796822902024,-0.3939228169270501,0.0645053942870473,-6.106819767260144,1.0163589822124987e-09
MYOF,42.22077998152439,0.9526409569081336,0.2117221729051132,4.499486019043813,6.811795941842567e-06
RGS1,226.4642952975596,0.4666321352078216,0.1790634826227651,2.6059592295034286,0.0091617366268508
DNAJC15,159.06900370386472,0.8333232722793341,0.1317305319213328,6.325969083439061,2.5164820130959757e-10
RNF115,64.19886770540577,0.1214384428863736,0.119256988417202,1.018292047268041,0.3085391866645989
MCPH1,9.243715916459598,-0.5153777908888704,0.2789093552739406,-1.847832570487548,0.0646265675589475
TSG101,169.66435264873255,-0.0684569838551179,0.0742198973868237,-0.9223535233190862,0.3563442040968689
ANXA11,130.89419277857328,-0.3335806842888243,0.0838665535908474,-3.977517496620116,6.96385001197893e-05
N4BP2L1,64.44575406324975,0.5743305477075726,0.1160833649560903,4.947569773884645,7.514577124102845e-07
SNX9,88.88323708549323,-0.2809395776469118,0.1126875283974764,-2.493084919353003,0.0126638554804178
VCAN,149.42885884580016,-4.88206520273719,0.3129480153342164,-15.600243374361494,7.251714657040495e-55
TPP2,29.6208061029316,-0.6488622709603279,0.1553529661074539,-4.176697022389166,2.95772563027478e-05
NBAS,8.945111372791331,-0.6660433360674746,0.2690759517837661,-2.475298634649885,0.0133124808666636
RNF114,207.1686737060395,1.2111250495512254,0.1092119627448151,11.089673870079071,1.4080014176987047e-28
SRBD1,10.585492182015638,0.730248551648013,0.2616220915147521,2.791234285376991,0.0052507450240557
OCIAD2,258.10134611606435,0.024755282932238,0.0752591635051062,0.3289338039288524,0.742205722903053
SMARCA5,96.27906234796812,0.3728381762371657,0.1179138753030104,3.161953377234536,0.0015671465309107
ZZZ3,8.022732456314875,0.003972530619514,0.2793229783350656,0.0142219972133789,0.9886528705225308
IRF8,152.83208169338775,1.9725572077767397,0.1704701330207063,11.571277459712784,5.761832450853114e-31
RSL24D1,256.08962433936125,-0.1348338078142466,0.0920829281393317,-1.464264989599679,0.143121559137335
STAT6,37.95702314198524,-0.0671403091924137,0.1685815320116745,-0.3982660994429933,0.6904340467128967
SCFD1,63.45235432184536,0.1713742788829749,0.1540223054459308,1.112658834620129,0.2658549816388936
G3BP2,124.68567404020467,0.1270655510852682,0.083077404873216,1.5294838744563857,0.1261445336515955
CDYL,7.074222336565386,-0.7976589425009104,0.3072330837393495,-2.5962664332648124,0.0094242955352608
AFTPH,45.3859856917345,-0.0290366679713433,0.1425823732494179,-0.2036483704794967,0.8386282909563989
OXNAD1,25.69347004455564,-0.514012929088936,0.1689599263271147,-3.042217999632538,0.0023484174815462
HMGA1,262.26043638729607,-0.4153225498228467,0.0816192918996065,-5.088534097229147,3.608419087896245e-07
TRAPPC1,279.3987145757791,-0.3146800050348708,0.0744414680575144,-4.227213853328968,2.3660277496692106e-05
SRI,259.07082215473366,0.2674599663694594,0.0743051114040544,3.599482745070824,0.0003188507886094
SLMAP,12.616233104885984,-0.1573489469151688,0.2411042349541927,-0.6526179307678418,0.5140026229521448
ENSA,150.71135761630154,-0.160510638669828,0.0947395769316521,-1.6942300553613945,0.0902215757176841
BDP1,41.39010499066538,-0.0826962745467121,0.1415194473238052,-0.584345657862117,0.5589877797375453
ANKH,36.84178605724297,-0.8834276350863098,0.1516633450502337,-5.824925164308503,5.7138197513085074e-09
TRAT1,200.67698621560976,0.229883887103064,0.0804323375637015,2.858102773912279,0.0042618233247022
TAF7,191.01904953253432,-0.0520415194926763,0.0726051527433229,-0.7167744647085286,0.4735132701995153
COX8A,274.6555839228178,-0.4075293125558688,0.067731911248238,-6.016799246403519,1.7789947770581663e-09
IFNGR1,186.5143820191277,-0.886860113821165,0.1029267295754172,-8.616421773814723,6.9078953659934516e-18
USP18,7.483998678263768,4.821085439286599,0.7517603176113299,6.413061884677935,1.426255882800365e-10
UBE3C,6.681050211642039,-0.687289640642604,0.2903101024507583,-2.367432737753865,0.0179119755774052
CUL5,27.31278676133748,-0.1466092734450439,0.1797765543631136,-0.8155083067668646,0.414781411668746
SLC6A6,57.727851037054215,0.1166853820764001,0.1224634916206673,0.9528176971944832,0.3406824460445956
PID1,111.06766465757768,-3.3056705718671067,0.1780506409890062,-18.56590099033238,6.0660885672385616e-77
EIF5A,220.15331515085376,0.1834671546948343,0.0854333992285624,2.147487473885937,0.0317544933573861
ATP2C1,30.806007759380748,-0.3981015672253314,0.1616862342378882,-2.4621859065602734,0.0138093067327986
SKAP2,48.545834119347134,-0.947333924419874,0.1440590995841143,-6.57600892380101,4.832435597170663e-11
TMEM245,14.919343467769716,-0.6753329616100247,0.2278020632325509,-2.9645603381590684,0.0030311579376309
STIM2,15.761496909756891,-0.4694389963044699,0.195171409037855,-2.4052651903200566,0.0161607337271015
CCT8,227.74518198155175,-0.2462414728919217,0.0789996441293951,-3.116994710616644,0.0018270485019144
VAMP8,254.0981864423619,-0.2373229592832304,0.1009424546703855,-2.351071806785141,0.0187194209837901
ATOX1,209.09739960607308,0.5458169937152251,0.0923053420468152,5.913167988028243,3.355896004762194e-09
HIGD2A,283.527632731887,-0.3383038452369954,0.0722055177384926,-4.685290762158001,2.7956276980550888e-06
CHCHD3,40.22246889961196,-0.3223074543250694,0.1438624581607895,-2.240386119114125,0.0250658666516964
PDCD10,146.92909195758983,0.0877313757672446,0.0858305875553576,1.022145813817959,0.3067118923900873
MTPN,105.66087902301652,0.0698717609231991,0.1010248104562355,0.6916297155882111,0.4891698954743571
PTPN12,27.20158719214323,-0.4485393011760085,0.1790862338107837,-2.5045995531399665,0.0122590100398016
HMOX1,270.6543091642976,0.1265843869678878,0.1646058517726031,0.7690151085440114,0.4418843414561496
ADRM1,263.5583616054188,-0.268689186514618,0.0720726813389688,-3.728030947689205,0.0001929816843589
SNX14,22.74691165716149,-0.0100703829823261,0.178521602191362,-0.0564098846229904,0.9550152827048656
DGUOK,201.54685859293957,-0.2354507394600924,0.0728785701343879,-3.230726659783826,0.0012347596023133
PSMD7,227.77697549713804,-0.2881088209962196,0.0634923498653005,-4.537693463975491,5.687284790467435e-06
NSRP1,87.51953834090091,0.2667936833322318,0.1192897501477652,2.23651808308553,0.0253178541343374
PIK3IP1,153.37749536855722,-0.4417249876663116,0.094309870420561,-4.683762003876198,2.816570255995568e-06
MED4,162.4219517565356,-0.163256824953807,0.0953723876882752,-1.7117829270187954,0.0869366795269241
DHX36,81.63490558364884,0.1790727406911434,0.1195922579221944,1.4973606469379177,0.1342994422199965
USP32,8.315563131046424,-0.3402993779588673,0.3004715721352991,-1.1325509948929018,0.2574028579115719
GTF2B,167.3310119177568,0.9594908350090215,0.1281122233939611,7.489455803592347,6.915976752619745e-14
ZNF277,73.33977909474402,0.85398469910881,0.1805056387744389,4.731069372164907,2.233401754640698e-06
SWAP70,70.29798661996082,-0.8009984189563268,0.1286129770305913,-6.227975103677171,4.725021276535323e-10
ATF7IP2,11.932807769763713,-0.2598246479586895,0.2819312984960674,-0.9215885194183708,0.3567432491375232
NDUFB11,275.6604900952965,-0.2654436820627593,0.0778153884503713,-3.411197802245152,0.0006467815251095
PIK3CA,5.710631876782166,-0.3247507785074287,0.3074901635252417,-1.0561338768834148,0.2909070550353965
EVI2A,236.78725943321945,-0.28804488824765,0.0705981612720655,-4.080062186571769,4.5023654253019e-05
ERAP2,40.517659679224494,1.394330419653421,0.1612557478473177,8.646702137858798,5.300909896158563e-18
CNDP2,140.71258027986278,1.2832656200222443,0.1535252636810312,8.358660908659282,6.343415188822002e-17
MALT1,29.44781223164752,-0.5148184450745704,0.1549109883035119,-3.3233178014841904,0.000889535103841
AATF,68.0879233995029,-0.4093563965373217,0.1029988414933754,-3.974378649333158,7.05632278710562e-05
MLLT6,22.641730413904234,0.3958303964802243,0.1951841495981724,2.027984328108221,0.0425618475208988
NDUFA13,247.20691037293795,-0.4946799928189559,0.0662947104396605,-7.461832015530093,8.532763052021928e-14
YWHAH,243.52382970984465,-0.450878988864006,0.1003475073589472,-4.493175772181294,7.0168820899244274e-06
SDS,282.21627017079214,2.726770436535527,0.214214751508393,12.729144082445186,4.072793668995577e-37
ME2,64.46044622685058,0.3598053898532191,0.1288708316906476,2.7919846960941963,0.0052385833721851
HDAC8,20.04983136368498,-0.3530019253470436,0.2228484953308899,-1.5840444640332856,0.1131836009959331
NUDC,232.02320871302683,-0.072028825775129,0.0770245838599522,-0.9351407325496668,0.3497157773055871
SERPING1,107.9390530045813,5.027572805051281,0.4485917856428099,11.207456235176076,3.748106014448644e-29
PHACTR4,20.452214549186586,1.3127462582582818,0.1945824923060707,6.74647673950739,1.5147833776021098e-11
MPEG1,76.74276562465451,0.31873795313349,0.1905079805518361,1.6730950179106192,0.0943085921755268
ZBP1,51.206584548747536,4.21198741666699,0.3397090402162583,12.39880873934248,2.6523739597106224e-35
SDCCAG8,37.24392185943212,-0.3970560368643303,0.1390571507340946,-2.8553442578697843,0.0042990201881945
NEMF,40.44666323895849,-0.3803514023204937,0.1468796356206303,-2.589544838624794,0.0096102906308648
NEDD9,9.552695544381478,-1.4231811727768475,0.2732174929623065,-5.208967981318795,1.8989387595910958e-07
AGO3,21.951872981314708,-0.6861500533291461,0.2345506823350555,-2.925380759920285,0.0034403499336614
RNGTT,9.74261687391827,0.2782990033563913,0.255486918219496,1.0892886621979476,0.2760266109390381
TNK2,9.05235066385073,2.0159775214363918,0.3038851598344028,6.634011093318821,3.266852601744404e-11
CYCS,257.7187546690988,0.0980173702617419,0.082210311189534,1.1922758695775415,0.233153092968615
SLC44A1,42.63531566426035,-0.8751130189761642,0.1768739787938706,-4.9476640088253045,7.510941126165725e-07
URI1,17.63449161007656,-0.106040859032553,0.2122480238952827,-0.4996082276123837,0.6173509634124866
CGGBP1,140.54449386586998,0.3855630767506528,0.0875454129581833,4.404149386271323,1.0619974614846031e-05
MBD2,22.84966885645924,0.543413806055625,0.1853383230176537,2.9320099438034943,0.0033677596360667
GNB2,226.67427747750247,0.0561322572294648,0.0682942923040598,0.8219172545130534,0.411123992060193
TSC22D1,42.81300364531935,-0.4701396692623518,0.2093290996670608,-2.2459355627579334,0.0247081355831126
KRAS,154.354003526851,-0.181507918980506,0.1068411008184571,-1.698858562763423,0.089345836151926
LBH,102.97109267872628,0.0929900776106742,0.0947181772643844,0.981755353580268,0.3262203881028179
MANBA,22.323560005766787,-0.885643453579101,0.1878336984270114,-4.7150402776275255,2.4166293987350505e-06
GSTK1,140.01036247004586,0.4807184901732185,0.1175678291705501,4.088860818173846,4.334968460484596e-05
ZNF438,11.074798809471252,0.2544251650434995,0.3164207852571822,0.8040722256494827,0.4213552639276661
UBE2R2,37.89582418576878,-0.4280361554783372,0.1746623799507371,-2.450648820879821,0.0142599001417603
CSNK1G1,7.798234047881738,0.2165277319539491,0.2821952212514191,0.7672976565433609,0.4429045614460931
CDK12,36.619808141586304,-0.111282258777367,0.1628864196251497,-0.6831892986134802,0.4944872338795699
PELI1,40.64630724860481,1.0697651774356782,0.1830633833755453,5.843687348666054,5.105781583472673e-09
SNX1,78.2870100490169,0.1624105243517981,0.1040338106037101,1.561132130115458,0.1184925784967113
MTMR3,10.69940297642849,-1.2715050084760608,0.2709283651686253,-4.693140962500101,2.6904196868961005e-06
KDM2B,29.758841200893784,-0.6261437723285597,0.1762128743419501,-3.553337261348428,0.0003803764634459
SPAG9,43.50883861569979,-0.4180289008945875,0.1825853928370094,-2.289498050195911,0.0220504310668336
HIPK3,15.436030298656709,-0.2971702525178125,0.2210228097978711,-1.3445230055195634,0.1787793222538719
CHMP3,97.56001313288326,0.2821978423899167,0.102620104865724,2.749927441208192,0.0059608462375912
CBX3,166.80673065534887,0.0090722835308581,0.0739359730351746,0.1227045936967925,0.9023410261150608
SLA,36.84860688177753,0.1058114653120537,0.1604435228957259,0.6594935301989213,0.5095788993100681
KIAA0040,57.61917633194207,4.059971058463953,0.3315626497549644,12.24495901894982,1.7876735950899102e-34
HERC3,7.070119253329043,-0.1474673567805101,0.309361693320747,-0.476682666161953,0.6335881078872477
MAP2K1,94.29440821488546,-0.6609051092895434,0.0959186878151668,-6.890264288884901,5.568882890559994e-12
POLR2A,19.74709112716038,-0.136530254177994,0.2035062655106301,-0.6708896840862246,0.5022908085482094
AP2S1,254.48601921348504,-0.7637183793853237,0.0785986339345325,-9.716687697415331,2.5597284254504603e-22
PSEN1,51.51591033476592,0.2369787100719898,0.1190136390393119,1.991189513949004,0.0464600562513635
MDM4,17.382894467073797,-0.135635943029361,0.2125077341154437,-0.6382635605896467,0.5233021281890142
UBE2N,170.74642369026196,0.0878828221287918,0.0772788566557896,1.1372169042333748,0.2554476219889811
ITGB1,52.832685112258496,-1.3011080577191667,0.1994277695907631,-6.5242070369092175,6.836222699344234e-11
STAU2,11.423125024629387,0.2879285389109504,0.2345139033768472,1.227767457557813,0.2195342751119979
USP33,27.04622704446201,0.7239081576717588,0.1773993322779903,4.080670137683337,4.4906045362888745e-05
TSPAN5,11.413729852600325,0.6988205371473978,0.2388450321498448,2.9258324146720245,0.0034353594151015
TMEM87A,53.59901594741789,0.2597641501379552,0.1246374280264816,2.0841584606733314,0.0371457558297554
UPP1,225.61214113209564,-0.2236774546433043,0.0683732554992604,-3.2714173547831678,0.0010700986027323
CSF2RA,7.671917900482611,-1.184644104523549,0.3239163489687525,-3.6572532022390414,0.0002549325226234
HELZ2,82.2722924781668,3.555729352864775,0.2499365575764206,14.226527673037882,6.2719573223454526e-46
LMBRD1,36.964047998465205,-0.3381835122727413,0.1444216665970134,-2.3416397292823845,0.0191992377586746
EIF3G,240.1618819297626,-0.4483212997524291,0.0891413054280934,-5.029332895669463,4.921892294780687e-07
BAZ2A,23.300288717147563,0.140240892127231,0.2013166161992013,0.6966185642046736,0.4860415348844599
ATP6V0D1,201.0846817025132,-0.6825304257896718,0.1005901490260056,-6.785261105570253,1.1587674672297252e-11
HMBOX1,12.10199956543613,-0.526555216247332,0.2449785900895627,-2.1493927941001973,0.0316032761814862
CDC37,210.7170987287857,-0.2968368472803144,0.1232198579700103,-2.409001699649416,0.015996223482491
RNPS1,210.52591203307963,-0.0940818597334817,0.1110387082337076,-0.8472888529598512,0.3968341383188063
APOL2,45.52735635721236,1.792904772329034,0.2397157808324058,7.479293879206559,7.472300888378596e-14
ELP4,10.403476915102924,-0.3469536317541598,0.2364393037632349,-1.4674109855339084,0.1422642878617792
RPRD2,8.537150792331282,-0.8368444753554471,0.2738544339317453,-3.0558003510873224,0.0022446066324764
RCAN3,43.71432359651021,0.2694880371915163,0.1755819736985213,1.534827474113226,0.1248262122467705
SECISBP2,46.766469458737525,-0.0943848090425071,0.13178522798473,-0.7162017358534564,0.4738667913956031
TCF25,91.69775609606243,-0.4119432977006461,0.1130823067926238,-3.642862525400097,0.0002696228548491
RNF19B,46.49701631520943,1.1028282678290684,0.1383773630544401,7.969715880444957,1.590395804054868e-15
HAVCR2,174.78186454840238,1.3874355574740946,0.0947105378776671,14.64922054677987,1.3626998362092491e-48
U2SURP,94.34309656739867,-0.0622612697206739,0.1004594576880346,-0.6197651386295473,0.5354124233872064
NDUFB4,250.5814774784887,0.10500986432956,0.0856687227822515,1.2257666616142842,0.2202864962705076
VCP,154.59401593277644,-0.3280687159776722,0.0750350368694153,-4.372207033743655,1.2299680453202716e-05
TFCP2,8.534592391876682,-0.8466997687967655,0.256995176375131,-3.2946134660553072,0.0009855714612511
UBE2A,228.1650008700401,0.1767929620468471,0.0821588234731625,2.151843886914925,0.0314096519784939
TFG,134.39883861195833,0.6427129187813166,0.1011714952661075,6.352707519947323,2.1155773417852552e-10
RIPK1,16.78152418816946,1.0761090218861276,0.2075023170000228,5.186009666995715,2.1484766184991538e-07
RB1CC1,46.84521883614076,-0.6240521326132381,0.1280851078492186,-4.872167756987564,1.1038037980853828e-06
WDR83OS,264.53723220178824,-0.2400893624605917,0.083256213777856,-2.88374106347422,0.0039298173874267
PPP6R2,14.618650275698162,-0.0197213506639912,0.20921635458434,-0.0942629494867769,0.9249002808520614
UBR1,10.747997596111354,0.0778350779193497,0.228930581994293,0.3399942342403605,0.7338608699777407
TLK2,10.569064288309928,0.5321444813310183,0.2493754930973382,2.1339084876448045,0.0328502725673982
C19orf53,257.9484005773123,-0.4669150375279762,0.0695249542947568,-6.715790643291197,1.8704919156191158e-11
PPP4R2,79.7571550768462,-0.1228404411511757,0.12833311339465,-0.9571998831931774,0.3384663760184154
SSR3,210.99744720985663,0.215826861896465,0.0698345198423263,3.090546944172638,0.0019978822007668
BCAP31,244.4488466357144,0.0458339254676123,0.0778852523418725,0.588480156248672,0.5562100494714173
IER3,238.6811399111054,-2.63584761923918,0.1469750244554259,-17.933983198884043,6.402418814750054e-72
CDK19,14.941845016357888,-0.4145684280632469,0.236798328452373,-1.7507236253427714,0.0799935278573262
NRP2,20.76596382088233,0.3413690605168402,0.1981399453247948,1.7228684501616345,0.0849123168910734
DIDO1,19.503541975162197,-0.2506674911132789,0.1869029676623829,-1.34116378272858,0.1798672823478785
RNF111,12.745681810368737,0.0478697405536067,0.2759883455570995,0.1734484130370751,0.8622989736315652
E2F3,13.352397648552468,-0.2393139986101742,0.228300913820255,-1.0482393373098364,0.2945283508609904
TMED2,218.28637526461216,-0.147165292406448,0.0626949797748777,-2.3473217941034905,0.0189089160507262
PDE4DIP,151.22126407047045,0.2525083435596865,0.1312013766381173,1.9245860830878387,0.0542811618512654
HNRNPH3,129.18069361405372,-0.5933224970044316,0.0853627972108057,-6.950598110546984,3.6374072826291203e-12
DNAJC7,126.80124870994668,-0.01378759184032,0.1090409280411898,-0.1264441901586886,0.8993803241462023
NECAP2,182.86091953851255,0.4015296001703247,0.0873174389270419,4.598504091557505,4.255353591926768e-06
ABHD3,82.36624757702641,0.1294424361730633,0.1112515959829693,1.1635108245357546,0.2446223089033817
SMURF2,8.684645579952871,-0.6953978019684925,0.2701757243315224,-2.573872259208589,0.0100567395726163
YME1L1,56.89281743172161,0.3297860404354655,0.1163671298795336,2.834013701092988,0.0045967361133377
C1orf43,200.61636471310885,-0.3198415914444477,0.0723992525080243,-4.417747150207084,9.97349967078622e-06
TMEM140,88.0128803506751,2.539605552489297,0.1628584570468379,15.59394334528731,8.003674555879818e-55
COX7A2L,232.25604799995992,-0.444713526457799,0.0661326211772708,-6.724571301441822,1.761101667462952e-11
EIF4E3,10.746252852845684,1.5176227431888507,0.2646171135813913,5.735164754270733,9.741760249555797e-09
RALGAPA1,14.395398698744184,-0.6934808943828975,0.2234246662279749,-3.103868995714614,0.0019100788612642
RAB18,151.09946395210548,0.1642203696274846,0.0789650041631232,2.079660114855989,0.037556718888653
YTHDC1,53.48983796498623,-0.1226460954767406,0.1182373898938817,-1.0372868987281916,0.2996021697001628
GCNT1,14.688764099291165,2.047236774248918,0.3223125049579254,6.351713764615381,2.1292925722347224e-10
SF3B2,137.61726446535755,-0.1149070882357179,0.0965589408684329,-1.190020180443832,0.2340384603996782
GNAI3,105.43825343918188,0.4366387309849195,0.0892190414184719,4.894008319781362,9.88026590240851e-07
AFF4,23.38153367962501,-0.1304102901721875,0.1705567308524097,-0.7646153248858718,0.4445006409118148
PRKD2,26.58300860683201,2.063581157987485,0.1910446831317814,10.801562881307929,3.3839389608882936e-27
CD36,89.56500352857489,-0.4688077851794385,0.2420486847643243,-1.9368326071918252,0.0527658086397205
FBXO7,150.89329860637872,0.8804853401264562,0.0986088499079594,8.929070169140928,4.296043253735473e-19
FAR2,6.506610741079953,2.774022069097972,0.4156897893200941,6.673298551872508,2.5011683458472343e-11
ABCA1,11.611745022324945,-0.6010850580103348,0.3103485354689761,-1.9368064911342948,0.0527690021605633
NCOA4,141.1356690322918,-0.0882280569477145,0.1006284801056908,-0.8767702429277279,0.3806114449345227
LAMP2,131.19272846067267,0.5013836126213251,0.0834416824219383,6.008790787390717,1.8691213299455643e-09
R3HDM1,10.440992175861066,-0.4443258734646176,0.2421865707298724,-1.8346429041278485,0.0665586172226563
SYNCRIP,69.25244679085439,-0.1924618972635883,0.1080206648695688,-1.7817136887277945,0.0747959334694118
THEMIS2,123.14392105342068,0.445785444704817,0.0994875119972069,4.480818102249177,7.4357464337450815e-06
TTC14,48.88125366964372,-0.1702608380725888,0.1391020286219974,-1.2239996767787185,0.2209523494623788
DHX9,45.78179759163223,-0.616720065362264,0.128623234310023,-4.79477964203397,1.6285374449986589e-06
MANF,247.67978699832992,0.0256489325557685,0.1016761350940503,0.2522610889177025,0.8008392622553113
CDR2,4.814408347973729,-0.5374327453061185,0.3545114300786408,-1.5159814316477769,0.1295240476657041
TSPAN14,31.857548987834925,-0.0137075233645559,0.1637919177360505,-0.0836886432128204,0.9333039868710628
TXNRD1,139.9731157316082,-0.4750451027423006,0.0996911760225376,-4.76516700570274,1.8869729100341607e-06
GADD45GIP1,244.3818759853125,-0.594071571401285,0.0991634914856528,-5.9908295129688565,2.087734095517444e-09
PHTF2,5.856891469806994,-0.0920192179555041,0.3258764324146643,-0.2823745714707393,0.7776563109902977
HBP1,138.6588467360844,0.5823021528347835,0.099973409160997,5.824570330467023,5.725972141152846e-09
BUB3,183.16963216051704,-0.1662920999051508,0.0733208399850493,-2.268005930361121,0.0233288452240981
DCAF7,47.513190200661406,-0.1241243682845305,0.1549648748082734,-0.8009838903048222,0.4231409721259979
RASA1,7.4274470774641985,-0.9206991026254576,0.298926739391336,-3.080015874458579,0.002069895622359
RABGAP1,8.181955518643708,0.1760611965040071,0.2769286313595185,0.6357637909799158,0.5249303912706679
ALG13,63.45441210466648,-0.3852389368909239,0.1178111451057978,-3.269970226882762,0.001075588045054
ADD1,28.40937937599577,0.1552608928290332,0.1960272778312143,0.7920371825125164,0.4283389960096955
USP8,47.2414749160006,-0.4842975149084628,0.1393028094888373,-3.476581101885607,0.0005078506053569
C2orf42,12.90175885758979,-0.2451439861481484,0.2217785072439388,-1.1053550192693355,0.2690057862072772
TRRAP,5.102846457004762,-0.3102740862276694,0.3343493594180062,-0.927993661383877,0.3534108576210257
AKAP10,10.660336648257962,-0.0531596207005,0.2305497745060065,-0.2305776304245099,0.8176429476923921
HPCAL1,48.406831273274186,-0.4627105602643569,0.1277288947066898,-3.622598953250962,0.0002916578322267
CCT6A,183.93587697323184,-0.1599424658307748,0.0751592750748415,-2.1280469465878777,0.0333331913696278
RAB27A,50.08596961531242,-0.1676120129252,0.1209293508187699,-1.3860325205614543,0.1657369734882952
NR4A3,32.00435886865667,1.258141520214134,0.18427185570657,6.827637977541005,8.632408897804343e-12
M6PR,176.26152423521677,-0.479565620448485,0.0877448350760619,-5.4654569700059445,4.617157888156224e-08
RAB6A,63.683290730313686,-0.1686595919736565,0.1062174879065276,-1.5878702772756077,0.112315675812511
ID2,228.03674109148704,-0.8138398926753431,0.1662076084061075,-4.896526100579143,9.754569724083944e-07
HCG18,15.112346684449491,-0.7143496674072306,0.2535802220061753,-2.8170559271370714,0.0048466085357889
AP2B1,33.31342066417509,0.2512786043329873,0.1619391137884311,1.5516856826898264,0.1207374501086153
SRSF9,209.80988648379932,-0.7624486143304458,0.1056766811754997,-7.214918237867725,5.396639217680261e-13
STX16,19.32166091871758,0.3419621403458928,0.2020708814417248,1.6922880620210052,0.0905910628962703
BUD31,244.51600528818275,-0.0803316332137067,0.0735999839420354,-1.0914626459290118,0.2750693598430287
KLHL5,19.510933873500505,-0.3667057483211925,0.1878508739510419,-1.952110951673103,0.0509250332746951
PPP1CB,88.66331412143987,-0.1237026954309982,0.1000706879803327,-1.2361531426196453,0.2164016442998171
RAD21,77.46957224245207,0.1437296371660633,0.1348760645533474,1.0656422816163509,0.2865853782232038
WWP2,11.19416270147727,-0.3152915114049852,0.2342953346418098,-1.3457011932696064,0.1783989014015301
PDLIM5,40.33878722048532,-0.3858297934719711,0.1775739918854186,-2.172783240244617,0.0297966352926658
SSU72,199.63820823671932,-0.5518418878283489,0.0711838927048534,-7.752342093968169,9.021296252618039e-15
ZNF131,25.596939676154307,0.1855837656777516,0.1675143895649151,1.1078676056413304,0.2679189976630204
VPS41,18.526929339485108,-0.0686831642914933,0.1865259515957212,-0.3682231008817374,0.7127068865786048
CCT3,210.16533572178008,-0.3776150291608266,0.0815229895440945,-4.632006643433759,3.621385302446646e-06
SPOP,67.67181239272807,0.1131621565311337,0.1131326962486108,1.0002604046707964,0.3171845036573706
SDHD,213.05903026038445,0.0224671552284245,0.0706067471941342,0.3182012501815263,0.7503322845064295
BNIP3L,139.36861568572266,-0.0962895797511689,0.1235294644970215,-0.7794867414283224,0.435693044798167
NGLY1,55.0346866580474,0.1197879062224467,0.1159782984106239,1.0328475918687376,0.3016752277924034
UBL3,48.232165960708095,0.1267913979624439,0.1413377230961978,0.897081084829325,0.3696756511739375
LRP1,10.015519473906462,-2.085690978513254,0.3171457380331947,-6.576443345724389,4.818344673606214e-11
DDIT4,255.21271426623088,-0.440156327277414,0.1134785999095914,-3.878760644104591,0.0001049899952127
GALNT2,20.232154216848954,0.0713999999162338,0.199692696920036,0.3575493797092884,0.7206805661917557
VAMP2,207.31103617668424,-0.4351401957198478,0.0724277566991901,-6.007920382334763,1.879180760731012e-09
ACBD6,14.80188932347908,-0.664752241619367,0.2583447214004635,-2.573121053202887,0.0100785949322252
UBE2Z,92.4309421705185,1.5514768256639473,0.18264479963607,8.494503149037646,1.9878140461464267e-17
XIAP,40.57764237610195,0.7323568224265399,0.1534296451098108,4.773241976166903,1.812837613373589e-06
ZC3H11A,27.568173815454323,-0.2278275486814213,0.1757212001072937,-1.2965285266792623,0.194793458547289
C5AR1,187.45343984853656,-1.0130832168340709,0.1653634919773787,-6.126401932614352,8.988856590368456e-10
MEF2C,27.29658052123852,-0.1674902608553271,0.1939543303367192,-0.8635551501456634,0.3878323109339404
POU2F2,37.859005621028274,-0.6986251301547084,0.1517613786012018,-4.603444806537728,4.155593638705544e-06
COX16,127.2492843598504,-0.1232758973075936,0.0899073169663077,-1.3711442123647242,0.1703300048903279
BLVRA,162.1498451449918,1.9755774708159308,0.1079569426648134,18.29967968757449,8.323680654322879e-75
TRADD,204.3265684526321,1.32375381077727,0.0844675515549745,15.671743603408732,2.360148851064791e-55
CD46,50.07650219822673,0.1904161616009718,0.1314272877459402,1.4488327718446257,0.1473842893131597
PRPF4B,50.73448781673528,-0.2214428251597624,0.1569341369070959,-1.4110558067481216,0.1582281594450173
UXT,235.60704649281504,-0.0938642680289309,0.0919415101520016,-1.0209128376698464,0.3072957363334304
TUBB,153.60474603329976,-0.5948518058227876,0.1040303439931237,-5.7180605483925575,1.0774675240354366e-08
MCOLN2,15.996061077957082,1.7853098410512127,0.2600181886774945,6.866095984021973,6.598268705495406e-12
RNF7,223.37024660101685,-0.6852047295062382,0.0803463178123306,-8.528141029520592,1.4871817027836702e-17
DHX15,43.30512453820094,0.0534266623532637,0.1330872343544175,0.4014409241609605,0.688095524252033
DGKA,8.124652345958832,-0.1550285378053552,0.2926994809778904,-0.5296508804437055,0.5963540101426321
SFSWAP,19.02880732449381,-0.1442413269135736,0.186227772979985,-0.7745425110629233,0.4386100389705336
PDCD6IP,55.66550999478135,-0.8077596261268217,0.1247390379136518,-6.475596089541572,9.443836444117564e-11
CRADD,10.97446279051092,-0.2664066481673249,0.2456388718764108,-1.0845459683651495,0.278122796902725
SYNGR2,170.48407839125716,0.0108147071223203,0.0803921639690302,0.1345243937765691,0.8929879229587077
DNAJC13,9.50043542426405,0.6181131895323133,0.2562753495997631,2.4119104334367263,0.0158691793838476
SMC5,30.66652387343992,-0.453618995420072,0.1623679686578872,-2.793771451165081,0.0052097284085187
C6orf62,52.45876501167412,0.4624773652083336,0.1611053726856491,2.870651409687779,0.0040962697111972
SEC31A,25.239665764400947,0.3094934143212601,0.1602201069899694,1.9316764926429355,0.0533994479824377
SFI1,12.171834439013407,0.5952198716191006,0.2234745823105322,2.663479065337304,0.0077337223881502
KPNA4,37.69010572700628,-0.0875507410217405,0.1382823519583755,-0.6331302569115563,0.5266485851311529
ESYT2,8.320674128760947,-0.6017595772587752,0.2692281769679407,-2.2351285219690493,0.025408912372511
AURKAIP1,247.2014975526001,-0.425907931104221,0.0887769850832667,-4.797503888026254,1.6065509195986074e-06
CD84,41.11867268222194,0.1784809197729934,0.2033103653649693,0.8778741775049013,0.3800120039846435
MAP2K4,11.012162065708864,-0.4241959781393895,0.2507252989153287,-1.6918754508400955,0.0906697236244514
CHD8,17.94802985743233,0.0995636238744594,0.2127175057203758,0.4680556192932194,0.6397448156932749
IL32,195.16206722945208,0.6413156024331074,0.1240472282029397,5.169930934562463,2.3418052569663515e-07
OS9,100.058105255966,-0.325276911455943,0.101402888792999,-3.20776770097698,0.0013376949998083
NCOA7,58.47934166440139,3.837402607626597,0.2783711047978918,13.785204503939802,3.128786968869921e-43
EIF3I,228.11262308112373,-0.4581780852883115,0.0693874372723024,-6.603185004372597,4.024168268514871e-11
DHRS7,210.7333363244612,-0.5538270972204569,0.0690849426243195,-8.016610800882338,1.0870286897871013e-15
LMNB1,63.75681843778654,1.7060853053782623,0.1667034687668028,10.23425198047235,1.3926721541224467e-24
SLAMF6,6.073747673547119,0.7498402954047847,0.3125830153080537,2.398851692776108,0.0164465743759785
HNRNPUL1,49.9883291634862,-0.105236581506422,0.1200044191365102,-0.8769392182692117,0.3805196530092567
NOP58,103.79151568906524,-0.0558347778800343,0.1239048325963384,-0.4506263130344151,0.6522588987681233
ZZEF1,7.580522269269123,-0.8705520656847955,0.2928168223152886,-2.9730261355935146,0.0029487934117542
TERF2IP,163.93799401214588,-0.0813497164670331,0.0745028978580646,-1.0919000308150746,0.2748770441742442
IRF9,89.48120978486847,1.444957429523237,0.1243057466000263,11.624220673985567,3.104131492752346e-31
TAF9,240.76312836104577,-0.2757149944494553,0.0912826174362662,-3.0204545201824478,0.0025239561023281
NBN,53.78230480996077,1.612224583037832,0.1445623868986029,11.152448556128624,6.96625895849493e-29
NUCKS1,55.27394074207564,-0.027584962821262,0.1210204537093362,-0.2279363692315589,0.8196957082765017
ATG5,66.96794773730271,-0.1315135304343797,0.1290892651970729,-1.018779758592675,0.3083075373535198
PHF20L1,82.41956137475313,-0.4779723318799164,0.101784453968796,-4.69592666898275,2.6540074953997183e-06
NPC1,11.41515579124318,0.4483422086987819,0.2494957039362659,1.7969937021974198,0.0723366195706845
CPSF6,53.43126435364108,-0.3516730860825371,0.1566441399954685,-2.2450446348820354,0.0247652672966491
APBA2,4.369937943176918,-0.3206375916096271,0.3722656147071271,-0.8613140159664832,0.389065118270853
TACC1,37.78713939019444,-0.5691044068882437,0.1409205525812788,-4.0384769748898135,5.379937304098292e-05
ILF2,224.56210702584607,-0.136861203655115,0.0777229611014895,-1.7608850938708285,0.0782578533452676
HOOK3,45.5466023379102,-0.7879241830059166,0.135934204104866,-5.796364411697844,6.776792592109265e-09
OFD1,64.34830736390842,0.3427750404121354,0.1143272124696748,2.998192932439914,0.0027158568485752
PIK3CB,9.109344853301026,-0.3866590447304796,0.2704223043909686,-1.4298341462672373,0.1527646262493047
SKIL,126.63930853276304,-0.5007532382926352,0.1023041287962997,-4.894751015276199,9.843026793987765e-07
ELK4,9.874743859864283,0.6132167387280868,0.258809693662379,2.369373148472703,0.0178182662190107
PSTPIP2,35.95048076918515,0.233000795007736,0.1994917689844005,1.1679719729486968,0.2428180703201871
DICER1,16.965667585779414,-0.426822075712916,0.2241013439235928,-1.9045940030526571,0.0568328667377034
SNW1,139.64866402602746,0.09089768062429,0.0976849512913842,0.93051876898778,0.3521025508871145
DMTF1,14.32081899868098,0.7138373922672916,0.2496106419935392,2.8598035186567405,0.0042390355433957
PRDX6,214.8962647377369,-0.0296101874464472,0.0671426071646911,-0.4410044336499734,0.6592097872517322
RAB9A,167.37305047874435,0.3771200468356606,0.1770860464329642,2.129586460548257,0.033205769835965
NRF1,4.768255396433679,-0.0198963300351442,0.3307476774462936,-0.0601556152676991,0.9520316955437816
RAB5A,128.35319832395092,0.0256330678637995,0.1289015634135487,0.198857695632148,0.84237406254107
CMPK1,146.51202031456614,-0.2988364958119547,0.1136006857560134,-2.630587076329649,0.0085237530571551
ARSB,6.057885615915375,-0.4399423190731874,0.3047341629616836,-1.4436921505532168,0.1488255904055376
YLPM1,7.2056911297069695,-0.7420942118441896,0.2996132563389577,-2.4768403805359185,0.0132551167020897
TNPO1,34.12604043928384,-0.013333073780283,0.1616112169812934,-0.0825009181251718,0.9342483882668154
SUN2,32.96365360141924,-1.0047717693170255,0.1651959483548759,-6.082302740007659,1.184686054765941e-09
C1orf21,34.05170162096823,0.0887225923472697,0.1807724754467372,0.4907970205531149,0.6235700175483069
C9orf78,170.3430762928616,-0.2028280633624318,0.0772750499245835,-2.6247548666792406,0.0086711369752469
NOSIP,212.48180420719075,-0.0746244813592078,0.0755374719471175,-0.9879134082148142,0.3231950582055609
PLCG2,12.906389181002847,-0.7571751406548927,0.2252683818459178,-3.3612135642399905,0.0007760079838368
DDX18,148.54179806338186,-0.4459843958697644,0.1623974041965073,-2.746253230317065,0.0060280215463707
APRT,236.13981530999507,0.066729049820587,0.1124364113804663,0.5934825649565323,0.5528582477700622
NDUFA11,232.2423655509935,-0.4880609210288003,0.0700276438853744,-6.96954650977103,3.179642458553301e-12
PAM,5.719741251373613,0.1300908201713878,0.3434482769263242,0.378778491293158,0.7048523607902872
C1QBP,225.680149498226,0.1126829158613663,0.0948483208353264,1.1880327966691562,0.2348204888230251
MIR155HG,132.1191843317724,0.9897488944479824,0.285721524678769,3.4640333645172063,0.0005321405043143
NFKBIZ,31.784139846747397,-0.1814644312780259,0.1579368431149694,-1.1489683325247273,0.25056903886302
GALM,40.37674857937622,1.5760851494140775,0.1974213274858321,7.9833580772937776,1.424050257206704e-15
EVI2B,195.9143742351438,-0.4753080090514461,0.0891723584118859,-5.330216868953995,9.809555462636443e-08
BTBD7,12.254129861301776,-0.2083904796904573,0.2187327419724977,-0.9527173564013528,0.3407332969532025
MRPS6,124.93738519635887,-0.1120445992572157,0.1405182855219984,-0.7973666832113103,0.4252381028484627
SGK3,33.796864889669095,-0.6183911192414653,0.1663343219027267,-3.7177601842336783,0.0002009969354365
ANKRD10,33.43436033603736,-0.2851603158208777,0.1420165205395015,-2.0079376310417434,0.044649919695035
CFDP1,59.99791250356362,-0.2110814638614822,0.1167911558994321,-1.8073411658263117,0.0707091012127673
EMILIN2,62.6523086408787,-0.4427614940268507,0.1154748040768536,-3.834269281220632,0.0001259381171047
AP3S1,178.62623900125556,0.2495588673467768,0.0912165950114161,2.735893258409212,0.0062211202187904
HTATIP2,223.6997249225879,-0.1972131005690092,0.0666314779903931,-2.959758758427109,0.0030788002734763
PRR14L,17.133395716105024,-0.4577184959963538,0.254087129559472,-1.801423380987188,0.07163617366469
TRIM5,44.33815999843671,2.8154847485923358,0.2219045973019847,12.68781621843016,6.90852685104314e-37
ZRANB2,88.74867818952819,0.1043912202349052,0.1029711935898473,1.0137905233061024,0.3106827182140504
MSL3,108.87464412991189,0.7364325561346039,0.0918276020396401,8.019729795586958,1.0597803124920672e-15
RNF24,22.4822659879135,0.2910346956321804,0.1726943288564117,1.6852591371090346,0.0919385858931267
RPN2,161.46411865483145,-0.3524719951251269,0.1211224259433483,-2.9100473539886487,0.0036137399884517
TBC1D15,31.359702837097437,-0.2165957455932989,0.1509590560385403,-1.4347979596401383,0.1513446795152959
UBE2W,18.2552313826651,0.1914904031735656,0.20368258911573,0.9401412462641224,0.347145114262621
PEA15,141.21255082282892,-0.6154759555174864,0.0812575446787691,-7.574385344162348,3.608319059662471e-14
BTAF1,10.261095918537888,0.4251506089120782,0.2674778043816925,1.5894799566448718,0.1119520756581378
MIA3,74.3856117986789,1.0876772638953185,0.1195495063913666,9.098132620762255,9.189823660027654e-20
GBP3,109.46790371181967,2.1257708068677017,0.1503086691348644,14.14270260726182,2.0717257205883917e-45
CSGALNACT2,34.17240568489083,-0.3178868722064416,0.1449367754373351,-2.193279595514963,0.0282872408303267
CKLF,167.07690514140563,-1.460861422028921,0.1336467128445015,-10.93076957103044,8.214875911829084e-28
R3HCC1L,12.75508078987135,-0.4564823461452887,0.2197743063451824,-2.0770505603522524,0.0377968929538466
ANP32A,96.40806208309796,-0.3947478970977463,0.1077145833608806,-3.6647581486269702,0.0002475724185161
IDH2,165.64406094977676,0.6582993368228186,0.1303647209900862,5.049673959513016,4.4256475986022413e-07
STOM,118.70671107691692,2.881761433760772,0.1863553212587251,15.463800090580175,6.089745165761152e-54
NDUFA1,216.56467601256628,-0.1308120401717817,0.0961597376730929,-1.3603618659661236,0.1737154397367012
CWF19L2,34.63123758800098,-0.0307693094823471,0.146342588906497,-0.2102553310848328,0.8334683966159878
PSIP1,79.19318466422327,-0.1840754850689353,0.1003865934039122,-1.8336660188108496,0.0667035857562892
ARID4A,44.58930848159117,-0.445657394280957,0.132759752052044,-3.356871245934927,0.0007882981254103
MAPK14,13.717226979370764,-0.4192406886659067,0.209028070945736,-2.0056669267867964,0.0448917961093889
ARHGAP31,8.068845526697586,-0.4760628347381604,0.282688415725875,-1.6840549815801509,0.0921710434945539
MTR,7.242749421751599,-0.4009711961751134,0.2852161422711348,-1.4058502894760372,0.1597685851971757
SPG21,183.25675261854968,-0.8067187801481925,0.1000344035562918,-8.064413356493219,7.35883741675041e-16
USP10,50.98961237918227,-0.4034763527786437,0.1545011050820789,-2.6114787500341587,0.0090151590375674
GGNBP2,74.93843082160677,-0.2395442037290786,0.1243729116478226,-1.9260158868627095,0.0541023901767924
FKBP15,31.195316317455195,0.3118217770573865,0.1838037194955535,1.6964932913935395,0.0897924995774099
NDUFA9,134.95459215266743,0.9237573120489522,0.088305158065323,10.460966633065874,1.305172826672828e-25
MGA,8.327882830823048,-0.4515172384556933,0.2827004141615763,-1.597158036696863,0.1102304840147887
SYTL3,36.88812233552004,0.2748963180009661,0.1830222997533097,1.5019826456748198,0.1331015907931665
PJA2,46.95741939707104,-0.0118790785986541,0.1369180369553324,-0.086760509154316,0.9308618783397116
GNB4,57.26611181284804,1.8412587245549787,0.1469626186180927,12.52875555613092,5.1971760549729136e-36
BCL11A,6.3326583930079305,1.8352584312290263,0.3476148085839962,5.279574937284532,1.294839152609737e-07
BAZ1B,30.666796396754457,-0.2003797885257494,0.2022929823446057,-0.990542460758242,0.3219090458678475
TSC22D3,215.27027810094657,-0.6555241725809108,0.0699535358536763,-9.370851159719612,7.194993414716302e-21
UBE2L3,120.22363617199764,-0.2669826026559981,0.0938387879107087,-2.845119897648748,0.0044394709021366
COPB1,86.00189470053147,-0.2012662427402781,0.1476728608588253,-1.3629196425786578,0.1729078374178753
TMEM14B,107.16067118840787,-0.5364834322383533,0.1085699494444149,-4.941362089452007,7.757868115184629e-07
PANK2,95.18799611375962,0.759692629584208,0.1213038857180447,6.262722954728887,3.783124047866912e-10
EXOC6,10.056328938341778,1.1055601179428158,0.2619082676959144,4.221173037677504,2.4303427978535147e-05
TMED10,154.1296680457715,-0.2501778449333366,0.1171779638666845,-2.135024681073725,0.0327589941394223
RAC2,148.0391457139479,0.2382022899148105,0.1130505053931422,2.107043122774577,0.0351138417988327
TNFAIP6,229.75375571653416,2.3169918972738786,0.2081648795301421,11.130561036538246,8.907310166822159e-29
DYNLRB1,195.84823114144197,-0.0027759322572523,0.0812648735629892,-0.0341590669565332,0.9727503073139728
